image_path,class_name,split,dataset_a_class_id,dataset_a_class_name,source_template_id,augmentation_family_id,augmentation_generation,exact_content_sha256
0/0_original_43.png_592b345c-34ee-4cc5-b2f4-774db9375ab8.png,give_way,train,0,Give way,43,dataset_a_0_template_43,1,0581811c7d810cb64f31de64381eeba917c1791598f178bde05de7b474b43a14
0/0_original_43_original_43.png_00f45b77-a86e-4af1-8eee-259b19bd12dd.png_072d913d-c24c-4abc-915e-134ebe3984a9.png,give_way,train,0,Give way,43,dataset_a_0_template_43,2,1a2302b7a2252598ddb769aaea1e19620fb1675c62332522a814d52ccab671c1
0/0_original_43_original_43.png_00f45b77-a86e-4af1-8eee-259b19bd12dd.png_2d6e04de-2d64-4ea0-a6b9-7603e0ae938e.png,give_way,train,0,Give way,43,dataset_a_0_template_43,2,ae36fec4b84b7cdeef8f5dd7dca0f111b2a757dd00becdcfb6d0e3afbe59aee3
0/0_original_43_original_43.png_00f45b77-a86e-4af1-8eee-259b19bd12dd.png_768c63dc-7a24-453f-9706-01f85bf3e49b.png,give_way,train,0,Give way,43,dataset_a_0_template_43,2,14d7a35d48e60d60e9b6253818da1e8e5446334d79418f96cb0d3ba2aeea2e27
0/0_original_43_original_43.png_00f45b77-a86e-4af1-8eee-259b19bd12dd.png_7a745078-e0eb-4ba2-baa3-0991c75e2b16.png,give_way,train,0,Give way,43,dataset_a_0_template_43,2,b8d8aa720ad305412ed3291ec6f2512ca2e0ccc5304ed72f82658a1d3c814678
0/0_original_43_original_43.png_02661bd5-3d5b-4478-a571-ad74f652ca39.png_239f85c7-fa52-4377-b712-d6be292dcc0c.png,give_way,train,0,Give way,43,dataset_a_0_template_43,2,9427339cf3286fe18763542207a70e13fa4d3b56651bdca085255c88058aeb4e
0/0_original_43_original_43.png_02661bd5-3d5b-4478-a571-ad74f652ca39.png_8cc27c93-12f5-4454-836b-14b8d9089f62.png,give_way,train,0,Give way,43,dataset_a_0_template_43,2,1839e463326fc1dbda7dc9a927728f4fc0203e4f55c252726eb7fb14bd1cd6d8
0/0_original_43_original_43.png_04483064-39ca-41ac-b755-800101e09955.png_36d718e5-c1de-417b-a664-932fb7250490.png,give_way,train,0,Give way,43,dataset_a_0_template_43,2,f4b90fe95b8f448cc8ff7053d8713a3597a27f751c6be43f2ddd3cb3457c6672
0/0_original_43_original_43.png_04483064-39ca-41ac-b755-800101e09955.png_9b7b2450-fd1d-41c3-877b-26a20ae306c4.png,give_way,train,0,Give way,43,dataset_a_0_template_43,2,94d2b5655122081e0cd50d78842417f654ec7c94c90c30dd1f09b7b58cd1fefe
0/0_original_43_original_43.png_04b40297-39ac-44c0-a574-dc63bd9b7cf7.png_242b02e1-7d80-4cb3-af1f-08032f6d5a69.png,give_way,train,0,Give way,43,dataset_a_0_template_43,2,83772c921304bda709eb9c285a9015b99242d31e6e968c00411c1ef1ad01e476
0/0_original_43_original_43.png_04b40297-39ac-44c0-a574-dc63bd9b7cf7.png_e72d3be8-2eb4-4521-9031-6b2728807e06.png,give_way,train,0,Give way,43,dataset_a_0_template_43,2,e26a57948e12c06f64f9ed78a3be670f6e1f3936d2255ecf3d3a1fea5dd513a6
0/0_original_43_original_43.png_0505603d-d477-4ae0-b81c-aebc060d663c.png_79c766ae-418e-4348-80b5-6ed54c986514.png,give_way,train,0,Give way,43,dataset_a_0_template_43,2,d580c3b4ab6a8d5651e1c3f3953a36a68a2001485f132057443df3ceeff7e7ed
0/0_original_43_original_43.png_0f4ea773-3a01-4c63-94ff-452bfecd81ed.png_773d99bd-95ca-4779-b3ba-3ea9e3579582.png,give_way,train,0,Give way,43,dataset_a_0_template_43,2,58189d0835f201fc9a8f0dc3c60477fbae6249c1a3b2d9dd78f2bbcd50b85f6f
0/0_original_43_original_43.png_1674ff54-1005-4f3a-954e-7e3f4d98ed73.png_1aee225b-25b5-4c81-b3b4-c9bc290d271e.png,give_way,train,0,Give way,43,dataset_a_0_template_43,2,bd6472253d5f75a1a8c54db5021dda1765d1dd6ec9ddd0b34507c8289bd93851
0/0_original_43_original_43.png_18438db5-3d00-45ff-802f-ccdc79fc5549.png_68c72c7c-835a-465a-9777-7e476c5c4d2f.png,give_way,train,0,Give way,43,dataset_a_0_template_43,2,a531763e0eb15c8978d2038fe16bbaa4097ffc9baf856f860f42b9607d738687
0/0_original_43_original_43.png_186acbdb-d30f-437b-8c24-6bf29bbeccbe.png_3de425b6-0d46-4e5b-9288-bd0dd1a3c8ba.png,give_way,train,0,Give way,43,dataset_a_0_template_43,2,6085c4e7c9a3256a7da53fc9423d01eb2869b92dd68407229a5e4d8222bd1c49
0/0_original_43_original_43.png_186acbdb-d30f-437b-8c24-6bf29bbeccbe.png_7b0b03a3-3ce7-4b86-b9d5-0d8f294accbb.png,give_way,train,0,Give way,43,dataset_a_0_template_43,2,cfd48c1bd8e5cdbb9cd4af46ee15bc4b201ea1c71fe7f622e3a44f399ef29537
0/0_original_43_original_43.png_186acbdb-d30f-437b-8c24-6bf29bbeccbe.png_c46ddc9b-6aed-4591-a1ac-1ebb49ea34e6.png,give_way,train,0,Give way,43,dataset_a_0_template_43,2,7f138c089108c4e814364faf6579842844326fdf76dc7954613d9d425689adb2
0/0_original_43_original_43.png_1c65c6ec-78c8-42b2-bfa8-e9d6e6415f01.png_7565f45e-0696-4a1f-b06a-d3e0d0164d33.png,give_way,train,0,Give way,43,dataset_a_0_template_43,2,58a47eec5862a5de74d5c4e871684866a6ff01434c7394490158298a7659a2f9
0/0_original_43_original_43.png_1c65c6ec-78c8-42b2-bfa8-e9d6e6415f01.png_fbe95814-b86e-43e4-a5ce-905f81685d43.png,give_way,train,0,Give way,43,dataset_a_0_template_43,2,50cfbb5bca1a95027a9c37725011fff11314a822ae32a0c23e96b125d964263f
0/0_original_43_original_43.png_1c9f5554-9a35-42b9-b12b-1cc34dded8a6.png_4b9c0ffb-181e-4906-b378-8fcdbec20c10.png,give_way,train,0,Give way,43,dataset_a_0_template_43,2,8db37e4236f96342a1d98186138cd7ed55f036edcf1157f4dfcdc72ccde3cf3e
0/0_original_43_original_43.png_20ac7968-f303-4500-8ff2-b6ef527233bf.png_1d261f08-89c9-4079-941e-ee8e975c69b3.png,give_way,train,0,Give way,43,dataset_a_0_template_43,2,ee9647431c27428ad637e3ef6598519e14492eaa6a5279d7546947b444d92fe9
0/0_original_43_original_43.png_20ac7968-f303-4500-8ff2-b6ef527233bf.png_34294394-2807-4526-ac70-d7ae05d89839.png,give_way,train,0,Give way,43,dataset_a_0_template_43,2,4c47033808fd4bfd25dcd4149c634cb769935146e8690dafb839353f4c9a8072
0/0_original_43_original_43.png_20ac7968-f303-4500-8ff2-b6ef527233bf.png_c010cb34-dca1-4c5a-a052-9594cbe4a2f4.png,give_way,train,0,Give way,43,dataset_a_0_template_43,2,a029a308b5e6e958af4b97747f547b4579ce176a0ce89a250762e02913e5e8ef
0/0_original_43_original_43.png_20ac7968-f303-4500-8ff2-b6ef527233bf.png_df1802fc-9139-47fb-bbfa-1b2c881f38f7.png,give_way,train,0,Give way,43,dataset_a_0_template_43,2,22cd3266b075dc842184c7ca5d551159c454126eaa736de68c1007dab3f30c96
0/0_original_43_original_43.png_217bb496-49da-4bb9-bb9c-e405edcfc7c1.png_8128e2af-28d6-4f5c-a4ee-6bbd287ddc21.png,give_way,train,0,Give way,43,dataset_a_0_template_43,2,2384d92e095b81d378bf9b8fd7f4f3632c4d6532e4ceb749d6bebeb8a86fddab
0/0_original_43_original_43.png_33ec9a30-9918-48ec-b97a-b81ce68d520a.png_b287baa6-3f07-427e-8c4d-58b229716746.png,give_way,train,0,Give way,43,dataset_a_0_template_43,2,8a59473863fcf0c42e44f24d38202163cf9ad58c337db1385ad941a258a64aae
0/0_original_43_original_43.png_33ec9a30-9918-48ec-b97a-b81ce68d520a.png_d5730630-1150-4204-a53e-346ad936a2ef.png,give_way,train,0,Give way,43,dataset_a_0_template_43,2,2b686983b9660eaad89fb73d8baabb75184d6e0de9509c670ba994e130ac0211
0/0_original_43_original_43.png_34d7fb3b-d535-4c06-b6b0-324070814f95.png_417296d2-3e1d-47d3-b402-b4deed91ca82.png,give_way,train,0,Give way,43,dataset_a_0_template_43,2,d254ae9c2a755e1f885c347c64785e0ef67c523b42f63fd9b56c795755644d57
0/0_original_43_original_43.png_38a89cf1-2236-421b-a07a-40571dcbabee.png_acbc7a4a-ecce-4cb2-b3b0-39c76d16afaa.png,give_way,train,0,Give way,43,dataset_a_0_template_43,2,2aa37ac7377fc4b19b3730f0767d0ffe86f9fe3784083e29a6a03f9bfc31d7a0
0/0_original_43_original_43.png_3aa3b9bd-c467-416f-9927-d856f56836f5.png_4bb96ce2-2f7f-4865-acbb-815cc80d3ae2.png,give_way,train,0,Give way,43,dataset_a_0_template_43,2,cbdf34dd97ffa9382c4566dd2b3b02c9afa180405bdce6b17089a30b2b8ce0f1
0/0_original_43_original_43.png_3aa3b9bd-c467-416f-9927-d856f56836f5.png_b2319a88-9afd-43e3-b01f-124cfd0ee0ea.png,give_way,train,0,Give way,43,dataset_a_0_template_43,2,63fab4f173a864130266822b08b7b1d62d4013d2224a30add4227b1d17252b58
0/0_original_43_original_43.png_3aa3b9bd-c467-416f-9927-d856f56836f5.png_e585ec7f-07c9-4985-abbb-35ae2d88d6ec.png,give_way,train,0,Give way,43,dataset_a_0_template_43,2,f319b164615feadee894c36d632e8308deef73c314273ebaf193862bb4bbd4dc
0/0_original_43_original_43.png_3b779366-733d-4498-b726-d648856cb0ec.png_82d47385-a8a6-460c-b53c-83c9735ca053.png,give_way,train,0,Give way,43,dataset_a_0_template_43,2,dfff0ca2a300bb0a86892cb4813a42ea807855ce5c19a8d2f1e284ea94136966
0/0_original_43_original_43.png_3db10fff-989c-4dbb-8723-62807d4d6ae0.png_906e0af0-eebe-49fc-9a6f-95267b2bd074.png,give_way,train,0,Give way,43,dataset_a_0_template_43,2,8c35d6f5e920cf810fb405307cb536874471d44e6b7c54dc1303bee5d27fe521
0/0_original_43_original_43.png_3db10fff-989c-4dbb-8723-62807d4d6ae0.png_a3b6207e-05da-43ec-8e93-c4ca81d75d77.png,give_way,train,0,Give way,43,dataset_a_0_template_43,2,516b0a0808eade4a14d5e074dd30ddcd170635dfa5524d73a71921858e930b5d
0/0_original_43_original_43.png_4138ba3f-e98b-4d06-99af-6b490d9259d0.png_c98f4c8f-6302-4ab9-b921-3aef9bf72e5f.png,give_way,train,0,Give way,43,dataset_a_0_template_43,2,6468ad4a006df4fac9d81d8e35f0c2469674a1d4a8e94b44bf4abf97cd19afc1
0/0_original_43_original_43.png_4e35d2c5-4f64-47ba-a24e-228638cae961.png_18e7726f-0591-4c5b-9484-b14ccdf00f4f.png,give_way,train,0,Give way,43,dataset_a_0_template_43,2,a75ed1097b6c377973cdca5b5822014abb94777359878c786b26c1e364af08eb
0/0_original_43_original_43.png_4e35d2c5-4f64-47ba-a24e-228638cae961.png_683e20f7-5722-4e4e-a00f-1df2da5adb85.png,give_way,train,0,Give way,43,dataset_a_0_template_43,2,d62545dbcbb351acece9187ed76987603273533b9b50a34c8eec358e1624fdcf
0/0_original_43_original_43.png_4e35d2c5-4f64-47ba-a24e-228638cae961.png_abfa71ba-e1f9-4b1f-ac42-c6891f024a0f.png,give_way,train,0,Give way,43,dataset_a_0_template_43,2,2bf6c3d2ea4ed62129c14b223d22be414cb106e50793bda4781f40a0a1ab1527
0/0_original_43_original_43.png_4e35d2c5-4f64-47ba-a24e-228638cae961.png_d800a454-c9ea-4361-afde-1046e5453fe1.png,give_way,train,0,Give way,43,dataset_a_0_template_43,2,053a87e4a0728b576a6b0e1127cb08f60ef76672604ff48f7d7fa3539446acfc
0/0_original_43_original_43.png_51305f8d-4a51-4c9b-b574-ba4c79a1e91d.png_12abceeb-46c3-4275-9ae5-bfda7461a95b.png,give_way,train,0,Give way,43,dataset_a_0_template_43,2,1f084681e0db120e8279940454b6ea54faee29f6e50bce0746c106681ab434c3
0/0_original_43_original_43.png_51305f8d-4a51-4c9b-b574-ba4c79a1e91d.png_6d40f7d9-febe-41f7-8ed6-3823ce4c3a61.png,give_way,train,0,Give way,43,dataset_a_0_template_43,2,df7653e51d54ef59d3fb8a56fb645128cf2e3b89955f2e0c4897bad4e686d580
0/0_original_43_original_43.png_5c7831a2-7260-484e-8fb0-0a11ea3f8d3f.png_83cb74a5-2eaa-45c6-ab2c-ad988afed8b2.png,give_way,train,0,Give way,43,dataset_a_0_template_43,2,e15ff896954ff46f1b83598fe027e2c0b1a72cdb741cfa44c91fa9caa53bb020
0/0_original_43_original_43.png_610f6411-4440-4a55-a01e-e4ecfbbdb295.png_155f66d0-91f1-4c2c-a20c-25b5cf03681d.png,give_way,train,0,Give way,43,dataset_a_0_template_43,2,2b013a53786f18a3a483fb671c6bc5fce1fa4f9f8a0e7e399e90a71aef446a19
0/0_original_43_original_43.png_610f6411-4440-4a55-a01e-e4ecfbbdb295.png_2e93588f-1c87-45f0-b286-d085588bd5e1.png,give_way,train,0,Give way,43,dataset_a_0_template_43,2,9751f496e090e4824b2cca8c478bb9a1c2ef8f74e355942a566b1e5c3f0b5f24
0/0_original_43_original_43.png_640843e4-0145-4389-95d3-89460b68ff41.png_3fe26ca7-f8e4-4d58-a37f-ac15d9185a6d.png,give_way,train,0,Give way,43,dataset_a_0_template_43,2,28e3809336c1d8af60d4a2fb914ba9ec71e45b85c7e21de9fca2a3afa5ac4dce
0/0_original_43_original_43.png_640843e4-0145-4389-95d3-89460b68ff41.png_e15574b2-121d-4287-ba94-2de2b37ecd23.png,give_way,train,0,Give way,43,dataset_a_0_template_43,2,2ac912a8153ca9c76616316820a14c573807c5efe9d42208bc777e5ead6cf52d
0/0_original_43_original_43.png_6c4849ff-c460-4431-96a8-ebc0785743e4.png_b2ca7a6c-7ab6-4005-b14b-ab177ae1e261.png,give_way,train,0,Give way,43,dataset_a_0_template_43,2,cf42374329e1b80313773cb20b4415bd801abe85b901cb09bbfa38c93a645c59
0/0_original_43_original_43.png_6d15bc14-60d4-48ee-a2d1-74c5a43a2298.png_24133779-87f1-4686-ba55-c1e6d10369af.png,give_way,train,0,Give way,43,dataset_a_0_template_43,2,007c66e209469060372469e56ee1a16217d75998f5e68cf09f44646b6c978c77
0/0_original_43_original_43.png_6d15bc14-60d4-48ee-a2d1-74c5a43a2298.png_77ba4105-95b0-44bc-8166-eeef15173363.png,give_way,train,0,Give way,43,dataset_a_0_template_43,2,02583e843e3dbe89cb695a247feca4031b0d28e98041b5a77ddf5553630a1533
0/0_original_43_original_43.png_6d15bc14-60d4-48ee-a2d1-74c5a43a2298.png_d22bb5e0-9f3e-4fc4-ae10-d8c36dd41578.png,give_way,train,0,Give way,43,dataset_a_0_template_43,2,52d6fdb1aee6c303c3b19d94695211737eeaefe4a95a48ee3d0223603ad9105f
0/0_original_43_original_43.png_740dbba3-a65f-4a00-93dd-6cd879e6fea8.png_0ebf564e-a5eb-41f9-b715-26e14795d810.png,give_way,train,0,Give way,43,dataset_a_0_template_43,2,2b3d5294d376db69136888c06b27af83ea8104f8b7a652dfd8645300f4b71f7d
0/0_original_43_original_43.png_7534583e-f47f-4b7e-8dde-817070d32859.png_4ae85756-19e1-42db-b12d-9ce95a5f2ab5.png,give_way,train,0,Give way,43,dataset_a_0_template_43,2,f03907558f732e8a12db7ce90dc036f8a65b4106e2a21810fbcac7e5897323df
0/0_original_43_original_43.png_7534583e-f47f-4b7e-8dde-817070d32859.png_845580c8-bf48-4e95-b497-087a1b83cf2d.png,give_way,train,0,Give way,43,dataset_a_0_template_43,2,0b9e420a41f0602a5300b377ce73bf8ed3773dec6980c6451fdc7eef9ea1b405
0/0_original_43_original_43.png_76a8c7d9-4311-484b-9f50-e749530778ae.png_2ba32400-1297-45ff-9478-7c83f74b9aab.png,give_way,train,0,Give way,43,dataset_a_0_template_43,2,70a848282eeb12a7f4f139573327770070b89deade940b4e2119cc80fe879ef2
0/0_original_43_original_43.png_76a8c7d9-4311-484b-9f50-e749530778ae.png_93a5e54f-0a38-40de-9836-33d08b01f074.png,give_way,train,0,Give way,43,dataset_a_0_template_43,2,136901cea7f5214055a5a746577b64b6761ca85c2d67834698e588f5ee87b322
0/0_original_43_original_43.png_76a8c7d9-4311-484b-9f50-e749530778ae.png_f46a458a-20e7-4b46-a540-718be9843184.png,give_way,train,0,Give way,43,dataset_a_0_template_43,2,0ca4437e12a8ddb01a9c4a2152eba876dcdd3e762c869589bbf736918c7ffdf2
0/0_original_43_original_43.png_7830fda6-9fd7-432e-abbe-4f059f7ee4ac.png_7f188a79-896a-425e-b4e2-d598b8848284.png,give_way,train,0,Give way,43,dataset_a_0_template_43,2,77d38e4a1f5379eb61aa0fc40e0f61961e1a711c1a7807a4ebc606e0ea073663
0/0_original_43_original_43.png_7830fda6-9fd7-432e-abbe-4f059f7ee4ac.png_bbb71df3-805c-49e0-a9a3-814666dd6dff.png,give_way,train,0,Give way,43,dataset_a_0_template_43,2,644c27547ef66cc6daf683b8e643deb562aed52f36dce03239b09f2d0a0d0ffa
0/0_original_43_original_43.png_7830fda6-9fd7-432e-abbe-4f059f7ee4ac.png_d1d1cbbc-6878-4507-b4ca-43fe8e348f69.png,give_way,train,0,Give way,43,dataset_a_0_template_43,2,7aa31e836c036063067ae021ca5a6238d05da2907a870e46f86b608d967fe740
0/0_original_43_original_43.png_7830fda6-9fd7-432e-abbe-4f059f7ee4ac.png_dd63515d-e72e-4a26-9323-f97891939f12.png,give_way,train,0,Give way,43,dataset_a_0_template_43,2,5f868d1f1297769307c1397403d06e321f3550efbcf7f5d36420ab650b3b300e
0/0_original_43_original_43.png_7846dbaa-3d7d-46de-ba1d-6692388f110f.png_8b1f1753-8a8b-4d5b-8243-1e8504b26ce8.png,give_way,train,0,Give way,43,dataset_a_0_template_43,2,1d3e806fa536c69abe948c89555bfd70ab229fccebcb8929687b0e0330231e78
0/0_original_43_original_43.png_7846dbaa-3d7d-46de-ba1d-6692388f110f.png_8cd24d4b-51c1-41ca-88f9-042d7efd6858.png,give_way,train,0,Give way,43,dataset_a_0_template_43,2,de03ee701aa4207d9f4b516988b6a9d5d33c1f5e32e5808e95766e5f597c7bf1
0/0_original_43_original_43.png_7b352fd7-c0a0-4029-b154-ca92b3b540a0.png_619d2a18-bf3c-4d56-962f-9e97cfe80a62.png,give_way,train,0,Give way,43,dataset_a_0_template_43,2,d2f918ae0f11d3d650af3017e989ed5e31e38621cb7777a57579e3e80072f3f1
0/0_original_43_original_43.png_7b352fd7-c0a0-4029-b154-ca92b3b540a0.png_6d9dc826-8af7-4264-822b-450ed50d0954.png,give_way,train,0,Give way,43,dataset_a_0_template_43,2,94abc2af4a4bdfe9bf96712ece6ae7d316d49574b2f22445a6a35704c4ea67bc
0/0_original_43_original_43.png_7b352fd7-c0a0-4029-b154-ca92b3b540a0.png_b35cb980-a5e9-445c-a311-00d3d4278f32.png,give_way,train,0,Give way,43,dataset_a_0_template_43,2,715ae3c3318c2974d13af5934d16a6b53d24342925e8a36271dae985e296ab53
0/0_original_43_original_43.png_7b352fd7-c0a0-4029-b154-ca92b3b540a0.png_f5097f4e-6843-4fb3-99da-a812d24c30a8.png,give_way,train,0,Give way,43,dataset_a_0_template_43,2,c85e0d40be959256ec1d67aecfa26079fda3b6a7d6a511b78914bfdecf795150
0/0_original_43_original_43.png_81c27817-2fad-4399-8e8a-ab079c44f9fb.png_6fdae3eb-b61a-4b5e-b4e4-bdd8d3facc88.png,give_way,train,0,Give way,43,dataset_a_0_template_43,2,2ebdf8bd1d1aa308b60a7c1f56d53e3fbe07cdf80ce93db3096657432b9152ea
0/0_original_43_original_43.png_81c27817-2fad-4399-8e8a-ab079c44f9fb.png_d8c650b6-9da9-47e7-9940-4dcce2a52170.png,give_way,train,0,Give way,43,dataset_a_0_template_43,2,655273436f65ef136f8cb8796b6cd7d96a2476b29e8d510844b1d6609f00956f
0/0_original_43_original_43.png_81c27817-2fad-4399-8e8a-ab079c44f9fb.png_eba89062-20f1-4bd1-b0f5-6c238469a67c.png,give_way,train,0,Give way,43,dataset_a_0_template_43,2,d46e1d39f0d77ed3f0e1847df09ed2d5001c32df9593be896998a569e3a65090
0/0_original_43_original_43.png_8629a705-a95d-402b-b8df-d8e9851e0338.png_1062ce11-470f-4942-80cb-9e92d83a9a08.png,give_way,train,0,Give way,43,dataset_a_0_template_43,2,4689f4c99bf86e3bb8aab8cdc3583861a0d5e01933015dd54e8d073353178893
0/0_original_43_original_43.png_8629a705-a95d-402b-b8df-d8e9851e0338.png_732a7d04-801e-4c25-8c4a-5c5ea68b4e42.png,give_way,train,0,Give way,43,dataset_a_0_template_43,2,b8033e48714b25795ed97ff6484bdfcc567329a2618ac19bfb17374e707d404f
0/0_original_43_original_43.png_8629a705-a95d-402b-b8df-d8e9851e0338.png_c93ed79f-d6fa-47cc-8f0a-114131e5a6ba.png,give_way,train,0,Give way,43,dataset_a_0_template_43,2,b269ec59be775b7c89f1b662062656dff3434f51c7de1b85b62b4895ee5de2d8
0/0_original_43_original_43.png_867d6572-a92f-4c5c-97f2-8b85c8c59db2.png_6ee8969a-82e8-470e-8f21-67a562d8a5e4.png,give_way,train,0,Give way,43,dataset_a_0_template_43,2,e28cde0c6075d66686a22a4edc3999a43788ba7e07b6b953357460251e06c289
0/0_original_43_original_43.png_867d6572-a92f-4c5c-97f2-8b85c8c59db2.png_8c3296a3-83c6-4bc2-8252-4d52f636f092.png,give_way,train,0,Give way,43,dataset_a_0_template_43,2,fde042ac2f0eb2c03995605ed5b0a4c312c5980815cfe84fba08db3e4fd328c0
0/0_original_43_original_43.png_867d6572-a92f-4c5c-97f2-8b85c8c59db2.png_d3e05601-fc98-4e73-99a0-2b1340d468f8.png,give_way,train,0,Give way,43,dataset_a_0_template_43,2,b5a18ea6354ac516ceb17a506c446bb58082e716a66366f2d24cce7a32db1019
0/0_original_43_original_43.png_877e7d5c-8291-4389-b46e-b7233a29dfa7.png_82252986-4f39-43d6-a22c-e0dedc196569.png,give_way,train,0,Give way,43,dataset_a_0_template_43,2,e1a97a127804fae0ecf1f053b78e50615d72ffe41f394973fab915ec093ebb00
0/0_original_43_original_43.png_877e7d5c-8291-4389-b46e-b7233a29dfa7.png_9b3d24c7-e9bc-403b-a0d4-2a127a006c4d.png,give_way,train,0,Give way,43,dataset_a_0_template_43,2,98f8a8aabbadbff9be1243e9a0b35c655d12f463b65d2723d1bd906eb5b2a49c
0/0_original_43_original_43.png_8839591d-1d60-4c76-8e29-b8421c0e188d.png_98109a25-9d6f-4911-91a0-74ee55f8b5b7.png,give_way,train,0,Give way,43,dataset_a_0_template_43,2,39ee6df82ce25dd33c8624f8d6987eaea3e661e5448b4e63cc0a13b606429c67
0/0_original_43_original_43.png_8839591d-1d60-4c76-8e29-b8421c0e188d.png_9ce3dc8b-c837-45eb-9108-4de8edfbb54c.png,give_way,train,0,Give way,43,dataset_a_0_template_43,2,e08b8721a750a59325801d333e8c67d1fc6c5a20d4d31d2dea61b17e8e5d6322
0/0_original_43_original_43.png_8ab4ad52-fa39-43b5-bdf8-081b2b72071e.png_396bb337-901a-484c-8a16-23fd1eadc51a.png,give_way,train,0,Give way,43,dataset_a_0_template_43,2,82cc765cb9b2555b294cba0db2544f0cbfbcd93e4263ad5e0516e1fe71cc3047
0/0_original_43_original_43.png_8ab4ad52-fa39-43b5-bdf8-081b2b72071e.png_a1f569d8-a7d3-43b1-9956-157ba98f940a.png,give_way,train,0,Give way,43,dataset_a_0_template_43,2,7c305888c6244e55de349b03243c54b40fc393707375e43fc4930d0bc4f796c1
0/0_original_43_original_43.png_918f6695-fc3e-48a4-865d-4950caa01a21.png_1b8e0588-c684-47df-a7d7-ea646dbb6b59.png,give_way,train,0,Give way,43,dataset_a_0_template_43,2,c3ae23a4e750430163cf1973c992462d3d5ca28a9b316826b005aa046daa6822
0/0_original_43_original_43.png_918f6695-fc3e-48a4-865d-4950caa01a21.png_8c3a7061-2351-4694-9b92-ad440cebee3b.png,give_way,train,0,Give way,43,dataset_a_0_template_43,2,1ab6cea081b08a63d2fd7d4d386d569634f8cae281e76b38c79266dc75cdd0df
0/0_original_43_original_43.png_91e6e53c-6bb8-43ae-aef9-3f299e4c2b23.png_84fb7bfe-060a-41b8-b0d7-dbc9392480ad.png,give_way,train,0,Give way,43,dataset_a_0_template_43,2,ebd2b0ac94569f07194bf68928e9cde931e9cb6696f87b66c89f5cd815ff3b20
0/0_original_43_original_43.png_91e6e53c-6bb8-43ae-aef9-3f299e4c2b23.png_cfb3516a-3d0e-43b0-b557-3a2cdf3895e3.png,give_way,train,0,Give way,43,dataset_a_0_template_43,2,70adb728266f65882d9c466d2534595c0aaa765c4bf8bff7019fb6da9be35a63
0/0_original_43_original_43.png_9b77ab2f-6258-486c-8a67-cf78dc2a91da.png_9f1f1628-e512-46dc-ad59-d648c98bb2a1.png,give_way,train,0,Give way,43,dataset_a_0_template_43,2,85cab470b021f8352de03e1a3ea2e70d20a128aa185e0fada988fe2a1327809a
0/0_original_43_original_43.png_9ebf5f50-2def-4cf9-bf94-aeaa43b06938.png_e6a850a6-7939-4623-8374-2983b50488c5.png,give_way,train,0,Give way,43,dataset_a_0_template_43,2,00e85978b8aedd36aa588a3e1cd2f0aa8214dab4e0d7d694a23fb3b99a2c2104
0/0_original_43_original_43.png_b85a0c07-f1b6-48dd-996f-64dca62ca571.png_069b6d06-1a22-4f09-b461-687fdba429c8.png,give_way,train,0,Give way,43,dataset_a_0_template_43,2,150a9714f1a8583f9a54ffb4521b1103f4f18e0923d26db1bd1fda032e2337c4
0/0_original_43_original_43.png_b85a0c07-f1b6-48dd-996f-64dca62ca571.png_c597641c-70ef-4d8b-b313-86dbeb349548.png,give_way,train,0,Give way,43,dataset_a_0_template_43,2,fc7515a46dcbf45b3a91a18afd971cf6d32a7f07dac059dca60e47ff0ae5a90e
0/0_original_43_original_43.png_b8b2d445-da3d-4d9f-af65-1ce072caa282.png_7a45023d-cad6-43ec-9cc6-d1c9e9a06ec9.png,give_way,train,0,Give way,43,dataset_a_0_template_43,2,2249b8483016ce722a5d6d9ed723ef77afe637a15652d75f99ca05fc6697244a
0/0_original_43_original_43.png_b8b2d445-da3d-4d9f-af65-1ce072caa282.png_d4ed053c-ca1b-4e2e-9a10-302c45fbd6ff.png,give_way,train,0,Give way,43,dataset_a_0_template_43,2,b74e96e07f8d9d0bb3f0bd83c19753967369190093f2c7e2081e7b0d5b3525b5
0/0_original_43_original_43.png_ba8464d2-83a3-4d42-a491-6a5011d9ba4e.png_4c15d8f3-8d33-4bb3-aa21-86bd98ea91c1.png,give_way,train,0,Give way,43,dataset_a_0_template_43,2,ec1a3b2a5a38b844715bc6c6f61575d5e700ddcfb03d5bf9c6ea3bb2499f6fe6
0/0_original_43_original_43.png_ba8464d2-83a3-4d42-a491-6a5011d9ba4e.png_a0786b33-f4d9-4cff-b3d7-3ea0d91d9125.png,give_way,train,0,Give way,43,dataset_a_0_template_43,2,fde042ac2f0eb2c03995605ed5b0a4c312c5980815cfe84fba08db3e4fd328c0
0/0_original_43_original_43.png_be6fb574-5e0c-4687-a53b-d721b58c8f80.png_3cd840a6-81f5-4047-a4f0-050d34f2b2d4.png,give_way,train,0,Give way,43,dataset_a_0_template_43,2,fde042ac2f0eb2c03995605ed5b0a4c312c5980815cfe84fba08db3e4fd328c0
0/0_original_43_original_43.png_c016e17b-222f-440b-978d-f3082df7c3cb.png_2b610af7-8b88-432a-b85d-ff98dcf2779d.png,give_way,train,0,Give way,43,dataset_a_0_template_43,2,fd9b0e038085d5898af0e542104a4d652b9b6f4be538e1ef7e129757733dc3f6
0/0_original_43_original_43.png_c5a7ce49-a498-4a6c-8ac7-9be9ce120d0a.png_c7ce3a1c-47ef-4dd5-b636-a528963ad319.png,give_way,train,0,Give way,43,dataset_a_0_template_43,2,fe244896944c31c91e3455e9d80889f0112b445616ef68501aaab375254ae7a3
0/0_original_43_original_43.png_cb1c91fc-7feb-4966-bb38-624f83f61fef.png_ca7b5ef3-a649-4120-9534-aecebf0362eb.png,give_way,train,0,Give way,43,dataset_a_0_template_43,2,658b94a4a620c1ebc6b64218e2325ed40c83d488a434f89f7bddd025cd95fb6e
0/0_original_43_original_43.png_d15c0d2a-cb6c-4817-918f-9439bedf3162.png_e9fe5a30-a09d-4627-86c3-fa0fccf8404a.png,give_way,train,0,Give way,43,dataset_a_0_template_43,2,c38f2f41712eae589a353744330420b28b0cb48134a739055a8d68e86fdbdd4e
0/0_original_43_original_43.png_d1b9ff84-03d5-4a2b-b12f-744e2120b32f.png_01421495-b8e8-477c-a04a-8c47dc1b0f4c.png,give_way,train,0,Give way,43,dataset_a_0_template_43,2,3d37bb044cf63c25749e59cac6614bb3a4a42f9a22a1e7fa73271decba53a503
0/0_original_43_original_43.png_d4290b76-754a-4aaf-a47a-67f3464c7ecf.png_072c5b23-ea89-4b64-a4f2-59ffd556db4a.png,give_way,train,0,Give way,43,dataset_a_0_template_43,2,45b43c7a281abf9a4a5b07cf5a3cb76a8aa459e3d619c4ecdf73aec6672ca31b
0/0_original_43_original_43.png_d4290b76-754a-4aaf-a47a-67f3464c7ecf.png_40ddd5f1-3c6b-4ebf-a80e-64830bebfadb.png,give_way,train,0,Give way,43,dataset_a_0_template_43,2,3bc4899ad427fbbd81f0d38cf82cd226c7ebf237709f31fc0282c54a9261b8c3
0/0_original_43_original_43.png_d4290b76-754a-4aaf-a47a-67f3464c7ecf.png_6b040d09-2b73-4617-9401-af9aeada7ed8.png,give_way,train,0,Give way,43,dataset_a_0_template_43,2,617ad99d88243b6c40a44304c3724916da1a15c898dac3ca3a5ff546239e6d60
0/0_original_43_original_43.png_d484eb6f-6d4d-4d9d-89f1-a37316ce1848.png_73c9ba6b-893b-4272-a7c2-63c3c9346c73.png,give_way,train,0,Give way,43,dataset_a_0_template_43,2,128e77be974afcbb693eb9a81881e60ecc66295110e6494014498f864a9ec4d7
0/0_original_43_original_43.png_d484eb6f-6d4d-4d9d-89f1-a37316ce1848.png_755685ea-4485-452d-bcf3-6a26f0bd26ac.png,give_way,train,0,Give way,43,dataset_a_0_template_43,2,87a32392b678175fedb1f60fc668607f82ea57e1abb9e9ec1f042eb6dac6f7a5
0/0_original_43_original_43.png_d484eb6f-6d4d-4d9d-89f1-a37316ce1848.png_ab58239c-70a2-4f24-8bde-81472f3e0b4e.png,give_way,train,0,Give way,43,dataset_a_0_template_43,2,6946161a3e00cf18c63b5bdd9983d8f9ff41207e262c0761ba5b94975e6370e7
0/0_original_43_original_43.png_d54b2dec-5554-4722-a9fd-b8ba4b7d4079.png_ab539994-dcd8-4cab-809b-05c48a23614f.png,give_way,train,0,Give way,43,dataset_a_0_template_43,2,8b28ac2ff68a0f10f315dc01a60090849003bdbf0439a26ae191eb704118b759
0/0_original_43_original_43.png_d6125228-ac6e-4d48-984f-de35de0256b1.png_c9a5b01f-0f85-4afd-82e0-e8208b881d44.png,give_way,train,0,Give way,43,dataset_a_0_template_43,2,12501ea82de0123d00363f9974a8517cc54126a29de39b5f086546b347fc485e
0/0_original_43_original_43.png_e256c65d-fe69-486e-a520-6851ac12f275.png_3b03e6e9-0d81-48b9-b4b2-ee486342d01c.png,give_way,train,0,Give way,43,dataset_a_0_template_43,2,890eb6f9ae2cb4658cc00a63e87c0cc39453a8927ee24db7572f724f5f79e62d
0/0_original_43_original_43.png_e256c65d-fe69-486e-a520-6851ac12f275.png_f5f4d4e8-3cbf-4dfa-8f21-763f4d63602e.png,give_way,train,0,Give way,43,dataset_a_0_template_43,2,f4e3cd1271acc4618a6f6fd8d364303a0c75e375a140abbdd55eac5836dc4d31
0/0_original_43_original_43.png_e36255fa-e795-4c2a-b36a-da4a32840f7b.png_d1c2d34f-3d6c-4497-bab0-ee4d18fe5211.png,give_way,train,0,Give way,43,dataset_a_0_template_43,2,ca2b763adda6e40577022dc06f8eaf005d65bf31e087043472038aec9f411a3f
0/0_original_43_original_43.png_e36255fa-e795-4c2a-b36a-da4a32840f7b.png_d685ad51-7ddb-442a-9f6c-f55ee9154979.png,give_way,train,0,Give way,43,dataset_a_0_template_43,2,c014f2ef275f1946013e33ff7a253a46bed05836fd3d8c63509fe7056d24d5fc
0/0_original_43_original_43.png_e36255fa-e795-4c2a-b36a-da4a32840f7b.png_f4aae27e-f8e2-4f56-8f72-d153b7730c40.png,give_way,train,0,Give way,43,dataset_a_0_template_43,2,ef889774287342b6915b53422773ba62d7f6255e85a133c229f5c3a040f13244
0/0_original_43_original_43.png_e36255fa-e795-4c2a-b36a-da4a32840f7b.png_fd61ae16-8e9a-4fa7-a4c1-4f1695f2a12f.png,give_way,train,0,Give way,43,dataset_a_0_template_43,2,dd9663165b7f3a92d06e1f9fb25ca23f8fc706df8960aed936a3d4baa1140c2e
0/0_original_43_original_43.png_f1feb048-7ee9-4ed3-8dab-a7f37056924a.png_258fa82c-5b70-42af-875c-8495ba3690a0.png,give_way,train,0,Give way,43,dataset_a_0_template_43,2,772376d27bc31f1dff57a5b3d6850b324ac7e8207424182d3f19c8084671d912
0/0_original_43_original_43.png_f3030724-8579-4dd5-a7f8-a1be45db8f17.png_657a746f-d937-4505-a3b6-f986bb9f1175.png,give_way,train,0,Give way,43,dataset_a_0_template_43,2,f585053b528c6e3e3c94bf2f897cb93f9c489015a434d2690d56ab46f0c58718
0/0_original_43_original_43.png_f3a74989-2ab8-445a-bb90-b7e17ad73f46.png_feccc67f-e347-4d99-b976-5bc0123f9d05.png,give_way,train,0,Give way,43,dataset_a_0_template_43,2,32d6a5909c637f6eacf968850d609b3abcde46386e043ac9b0325b06fa6a2899
0/0_original_43_original_43.png_fac7fdc3-e3e4-4de0-87b7-e3e5c6f6c460.png_92537b40-d1c2-4a96-9599-f4d1c5910975.png,give_way,train,0,Give way,43,dataset_a_0_template_43,2,a385dc583e117c0384efd67036fa5e652e96bc224de69059b3c11b3409445443
0/0_original_43_original_43.png_fac7fdc3-e3e4-4de0-87b7-e3e5c6f6c460.png_9e081e72-2bd8-4992-9bab-727085aee018.png,give_way,train,0,Give way,43,dataset_a_0_template_43,2,4d08d633adb89cf48c23d5e97c59dec8a29e7c1ca747c317ad8926f7d1f06b76
0/43.png,give_way,train,0,Give way,43,dataset_a_0_template_43,0,a1fae221a29bc40f373b24d8d8300940a58a90b389562519948d61f4aaa00d50
0/43_original_43.png_00f45b77-a86e-4af1-8eee-259b19bd12dd.png,give_way,train,0,Give way,43,dataset_a_0_template_43,1,af3c5a2f4cfd8bc2e1c342e0ddb5da341883836bef65c252895f02b282ea2bc5
0/43_original_43.png_02661bd5-3d5b-4478-a571-ad74f652ca39.png,give_way,train,0,Give way,43,dataset_a_0_template_43,1,a1fae221a29bc40f373b24d8d8300940a58a90b389562519948d61f4aaa00d50
0/43_original_43.png_04483064-39ca-41ac-b755-800101e09955.png,give_way,train,0,Give way,43,dataset_a_0_template_43,1,012ddcdca879297be28ff1e122f614086b952efb4c216864e2d2797d5944d026
0/43_original_43.png_04b40297-39ac-44c0-a574-dc63bd9b7cf7.png,give_way,train,0,Give way,43,dataset_a_0_template_43,1,1d2df2e6ed63d4baedb8a349fb9c1583c8165bf1d229cd7d3edcbad757bba337
0/43_original_43.png_0505603d-d477-4ae0-b81c-aebc060d663c.png,give_way,train,0,Give way,43,dataset_a_0_template_43,1,a8f000b164e64694ef7536a058aaf3e61b33faf6b4169482566f73a1549ab9c5
0/43_original_43.png_0d61e291-78ac-4c2b-acd5-e98403e6ba7c.png,give_way,train,0,Give way,43,dataset_a_0_template_43,1,bd8670c12f6143165d0304468159b49341afb19aaee579d9b190bbf57ebd8ec4
0/43_original_43.png_0f4ea773-3a01-4c63-94ff-452bfecd81ed.png,give_way,train,0,Give way,43,dataset_a_0_template_43,1,87bcc7edc97b7254673bd14df20150096a6d920cb4bc32c9e622e81629956dd8
0/43_original_43.png_1674ff54-1005-4f3a-954e-7e3f4d98ed73.png,give_way,train,0,Give way,43,dataset_a_0_template_43,1,bca9fb64e70a2a6c71ae92b5de6e48d3fb58d9af08243b8dd6152b087667f7c8
0/43_original_43.png_18438db5-3d00-45ff-802f-ccdc79fc5549.png,give_way,train,0,Give way,43,dataset_a_0_template_43,1,b99d3c7726aa00aebb4d713de67b72ab852a4366820cc435f6b59bfa6c12799f
0/43_original_43.png_186acbdb-d30f-437b-8c24-6bf29bbeccbe.png,give_way,train,0,Give way,43,dataset_a_0_template_43,1,01f9e809641af21744da7c5efe110b230d9b84c1d433cfb5ee64ebfd71632976
0/43_original_43.png_1c65c6ec-78c8-42b2-bfa8-e9d6e6415f01.png,give_way,train,0,Give way,43,dataset_a_0_template_43,1,af3c5a2f4cfd8bc2e1c342e0ddb5da341883836bef65c252895f02b282ea2bc5
0/43_original_43.png_1c9f5554-9a35-42b9-b12b-1cc34dded8a6.png,give_way,train,0,Give way,43,dataset_a_0_template_43,1,132183e59efcb137f7bf02b45fbca9464faa48f76eb08aca7526b9ff27d4db1b
0/43_original_43.png_20ac7968-f303-4500-8ff2-b6ef527233bf.png,give_way,train,0,Give way,43,dataset_a_0_template_43,1,961be9c0e72bc1755270c694255013411d077b4740436df84b588ae57ffd954a
0/43_original_43.png_217bb496-49da-4bb9-bb9c-e405edcfc7c1.png,give_way,train,0,Give way,43,dataset_a_0_template_43,1,fc4a5d509e8351a72223b69b52d32a670ecb6d6a7d73d3f3682bc73f994bf98e
0/43_original_43.png_2804406b-56e7-480e-872b-d87903cf49bb.png,give_way,train,0,Give way,43,dataset_a_0_template_43,1,4a8282961868a392bc06137affc8fce843229088142c5df96640ad52beecbc14
0/43_original_43.png_33ec9a30-9918-48ec-b97a-b81ce68d520a.png,give_way,train,0,Give way,43,dataset_a_0_template_43,1,fcda990baccffb03edd91de2c3909b5587733208c49dfc50f9f7ee24f7cfebae
0/43_original_43.png_34d7fb3b-d535-4c06-b6b0-324070814f95.png,give_way,train,0,Give way,43,dataset_a_0_template_43,1,0866c32eb4488bd7b347560f5a9293bd6a64c2f2c743738381d27ad94dfc270c
0/43_original_43.png_38a89cf1-2236-421b-a07a-40571dcbabee.png,give_way,train,0,Give way,43,dataset_a_0_template_43,1,44ff84d2593a59ea1afe84ce0283a9bcb6794ba14e51f1901359e8b1219d644a
0/43_original_43.png_3aa3b9bd-c467-416f-9927-d856f56836f5.png,give_way,train,0,Give way,43,dataset_a_0_template_43,1,82826bfe81b73e05d7f132705af34420cb0779aeeaa94a6ca38632dfcb614189
0/43_original_43.png_3b779366-733d-4498-b726-d648856cb0ec.png,give_way,train,0,Give way,43,dataset_a_0_template_43,1,cf102e77b184bd32d9d33d32fffc8c55bc7ebffa0845570345c18ee0f0a53068
0/43_original_43.png_3db10fff-989c-4dbb-8723-62807d4d6ae0.png,give_way,train,0,Give way,43,dataset_a_0_template_43,1,792c333fe566d640e3bd83ac9dd9c0a31c679358d1fc49178be87599513f5bc4
0/43_original_43.png_3e5a45c1-ccbc-4222-b787-5e171574ca80.png,give_way,train,0,Give way,43,dataset_a_0_template_43,1,f785dde071e9f05129ec6666fbb53572d561c9a478960cf8f34152c83824bc37
0/43_original_43.png_4138ba3f-e98b-4d06-99af-6b490d9259d0.png,give_way,train,0,Give way,43,dataset_a_0_template_43,1,971de625015d98020763ed38962b221f5f34b3926e6436fae878ebbecb8f22ae
0/43_original_43.png_4994a47a-111f-418d-bfd9-39ba9cc0cb7e.png,give_way,train,0,Give way,43,dataset_a_0_template_43,1,a139ac42d506cfd09c537835e1905699c0fc9b39bc6d358c95f29c4436e77b8b
0/43_original_43.png_4e35d2c5-4f64-47ba-a24e-228638cae961.png,give_way,train,0,Give way,43,dataset_a_0_template_43,1,e80d8ec872c2b987015bbbec5ed2a89a908f998b790bbecc94dbb1b2b62e70f5
0/43_original_43.png_50a9e48f-ff5a-49a7-9376-5fafe51432e9.png,give_way,train,0,Give way,43,dataset_a_0_template_43,1,a1fae221a29bc40f373b24d8d8300940a58a90b389562519948d61f4aaa00d50
0/43_original_43.png_51305f8d-4a51-4c9b-b574-ba4c79a1e91d.png,give_way,train,0,Give way,43,dataset_a_0_template_43,1,0b8e6fddc6066f5cd4f2c3652611dacc714a82c633e8d9e09ed815a12e320bf9
0/43_original_43.png_59be7ef6-9fa5-4a39-b982-a431c477229d.png,give_way,train,0,Give way,43,dataset_a_0_template_43,1,af3c5a2f4cfd8bc2e1c342e0ddb5da341883836bef65c252895f02b282ea2bc5
0/43_original_43.png_59d2af92-a025-46ca-8306-9d40b7e457bc.png,give_way,train,0,Give way,43,dataset_a_0_template_43,1,08aa43f7f1f3448c9ddafb226e4fe7578340eda3d5d5a213e7192d594b08e297
0/43_original_43.png_5c7831a2-7260-484e-8fb0-0a11ea3f8d3f.png,give_way,train,0,Give way,43,dataset_a_0_template_43,1,366097badbf367ad8dc5844b867637cf19e057f8f820edb7a6c56351efa131ea
0/43_original_43.png_610f6411-4440-4a55-a01e-e4ecfbbdb295.png,give_way,train,0,Give way,43,dataset_a_0_template_43,1,c87196a85f7846ad4ca31da5be32871703c07f32b4d87a876586cc0839c3db60
0/43_original_43.png_62210604-a8d0-4b9c-9467-4e2f674497ae.png,give_way,train,0,Give way,43,dataset_a_0_template_43,1,121e85496279ebd3edd6dc11c26f58d292c35316a283309ae9450b549adb5e2c
0/43_original_43.png_640843e4-0145-4389-95d3-89460b68ff41.png,give_way,train,0,Give way,43,dataset_a_0_template_43,1,644a57b7c67d3257d6aa24e5a6305ab4a748493961223ff12cb96d3894d062ee
0/43_original_43.png_64fc5764-961a-44b2-838f-309f8a845441.png,give_way,train,0,Give way,43,dataset_a_0_template_43,1,103a2edb691333e0c4f27bbbea8d2ead617ecb9d0884c98d2c586408b4e464ec
0/43_original_43.png_65103715-ef77-48f7-851a-7ad06389b7db.png,give_way,train,0,Give way,43,dataset_a_0_template_43,1,bf644a793c12e05c6b00ffdda755b736d10baafc86611261c342802a4ddade53
0/43_original_43.png_6c4849ff-c460-4431-96a8-ebc0785743e4.png,give_way,train,0,Give way,43,dataset_a_0_template_43,1,ce5e9b1c366dbaa02000848f9800bf96982d0a999114b791951585b0d22683f8
0/43_original_43.png_6d15bc14-60d4-48ee-a2d1-74c5a43a2298.png,give_way,train,0,Give way,43,dataset_a_0_template_43,1,a1fae221a29bc40f373b24d8d8300940a58a90b389562519948d61f4aaa00d50
0/43_original_43.png_72d970f7-3ba3-4d57-b284-7fe0d8d48a51.png,give_way,train,0,Give way,43,dataset_a_0_template_43,1,7c7f333b191589c628dca5dcf629affd6bc95b6dfa0ab8458b592222140be500
0/43_original_43.png_740dbba3-a65f-4a00-93dd-6cd879e6fea8.png,give_way,train,0,Give way,43,dataset_a_0_template_43,1,ae9137128179283020f61dec65a5c2c86a73f8696cbb0cb7561a567bd1890697
0/43_original_43.png_7534583e-f47f-4b7e-8dde-817070d32859.png,give_way,train,0,Give way,43,dataset_a_0_template_43,1,dcba308b4d4d1bfb10fd05008f1ad39321e613412d12bed81e69df4174b1d1a4
0/43_original_43.png_76a8c7d9-4311-484b-9f50-e749530778ae.png,give_way,train,0,Give way,43,dataset_a_0_template_43,1,ce5ed57602dd18b1badc9db4ba861e7bbb38daa8d1569c407192a3d1ca8647e3
0/43_original_43.png_7830fda6-9fd7-432e-abbe-4f059f7ee4ac.png,give_way,train,0,Give way,43,dataset_a_0_template_43,1,056d2fe3b549d8799bcfc064a7ae7f1c3b6c3c3bf4aafedff9e3eb284cd0ee8a
0/43_original_43.png_7846dbaa-3d7d-46de-ba1d-6692388f110f.png,give_way,train,0,Give way,43,dataset_a_0_template_43,1,ff5693b37b2c4e55727cc1f32ecea018b7a8f0b0e79df5ffea231a20af46d9a7
0/43_original_43.png_7b352fd7-c0a0-4029-b154-ca92b3b540a0.png,give_way,train,0,Give way,43,dataset_a_0_template_43,1,f4f51e532213d479861cc9ff1e8600d1ac8be37b3c8fd3be8f6c0bc81a60723d
0/43_original_43.png_7c656cfa-4eb7-4a7a-95a0-fa0f433f7162.png,give_way,train,0,Give way,43,dataset_a_0_template_43,1,39ffc537f1628c7de6dd4bb5d57623bf9beb5bfb76de1bff1a4bd1e1a7597ed0
0/43_original_43.png_81c27817-2fad-4399-8e8a-ab079c44f9fb.png,give_way,train,0,Give way,43,dataset_a_0_template_43,1,3175c7f37e120eb8fdd80b66619c9f870c49081efba860e03b34c7f3829e48c7
0/43_original_43.png_8629a705-a95d-402b-b8df-d8e9851e0338.png,give_way,train,0,Give way,43,dataset_a_0_template_43,1,6a9dbb18bd2b1d6fb8de166839b08faf2376d8c1b07d6bf336ffa20cdca60004
0/43_original_43.png_867d6572-a92f-4c5c-97f2-8b85c8c59db2.png,give_way,train,0,Give way,43,dataset_a_0_template_43,1,98be7bf6415e5695b825f0f9d5f33772c8c13f447eef3e0c0570bca274665736
0/43_original_43.png_877e7d5c-8291-4389-b46e-b7233a29dfa7.png,give_way,train,0,Give way,43,dataset_a_0_template_43,1,040c667adccc7050a41865e72bfd5c4a33ade2128347b4f68ede690d05ea9575
0/43_original_43.png_88238079-36f9-4a9e-8cbd-96c734b58d93.png,give_way,train,0,Give way,43,dataset_a_0_template_43,1,ae9f83f506b58193436a9d492744d7ab299214748c45cc7059c78bd1ec74b3eb
0/43_original_43.png_8839591d-1d60-4c76-8e29-b8421c0e188d.png,give_way,train,0,Give way,43,dataset_a_0_template_43,1,55b88f598bb2f47a2a8a63d90cdd920b60f312fcbbdc001c22071f7a68649a16
0/43_original_43.png_8ab4ad52-fa39-43b5-bdf8-081b2b72071e.png,give_way,train,0,Give way,43,dataset_a_0_template_43,1,288fe96103787db94376dffde176f0130ee920ae722b8cb9bab45e65d4ca023e
0/43_original_43.png_918f6695-fc3e-48a4-865d-4950caa01a21.png,give_way,train,0,Give way,43,dataset_a_0_template_43,1,a9ebba5f94d31b867a45776d1fc2812604fb3cc8eccc622d28deab7100971d96
0/43_original_43.png_91e6e53c-6bb8-43ae-aef9-3f299e4c2b23.png,give_way,train,0,Give way,43,dataset_a_0_template_43,1,82a046da9e66399e2f7451705d053063aa31123164217bcba2a408bac84d23a5
0/43_original_43.png_9b77ab2f-6258-486c-8a67-cf78dc2a91da.png,give_way,train,0,Give way,43,dataset_a_0_template_43,1,8cfd419e929af59fdcb606e2cbb89e3d54b9101c211fd4309a463cf83c6ca307
0/43_original_43.png_9ebf5f50-2def-4cf9-bf94-aeaa43b06938.png,give_way,train,0,Give way,43,dataset_a_0_template_43,1,32ff99eef731baebfe020e7c4046427264250cebf38c9f69450038bc2cc24ea0
0/43_original_43.png_9fbbe743-9d29-4ee2-ac81-493f76628cc3.png,give_way,train,0,Give way,43,dataset_a_0_template_43,1,4fadfd7c07b9f3c8a779cab9ddfba8daa554dc297dfce8c1be743da30d2b64ed
0/43_original_43.png_b2202a1f-383f-4b2f-9040-9f35c97bf25d.png,give_way,train,0,Give way,43,dataset_a_0_template_43,1,c1ffa9eb81665ebd62b53663751e2e187e8b8a48778adc9e2f0feaad34c2f8f6
0/43_original_43.png_b85a0c07-f1b6-48dd-996f-64dca62ca571.png,give_way,train,0,Give way,43,dataset_a_0_template_43,1,35be63bd669d35db08a288ce2096176337230d8cd06121a6095b0c17c85a147f
0/43_original_43.png_b8b2d445-da3d-4d9f-af65-1ce072caa282.png,give_way,train,0,Give way,43,dataset_a_0_template_43,1,af81f7ee1837568f4260c9a3509efa8c6a903d1ad6f882ab0da3ad7c5bf4d127
0/43_original_43.png_ba8464d2-83a3-4d42-a491-6a5011d9ba4e.png,give_way,train,0,Give way,43,dataset_a_0_template_43,1,a717e05924a31f3fabb27fe7eb1086ba05900b84e7301a6db102f14b1542950e
0/43_original_43.png_be6fb574-5e0c-4687-a53b-d721b58c8f80.png,give_way,train,0,Give way,43,dataset_a_0_template_43,1,a0a8b34ec7c4cd6aa9dcfb3528c96d82f9da3579bbc8323fddd359015ab0d860
0/43_original_43.png_c016e17b-222f-440b-978d-f3082df7c3cb.png,give_way,train,0,Give way,43,dataset_a_0_template_43,1,657bd4754df09218f72aa03e372b76477b6e8c6311de9326a651d4f20ac3dd11
0/43_original_43.png_c5a7ce49-a498-4a6c-8ac7-9be9ce120d0a.png,give_way,train,0,Give way,43,dataset_a_0_template_43,1,2fceea18800e58cd5522306cd66ea7316a1a216a7faaf9c82a2df56b3bc6e018
0/43_original_43.png_cb1c91fc-7feb-4966-bb38-624f83f61fef.png,give_way,train,0,Give way,43,dataset_a_0_template_43,1,2f74c20810813c9f187f0c18e843798cbac48f9fbe72fed72da5948975189de0
0/43_original_43.png_d15c0d2a-cb6c-4817-918f-9439bedf3162.png,give_way,train,0,Give way,43,dataset_a_0_template_43,1,9680cf4d50fdb74175d133c3637bc120238178f633a29b3b7bb1702b0ff9bf74
0/43_original_43.png_d1b9ff84-03d5-4a2b-b12f-744e2120b32f.png,give_way,train,0,Give way,43,dataset_a_0_template_43,1,12d7f62a6225d1e2d6ca069856f98f19ab7e62a2550aab10bf96f1d67afdc60f
0/43_original_43.png_d4290b76-754a-4aaf-a47a-67f3464c7ecf.png,give_way,train,0,Give way,43,dataset_a_0_template_43,1,b44efd84d3f8a6dc8c93c6479dc45d89076078efa42e4c699eac5ee342092887
0/43_original_43.png_d484eb6f-6d4d-4d9d-89f1-a37316ce1848.png,give_way,train,0,Give way,43,dataset_a_0_template_43,1,50526f57925cb4be7c76ba7f97b1e3be2e90e9a3ea891a9108b28e6eb0ef1402
0/43_original_43.png_d54b2dec-5554-4722-a9fd-b8ba4b7d4079.png,give_way,train,0,Give way,43,dataset_a_0_template_43,1,32ff99eef731baebfe020e7c4046427264250cebf38c9f69450038bc2cc24ea0
0/43_original_43.png_d6125228-ac6e-4d48-984f-de35de0256b1.png,give_way,train,0,Give way,43,dataset_a_0_template_43,1,024af19d2feaeab6fba97e8c46d51f71494fdc1dac0c9492d20b5077944c40af
0/43_original_43.png_d94bebf9-33f8-4b7c-a1d1-6aca60c287f3.png,give_way,train,0,Give way,43,dataset_a_0_template_43,1,f8d2d20b95a3f3d64b4bd98b6efe8a06943cd47a58225fb7b432ce1aa65993f6
0/43_original_43.png_dc8aff41-3cc8-4d81-9e9e-bd6e556d3de7.png,give_way,train,0,Give way,43,dataset_a_0_template_43,1,5f9cf212aec1ef4a771c7cb29dcf619cf05fef7e27e8d21ca31222a0059f2187
0/43_original_43.png_e256c65d-fe69-486e-a520-6851ac12f275.png,give_way,train,0,Give way,43,dataset_a_0_template_43,1,32ff99eef731baebfe020e7c4046427264250cebf38c9f69450038bc2cc24ea0
0/43_original_43.png_e36255fa-e795-4c2a-b36a-da4a32840f7b.png,give_way,train,0,Give way,43,dataset_a_0_template_43,1,afb8c1a0c1b9c1d5f2ffaa725cd88df1710c8b4a792f2750e1b10929488263cc
0/43_original_43.png_f1feb048-7ee9-4ed3-8dab-a7f37056924a.png,give_way,train,0,Give way,43,dataset_a_0_template_43,1,32ff99eef731baebfe020e7c4046427264250cebf38c9f69450038bc2cc24ea0
0/43_original_43.png_f2f413c4-ec18-43b3-ac23-cadbd4551f5b.png,give_way,train,0,Give way,43,dataset_a_0_template_43,1,493f82a6e523953e7247d5f61261dc1b805508d4c22c216fb7dbf23b800f95a7
0/43_original_43.png_f3030724-8579-4dd5-a7f8-a1be45db8f17.png,give_way,train,0,Give way,43,dataset_a_0_template_43,1,9bd994858c570e58e0eb29db4dfab285cd688100cf8f4ba2991136becf11f2ba
0/43_original_43.png_f3a74989-2ab8-445a-bb90-b7e17ad73f46.png,give_way,train,0,Give way,43,dataset_a_0_template_43,1,9361060c17d5ad5ba4efdfe00f787fffefe809f05782c5180b6da7efb4eecfd5
0/43_original_43.png_fac7fdc3-e3e4-4de0-87b7-e3e5c6f6c460.png,give_way,train,0,Give way,43,dataset_a_0_template_43,1,32ff99eef731baebfe020e7c4046427264250cebf38c9f69450038bc2cc24ea0
1/1_original_44_original_44.png_0b4c066e-39c0-4b14-a446-85eff9147bda.png_3951454a-434e-4a1c-b27d-9223f1a9d636.png,no_entry,train,1,No entry,44,dataset_a_1_template_44,2,f89f802b6015ed73b6e56e479e2e0bf3e513293ce89af1d1168c1ca94bae54fa
1/1_original_44_original_44.png_0b4c066e-39c0-4b14-a446-85eff9147bda.png_946d4771-98d5-42b8-9bb6-8e7bf99d49c9.png,no_entry,train,1,No entry,44,dataset_a_1_template_44,2,89c0ecda38019f134f6a667c7f88f9da54cc6f3d19c066db81a19d487c182fab
1/1_original_44_original_44.png_0eed7fb7-579b-4e4a-8a67-5d566a5eb363.png_ba827c83-8938-416f-9484-f44fb3029d7b.png,no_entry,train,1,No entry,44,dataset_a_1_template_44,2,27a78dac355842416d38d612f8984f92e8c4910f01591fbf8d221a15da35341d
1/1_original_44_original_44.png_0eed7fb7-579b-4e4a-8a67-5d566a5eb363.png_d06d01ad-4420-4565-b18a-5ee29be877a5.png,no_entry,train,1,No entry,44,dataset_a_1_template_44,2,55b4b12a552325af68eedbeb05a05f7a979dc0a1c9c674e45a0141346805274c
1/1_original_44_original_44.png_0eed7fb7-579b-4e4a-8a67-5d566a5eb363.png_fe82060b-9ddb-4f37-b1de-fb0c252505a9.png,no_entry,train,1,No entry,44,dataset_a_1_template_44,2,20eb3226c902c867fa3f071a7840c2f42b080d9518ebdfda72d6dd22bb0e0fe2
1/1_original_44_original_44.png_0f9dd55c-6c90-421d-b9bc-876264991545.png_4ae82592-28a0-407c-b8f9-22a3c3cc3637.png,no_entry,train,1,No entry,44,dataset_a_1_template_44,2,10bfe7ac3b3157f2468e6c6d520fb80e722a9e123d5e9735725430e3e02dc183
1/1_original_44_original_44.png_16607227-b3ab-4a46-9287-de990b53dc49.png_3268fd28-c893-4190-bce8-81ccf6bafef6.png,no_entry,train,1,No entry,44,dataset_a_1_template_44,2,797f9cc1254bcb867f95d9daa249e289275f71426078f355c6007ee8594817a7
1/1_original_44_original_44.png_16607227-b3ab-4a46-9287-de990b53dc49.png_796cf034-0dce-4509-9ec6-04fe1a11fcdf.png,no_entry,train,1,No entry,44,dataset_a_1_template_44,2,b1a990a898c8b5df20bf8b68191add8bfa96b6bb11d308d7153f006c91a55a69
1/1_original_44_original_44.png_16607227-b3ab-4a46-9287-de990b53dc49.png_cb9f473d-7c9c-4354-8f85-bc841cc3ba98.png,no_entry,train,1,No entry,44,dataset_a_1_template_44,2,0b70f73b60c818b994d328d95a3a5e1fcd99bc22551865418747b4d09cc738be
1/1_original_44_original_44.png_16daf1b3-d754-4960-a933-c147b6f378ad.png_17e299e9-c2a2-44a7-ba05-168806f93880.png,no_entry,train,1,No entry,44,dataset_a_1_template_44,2,d3f1383a22fb59296e27e887e4db71e1b9e735cb341ae5455c8075d1557295af
1/1_original_44_original_44.png_1eb09bb8-9209-4aec-a411-6750fb19347f.png_19101d07-0c8a-4609-b5ba-c3aaa5bd0a61.png,no_entry,train,1,No entry,44,dataset_a_1_template_44,2,5f571ed1f267f41cff27b74d73c1ee0899f2f7ff026bf86f48796b1ffec73bad
1/1_original_44_original_44.png_1eb09bb8-9209-4aec-a411-6750fb19347f.png_820b9df8-fba8-4087-bc55-655f18ec4d65.png,no_entry,train,1,No entry,44,dataset_a_1_template_44,2,96f66bb4faf95f26eb62f189997f1fc5849916ae0478cebeb037eb2cbbe80d94
1/1_original_44_original_44.png_1eb09bb8-9209-4aec-a411-6750fb19347f.png_9820a90b-1002-4915-adb6-9c2021ec080c.png,no_entry,train,1,No entry,44,dataset_a_1_template_44,2,a5f583a34c3ccf39a03ede1cec05f32fa0a782a6c01440399770398ae350080c
1/1_original_44_original_44.png_1eff6a6b-91b3-4ae6-aaee-e643d206fa8f.png_488a063e-ce3d-4467-bac2-4a1b6efddc20.png,no_entry,train,1,No entry,44,dataset_a_1_template_44,2,0c5332420084dce5bd5dc6779d5bc44e86ce7beb1b8e0712ab8273c785eea017
1/1_original_44_original_44.png_1f1e49e7-d703-473a-b75e-d44139b95cb6.png_b3f84ba7-0a30-43ff-bc85-7d1c6e6e83c6.png,no_entry,train,1,No entry,44,dataset_a_1_template_44,2,5816642d90327b03b0dbcc606ce9ca2ada3ff5e1efc9f679c74ecd51b6630a69
1/1_original_44_original_44.png_1f1e49e7-d703-473a-b75e-d44139b95cb6.png_f42b16fb-8ce3-4f2f-a5dd-40ff3e7b559e.png,no_entry,train,1,No entry,44,dataset_a_1_template_44,2,0eb0d8a35738e4979cc92e8fc40ef51388d87997abfd2591e43aafb27750e1db
1/1_original_44_original_44.png_20055354-3da4-49c7-8acc-75f7de8966ef.png_1924034d-599b-41d6-95f3-c6f07a16e525.png,no_entry,train,1,No entry,44,dataset_a_1_template_44,2,bca0ee098cb3d0a6765da9f6d84eeb3bcc217e00523fc53ee025f9afcd83f6b9
1/1_original_44_original_44.png_20055354-3da4-49c7-8acc-75f7de8966ef.png_df98650e-3317-4eca-b960-e47c06e63a99.png,no_entry,train,1,No entry,44,dataset_a_1_template_44,2,274b82d43f477c91c16afb4ae1fbe208da958e9e081022b7ffd03833d31d5266
1/1_original_44_original_44.png_21d3a44b-1fb4-4079-b342-f7c3ae36452f.png_0c455bd8-fab9-4abe-8d77-c3db256e2932.png,no_entry,train,1,No entry,44,dataset_a_1_template_44,2,a5b89b14f920ea405a43190615a3dd4a81f608b5add077ba02a992e2b5a46993
1/1_original_44_original_44.png_21d3a44b-1fb4-4079-b342-f7c3ae36452f.png_8762b615-40f6-472b-97f0-e6b2f5272aef.png,no_entry,train,1,No entry,44,dataset_a_1_template_44,2,040e22fe273b4e5c3403d3656898929de6c2d6ea7faaf0c83a91959df5ec5dcd
1/1_original_44_original_44.png_21d3a44b-1fb4-4079-b342-f7c3ae36452f.png_b1e26f92-85a0-4c17-91b3-6c5900138270.png,no_entry,train,1,No entry,44,dataset_a_1_template_44,2,5f01359e3d8fec73f4fd0e39dcc93b328ecffc2ddde40680078930f5c75d62a5
1/1_original_44_original_44.png_23e88c14-fd6b-4e86-86c9-f62484226ddd.png_0131a4a5-e12e-4ec4-b415-810adbdf22e7.png,no_entry,train,1,No entry,44,dataset_a_1_template_44,2,c627f50d33584c8c8988387ed91b89cd00b2c530235793726d88f5ec0b723f22
1/1_original_44_original_44.png_23e88c14-fd6b-4e86-86c9-f62484226ddd.png_014d0631-d1b9-4055-b4f6-9a988fa3b84a.png,no_entry,train,1,No entry,44,dataset_a_1_template_44,2,9b8f6e0f09272afb728aaacfd8320061426923969549d25c886947e1e7ff6d01
1/1_original_44_original_44.png_23e88c14-fd6b-4e86-86c9-f62484226ddd.png_904b3fb6-2d14-49c5-b20c-1445982909ac.png,no_entry,train,1,No entry,44,dataset_a_1_template_44,2,333871442015e4255c1fb77ece1c26d1b047f54276a70ca66b55a4be7f8f1add
1/1_original_44_original_44.png_23e88c14-fd6b-4e86-86c9-f62484226ddd.png_fa0d8248-6422-4257-8827-27e9f2ab7cb4.png,no_entry,train,1,No entry,44,dataset_a_1_template_44,2,c627f50d33584c8c8988387ed91b89cd00b2c530235793726d88f5ec0b723f22
1/1_original_44_original_44.png_289877ca-b9a7-4e45-82bb-0287f55f567f.png_1d1b5715-7a85-43cc-ade0-4880f0b00bc0.png,no_entry,train,1,No entry,44,dataset_a_1_template_44,2,1d0dcc7e01057796b4e1be3e84de3ab05f3f59101f401bad23a464ae3ca059f5
1/1_original_44_original_44.png_289877ca-b9a7-4e45-82bb-0287f55f567f.png_853e8ada-e3b2-48bd-8428-abe9ebe00ba1.png,no_entry,train,1,No entry,44,dataset_a_1_template_44,2,f3108a980c81a0d8a711af78349559edb5529dbd8190e22a9680441c23aedb15
1/1_original_44_original_44.png_289877ca-b9a7-4e45-82bb-0287f55f567f.png_93d0ce85-b7bc-4eb3-b8ba-756ff1f3a593.png,no_entry,train,1,No entry,44,dataset_a_1_template_44,2,1d0dcc7e01057796b4e1be3e84de3ab05f3f59101f401bad23a464ae3ca059f5
1/1_original_44_original_44.png_289877ca-b9a7-4e45-82bb-0287f55f567f.png_b3e85bcb-ecb6-4525-96f6-17bc95e5ffb8.png,no_entry,train,1,No entry,44,dataset_a_1_template_44,2,ab315559b0ea73a332eb91be7c1cf894114f8c302240e4aaabc76a12cef26ac6
1/1_original_44_original_44.png_28a9dd32-1c5d-4410-8eaf-85ed919747a1.png_b5a02543-efd8-4a5e-b39f-a75f8edb0628.png,no_entry,train,1,No entry,44,dataset_a_1_template_44,2,32a0f454f306cb539899f320bd553a9fd8eb9d0f8a0920fbb303765e0ae8d251
1/1_original_44_original_44.png_2a2b1527-b244-4fd8-8786-8740e4b62e29.png_b5d26e6b-b672-407a-b1c8-5c870783553d.png,no_entry,train,1,No entry,44,dataset_a_1_template_44,2,cdf06f4dcf50af95be8763182230a0acafee47e9ed5279d3d03ef4c4021e02f0
1/1_original_44_original_44.png_32226b8f-c023-4eb4-bef6-9ca796d0437c.png_27b16ebe-da19-4791-9673-6babe5889203.png,no_entry,train,1,No entry,44,dataset_a_1_template_44,2,c3d0cf11979ee0e357335f32d0230c4f7750f94c1f86cd1095cd622f17cc0102
1/1_original_44_original_44.png_3a4a5393-ff30-4471-8343-a9b42a000bc4.png_075c356a-9e6d-4d8d-a911-5616b3367941.png,no_entry,train,1,No entry,44,dataset_a_1_template_44,2,2562fc3435d02c722139a5d668ca24a978de78c96288800337a31c15dd2534b9
1/1_original_44_original_44.png_3a4a5393-ff30-4471-8343-a9b42a000bc4.png_86470b68-dc2d-4475-9a3a-ad0d9493efc2.png,no_entry,train,1,No entry,44,dataset_a_1_template_44,2,1e8d944534f19cd7888d57059f6d32083a685a3bb1b1eda6272808dc31b1b182
1/1_original_44_original_44.png_3a4a5393-ff30-4471-8343-a9b42a000bc4.png_c9934fd7-53d2-4633-b770-e070d32c13b4.png,no_entry,train,1,No entry,44,dataset_a_1_template_44,2,e5027f50a6be0193e81b60172c2c5a7ba91392730095ae1fb8f9ab07b2b637df
1/1_original_44_original_44.png_3c82afec-56a9-4af3-a612-e394121d9ee7.png_4ffae92a-f82c-4c65-9d7b-7cefe22b4887.png,no_entry,train,1,No entry,44,dataset_a_1_template_44,2,3a28c9384c028f4d884e3bed153539f12a1fd37a969167eeb4ab456f4870bb92
1/1_original_44_original_44.png_3c82afec-56a9-4af3-a612-e394121d9ee7.png_709156f8-e84c-4ba7-bd5a-642ea204bb74.png,no_entry,train,1,No entry,44,dataset_a_1_template_44,2,fde042ac2f0eb2c03995605ed5b0a4c312c5980815cfe84fba08db3e4fd328c0
1/1_original_44_original_44.png_3c82afec-56a9-4af3-a612-e394121d9ee7.png_dcfce119-9d34-4dae-9d75-daaa21f94a81.png,no_entry,train,1,No entry,44,dataset_a_1_template_44,2,99bcbb5833cc06c859e05e5853404f3ef898bb7d0a78388cac3b7e40dc464fd6
1/1_original_44_original_44.png_40f9d8c0-f337-4e2e-8fa1-c36067465962.png_05fdc3f3-ebaf-4241-91dc-2c89baa06892.png,no_entry,train,1,No entry,44,dataset_a_1_template_44,2,ca59b6ba350aa83438c9498839530ed49520903415d1b1e9ff97c7c924400958
1/1_original_44_original_44.png_40f9d8c0-f337-4e2e-8fa1-c36067465962.png_d4de98f4-06b1-46a8-9105-e17e1d7f7c85.png,no_entry,train,1,No entry,44,dataset_a_1_template_44,2,5781549ee9e7ba5b2c27066c9fd65da8fcd81f5435d190ad5dcd0c08651a6349
1/1_original_44_original_44.png_42d82c7d-5381-4c09-ad43-b5d8b04545be.png_29f5b5f9-57b5-497f-85b5-8d117e60c4cb.png,no_entry,train,1,No entry,44,dataset_a_1_template_44,2,9338567c088034a737e4c4e4cc0adadc68958ce9f8e45ccb1ddde1b10273ae89
1/1_original_44_original_44.png_42d82c7d-5381-4c09-ad43-b5d8b04545be.png_87f2ce8c-3122-4e3f-b7bc-520f43f98ab5.png,no_entry,train,1,No entry,44,dataset_a_1_template_44,2,fa201842369b5abf90039cac6983500157945bf9b2237d30a7511325d95a6954
1/1_original_44_original_44.png_4377770b-4e3e-4999-90d7-c7bf0e73d0a8.png_eb48614a-e64e-44c3-b2e6-dcbd7c7874a3.png,no_entry,train,1,No entry,44,dataset_a_1_template_44,2,bf028c1df57432999a6e53ab5d6d41c5f355c10f1a67327da495ef1e9804a86e
1/1_original_44_original_44.png_48b888a7-817b-4adc-8bde-805227cacc64.png_bde09259-f30a-4520-8680-b71bd7c34361.png,no_entry,train,1,No entry,44,dataset_a_1_template_44,2,d347db7a0b25c9ee964297c1fa0168f625d8d53c6dc1691abe524f6fbf39bfe3
1/1_original_44_original_44.png_4d11495b-318b-4b33-b090-6143a1e3f88c.png_293a3103-5285-4276-b12c-5f3b17d368d7.png,no_entry,train,1,No entry,44,dataset_a_1_template_44,2,cdd046ab343010c0312cba8151bc8a1a26902c3420c5aea55013d8416b1aa9ab
1/1_original_44_original_44.png_4d11495b-318b-4b33-b090-6143a1e3f88c.png_33e1b6ec-5b07-4b44-9a6f-a5cef810fb4f.png,no_entry,train,1,No entry,44,dataset_a_1_template_44,2,81819ed14f912a30c376d202035ec852a48fc074899c7873608672e09300a5b8
1/1_original_44_original_44.png_4eb33722-2181-4fa2-b722-df08dca2755d.png_dade40da-c8f2-4bfb-9661-b5ca154e853e.png,no_entry,train,1,No entry,44,dataset_a_1_template_44,2,c48ecedbf63de4be77c4888c8c5c69e39de3380ce5fb7f5ad36cfd722913bbae
1/1_original_44_original_44.png_4f6d6ee2-b4a4-41de-8a43-72b0306008ae.png_4be1bf9f-b2a2-4538-864d-00ed2c2b271b.png,no_entry,train,1,No entry,44,dataset_a_1_template_44,2,fe682579ee0e6aee183ef18f6ea452cc74878a9ab5a843abcafb273a5e6d2036
1/1_original_44_original_44.png_4f6d6ee2-b4a4-41de-8a43-72b0306008ae.png_9a106ea4-6f9d-4fef-9b01-14a67ea5bb09.png,no_entry,train,1,No entry,44,dataset_a_1_template_44,2,25717e53a5cbbb73adf964ceb753e3f1cce2b2884f3d29a30dfc701e85443168
1/1_original_44_original_44.png_4f6d6ee2-b4a4-41de-8a43-72b0306008ae.png_ec9b2178-a1b3-4c03-921d-7ff144f278e6.png,no_entry,train,1,No entry,44,dataset_a_1_template_44,2,11bb635c4bfd55874f792e0b1650436ec086b138d85b6a2bf75ae7bb0f3cabcf
1/1_original_44_original_44.png_516476b3-da9f-413e-982f-278e84f22b1d.png_b6fbdf50-2470-427b-9eed-439e59c7f564.png,no_entry,train,1,No entry,44,dataset_a_1_template_44,2,495bd43e798ac5e3821dd1ba2f151696083a569e2e3b6eec76be2d4e83816cce
1/1_original_44_original_44.png_5dfa3153-fd98-4b46-9b2b-7bf23ae2bcd7.png_1d91f062-2951-409b-aaa7-f5a45623f289.png,no_entry,train,1,No entry,44,dataset_a_1_template_44,2,b46c98a0ada130edafca3ce713bfcd449f26e2dc99cc78697e409bffd47627d5
1/1_original_44_original_44.png_5dfa3153-fd98-4b46-9b2b-7bf23ae2bcd7.png_b8ed9eb2-2116-4701-b826-bf91848e298a.png,no_entry,train,1,No entry,44,dataset_a_1_template_44,2,ac654f05f41e55f873edbb74b1334135d5d3266947e837c959804b5285d79efc
1/1_original_44_original_44.png_5e6ec60f-bf2c-4e95-a597-38f3b5225403.png_1eefb0d6-12b6-4f5a-ab13-8e5a0ab5a67d.png,no_entry,train,1,No entry,44,dataset_a_1_template_44,2,af81eec71e801c9282122e744a5195101b145458be0fc59a4c44a3d1c595f4ac
1/1_original_44_original_44.png_641c8670-5d8a-49bf-8f86-51b3d8f7f021.png_8e48ade9-1c71-45ae-8873-32f1960963d3.png,no_entry,train,1,No entry,44,dataset_a_1_template_44,2,01a9c684f23940342268e9790cf753063f1ff5a909727ed5a013d00b9e6881c6
1/1_original_44_original_44.png_641c8670-5d8a-49bf-8f86-51b3d8f7f021.png_bec554b3-2593-4712-875c-a6b0dd11eb98.png,no_entry,train,1,No entry,44,dataset_a_1_template_44,2,1b63b4de4cff5292975297c861201f412314609da87af6419e485589f4ad0715
1/1_original_44_original_44.png_68f56cc0-a72b-4975-8074-d539cc83983a.png_9cb430e3-6943-4bad-93a7-c3bcca92dba3.png,no_entry,train,1,No entry,44,dataset_a_1_template_44,2,bcaf24fcdbd83d4d9b918488b8b3023ac0b5d6820b26f648541754b034fa3545
1/1_original_44_original_44.png_68f56cc0-a72b-4975-8074-d539cc83983a.png_ccd61d80-3348-46ab-8717-f3a7726e8a7f.png,no_entry,train,1,No entry,44,dataset_a_1_template_44,2,cc9fbdebe5a6e9bb5f10d2c4a27f071141390f71e473956d4d60c0a353a8be80
1/1_original_44_original_44.png_7390e920-fb81-433d-b219-479506d0d4b8.png_570d6d0b-59f2-43ab-bf30-ad072b05bca0.png,no_entry,train,1,No entry,44,dataset_a_1_template_44,2,18f70f6b5df7cd06aa37feaceb5993e26c4dacd7b250578e1f5f909d7f4e13a7
1/1_original_44_original_44.png_787b3bd4-bfca-4234-9d39-e3c936136c5d.png_81a1a7fa-d63a-4f4b-ac97-e8c9911c8b30.png,no_entry,train,1,No entry,44,dataset_a_1_template_44,2,c2168820e7a01ef8b09363f5a4430175f19f779e4a29ee47c3a65cefe0b3a969
1/1_original_44_original_44.png_787b3bd4-bfca-4234-9d39-e3c936136c5d.png_f24437aa-75bb-4cb1-87d5-3502f28f2cc0.png,no_entry,train,1,No entry,44,dataset_a_1_template_44,2,67ba124dd15bea9fda7c4004f6865851ec87536b2e394bc423cc0f98bcfdad5b
1/1_original_44_original_44.png_84114488-aa3d-4d3e-aa5b-69e7657e8f6c.png_bf50ed0a-20d0-4c57-9147-b17546b2eb6b.png,no_entry,train,1,No entry,44,dataset_a_1_template_44,2,cd8a261b3ed7d1fe4fb0dda41585729aee505e268d0c58d98fa8049f743a0a70
1/1_original_44_original_44.png_88fd5ea1-eb22-4bea-935d-b832813e81b0.png_7c5865b9-bebb-4205-8af7-749c4d3e4336.png,no_entry,train,1,No entry,44,dataset_a_1_template_44,2,1f4ff30f43b7ebc6176fccc96846b89b3e9907195a3ef40d10f6e0b49b9e77f8
1/1_original_44_original_44.png_8d72cf89-4a22-4b51-99a2-d9a261d043ba.png_39f71982-eb32-469a-9d26-e23c832c4133.png,no_entry,train,1,No entry,44,dataset_a_1_template_44,2,079d47b1935d886c08df4f2023a16d20ce6a0e1a957f10f71586439a72411061
1/1_original_44_original_44.png_8d72cf89-4a22-4b51-99a2-d9a261d043ba.png_a957d259-25b4-4c48-b37e-0f74d67ed59a.png,no_entry,train,1,No entry,44,dataset_a_1_template_44,2,fde042ac2f0eb2c03995605ed5b0a4c312c5980815cfe84fba08db3e4fd328c0
1/1_original_44_original_44.png_8fe88bb9-e33c-4b41-876a-68ccc4e1d161.png_04056a92-4d30-4fcb-add1-120b5857c4c7.png,no_entry,train,1,No entry,44,dataset_a_1_template_44,2,7d0fbe3a1f39fbd1dfc04bce416edb7caad736e0955c057b4de8cc09c3a3a8b5
1/1_original_44_original_44.png_9037790a-643f-40dc-adcb-c0dafb66dc42.png_a8563e56-25b9-41af-a37e-7357f16e7d14.png,no_entry,train,1,No entry,44,dataset_a_1_template_44,2,d06cd83c87bed634d5077cfb1f021c7738496b45deff923f0192088263e75bd5
1/1_original_44_original_44.png_9037790a-643f-40dc-adcb-c0dafb66dc42.png_f05422aa-7721-49c8-91aa-8ceea4026c33.png,no_entry,train,1,No entry,44,dataset_a_1_template_44,2,c3d0cf11979ee0e357335f32d0230c4f7750f94c1f86cd1095cd622f17cc0102
1/1_original_44_original_44.png_98639083-e044-43c9-8354-4e089daf68be.png_29f26255-7f56-423c-be56-1149f15c812c.png,no_entry,train,1,No entry,44,dataset_a_1_template_44,2,3c3f6d00f4842abf9357d9ffcfca52fa88eaee22374b0e84b7808f5918292c9f
1/1_original_44_original_44.png_98639083-e044-43c9-8354-4e089daf68be.png_73dd7cf6-87cc-449e-817b-211949a59e2f.png,no_entry,train,1,No entry,44,dataset_a_1_template_44,2,bcdf04889f5bde7627c3e080b7bba6f50427c75f3aae659011fd4f1d3432c2ed
1/1_original_44_original_44.png_9a255a04-31fb-4a2e-9b4c-dfa47a60092c.png_613c6b53-8899-4dff-8ea6-167cc7449551.png,no_entry,train,1,No entry,44,dataset_a_1_template_44,2,2f7fa535f2e0ddfff9d3328bdd6a733fba0135c117e109cfe7d4fe4765c44e67
1/1_original_44_original_44.png_9a255a04-31fb-4a2e-9b4c-dfa47a60092c.png_cb7f9cbd-d24c-41ed-8abd-48bf5adb6136.png,no_entry,train,1,No entry,44,dataset_a_1_template_44,2,785d5c40d31b30536339b308492b2a225b946549873c0b3800c5237716652981
1/1_original_44_original_44.png_9d23fa7b-90ca-4685-9c21-a4aecb533487.png_0548cc7c-5c30-4d9a-a8d6-1a0aee933ef8.png,no_entry,train,1,No entry,44,dataset_a_1_template_44,2,9d93d3b6ec24fe778a3d6ec76bfa0c8258812a87f53e948143d7be5fad36b642
1/1_original_44_original_44.png_9d23fa7b-90ca-4685-9c21-a4aecb533487.png_bfa95e86-4bda-48fc-ba4d-63d712fd8fad.png,no_entry,train,1,No entry,44,dataset_a_1_template_44,2,c45a622759e992c8a5188b0fa657416f48a9f2674976a4ff15156a2aa3d88a7d
1/1_original_44_original_44.png_a052832d-3ff9-4011-bb08-7fc29d8c0032.png_6027f50f-087f-4a5d-9a2a-c612d015cf8f.png,no_entry,train,1,No entry,44,dataset_a_1_template_44,2,10d855525fac8f22d7465092163911ec7dc30ad1e711b0aa352efdd2e7764103
1/1_original_44_original_44.png_a5f2f547-c5e4-491c-b7a2-a5440d25f33f.png_15dc6d25-504a-4654-8f32-25c00b2d9081.png,no_entry,train,1,No entry,44,dataset_a_1_template_44,2,3eb6a63b785aa8bd179f9f4ab53de70a40690bbcc23d974b56f5414039126149
1/1_original_44_original_44.png_a5f2f547-c5e4-491c-b7a2-a5440d25f33f.png_2fdbbcc4-219d-485a-8358-586fab3b0c40.png,no_entry,train,1,No entry,44,dataset_a_1_template_44,2,94fda707bd8ac9bdace58341e9d7659e4efac0c78ae6e9d6cade370056f6170c
1/1_original_44_original_44.png_a5f2f547-c5e4-491c-b7a2-a5440d25f33f.png_64aab577-886d-408f-b809-c4139a4f9ddd.png,no_entry,train,1,No entry,44,dataset_a_1_template_44,2,1207f552128ea33d726819e8224c60232e982d024cfb7e2aa6a60ab05343be07
1/1_original_44_original_44.png_ae52972c-cfb9-43b5-bb32-66e7ab819b57.png_50ca359c-c4ea-41f1-ac00-0fa9ac992fda.png,no_entry,train,1,No entry,44,dataset_a_1_template_44,2,f242b491bbd7f6454c0e5270ad26571a079399dd8505bea3806020ebedf78d4d
1/1_original_44_original_44.png_b1f663d1-a178-4b23-9674-23f2c9fa91d8.png_e79954cb-2245-45b6-b63b-4e8e3222a903.png,no_entry,train,1,No entry,44,dataset_a_1_template_44,2,84bed3d1b94d3bc22ff4b42b39278b22b88363b0a766f245bb0dac1af359f8c6
1/1_original_44_original_44.png_b2d8d014-4567-4e67-8f0e-54787339127b.png_70ee7de4-2fff-4192-a310-e3a1c44c0ca3.png,no_entry,train,1,No entry,44,dataset_a_1_template_44,2,e4d8f1e6079e4f5ac5a55bf4efedd09a89d04173f43f0401c15870cc8752e96f
1/1_original_44_original_44.png_b2d8d014-4567-4e67-8f0e-54787339127b.png_bd982e4c-4327-484f-bbf5-926285f8e8f0.png,no_entry,train,1,No entry,44,dataset_a_1_template_44,2,505becbee73ee266707cc0566f23ccf12862f290eb57c0e9fd96c0754ed0d7eb
1/1_original_44_original_44.png_b2d8d014-4567-4e67-8f0e-54787339127b.png_e2ff2c42-f9ea-4a2d-b31d-940a6e6b0dbf.png,no_entry,train,1,No entry,44,dataset_a_1_template_44,2,41b15a8dd80d115ae15152c182e42dd40895c9d4576f9d97f5aeecd623f72758
1/1_original_44_original_44.png_b407fdf0-51a7-4b7a-adef-077f3a18c192.png_6ae8f040-087a-40c1-be92-9be95dfa6831.png,no_entry,train,1,No entry,44,dataset_a_1_template_44,2,08bb3be432f4005c9b75c46ca96a6e749a63f7482018efe615b9c6b2e7cd43bd
1/1_original_44_original_44.png_bd07e93e-3875-4a09-801e-b282bf932ddd.png_d6ffd793-9fae-4541-be68-08ff828fd8fc.png,no_entry,train,1,No entry,44,dataset_a_1_template_44,2,4044e7549f36b3067d550f8a7292c35ef82c483de603cccab6365ac1bdb00ca4
1/1_original_44_original_44.png_c02b5e9e-a59a-45c9-b5e6-ab1a72782e8e.png_7582f692-6228-4c2f-87d1-9424ab8921da.png,no_entry,train,1,No entry,44,dataset_a_1_template_44,2,05ce005e6935272d01b792f2537ffcb27fba0c77c7fb36c2ee398a4b0ddf997c
1/1_original_44_original_44.png_c02b5e9e-a59a-45c9-b5e6-ab1a72782e8e.png_915d7a8d-c985-409d-9a3d-988bf8c4dbd2.png,no_entry,train,1,No entry,44,dataset_a_1_template_44,2,9de468517cc1ef65bb775e9d16449b0e5cc1e3970bd7c3aa7b3735b4a91c72a3
1/1_original_44_original_44.png_c02b5e9e-a59a-45c9-b5e6-ab1a72782e8e.png_e4a63859-d478-413e-98eb-1f9800c61a0b.png,no_entry,train,1,No entry,44,dataset_a_1_template_44,2,447c905106c95125cf6e2690eac66802722c7e9fc776ff99297263023b3947c7
1/1_original_44_original_44.png_c66eb5fe-cd77-49f2-8682-e232d8be9dfa.png_ad62b003-4354-4ecf-b54d-4f5f151c9bf6.png,no_entry,train,1,No entry,44,dataset_a_1_template_44,2,97499613f6d1d2c11b5e06169228a9922868f2d2fa279b380c3064bfec838f96
1/1_original_44_original_44.png_c66eb5fe-cd77-49f2-8682-e232d8be9dfa.png_c52b6249-842b-4d29-abd2-0ef709891a35.png,no_entry,train,1,No entry,44,dataset_a_1_template_44,2,5981ce7865c5e27e8b9d16f93ab037da85a23e25afa33171477c68471fb794fc
1/1_original_44_original_44.png_c66eb5fe-cd77-49f2-8682-e232d8be9dfa.png_e744c42f-6397-475f-8130-f6eccc7df7ae.png,no_entry,train,1,No entry,44,dataset_a_1_template_44,2,36c8dd8301fd998bbda79e847cdba73c95d655968c0d0d428fb0f91ca97c95b4
1/1_original_44_original_44.png_cd59b18e-7cdd-42a8-ac28-6ffd1328996c.png_39b3771f-acc8-4050-889c-46b5fa76df25.png,no_entry,train,1,No entry,44,dataset_a_1_template_44,2,d5545791b1c3afa1861da9e923f3ce035c0eb4827237b6a9b266b101df8f5423
1/1_original_44_original_44.png_cd59b18e-7cdd-42a8-ac28-6ffd1328996c.png_58fa92fd-391e-4c29-8c8d-6a626f639668.png,no_entry,train,1,No entry,44,dataset_a_1_template_44,2,fa17a22e3ed65a2b8b39c5f6f86bf83e7555d56b9e1da36643824af7f94ad622
1/1_original_44_original_44.png_ce6f93ec-5b2d-41ac-a072-648bd7d53374.png_77584a9f-8fbf-4461-b964-61ded2de2d95.png,no_entry,train,1,No entry,44,dataset_a_1_template_44,2,6ae9a2c5d0945ee38395d069bbf683322ea264398b457d6210245f896ca2d773
1/1_original_44_original_44.png_ce6f93ec-5b2d-41ac-a072-648bd7d53374.png_b1744701-4329-43b1-83b0-301caddc5bd3.png,no_entry,train,1,No entry,44,dataset_a_1_template_44,2,bab53293c11e1c6549ea68a611bf72a92f7c14f4dc94ba1d92e20a41d720e740
1/1_original_44_original_44.png_ce6f93ec-5b2d-41ac-a072-648bd7d53374.png_f7f0246b-f641-442a-87e5-0c1a23bebbf3.png,no_entry,train,1,No entry,44,dataset_a_1_template_44,2,f590dd3797dad3dc8490581fee3f084f096acfc8f5d6de50ea38d8cdbba54737
1/1_original_44_original_44.png_ceaa03ec-88ad-4488-9eae-5d21046acee8.png_0d8621b0-74e9-43f9-bcec-394881a2e0f9.png,no_entry,train,1,No entry,44,dataset_a_1_template_44,2,507f0fcf8c2c7324b6d7b0ca22a96553126530390a91329c19717d86a07bb77e
1/1_original_44_original_44.png_ceaa03ec-88ad-4488-9eae-5d21046acee8.png_2248134d-3a32-4cc1-8196-702fa655bc45.png,no_entry,train,1,No entry,44,dataset_a_1_template_44,2,fe8dcabab31c09248e24e8cf40ec021dce0ec80619100e12d7b32b10c75549c1
1/1_original_44_original_44.png_d0185ce9-0aac-446b-b65f-70e508656a0b.png_e34e8acd-5a58-4fd1-9f2e-f2518246e010.png,no_entry,train,1,No entry,44,dataset_a_1_template_44,2,d0b9ea536db9173d819381bc9a6bdac6d01415a20ab11e19539b631920bae375
1/1_original_44_original_44.png_d03b0ff6-eb30-4229-a9ac-ac3bc4f72997.png_419d1cbf-6368-47c9-8337-0b6639625d78.png,no_entry,train,1,No entry,44,dataset_a_1_template_44,2,300b21ae00b5c20559b4c63f52b2e54857a578ae48e7a3c9c73e64b049f57e97
1/1_original_44_original_44.png_d03b0ff6-eb30-4229-a9ac-ac3bc4f72997.png_5bc7c965-b746-47e9-8912-10ee829e0b23.png,no_entry,train,1,No entry,44,dataset_a_1_template_44,2,63841ea84bc4531fc82f7733961a53efd075b4551352dcec47a6999d65f8027d
1/1_original_44_original_44.png_d5027a39-d735-46d1-a270-7e6c5b433911.png_b68573fe-1a30-488f-8346-94283f02aac2.png,no_entry,train,1,No entry,44,dataset_a_1_template_44,2,1d03f7c2c194b45c765ef371de23713eeff6dc6a06670fa123114f1106aaa371
1/1_original_44_original_44.png_d5027a39-d735-46d1-a270-7e6c5b433911.png_d6c286d0-7c06-48ea-a199-346ce03aff77.png,no_entry,train,1,No entry,44,dataset_a_1_template_44,2,1d03f7c2c194b45c765ef371de23713eeff6dc6a06670fa123114f1106aaa371
1/1_original_44_original_44.png_d947b58a-6cb9-4eb0-b28e-249634c5f6ad.png_b466d4bd-f41b-4ad9-9540-1ac31b36adb1.png,no_entry,train,1,No entry,44,dataset_a_1_template_44,2,02683e3ba13a26ed076ae1cbf6cb668873e0239113fbf6267c50b2b4e1f596e8
1/1_original_44_original_44.png_da29d194-d153-4ee7-b711-e2f153e33910.png_f66b8611-13b0-4e7b-9896-581160ab9132.png,no_entry,train,1,No entry,44,dataset_a_1_template_44,2,299d880a738d307f284f814968b780412bbc48f2260a26276331fb9bac0d28df
1/1_original_44_original_44.png_e0819013-e264-4e11-bece-fc01ef21ec99.png_90b43be4-d98c-4b9b-9846-b98227efca77.png,no_entry,train,1,No entry,44,dataset_a_1_template_44,2,e71396a9e8f903f064289acfb8b9a7bfc562e7ceaa3030b609d1bc622e1a67f3
1/1_original_44_original_44.png_e0819013-e264-4e11-bece-fc01ef21ec99.png_dbb41bc5-4bad-4ab8-8d8e-47391e398ed0.png,no_entry,train,1,No entry,44,dataset_a_1_template_44,2,12be2b85e1597ad2e3554de7880212dc02c2aa0a131bd23821aff04da314b31a
1/1_original_44_original_44.png_e2fd18f3-1804-4bf4-a13d-97cfa2750f5e.png_37d8417a-2e85-4b83-945f-f427bb19675f.png,no_entry,train,1,No entry,44,dataset_a_1_template_44,2,b078fbee30ee208142b6298eb8e417b7614b5062b9e45ccea748c76c6927647c
1/1_original_44_original_44.png_e4dc14fe-d568-4f20-a579-3ad71f24911f.png_4c4f7ccf-7b40-4597-ac46-e9a15180e397.png,no_entry,train,1,No entry,44,dataset_a_1_template_44,2,73644b3901108e3222661c60bdf445b6d968a77824d6114c622ed53c1963a4fe
1/1_original_44_original_44.png_e8e52c1a-5427-4e04-b3b5-9e3a05b830e4.png_c294749c-b164-46b0-a8fd-2eedfe8c0d36.png,no_entry,train,1,No entry,44,dataset_a_1_template_44,2,585dbf60b49d206cae47d85b6ec8d807d86c013ca58c8f989aeb50beee5881e0
1/1_original_44_original_44.png_e97b401e-ace0-4400-bb80-c0156a061a3d.png_44c87522-6285-47be-a3ab-66cc7826bd8a.png,no_entry,train,1,No entry,44,dataset_a_1_template_44,2,60420fd3763813d16c88fd318b81d652085cc8bed68e52696342886cf0e53167
1/1_original_44_original_44.png_e97b401e-ace0-4400-bb80-c0156a061a3d.png_e3590a1d-3452-4ecd-93ae-ea6589a61516.png,no_entry,train,1,No entry,44,dataset_a_1_template_44,2,37d3deca7c32bc0ad69e0137b024a9aafe34bf156160f4e9ed6f71d56014949f
1/1_original_44_original_44.png_ec185cfb-df66-4e75-b0be-bdb9989c6b1c.png_700ba031-b134-4a49-82fe-5f9b51f88885.png,no_entry,train,1,No entry,44,dataset_a_1_template_44,2,312bcb018f7691ef260041d3cae5b8528d0c25e04543664b624c1cab0901899c
1/1_original_44_original_44.png_ec185cfb-df66-4e75-b0be-bdb9989c6b1c.png_72a2a241-3e4a-451a-a8ee-c0a7aeb634f8.png,no_entry,train,1,No entry,44,dataset_a_1_template_44,2,81619d485c642a801d37c576ec7c2451290cce6b10553fced3f6352586ec5fb5
1/1_original_44_original_44.png_ec185cfb-df66-4e75-b0be-bdb9989c6b1c.png_c54a2f80-2e31-4a80-9b60-4282b1fb8498.png,no_entry,train,1,No entry,44,dataset_a_1_template_44,2,8c295cf0dab07b2b83aca4c38f898893b30878277c214acb9bb62466e12a3969
1/1_original_44_original_44.png_f3296a8a-9087-47b2-8d93-a47c90b6978f.png_4709891c-564f-4826-93da-25ab43ae0a12.png,no_entry,train,1,No entry,44,dataset_a_1_template_44,2,046622088a331947ac65386da81310e4e363c0e739e088fbcab2206b6b48e648
1/1_original_44_original_44.png_f3296a8a-9087-47b2-8d93-a47c90b6978f.png_663a517f-72da-4bc1-a205-8b1f50834d85.png,no_entry,train,1,No entry,44,dataset_a_1_template_44,2,f5afa1ec9463ca06258beeeb5962eeb57bd3fc99489bca5f5bfe48ba2cd1df64
1/1_original_44_original_44.png_f3296a8a-9087-47b2-8d93-a47c90b6978f.png_ed855a68-1394-4c6c-b3ac-320148744aee.png,no_entry,train,1,No entry,44,dataset_a_1_template_44,2,bb8e565c6f5120ffd36aee9825e76dddee9330fe42e72c84b23fd4bfaab7dcb0
1/1_original_44_original_44.png_fce4d0a2-eb5d-4584-be80-67a2a9193370.png_38040251-91bd-47ce-a187-b275fad46c6e.png,no_entry,train,1,No entry,44,dataset_a_1_template_44,2,344a07184a562828240902464c18d2e031d0ab2df10c74d9b995f1131d8b5af4
1/1_original_44_original_44.png_fce4d0a2-eb5d-4584-be80-67a2a9193370.png_e0152650-718f-4f90-b203-8445328a5e1d.png,no_entry,train,1,No entry,44,dataset_a_1_template_44,2,25b38499a837278665676e3528e12723dd0553000ac34001718855a2dde2836e
1/44.png,no_entry,train,1,No entry,44,dataset_a_1_template_44,0,bd01a8347f1057073bf8614cb441ff5d6767a46572c18bddd24c9d021f901e1c
1/44_original_44.png_00aaca89-087e-46d9-a8f8-ac885ddf9270.png,no_entry,train,1,No entry,44,dataset_a_1_template_44,1,f8c24975ac35e0ec9c17103b865cdd93f50de819639da1130eadeb28931014e4
1/44_original_44.png_0b4c066e-39c0-4b14-a446-85eff9147bda.png,no_entry,train,1,No entry,44,dataset_a_1_template_44,1,00aa9374849ebb5e7b4e6efcadc10e1cd322bdcfdaf5884f8294b4d5b96f1211
1/44_original_44.png_0eed7fb7-579b-4e4a-8a67-5d566a5eb363.png,no_entry,train,1,No entry,44,dataset_a_1_template_44,1,c95ee1d14288283667e1fd0dbcf94440093a0e43e5da1065181e6a3de06f0f1a
1/44_original_44.png_0f9dd55c-6c90-421d-b9bc-876264991545.png,no_entry,train,1,No entry,44,dataset_a_1_template_44,1,ea836cc9ba89b4a068dd5c9e48fc9eeb0f6620949c9c2ab5adc9cffa9a7e3ae0
1/44_original_44.png_10453c55-ced1-4a4f-a13e-15a8f361bc02.png,no_entry,train,1,No entry,44,dataset_a_1_template_44,1,281c6123b8c7d413bb6f76ded0e970c5fc51a3038f9c94129f15b32975bf260a
1/44_original_44.png_16607227-b3ab-4a46-9287-de990b53dc49.png,no_entry,train,1,No entry,44,dataset_a_1_template_44,1,8349157571e138df76204fc26e9c9d5c2145cf251df0b7d480756895db96db87
1/44_original_44.png_16daf1b3-d754-4960-a933-c147b6f378ad.png,no_entry,train,1,No entry,44,dataset_a_1_template_44,1,d6b22d1f6782da18a7c1218fc801b09e6f10608a2239c8cad42cb49bf52d3041
1/44_original_44.png_197fcd51-13f0-4446-a20e-536d881c35f9.png,no_entry,train,1,No entry,44,dataset_a_1_template_44,1,7b1fc01d911d8d9b8740d9d7b0b9798f3332c01c1035f71a1fa0bb1a01760e58
1/44_original_44.png_1eb09bb8-9209-4aec-a411-6750fb19347f.png,no_entry,train,1,No entry,44,dataset_a_1_template_44,1,c1ea4dde3d7136e7322fbb0606aa9368656e5ba1be1dedcd5d64a3c9f9d8ecd5
1/44_original_44.png_1eff6a6b-91b3-4ae6-aaee-e643d206fa8f.png,no_entry,train,1,No entry,44,dataset_a_1_template_44,1,2b99219b146e549de8e61f1ea167349f2362bade3f609ad69f7be4b79ac1244a
1/44_original_44.png_1f1e49e7-d703-473a-b75e-d44139b95cb6.png,no_entry,train,1,No entry,44,dataset_a_1_template_44,1,0c1c7e96d8ed0754c407a87f0cd13652f13759c810424b6985b4822136b20d6b
1/44_original_44.png_20055354-3da4-49c7-8acc-75f7de8966ef.png,no_entry,train,1,No entry,44,dataset_a_1_template_44,1,da8959279843ae8ac67211f795b57230e9116f622314e03dbb10332f366b459a
1/44_original_44.png_21d3a44b-1fb4-4079-b342-f7c3ae36452f.png,no_entry,train,1,No entry,44,dataset_a_1_template_44,1,b982a985306c0c82efc2d284b675001c30c72c701fdb61f73633a23a99b311fb
1/44_original_44.png_23e88c14-fd6b-4e86-86c9-f62484226ddd.png,no_entry,train,1,No entry,44,dataset_a_1_template_44,1,46cfaa33d9dc6a53e745b6b1dc43f15cd5a13a014a0a2653ffcb3c6d076f1d41
1/44_original_44.png_289877ca-b9a7-4e45-82bb-0287f55f567f.png,no_entry,train,1,No entry,44,dataset_a_1_template_44,1,0db6f11d7f74adc4c24df0bf168c3f91b16c3f8f0b582149adc00e1e96c478a5
1/44_original_44.png_28a9dd32-1c5d-4410-8eaf-85ed919747a1.png,no_entry,train,1,No entry,44,dataset_a_1_template_44,1,bdb27414808423df47f5b2ef5bfb165f3810bd5c3e90e695a79b9cdeed35f783
1/44_original_44.png_2a2b1527-b244-4fd8-8786-8740e4b62e29.png,no_entry,train,1,No entry,44,dataset_a_1_template_44,1,fb986b84ce4d042b2f1880742bc3bbb1f13aa15936b2f058d277073e7843f695
1/44_original_44.png_32226b8f-c023-4eb4-bef6-9ca796d0437c.png,no_entry,train,1,No entry,44,dataset_a_1_template_44,1,281c6123b8c7d413bb6f76ded0e970c5fc51a3038f9c94129f15b32975bf260a
1/44_original_44.png_3a4a5393-ff30-4471-8343-a9b42a000bc4.png,no_entry,train,1,No entry,44,dataset_a_1_template_44,1,1c6d43afa6d90111b525cce471ce7e09af27cd49ca04237c3bed0104d9e3d619
1/44_original_44.png_3c82afec-56a9-4af3-a612-e394121d9ee7.png,no_entry,train,1,No entry,44,dataset_a_1_template_44,1,26b0a0169bb2d85ee1a33625c08fceed9e925a713e342613d5a1f632dca7c142
1/44_original_44.png_3f04b5b9-44d3-46d3-8248-b62a623a2d92.png,no_entry,train,1,No entry,44,dataset_a_1_template_44,1,1debeaea208a9be9da38b347c8d62ad706ded824f1fded68cb08f0511831400f
1/44_original_44.png_40f9d8c0-f337-4e2e-8fa1-c36067465962.png,no_entry,train,1,No entry,44,dataset_a_1_template_44,1,d9c1cbfd333b3f3fd15d611afce87ac6f01a1a9f13691ef4791e9ee403cba3fa
1/44_original_44.png_42d82c7d-5381-4c09-ad43-b5d8b04545be.png,no_entry,train,1,No entry,44,dataset_a_1_template_44,1,12f415d3b6936de86f615c09ece29b00150272a027ab02a4d9ac7e640df35b6d
1/44_original_44.png_4377770b-4e3e-4999-90d7-c7bf0e73d0a8.png,no_entry,train,1,No entry,44,dataset_a_1_template_44,1,281c6123b8c7d413bb6f76ded0e970c5fc51a3038f9c94129f15b32975bf260a
1/44_original_44.png_48b888a7-817b-4adc-8bde-805227cacc64.png,no_entry,train,1,No entry,44,dataset_a_1_template_44,1,5a768889c492727fc75afad3cac948724c1f6d89758aa23e5bda26bbab65be63
1/44_original_44.png_4d11495b-318b-4b33-b090-6143a1e3f88c.png,no_entry,train,1,No entry,44,dataset_a_1_template_44,1,2606cf6e315335a77d30cff4df805da101a091691181e6198586275c941c4555
1/44_original_44.png_4eb33722-2181-4fa2-b722-df08dca2755d.png,no_entry,train,1,No entry,44,dataset_a_1_template_44,1,a20303797b279c8bec726589af8ac4ff5254711004f98231b2f3200a9c80ebe1
1/44_original_44.png_4f6d6ee2-b4a4-41de-8a43-72b0306008ae.png,no_entry,train,1,No entry,44,dataset_a_1_template_44,1,72ef75630c6008332b5bede28faf7ca867da5e80f71fcb55aab1737d5f41a298
1/44_original_44.png_516476b3-da9f-413e-982f-278e84f22b1d.png,no_entry,train,1,No entry,44,dataset_a_1_template_44,1,51d115af68db078a25c37bfd897839868c970af6d181dad540814dbe846cc11b
1/44_original_44.png_5dfa3153-fd98-4b46-9b2b-7bf23ae2bcd7.png,no_entry,train,1,No entry,44,dataset_a_1_template_44,1,7b1fc01d911d8d9b8740d9d7b0b9798f3332c01c1035f71a1fa0bb1a01760e58
1/44_original_44.png_5e6ec60f-bf2c-4e95-a597-38f3b5225403.png,no_entry,train,1,No entry,44,dataset_a_1_template_44,1,846886d1ac2b232950fe5f0d003269cb6872a1ad6bb997b2120e85634862e5cc
1/44_original_44.png_639f8f65-82f9-4077-8ab7-6c00aadca5c7.png,no_entry,train,1,No entry,44,dataset_a_1_template_44,1,cff25ad5b22d95264d0dea5c92a6c791f34b31d69c1cb8c588c2f84acabf8fad
1/44_original_44.png_63d19305-5fab-4191-86cc-3fc9838ca351.png,no_entry,train,1,No entry,44,dataset_a_1_template_44,1,0c6ad5c1c84b34fcca1e1ca906fed2876c69569f26fc8a35f0a647aaad6ec07b
1/44_original_44.png_641c8670-5d8a-49bf-8f86-51b3d8f7f021.png,no_entry,train,1,No entry,44,dataset_a_1_template_44,1,1dab5c359f27d53fa1e96f5790b80e045404c85b4578d17d036b14ed87a76961
1/44_original_44.png_68f56cc0-a72b-4975-8074-d539cc83983a.png,no_entry,train,1,No entry,44,dataset_a_1_template_44,1,281c6123b8c7d413bb6f76ded0e970c5fc51a3038f9c94129f15b32975bf260a
1/44_original_44.png_7390e920-fb81-433d-b219-479506d0d4b8.png,no_entry,train,1,No entry,44,dataset_a_1_template_44,1,7b1fc01d911d8d9b8740d9d7b0b9798f3332c01c1035f71a1fa0bb1a01760e58
1/44_original_44.png_787b3bd4-bfca-4234-9d39-e3c936136c5d.png,no_entry,train,1,No entry,44,dataset_a_1_template_44,1,415a58eb6e1fe92bf8136e70bab9295dc760faecf4074e6ac4ccdd5ac089af21
1/44_original_44.png_7ee1d5d4-4da0-455b-b247-608ec89e04f9.png,no_entry,train,1,No entry,44,dataset_a_1_template_44,1,b33367612583bcd87badd5d84d15c273cbdbba0c155d0309d68daa7b2c9c92a6
1/44_original_44.png_84114488-aa3d-4d3e-aa5b-69e7657e8f6c.png,no_entry,train,1,No entry,44,dataset_a_1_template_44,1,281c6123b8c7d413bb6f76ded0e970c5fc51a3038f9c94129f15b32975bf260a
1/44_original_44.png_88fd5ea1-eb22-4bea-935d-b832813e81b0.png,no_entry,train,1,No entry,44,dataset_a_1_template_44,1,0a1494072c865358ea6779a132ffe7fc6aa302c295b23d72a3f7c16ab661b4c4
1/44_original_44.png_8d72cf89-4a22-4b51-99a2-d9a261d043ba.png,no_entry,train,1,No entry,44,dataset_a_1_template_44,1,d49f76392224c11ddcb8647947778ca0ed45b0e2613f207823c0bc56e8033107
1/44_original_44.png_8fe88bb9-e33c-4b41-876a-68ccc4e1d161.png,no_entry,train,1,No entry,44,dataset_a_1_template_44,1,e1f9dc3eb80c0f0ad4fd790b079d9a176abbe88a8cdb7daa3bef5458fcf6daca
1/44_original_44.png_9037790a-643f-40dc-adcb-c0dafb66dc42.png,no_entry,train,1,No entry,44,dataset_a_1_template_44,1,bd01a8347f1057073bf8614cb441ff5d6767a46572c18bddd24c9d021f901e1c
1/44_original_44.png_91eff512-1dd5-46d7-9a59-0cfd297d4bd3.png,no_entry,train,1,No entry,44,dataset_a_1_template_44,1,96622d3b589720f757eea81325272357703d2a54df04ca29a911390cc4877277
1/44_original_44.png_98639083-e044-43c9-8354-4e089daf68be.png,no_entry,train,1,No entry,44,dataset_a_1_template_44,1,0b8e1ba0db28e8bf7e544298cf8e493d6523df4418877381366964f652dce894
1/44_original_44.png_99914e73-c977-465f-8d87-f516ec266338.png,no_entry,train,1,No entry,44,dataset_a_1_template_44,1,ff077cf0617feaaf8e95cdc0c2fb4467b6517f0ac3b7a6d9ad7e648d8d5d7954
1/44_original_44.png_9a255a04-31fb-4a2e-9b4c-dfa47a60092c.png,no_entry,train,1,No entry,44,dataset_a_1_template_44,1,3c4d111ce1493a1be0f024e8745a1270370404988c9f9c1af507801ff45a7d96
1/44_original_44.png_9d23fa7b-90ca-4685-9c21-a4aecb533487.png,no_entry,train,1,No entry,44,dataset_a_1_template_44,1,b75321fd4cccdcc39a8c93b739c33f4b71d09ab9034973b34984cd93029198d2
1/44_original_44.png_a052832d-3ff9-4011-bb08-7fc29d8c0032.png,no_entry,train,1,No entry,44,dataset_a_1_template_44,1,b537ad6b8ba9f7a5e068612340d8e82c6d22c1213d99387be2859f309a6ff416
1/44_original_44.png_a5f2f547-c5e4-491c-b7a2-a5440d25f33f.png,no_entry,train,1,No entry,44,dataset_a_1_template_44,1,beed33524f47bd858612179b6f37cbc2ea373fe361a0c6f7e760d581ba78d62d
1/44_original_44.png_ae52972c-cfb9-43b5-bb32-66e7ab819b57.png,no_entry,train,1,No entry,44,dataset_a_1_template_44,1,13d77c7dfa7a589dd9c04b8c48c55019be9547ca0c42eca6b9c3137bbf7ac61c
1/44_original_44.png_b1f663d1-a178-4b23-9674-23f2c9fa91d8.png,no_entry,train,1,No entry,44,dataset_a_1_template_44,1,9d10749c98e5545a3cc14e6bb16d8d4ff7028ea4ac53ae9cd8d715149ac47a0b
1/44_original_44.png_b2d8d014-4567-4e67-8f0e-54787339127b.png,no_entry,train,1,No entry,44,dataset_a_1_template_44,1,bdb27414808423df47f5b2ef5bfb165f3810bd5c3e90e695a79b9cdeed35f783
1/44_original_44.png_b407fdf0-51a7-4b7a-adef-077f3a18c192.png,no_entry,train,1,No entry,44,dataset_a_1_template_44,1,3b257afd52a3a2fa66f60abe627effde20d4ebb7eb04cfff4fddb3f9c90472f5
1/44_original_44.png_b7a09753-519d-42ca-b1d3-91ed11377fa7.png,no_entry,train,1,No entry,44,dataset_a_1_template_44,1,653e45f3562d2c1d85669289f3915b5be0e9bc7093d44170f387d89e4d904a58
1/44_original_44.png_bd07e93e-3875-4a09-801e-b282bf932ddd.png,no_entry,train,1,No entry,44,dataset_a_1_template_44,1,563717a32bc55fde68321d9864d96613c8a97360db6b4a1612817eec92030cb4
1/44_original_44.png_be38bea8-b51d-46f3-bede-a78edae00484.png,no_entry,train,1,No entry,44,dataset_a_1_template_44,1,d4ee265a96931737cbae892ebc306d2413a99f6b9bce43b8d5c7f9e894b6c164
1/44_original_44.png_c02b5e9e-a59a-45c9-b5e6-ab1a72782e8e.png,no_entry,train,1,No entry,44,dataset_a_1_template_44,1,1cc398a3bda681fea82604d7152c676ff11b2db910d23d747bd841ae27dceaa6
1/44_original_44.png_c66eb5fe-cd77-49f2-8682-e232d8be9dfa.png,no_entry,train,1,No entry,44,dataset_a_1_template_44,1,281c6123b8c7d413bb6f76ded0e970c5fc51a3038f9c94129f15b32975bf260a
1/44_original_44.png_cd59b18e-7cdd-42a8-ac28-6ffd1328996c.png,no_entry,train,1,No entry,44,dataset_a_1_template_44,1,f4cba203068e0f985e59f996a9573c43bb8f9725259c9e57581808253435df46
1/44_original_44.png_ce6f93ec-5b2d-41ac-a072-648bd7d53374.png,no_entry,train,1,No entry,44,dataset_a_1_template_44,1,460e0ba6218b15ea9126c38cc504ba781ca79153232a556e5ca6dbd0806b27a4
1/44_original_44.png_ceaa03ec-88ad-4488-9eae-5d21046acee8.png,no_entry,train,1,No entry,44,dataset_a_1_template_44,1,1df568c372d85ef714cbf0e29c4e5bd2ba530605bc27b76860168fb1de73edb4
1/44_original_44.png_d0185ce9-0aac-446b-b65f-70e508656a0b.png,no_entry,train,1,No entry,44,dataset_a_1_template_44,1,a93a7d6035ba702e3c56ce728e542d208ceb70f3c9fbb1da4db53cbc4b1edc8c
1/44_original_44.png_d03b0ff6-eb30-4229-a9ac-ac3bc4f72997.png,no_entry,train,1,No entry,44,dataset_a_1_template_44,1,5745cd93628c535c15d9721b67cf389d520ceae312b95a37eb34a525f7f71b10
1/44_original_44.png_d3350cd0-d045-4d52-9142-bebb6672d9cc.png,no_entry,train,1,No entry,44,dataset_a_1_template_44,1,7c1b40ea6eceb75ff6b541be01a7254ddf19f5097be6bd3f16ad86b5b1be5593
1/44_original_44.png_d5027a39-d735-46d1-a270-7e6c5b433911.png,no_entry,train,1,No entry,44,dataset_a_1_template_44,1,2d1f885415ed336f0f233af78911a3df9c47be4f507c5b3a75a86ad93385a1ac
1/44_original_44.png_d947b58a-6cb9-4eb0-b28e-249634c5f6ad.png,no_entry,train,1,No entry,44,dataset_a_1_template_44,1,6bbcfbfb7437544779b4efa843aec7bc85bc6a313902178c30b60615fcc4ff60
1/44_original_44.png_da29d194-d153-4ee7-b711-e2f153e33910.png,no_entry,train,1,No entry,44,dataset_a_1_template_44,1,18c3fd149892e659a31662ef937693066e236497c28d3d108b7cf13f4b53598a
1/44_original_44.png_e0819013-e264-4e11-bece-fc01ef21ec99.png,no_entry,train,1,No entry,44,dataset_a_1_template_44,1,a6e973e7bf714c21fd852d5007ab6bb260d72ba2579baf7efa935597bf0fd1f2
1/44_original_44.png_e0def5b6-5da8-4176-b5ac-129272ac4775.png,no_entry,train,1,No entry,44,dataset_a_1_template_44,1,32db269c3836c6d36c5750e03c6478ee4713801f18f2d09570fb0c4a45f33b92
1/44_original_44.png_e2fd18f3-1804-4bf4-a13d-97cfa2750f5e.png,no_entry,train,1,No entry,44,dataset_a_1_template_44,1,eb377e98288c785b6746de6b572a4a325aea9cd03d79003cbb34dcb400503ebe
1/44_original_44.png_e4dc14fe-d568-4f20-a579-3ad71f24911f.png,no_entry,train,1,No entry,44,dataset_a_1_template_44,1,cf088e64f579fea33bbdbad9b2468a84464a4426ef9b41663717c1b305eced86
1/44_original_44.png_e8dd8f4d-abb6-4621-8635-8dc4384fc288.png,no_entry,train,1,No entry,44,dataset_a_1_template_44,1,de792cd77352d64f7dd69a2343efe06341ded0e3e147c371bd7df811a700502e
1/44_original_44.png_e8e52c1a-5427-4e04-b3b5-9e3a05b830e4.png,no_entry,train,1,No entry,44,dataset_a_1_template_44,1,cb9e188d58dc6b4b08582cb3d4f98fcf77209244c9c53c39a3a76e2e47380a15
1/44_original_44.png_e97b401e-ace0-4400-bb80-c0156a061a3d.png,no_entry,train,1,No entry,44,dataset_a_1_template_44,1,382878ef8c00d58d67d6ce15c34336d43e48d72e716752ea6cb225befd34ff3b
1/44_original_44.png_ec185cfb-df66-4e75-b0be-bdb9989c6b1c.png,no_entry,train,1,No entry,44,dataset_a_1_template_44,1,7b1fc01d911d8d9b8740d9d7b0b9798f3332c01c1035f71a1fa0bb1a01760e58
1/44_original_44.png_ed4cea7b-c188-4c36-a596-8708b0f513cc.png,no_entry,train,1,No entry,44,dataset_a_1_template_44,1,281c6123b8c7d413bb6f76ded0e970c5fc51a3038f9c94129f15b32975bf260a
1/44_original_44.png_f3296a8a-9087-47b2-8d93-a47c90b6978f.png,no_entry,train,1,No entry,44,dataset_a_1_template_44,1,7b1fc01d911d8d9b8740d9d7b0b9798f3332c01c1035f71a1fa0bb1a01760e58
1/44_original_44.png_f6e459fd-335b-4bb8-8934-478ba164115d.png,no_entry,train,1,No entry,44,dataset_a_1_template_44,1,36a42cef6635aa1e8895fb206f74e3dba2320ba3e87e4141b27ca5a971a746f8
1/44_original_44.png_fce4d0a2-eb5d-4584-be80-67a2a9193370.png,no_entry,train,1,No entry,44,dataset_a_1_template_44,1,24a91bf754a46085e596eabcd65a66d56b9dd2b40c0013f63566aa83bfd3f6b4
16/16_original_59.png_65ba9417-9045-4c14-bd72-03be6a4fb711.png,no_right_turn,train,16,No right turn,59,dataset_a_16_template_59,1,b9653e3897380dab655eb1fb2a68fc6e9ce760e6762e28a3dcfcd2bfed3cedf9
16/16_original_59_original_59.png_01c5d085-8d1b-4d81-b52b-7f134972c609.png_3b09e085-3e0e-441b-9578-331121e7298e.png,no_right_turn,train,16,No right turn,59,dataset_a_16_template_59,2,744bdae58174c061eeb5e5ec649a48e404798a0c26f724db05c1f73a532da7d5
16/16_original_59_original_59.png_01c5d085-8d1b-4d81-b52b-7f134972c609.png_904c16e9-60af-4b98-9eac-efd862fbcd26.png,no_right_turn,train,16,No right turn,59,dataset_a_16_template_59,2,9ac36ac976343ecb3912df5fedd19c7a78478984b722c1d3c910b6ea997d4dad
16/16_original_59_original_59.png_03fd5819-de68-4e77-9747-854e0c4583a5.png_007c0a8b-880e-4f82-9544-0dc465f14a3a.png,no_right_turn,train,16,No right turn,59,dataset_a_16_template_59,2,c19b206761b5dee729ed9cd9d9357a95786312da29faaeb08396688e40d783a5
16/16_original_59_original_59.png_056f0621-7b70-44c4-b3bd-c2103a7d7d38.png_64a89610-3746-4a9c-a77e-74f2c731d9ef.png,no_right_turn,train,16,No right turn,59,dataset_a_16_template_59,2,972d5eda89ff10717469ae205d12a3ad72a18a77edd384071c4690eeb0d9865e
16/16_original_59_original_59.png_0ddccd2a-206e-425c-8ecb-9965ca1ff603.png_7b20ca3a-29a4-416f-a3c2-9180ed369e7e.png,no_right_turn,train,16,No right turn,59,dataset_a_16_template_59,2,a09c61ad3e8c680486b464ced2484d7291d92a6bfc7d8899dd4a4ce822f2a76a
16/16_original_59_original_59.png_0ddccd2a-206e-425c-8ecb-9965ca1ff603.png_86bcf1c9-36d6-4130-8a42-df1aca6b0012.png,no_right_turn,train,16,No right turn,59,dataset_a_16_template_59,2,e142b1f984acf7fb625147fb45f85b97aa5537bae2dfe86f77a7988a2d48a634
16/16_original_59_original_59.png_0ddccd2a-206e-425c-8ecb-9965ca1ff603.png_df5ce0fb-72c5-4301-b968-0d1707b77d16.png,no_right_turn,train,16,No right turn,59,dataset_a_16_template_59,2,c7c33fd5b046a7b1b58f74885e7d660b849a9c58f3054780ca353d64725cfb1f
16/16_original_59_original_59.png_0ffa0efe-15e8-4636-abf2-55d9b7fcfa92.png_4154ef1c-5145-45f4-b921-1b9f43aeee9c.png,no_right_turn,train,16,No right turn,59,dataset_a_16_template_59,2,029e244d3405bdbbf281956c5c0aa50ef23fdd12d500a71dfd8e4094c196a8df
16/16_original_59_original_59.png_0ffa0efe-15e8-4636-abf2-55d9b7fcfa92.png_7dc87a17-425b-4690-b781-383b747f4d68.png,no_right_turn,train,16,No right turn,59,dataset_a_16_template_59,2,8f11de25c2ce5b7e228f41b723c46b03e8ad4d118ab54fd0a024de576b7b01b0
16/16_original_59_original_59.png_11d3748a-e70e-4538-8527-41869cd725c0.png_6294bd4f-57e4-4c33-8ead-e9b143458192.png,no_right_turn,train,16,No right turn,59,dataset_a_16_template_59,2,74c9016137a665340c6bf5640c00ff96244703198bc15a4256af7b1623f40356
16/16_original_59_original_59.png_1241a31a-ec99-4222-8faa-79d4a51fbca5.png_04552868-1c7d-4460-a895-ec6ec72712b5.png,no_right_turn,train,16,No right turn,59,dataset_a_16_template_59,2,2e543a4c8e8c6de22ce6d4294a154eadcbf1d78247c220565cda3b2b6bdef408
16/16_original_59_original_59.png_1241a31a-ec99-4222-8faa-79d4a51fbca5.png_856a2451-116c-419d-9b6a-edb509e2cdbd.png,no_right_turn,train,16,No right turn,59,dataset_a_16_template_59,2,fddca32e65d75a05c3e79cd2a171fbc28b66aff73922fd35b0ee8396120a74fd
16/16_original_59_original_59.png_1241a31a-ec99-4222-8faa-79d4a51fbca5.png_e403d62e-b50c-4f50-93fb-f78cdfe55e3f.png,no_right_turn,train,16,No right turn,59,dataset_a_16_template_59,2,640e7b55267d7411f253c8d5c597c478897f48454de5f64f2efa722a816af4a3
16/16_original_59_original_59.png_144d8999-74e9-440a-bfa3-639bf054fed6.png_8fb021aa-de3d-4fcd-9a24-277b8f8af516.png,no_right_turn,train,16,No right turn,59,dataset_a_16_template_59,2,eb38b4e7bb078e60966b0bab3ea3cef0038f2db9b11f3b9a1b79c657f7a6edcd
16/16_original_59_original_59.png_1ef90604-9d93-4355-b054-1e82face7060.png_38712ae7-2600-4459-b22c-2796696d24cb.png,no_right_turn,train,16,No right turn,59,dataset_a_16_template_59,2,6032c3e8e47d01749bd9e4c5e7bfa53cbc10cf9afe4334e3466ce6d875c593b3
16/16_original_59_original_59.png_1ef90604-9d93-4355-b054-1e82face7060.png_59e78430-e645-454a-bd8c-cfedb1fdc887.png,no_right_turn,train,16,No right turn,59,dataset_a_16_template_59,2,52903ce59ecc614e8f0d5a2b929431640a0153c332bad5017eadf43722c219c5
16/16_original_59_original_59.png_1ef90604-9d93-4355-b054-1e82face7060.png_6b0ea82a-9c7c-4164-b9a3-ebc1397b7ec6.png,no_right_turn,train,16,No right turn,59,dataset_a_16_template_59,2,ad2624be8a461eecd924441cf1fefed6aafa5ac9eed88005348326dc797abdf9
16/16_original_59_original_59.png_1ef90604-9d93-4355-b054-1e82face7060.png_d31e2d97-601f-49e2-8631-f84c78cb353d.png,no_right_turn,train,16,No right turn,59,dataset_a_16_template_59,2,97ccfdb7deceb4d89e11b5b9ce29ab2fa02248ce34441fd9d0e469aaf6cc0863
16/16_original_59_original_59.png_1f816118-19ee-4cba-a989-d09e10739b1f.png_2c47b4aa-e519-4bb1-a717-0de03446b226.png,no_right_turn,train,16,No right turn,59,dataset_a_16_template_59,2,08ba09625a63c76b573cbd9da27d122c922d120d65a46128b36c044fd8a1154c
16/16_original_59_original_59.png_1f816118-19ee-4cba-a989-d09e10739b1f.png_4c429131-d4d8-4e55-959b-df662ea106c6.png,no_right_turn,train,16,No right turn,59,dataset_a_16_template_59,2,8fc79f5e2d71a3cf5cfd6c8f2ceea6f9eb529f647e7de97bd6a8b3f3f4e34274
16/16_original_59_original_59.png_1f816118-19ee-4cba-a989-d09e10739b1f.png_c19424d9-4ad4-4d37-9b7b-ae2360e4cccb.png,no_right_turn,train,16,No right turn,59,dataset_a_16_template_59,2,8fc79f5e2d71a3cf5cfd6c8f2ceea6f9eb529f647e7de97bd6a8b3f3f4e34274
16/16_original_59_original_59.png_1f816118-19ee-4cba-a989-d09e10739b1f.png_fae62dd9-d951-4262-962e-0f20b2903308.png,no_right_turn,train,16,No right turn,59,dataset_a_16_template_59,2,8fc79f5e2d71a3cf5cfd6c8f2ceea6f9eb529f647e7de97bd6a8b3f3f4e34274
16/16_original_59_original_59.png_2021ef67-1168-4809-ba5b-f19a59defc16.png_3d2d85d3-2165-491a-a747-2ee891b83cb1.png,no_right_turn,train,16,No right turn,59,dataset_a_16_template_59,2,329bfdfdfe7fc168df6c369ea50ca87cff4870936e4038fc90164b6bf4fbbed9
16/16_original_59_original_59.png_22015c80-ef2d-4964-9782-926742253cca.png_31246a39-2a82-41ed-8867-c6b402146517.png,no_right_turn,train,16,No right turn,59,dataset_a_16_template_59,2,74831c2a396e2ffaf2e6ead125aa686bd2da1d21513ba243acd3d2da46251032
16/16_original_59_original_59.png_22015c80-ef2d-4964-9782-926742253cca.png_a4dbb49e-2108-4677-b5aa-89be58b1f659.png,no_right_turn,train,16,No right turn,59,dataset_a_16_template_59,2,74831c2a396e2ffaf2e6ead125aa686bd2da1d21513ba243acd3d2da46251032
16/16_original_59_original_59.png_22015c80-ef2d-4964-9782-926742253cca.png_aa56f180-143d-4bfc-9d97-346ce43b598a.png,no_right_turn,train,16,No right turn,59,dataset_a_16_template_59,2,b0056824c70be5f1dc1ba8c2d191d01d5f1fa2066f597680672c66f109ef8a9a
16/16_original_59_original_59.png_29b4167c-b0ab-4554-859a-2f50174e3042.png_7d63f03f-ef35-4a11-9c51-d30512f7f74c.png,no_right_turn,train,16,No right turn,59,dataset_a_16_template_59,2,9bd39caa7c586888e4e53bf5c2c812c7e05a3fa73edcf6a8802c1b7701b42a05
16/16_original_59_original_59.png_29b4167c-b0ab-4554-859a-2f50174e3042.png_f6fa946b-09d8-4800-9d3c-33e276baad56.png,no_right_turn,train,16,No right turn,59,dataset_a_16_template_59,2,0e2615dfcc218a7502c50d1c38bcab1a7ffdf6224fa06783cce2b89a0064cc35
16/16_original_59_original_59.png_2dd2a5d1-97e4-4824-b4a4-620f759a3c6b.png_725835aa-6dcc-45d6-ab03-93e049b624dc.png,no_right_turn,train,16,No right turn,59,dataset_a_16_template_59,2,0b945c60d6ce9e412ab95806d161c6723f7ac7c19baa2905c4e3b0a148501f5f
16/16_original_59_original_59.png_2dd2a5d1-97e4-4824-b4a4-620f759a3c6b.png_8b3a030d-1808-4132-ad48-5fad063b5270.png,no_right_turn,train,16,No right turn,59,dataset_a_16_template_59,2,1da545c1672d7c9261998ee17dd261bf22ddcf8ac5fbf45d5484f06da9d00313
16/16_original_59_original_59.png_2dd2a5d1-97e4-4824-b4a4-620f759a3c6b.png_c45a937e-3b22-47cd-90b2-02a8a4e6e7a1.png,no_right_turn,train,16,No right turn,59,dataset_a_16_template_59,2,fff2c27d2a3fb70da4129b4bc49bc004d6bfd98ca0f8684fa1f21cc64cd7fe9c
16/16_original_59_original_59.png_3546cdd6-850f-4b93-87e8-7cc5473095eb.png_dbf9a49c-09b8-4096-8c65-6f81cb699062.png,no_right_turn,train,16,No right turn,59,dataset_a_16_template_59,2,eaf4d57478cce97d670aa6de8bbddcf3006e4f9f40d5c5d3a527fbd5a3d62b67
16/16_original_59_original_59.png_3546cdd6-850f-4b93-87e8-7cc5473095eb.png_f4befc0c-296a-47a1-bb9f-e31c13914fa2.png,no_right_turn,train,16,No right turn,59,dataset_a_16_template_59,2,cbdb0bb7e473a4673682f0282b75df34174de67fb4c7b45065befbd0a7629f68
16/16_original_59_original_59.png_37b929da-5ec3-4630-b5d8-2157df43c5a3.png_bb7724d8-c33e-470c-813f-cd8e8caec898.png,no_right_turn,train,16,No right turn,59,dataset_a_16_template_59,2,acec4ae755806c1972d47b4e52044b59c0868f617f26071f75f65bff583963aa
16/16_original_59_original_59.png_3951fe80-70ff-42f8-b95c-27dcab094e0a.png_83e7d540-9adb-43ca-9bb9-23fb354c3624.png,no_right_turn,train,16,No right turn,59,dataset_a_16_template_59,2,f7aced319886ef7ccb1f81bced26c0c6ec2ed4df7a2c75382c33fa85d757dd64
16/16_original_59_original_59.png_3951fe80-70ff-42f8-b95c-27dcab094e0a.png_870196b7-76b5-4747-9f97-5d10a64a9da5.png,no_right_turn,train,16,No right turn,59,dataset_a_16_template_59,2,597517a174034997aa054572637d5d8d86c6dad6d163681abc6cbee6bce9223f
16/16_original_59_original_59.png_39702853-9a76-4534-889d-a72fa11ddcf8.png_28cb5940-d4d1-4da1-8328-e08b729e8477.png,no_right_turn,train,16,No right turn,59,dataset_a_16_template_59,2,b59403051a6b1d2ed1db93b70722875d6499707ad447bb66fecbee1a469df271
16/16_original_59_original_59.png_39702853-9a76-4534-889d-a72fa11ddcf8.png_4c2f126c-1a2c-40f9-aa69-8a9cc4d6a411.png,no_right_turn,train,16,No right turn,59,dataset_a_16_template_59,2,64a2cabdea547ec2b07eacaab67614bf2f10209fdc552a7de430564a1549383e
16/16_original_59_original_59.png_39702853-9a76-4534-889d-a72fa11ddcf8.png_6c8eb8c2-c21d-446c-a7dd-f9a953bbfe27.png,no_right_turn,train,16,No right turn,59,dataset_a_16_template_59,2,965e516b27144e8c988ee3434e6b79d41a44e75309f6478682bb4115983a0e6a
16/16_original_59_original_59.png_39702853-9a76-4534-889d-a72fa11ddcf8.png_d27d30c7-380e-42a7-9143-d582f64cf3a4.png,no_right_turn,train,16,No right turn,59,dataset_a_16_template_59,2,fa3a0a17c03ff63ff94cbf7300aa26c417d94803ef0f2320849f334e4f9d6820
16/16_original_59_original_59.png_3dd66517-133d-4825-bb95-6c94f3605314.png_3ddc5c40-72b5-4e99-8473-4a1803f40eea.png,no_right_turn,train,16,No right turn,59,dataset_a_16_template_59,2,0620374087da00bd2c8dcb4b5fe86d3fb04fa42104f92bd2cfc160b623fd11d3
16/16_original_59_original_59.png_3dd66517-133d-4825-bb95-6c94f3605314.png_b598531c-76d8-4c3f-ac72-4c0150f9b0ce.png,no_right_turn,train,16,No right turn,59,dataset_a_16_template_59,2,f38f3555a045901c42cb7ccf87b469d5f7d4f82d7270623cd23120646b3a053d
16/16_original_59_original_59.png_4373498c-f4f9-4c4b-aa8d-027b8fcc1593.png_1321609c-fe89-467f-8739-6bc4463548c8.png,no_right_turn,train,16,No right turn,59,dataset_a_16_template_59,2,a31d1140408a25526761d0861745972c50bd12e630472645650a70272b9175cc
16/16_original_59_original_59.png_4373498c-f4f9-4c4b-aa8d-027b8fcc1593.png_e82fa77b-8864-4c22-9241-d44aa5c445b1.png,no_right_turn,train,16,No right turn,59,dataset_a_16_template_59,2,2f51c10897e4f494422918ef9936d0612684d62e57dcd71cd9d483633fc9ac09
16/16_original_59_original_59.png_4373498c-f4f9-4c4b-aa8d-027b8fcc1593.png_f952aba4-5971-4808-bd1d-7fb67b8afa9c.png,no_right_turn,train,16,No right turn,59,dataset_a_16_template_59,2,a72910e06b98835fb4e7ee9a23621f70ba3c9b879e3f9f809e4abe249d3cfc15
16/16_original_59_original_59.png_4d2c4ba3-89c5-421f-bbe2-aa778594400b.png_06029ab5-f1ad-42d6-bd24-3e072d77270c.png,no_right_turn,train,16,No right turn,59,dataset_a_16_template_59,2,d4c6511a69a8da765392e155ca78e4313ef27ad56fde05751494bef10d83c5e1
16/16_original_59_original_59.png_4d2c4ba3-89c5-421f-bbe2-aa778594400b.png_ae04d3d6-7efa-4b57-8309-76d8ecb03b95.png,no_right_turn,train,16,No right turn,59,dataset_a_16_template_59,2,1bce99408cdbb0d2a82f4be94dc30eae80e8b06acb28c03fd04e948f559a6e40
16/16_original_59_original_59.png_4f530811-508d-45df-b27f-7106cfb00842.png_f8a5438e-f880-4d0f-a349-f4f20ecae7cc.png,no_right_turn,train,16,No right turn,59,dataset_a_16_template_59,2,0a30267a201a18cf1bcda673c87f259cc6fe4b8569006537806cc0ce89dc8246
16/16_original_59_original_59.png_59a853df-935e-4ceb-8660-0113be335925.png_5f5fd7fb-d945-476a-8946-dbab07e02770.png,no_right_turn,train,16,No right turn,59,dataset_a_16_template_59,2,3b7d08cfce7a8498fca389f1778fdd7f74e53f3b2bf24f388240e3e8da0444c1
16/16_original_59_original_59.png_59a853df-935e-4ceb-8660-0113be335925.png_ae9419f1-8bfe-4066-af6e-bc817c7ae422.png,no_right_turn,train,16,No right turn,59,dataset_a_16_template_59,2,6d04688eeb5bdd737df4dd07d1ad50c030581ecb8e07a361cb4beaf2662fef46
16/16_original_59_original_59.png_5eb659b2-8436-47b3-9b6b-fa04b4ef55dd.png_a94511f0-44ca-489c-a08b-229c63192502.png,no_right_turn,train,16,No right turn,59,dataset_a_16_template_59,2,905bb23b323ec21a3308d46c333eed276335a30bf60adcac29ebe70007d758b1
16/16_original_59_original_59.png_5f08127a-77c6-4501-a83d-67974c3270ee.png_e3fe1cdd-e7a0-4120-b84d-78650fea7b3d.png,no_right_turn,train,16,No right turn,59,dataset_a_16_template_59,2,8fc79f5e2d71a3cf5cfd6c8f2ceea6f9eb529f647e7de97bd6a8b3f3f4e34274
16/16_original_59_original_59.png_5febea0c-7f31-4aa2-a9ef-85ac901be21d.png_07236ade-44d0-4ee7-a536-2c5b858a6c00.png,no_right_turn,train,16,No right turn,59,dataset_a_16_template_59,2,6489f7aa0f5e890158171c2730c1fad54c71215c3dbbf347eca82b61508f413b
16/16_original_59_original_59.png_5febea0c-7f31-4aa2-a9ef-85ac901be21d.png_295fc549-4591-4444-96d0-8949e504ea4a.png,no_right_turn,train,16,No right turn,59,dataset_a_16_template_59,2,bffa8f639d4d459fd44e2a502be5da3c038050eb49578ce739350c460da867df
16/16_original_59_original_59.png_5febea0c-7f31-4aa2-a9ef-85ac901be21d.png_62c11f3a-9ff6-41ac-93b1-5cd9e525fdf1.png,no_right_turn,train,16,No right turn,59,dataset_a_16_template_59,2,04917fe555ea70791a12ed0fd9e495060dbd320c15c33f19564547bc389dfbc1
16/16_original_59_original_59.png_5febea0c-7f31-4aa2-a9ef-85ac901be21d.png_6eff37d8-6e17-42bc-a026-04ea2aa2ce67.png,no_right_turn,train,16,No right turn,59,dataset_a_16_template_59,2,d2c8af6e23eeb4994a5d79bcf45604f6eedbffaf40a9c7b1578da562c9e74948
16/16_original_59_original_59.png_62d0140d-4c2c-48a2-96de-99a25a992569.png_886f6f5d-b357-41ec-b136-1a3bd12f43b6.png,no_right_turn,train,16,No right turn,59,dataset_a_16_template_59,2,e711c555e0aa965a108c8d4bc1a609d1e2de6a60ca461e354606fc05ede9fddb
16/16_original_59_original_59.png_66e86368-fa32-42f5-980e-b4db40ce901f.png_bf16728f-bb96-456c-bb31-55dcd2f7a611.png,no_right_turn,train,16,No right turn,59,dataset_a_16_template_59,2,d52dc22bdf2997f18984a4c7443d74db74ac129f0c22bbf8cebd41e3a5eb2ecf
16/16_original_59_original_59.png_692b4cf0-6911-4e0f-9523-90726c40ef41.png_2f976542-94be-4df3-b24c-9fb311121178.png,no_right_turn,train,16,No right turn,59,dataset_a_16_template_59,2,8378912fbe9a723da08384cb19be4ffdf0fbe13d6ae6733b5d7db2cb4f641bdd
16/16_original_59_original_59.png_692b4cf0-6911-4e0f-9523-90726c40ef41.png_aa3ecc4f-f5fd-4f1b-9026-462016b7816d.png,no_right_turn,train,16,No right turn,59,dataset_a_16_template_59,2,db8af441530454db48d8403a705ccd6a1a895d3c68198b4cb5088173ba2b020f
16/16_original_59_original_59.png_692b4cf0-6911-4e0f-9523-90726c40ef41.png_afb973b5-ed97-4083-93bd-e6c9b6a03869.png,no_right_turn,train,16,No right turn,59,dataset_a_16_template_59,2,fde042ac2f0eb2c03995605ed5b0a4c312c5980815cfe84fba08db3e4fd328c0
16/16_original_59_original_59.png_692b4cf0-6911-4e0f-9523-90726c40ef41.png_e7dfbb34-3887-43a2-847c-7721a3b7766f.png,no_right_turn,train,16,No right turn,59,dataset_a_16_template_59,2,74ac08250c2604d9009654d284db698215591786e5429a80ce13f7e13f4c312e
16/16_original_59_original_59.png_6b72b30f-76ef-4b9e-848a-000d8854709b.png_0c60c238-de6f-4c39-a617-57c9143e7035.png,no_right_turn,train,16,No right turn,59,dataset_a_16_template_59,2,fde042ac2f0eb2c03995605ed5b0a4c312c5980815cfe84fba08db3e4fd328c0
16/16_original_59_original_59.png_6b72b30f-76ef-4b9e-848a-000d8854709b.png_69ae3ed1-a936-4f23-94b8-15c443a27256.png,no_right_turn,train,16,No right turn,59,dataset_a_16_template_59,2,0d2d482b9db23cc591a9313d0331e35120bd62d6c50383904779f4069c7ae750
16/16_original_59_original_59.png_6b72b30f-76ef-4b9e-848a-000d8854709b.png_fcc1af92-fba9-4847-b57a-03ad452915a1.png,no_right_turn,train,16,No right turn,59,dataset_a_16_template_59,2,28d1e3574bcd16514f4c7551bc95078be8e65a1c11216a009b8a4d36951a4336
16/16_original_59_original_59.png_6daca970-0fe4-44c9-af52-b333b187b934.png_6608bff2-b4fe-4f56-8b4c-072b95b0b077.png,no_right_turn,train,16,No right turn,59,dataset_a_16_template_59,2,d2ff3400f21f9457a23767ecc96ad94622c15d32e63651b36f37ed26e713d487
16/16_original_59_original_59.png_6daca970-0fe4-44c9-af52-b333b187b934.png_cefe44ab-894b-4232-b4ec-1f0d292ab069.png,no_right_turn,train,16,No right turn,59,dataset_a_16_template_59,2,26581b402cd217ffc5e4ac1b7ce977cfb319bc06e694516264b9b4fa2e968147
16/16_original_59_original_59.png_6fe59a91-113a-4fd0-9b81-e959329c5b54.png_381a18da-c26f-4bfc-8d49-a6c9a39afa4f.png,no_right_turn,train,16,No right turn,59,dataset_a_16_template_59,2,50f49e7c270b86b425369df64a80feacef819c3d39c7cfda4b5be3c7cc024870
16/16_original_59_original_59.png_7b34f689-6c6b-4197-b00b-489f7e686264.png_14aa7bed-6bb2-4dc1-acf7-5a97bedbb99e.png,no_right_turn,train,16,No right turn,59,dataset_a_16_template_59,2,08ce3a18cf0def517d430b3b35e4110f40215f347355817b6316c7b52fcfb213
16/16_original_59_original_59.png_7b34f689-6c6b-4197-b00b-489f7e686264.png_b15dcb70-e759-42ee-a189-a075f8c5d49e.png,no_right_turn,train,16,No right turn,59,dataset_a_16_template_59,2,6c98819de2ddeb51a8fdac3bb7e0827fe65ba91de77f7852a5949557c70f25dd
16/16_original_59_original_59.png_8225101d-3e25-4e8e-8785-3925d5779a86.png_4e6e85f3-cde0-461e-aa88-5c1a74e35ea0.png,no_right_turn,train,16,No right turn,59,dataset_a_16_template_59,2,ea856beadd77ae8ea2f19c22a519d0a92d2a59c867a062794d6ad36f731a0365
16/16_original_59_original_59.png_840a35d2-066a-4896-8eda-c1706e6f7797.png_13515cbb-e264-41ed-b9c7-8c7c0b87ade3.png,no_right_turn,train,16,No right turn,59,dataset_a_16_template_59,2,e4cbc427730ea0fd08db2b3700356278fcf0396fa14209a66d5e768356ca9cc8
16/16_original_59_original_59.png_840a35d2-066a-4896-8eda-c1706e6f7797.png_6fe5321e-e60c-4141-8cae-81a57f2ac753.png,no_right_turn,train,16,No right turn,59,dataset_a_16_template_59,2,79dd0dd4b8b56039ed8157f2ac7ffb917fb70a481ad0cd9043d880f11296aa3d
16/16_original_59_original_59.png_8a36617f-8e32-487f-8e03-1d88a0dc96e8.png_61d5283b-f01f-479d-9bd9-94ef19d9b3f2.png,no_right_turn,train,16,No right turn,59,dataset_a_16_template_59,2,4eb5920530f2bceca10b598a84c95706f8b38875db3f8b48c404004206e89a41
16/16_original_59_original_59.png_8c29501d-8003-41f1-ba3b-8cc8d5c1a1ff.png_774fd2fb-2df3-4155-a5eb-92b22bc428a4.png,no_right_turn,train,16,No right turn,59,dataset_a_16_template_59,2,c6319cd6968615781170ed260005c29c5cc3b3ad3209a90d30b81ed763704e9d
16/16_original_59_original_59.png_8dfce7fa-941e-405f-be38-69cee3a2eab3.png_17d5fda8-eb5a-47b8-aef4-ba4ac98fa582.png,no_right_turn,train,16,No right turn,59,dataset_a_16_template_59,2,2203b049ce35dbd33bbb92b6d78da03cc8d8a3c6c19b8f52b05fac6443eca54a
16/16_original_59_original_59.png_8dfce7fa-941e-405f-be38-69cee3a2eab3.png_c4556d45-44ae-4010-89cd-70c5144c737f.png,no_right_turn,train,16,No right turn,59,dataset_a_16_template_59,2,76994891540e831f199349fc5727482588cb64c5655d4587130a5ab8be91b4c5
16/16_original_59_original_59.png_8e2397f9-67af-4b80-93ea-4f46e51c8185.png_0597df34-290d-473c-8d80-38173998c7be.png,no_right_turn,train,16,No right turn,59,dataset_a_16_template_59,2,a9febd183a27aaf3b199b825c2b0f99db178b3ca088003eab536b8fff0267cd5
16/16_original_59_original_59.png_8e2397f9-67af-4b80-93ea-4f46e51c8185.png_be0a8447-cc09-431c-90a6-9a234b8ab1b9.png,no_right_turn,train,16,No right turn,59,dataset_a_16_template_59,2,93d7ce4acf681a59260cfa3840e2d1b6fbbf023906142b218600b4debb8ae5de
16/16_original_59_original_59.png_8f8b5e52-f705-434b-8d08-a38f91e9968e.png_57d99055-3712-4db3-a308-e572e454a8b0.png,no_right_turn,train,16,No right turn,59,dataset_a_16_template_59,2,7b0d1e1b721462a1f56e9f467dc91a8ae96cd375a419876ce8acdf091d9a4f35
16/16_original_59_original_59.png_8f8b5e52-f705-434b-8d08-a38f91e9968e.png_913503be-be2c-450b-acd1-f45fef5bd077.png,no_right_turn,train,16,No right turn,59,dataset_a_16_template_59,2,1cd29f4b8425c8caeae5f7c95094ae6c40108611ac850d152593a4af1e36701f
16/16_original_59_original_59.png_8f8b5e52-f705-434b-8d08-a38f91e9968e.png_d6c8225c-9e75-42a3-aad3-03e404bdc4d2.png,no_right_turn,train,16,No right turn,59,dataset_a_16_template_59,2,bf089ed4fd87417799b9bb2c7a1dc8d4c0da57e416e823cc17b0ecf1ff6c61d8
16/16_original_59_original_59.png_9308c9ae-098e-4e35-b862-8539c66840ab.png_a4eac87f-2883-4745-9abc-e6ac2bf2ca32.png,no_right_turn,train,16,No right turn,59,dataset_a_16_template_59,2,56eaa8214c02227742bf1df4d078b16ed189aea5c67a5d9e0818f43c4c8f54e7
16/16_original_59_original_59.png_9308c9ae-098e-4e35-b862-8539c66840ab.png_dc248643-6233-49b1-ad9b-4894eff93749.png,no_right_turn,train,16,No right turn,59,dataset_a_16_template_59,2,fde042ac2f0eb2c03995605ed5b0a4c312c5980815cfe84fba08db3e4fd328c0
16/16_original_59_original_59.png_9c7ed107-af35-46bd-924b-46aa5cdaefe7.png_5d8e2ac7-9da9-40f3-ab49-4ccb7600299c.png,no_right_turn,train,16,No right turn,59,dataset_a_16_template_59,2,a373908058c42af699fcfcf08634ceddecffb85c7faf5b69e0faf3b9b026ee50
16/16_original_59_original_59.png_9c7ed107-af35-46bd-924b-46aa5cdaefe7.png_cc7238b9-df24-4a25-a243-0d5507504169.png,no_right_turn,train,16,No right turn,59,dataset_a_16_template_59,2,8df8e4b44023ee9aecd48337878e65a24af4a5885a661a8d5ea091c02f82a7b2
16/16_original_59_original_59.png_a107e81e-0774-4c7e-90bd-efc32826e487.png_cdae5735-d611-4e59-a499-71418f9d5c93.png,no_right_turn,train,16,No right turn,59,dataset_a_16_template_59,2,7032ccb54679bcfb361dba575ce9a2f515e0c25452df71b86ed400262c2949f2
16/16_original_59_original_59.png_a8779bb5-d1b1-4af4-9688-0486b5d2f850.png_122e60e0-7ce7-495d-821a-2821dfb4607e.png,no_right_turn,train,16,No right turn,59,dataset_a_16_template_59,2,95d6f8dfddec017523ab4ad63465b55c5f2eb70a96dfe7b6abd69f605711f327
16/16_original_59_original_59.png_a8779bb5-d1b1-4af4-9688-0486b5d2f850.png_313b0bc9-4cb0-4c34-8f66-a36d8b65b6ff.png,no_right_turn,train,16,No right turn,59,dataset_a_16_template_59,2,6112808467454356ab07ec36f569d88614f963b64f74e3beec1ee9abd5022532
16/16_original_59_original_59.png_b09e4cbe-a629-486f-91db-d62b31fe0419.png_1812e9bb-dc46-4bba-b9ab-5f55f76f755e.png,no_right_turn,train,16,No right turn,59,dataset_a_16_template_59,2,25b34cd1a870ac3904c986223b29cfee346bd20bea83e8e2aa78ecee68578e44
16/16_original_59_original_59.png_b09e4cbe-a629-486f-91db-d62b31fe0419.png_b5fcb77b-d220-4630-aa56-6de8dae0828b.png,no_right_turn,train,16,No right turn,59,dataset_a_16_template_59,2,facfabcb3051ba8eaedcc31fb5dcf26027b8f48446d84cbae286d5bdb20c2ded
16/16_original_59_original_59.png_b26ad207-a247-4351-9940-3969a4bfc5e2.png_c48bc5b0-45cd-470b-8b7c-1b71cd7e1869.png,no_right_turn,train,16,No right turn,59,dataset_a_16_template_59,2,5d54b3a2f02a92db048af93e521d5ed6b06ad6a3c2915fad942a96222b8652b0
16/16_original_59_original_59.png_b26ad207-a247-4351-9940-3969a4bfc5e2.png_dcfaa0c8-f8e1-40ef-a28c-8eeb200667c3.png,no_right_turn,train,16,No right turn,59,dataset_a_16_template_59,2,a6840365b5e0aee52b5af0728a5cb066211197dc0531de4d985c63c7e03c216f
16/16_original_59_original_59.png_b26ad207-a247-4351-9940-3969a4bfc5e2.png_e86c5ffd-5231-4078-8ead-68cd48f4f1da.png,no_right_turn,train,16,No right turn,59,dataset_a_16_template_59,2,3668a60ea2c080ab711b52b068015a112c2cd5d44f2636c8c69f80ea53367774
16/16_original_59_original_59.png_b41f23f5-8dcd-4270-8c83-35cf0a6786ba.png_dab31b93-21e3-4468-ab56-376e73bb7f6a.png,no_right_turn,train,16,No right turn,59,dataset_a_16_template_59,2,303ab2bf5c9e87607161689be577ab9a133933f5f5ed5c464dca9dc14b9c68e5
16/16_original_59_original_59.png_b9230787-12b2-435f-a197-7a5bf4a8e408.png_fb3647b1-d7f6-4041-96b9-07f34b8624c0.png,no_right_turn,train,16,No right turn,59,dataset_a_16_template_59,2,0acf88a94ddf8d8db5b5e66221df821604e277b56604acda846e310625db059e
16/16_original_59_original_59.png_cae6071d-dc27-410c-bd61-fc79aa3e71bf.png_32073186-d379-4f81-8c0c-aaa1f64ed009.png,no_right_turn,train,16,No right turn,59,dataset_a_16_template_59,2,e20e26606dcc66d344119a761d9c7b8f43f96d4768556cfbd7f920db599c9ace
16/16_original_59_original_59.png_cae6071d-dc27-410c-bd61-fc79aa3e71bf.png_a553c297-d49e-45a7-915b-9e4deb400480.png,no_right_turn,train,16,No right turn,59,dataset_a_16_template_59,2,7de1d1b67a227766851e7cc916895f48f2e154980f8e65c57ee899de7dbf3ed8
16/16_original_59_original_59.png_d14c33f5-7113-42e0-99da-a71137b8fc25.png_b9d06e2e-36f4-459f-bae1-bb529dd90080.png,no_right_turn,train,16,No right turn,59,dataset_a_16_template_59,2,6af1847daa44da0233c59ffa1d4b651b4bf7b6a50df11da5bd4b14cd32104c84
16/16_original_59_original_59.png_d1ced228-f81e-48a4-9490-19a3ecce7b7d.png_f062361c-af14-4537-a740-42877e32402e.png,no_right_turn,train,16,No right turn,59,dataset_a_16_template_59,2,346a21293465d2c37cc470a635a4a8029700db202d54ef62d4fb5858879c8e01
16/16_original_59_original_59.png_df1f1db5-6538-449b-95ab-2dde514fb377.png_20625fb2-0404-494b-a3be-eea39923c0fc.png,no_right_turn,train,16,No right turn,59,dataset_a_16_template_59,2,8fe68ad5f5a315368ff157fb5e14c9fad892e198efcd1262a41aef59bf4ff79d
16/16_original_59_original_59.png_df1f1db5-6538-449b-95ab-2dde514fb377.png_83581104-c340-4715-b622-9c4f235d6e8a.png,no_right_turn,train,16,No right turn,59,dataset_a_16_template_59,2,29fd1cdb9744a80ac37883aa8a50cc20394985bade95efb03114d7f6dcca4e71
16/16_original_59_original_59.png_df1f1db5-6538-449b-95ab-2dde514fb377.png_b4a913a5-d42c-48d8-ab3c-6a2dbb402494.png,no_right_turn,train,16,No right turn,59,dataset_a_16_template_59,2,8f1fd90fa412527d23492c705d6fcc0b7539bf1f4f2505cf5b9698b41b881a4f
16/16_original_59_original_59.png_e2541c61-b321-41ba-a178-bc62f0a9d2aa.png_5c4a008a-6492-4b0d-b6a7-240749acca7e.png,no_right_turn,train,16,No right turn,59,dataset_a_16_template_59,2,402fc384cde961cf23a6f4b591d3ae6ce7244a1143a6deb02df65a9130b6774d
16/16_original_59_original_59.png_e2541c61-b321-41ba-a178-bc62f0a9d2aa.png_7b0f6be1-a95c-40ed-85a4-709c0bb7b6b2.png,no_right_turn,train,16,No right turn,59,dataset_a_16_template_59,2,4a4903e53b804ecb1c76970587fa9125d6f3db68fd2a725c276368bbbc6264d8
16/16_original_59_original_59.png_e6317030-fc2d-4994-9fd5-b5be5be5cbfe.png_d482328a-e7be-47c3-b38c-ad95b69fa4a1.png,no_right_turn,train,16,No right turn,59,dataset_a_16_template_59,2,61169e78c2a7351c1b5b6f1a1eff92ee099a34e1861ec54ade2859f8f68a7623
16/16_original_59_original_59.png_e6ecb4ea-0fce-4a97-bc89-1757495b36c4.png_108469ce-4baf-4c38-8795-cd59451b5b42.png,no_right_turn,train,16,No right turn,59,dataset_a_16_template_59,2,61185e06d89f977294714593bd3beecc0ce540cdb624d0ca0c949520e1ea05ae
16/16_original_59_original_59.png_e6ecb4ea-0fce-4a97-bc89-1757495b36c4.png_92ad73e0-3ac3-41bf-9bbb-9d237e77813e.png,no_right_turn,train,16,No right turn,59,dataset_a_16_template_59,2,7e35634b44277365f9fb43821b0b318dcff016faf37388c14dac51452ca1b6c4
16/16_original_59_original_59.png_e6f1f15c-718a-4c5b-a50d-cf42a113b4fd.png_468d792b-4a57-4c74-8111-29ceb772601e.png,no_right_turn,train,16,No right turn,59,dataset_a_16_template_59,2,4a2477130fa7f7273a8ec942d95f301375b307bbe826bdf159674d9d5379639b
16/16_original_59_original_59.png_e6f1f15c-718a-4c5b-a50d-cf42a113b4fd.png_5d785b7d-e0eb-4294-96f0-242d858edde0.png,no_right_turn,train,16,No right turn,59,dataset_a_16_template_59,2,8bf53ddeed06f8a3d9a7785dc86e6067a1b0f22e27e9378aef8f59884bc828fb
16/16_original_59_original_59.png_f02f2902-937f-4a82-b0fd-c6410ac64cae.png_4a100c65-09ca-4a84-9c79-ca16916e1cd7.png,no_right_turn,train,16,No right turn,59,dataset_a_16_template_59,2,fde042ac2f0eb2c03995605ed5b0a4c312c5980815cfe84fba08db3e4fd328c0
16/16_original_59_original_59.png_f02f2902-937f-4a82-b0fd-c6410ac64cae.png_63713d60-f105-4c7b-9281-3e4aa14a99e6.png,no_right_turn,train,16,No right turn,59,dataset_a_16_template_59,2,fde042ac2f0eb2c03995605ed5b0a4c312c5980815cfe84fba08db3e4fd328c0
16/16_original_59_original_59.png_f02f2902-937f-4a82-b0fd-c6410ac64cae.png_db142ad1-83b0-4d4b-ab4e-cfd8df4c62f4.png,no_right_turn,train,16,No right turn,59,dataset_a_16_template_59,2,4d5579c49d85441635493a8777bf891b83e9b6342bf5e5f73058d4f5b86f8f8b
16/16_original_59_original_59.png_f02f2902-937f-4a82-b0fd-c6410ac64cae.png_ff5b7349-2d62-4ca0-8411-9c6f9a85748a.png,no_right_turn,train,16,No right turn,59,dataset_a_16_template_59,2,a18a7ebe4d60412c950feee69bb18f2e2c27c83ad8cc4a1b74a1c8b3e409ce97
16/16_original_59_original_59.png_f1250d65-3aac-4cd4-be80-3bff3cca47f2.png_f906a311-abbc-4844-90d6-81da87de3a17.png,no_right_turn,train,16,No right turn,59,dataset_a_16_template_59,2,54f105525d95a2af3a07babfefa5b42ae41fb31c8360dbdef93794943b5869df
16/16_original_59_original_59.png_f54fd03d-1476-4492-9ca9-89aa8f82e63a.png_32f68058-70ef-4543-aa11-b5a1848f81d3.png,no_right_turn,train,16,No right turn,59,dataset_a_16_template_59,2,516156867c59c96442ea5bf975c1d5ea685ab75882c959ec032e475e79b07f67
16/16_original_59_original_59.png_f54fd03d-1476-4492-9ca9-89aa8f82e63a.png_4fba7eb2-20e0-4f6e-9b76-e943d3eeec44.png,no_right_turn,train,16,No right turn,59,dataset_a_16_template_59,2,f1dab3d099af6229b1a9814eb0990d35f10a2a64a8f0b22365bb5d8f0ecba73d
16/16_original_59_original_59.png_f79f195d-0922-40f0-8b86-27305afee4a3.png_476700aa-837d-4b03-a690-94661cba2d10.png,no_right_turn,train,16,No right turn,59,dataset_a_16_template_59,2,502195d7d2dd66c4caf8fce1292efe5b143de9e23552fc2bb4d10b42a8c5278a
16/16_original_59_original_59.png_f79f195d-0922-40f0-8b86-27305afee4a3.png_e3926a12-12c6-444f-bbb6-e1ea317c996a.png,no_right_turn,train,16,No right turn,59,dataset_a_16_template_59,2,fde042ac2f0eb2c03995605ed5b0a4c312c5980815cfe84fba08db3e4fd328c0
16/59.png,no_right_turn,train,16,No right turn,59,dataset_a_16_template_59,0,9b26c9f762740dc0f12746ade840617eddb796c477bef69013121cf406bdf77c
16/59_original_59.png_01013d35-e5f6-4e4c-8305-676f388aa91e.png,no_right_turn,train,16,No right turn,59,dataset_a_16_template_59,1,3ccbe70037001d66a5628605f87966eabf7aada2850d0ed50acf0db4660250cb
16/59_original_59.png_01c5d085-8d1b-4d81-b52b-7f134972c609.png,no_right_turn,train,16,No right turn,59,dataset_a_16_template_59,1,387e48186f99faf11383d46ec9d8aafa3985b8832a13868ef837b8f3d9417309
16/59_original_59.png_03fd5819-de68-4e77-9747-854e0c4583a5.png,no_right_turn,train,16,No right turn,59,dataset_a_16_template_59,1,e2cd1735285fac950f95f029b441fbd9d23b6d9bbc3d823c55c39dad6254e273
16/59_original_59.png_056f0621-7b70-44c4-b3bd-c2103a7d7d38.png,no_right_turn,train,16,No right turn,59,dataset_a_16_template_59,1,a638b1a9042cd23a2cccaa456b909bbeba3794d0253c3b03f18f4bf99bf7010c
16/59_original_59.png_086ae1bc-e030-4b9f-9556-26e67f7a987b.png,no_right_turn,train,16,No right turn,59,dataset_a_16_template_59,1,375235d9ebc8ad5e2dc1d20a134555374a64d771fe063dbcc9decd969f124716
16/59_original_59.png_0ddccd2a-206e-425c-8ecb-9965ca1ff603.png,no_right_turn,train,16,No right turn,59,dataset_a_16_template_59,1,83f5795b7511c4cfda79bd6a619e93b3df63000bcca9518d52b0cb9ae4ae244a
16/59_original_59.png_0ffa0efe-15e8-4636-abf2-55d9b7fcfa92.png,no_right_turn,train,16,No right turn,59,dataset_a_16_template_59,1,659810e5b62beb7363fd55ed434f466e2a3858e1a0261f80f2febee1bbfcf314
16/59_original_59.png_11d3748a-e70e-4538-8527-41869cd725c0.png,no_right_turn,train,16,No right turn,59,dataset_a_16_template_59,1,ed35b9d18e506f7131676768552458864620eec217a1612a6d2af21ada9a023d
16/59_original_59.png_1241a31a-ec99-4222-8faa-79d4a51fbca5.png,no_right_turn,train,16,No right turn,59,dataset_a_16_template_59,1,737b7b144fc652a2584765a3ee3aac7d518094b5a2c3eae3da5fef32c65a0683
16/59_original_59.png_144d8999-74e9-440a-bfa3-639bf054fed6.png,no_right_turn,train,16,No right turn,59,dataset_a_16_template_59,1,a2a04d2b138680d7e6fc48cdafe9c5bbf9aebe13df1d16e42e50eda7134e4bdc
16/59_original_59.png_1ef90604-9d93-4355-b054-1e82face7060.png,no_right_turn,train,16,No right turn,59,dataset_a_16_template_59,1,bb69f6638dfc7715f59a2f8873dc7b3017c855a2f9a362d4f22022cf79cbe5c9
16/59_original_59.png_1f102219-3284-4fa5-88e9-4d6e5b3dce9d.png,no_right_turn,train,16,No right turn,59,dataset_a_16_template_59,1,fa3f411ee60634c36e9b30112410e7f8c667b5818b13b6b04e0978e95c70d8e3
16/59_original_59.png_1f816118-19ee-4cba-a989-d09e10739b1f.png,no_right_turn,train,16,No right turn,59,dataset_a_16_template_59,1,840eb89f4ffc99ea7b19ae94634e20fa411ad09944e33fd8ee59d6994e2a68f8
16/59_original_59.png_2021ef67-1168-4809-ba5b-f19a59defc16.png,no_right_turn,train,16,No right turn,59,dataset_a_16_template_59,1,58fdee27bd689ef7380cc9b19c68002e6552800b5612de542614c716f159c0d0
16/59_original_59.png_22015c80-ef2d-4964-9782-926742253cca.png,no_right_turn,train,16,No right turn,59,dataset_a_16_template_59,1,6dee45697498303f77c247a0a4a4989708f1c353db3064c59d8af9c529cc8254
16/59_original_59.png_29b4167c-b0ab-4554-859a-2f50174e3042.png,no_right_turn,train,16,No right turn,59,dataset_a_16_template_59,1,4f485537fc999eece29b939df47e5ed9f1803055833d5c544608d051145956ac
16/59_original_59.png_2c06c4fb-47e9-44b7-8d7d-d61b82213cbb.png,no_right_turn,train,16,No right turn,59,dataset_a_16_template_59,1,10fcf6d81c6e52f9e48664c89211692870f22fde359ab366b5faa8f04de2a75d
16/59_original_59.png_2c9611c7-1097-4dd6-91ce-6ee949575d28.png,no_right_turn,train,16,No right turn,59,dataset_a_16_template_59,1,bfc6320ad6fda7ae509cd18a3539132e8363bd841a037d2590276ae0fbf57167
16/59_original_59.png_2dd2a5d1-97e4-4824-b4a4-620f759a3c6b.png,no_right_turn,train,16,No right turn,59,dataset_a_16_template_59,1,bcea57de81f28e8f35742136c34fbc7345e08e97b2ce3a345e5dbbb44663b464
16/59_original_59.png_3546cdd6-850f-4b93-87e8-7cc5473095eb.png,no_right_turn,train,16,No right turn,59,dataset_a_16_template_59,1,9de9de08976bdb0e4af163acc5c4dd3ec780158be2acac52a496e1e953c5f39c
16/59_original_59.png_37b929da-5ec3-4630-b5d8-2157df43c5a3.png,no_right_turn,train,16,No right turn,59,dataset_a_16_template_59,1,d46a56118acbc0e358117817e9fd3270fac8091bf8151375c8843a4d4f9bf5b9
16/59_original_59.png_3951fe80-70ff-42f8-b95c-27dcab094e0a.png,no_right_turn,train,16,No right turn,59,dataset_a_16_template_59,1,96d77c6d9d29813d70f8b8c9eb1d1ccf7a3450b2f5f394ca9055d8bfaedcf648
16/59_original_59.png_39702853-9a76-4534-889d-a72fa11ddcf8.png,no_right_turn,train,16,No right turn,59,dataset_a_16_template_59,1,5d11eccfee334a9d8d74e98b8f9c54619f4544b2b179c3d4349eaa453b359e03
16/59_original_59.png_3c015284-3346-4915-8960-ae67847e7add.png,no_right_turn,train,16,No right turn,59,dataset_a_16_template_59,1,a6fa0a5e7bcad4b9ac17b3072d5ab9112891aab008d3b08091e60136b3f56fd5
16/59_original_59.png_3dd66517-133d-4825-bb95-6c94f3605314.png,no_right_turn,train,16,No right turn,59,dataset_a_16_template_59,1,9b26c9f762740dc0f12746ade840617eddb796c477bef69013121cf406bdf77c
16/59_original_59.png_407eb79b-e33a-4dcd-9d01-7d7f36529fd1.png,no_right_turn,train,16,No right turn,59,dataset_a_16_template_59,1,95dbd5840e252632db4cbd1c8eb9cb9c6435cf92826c733b91555959fdc59900
16/59_original_59.png_4373498c-f4f9-4c4b-aa8d-027b8fcc1593.png,no_right_turn,train,16,No right turn,59,dataset_a_16_template_59,1,0d33c975dc6b0199a141b3cf72dcf7826e453b39a04e0a351f6ad905012ec6eb
16/59_original_59.png_4d2c4ba3-89c5-421f-bbe2-aa778594400b.png,no_right_turn,train,16,No right turn,59,dataset_a_16_template_59,1,1e6890f096a30bcf7f8176c976647eefa36a43cf8a2e76a9ef521600a7f70459
16/59_original_59.png_4f530811-508d-45df-b27f-7106cfb00842.png,no_right_turn,train,16,No right turn,59,dataset_a_16_template_59,1,b6fcd39a92df51b3fbc7d2423f2b0a1bc44b19fc0addf80033e33bb306f79688
16/59_original_59.png_50e8ab9f-a4bb-4d7c-a0d4-dd12d076c4ef.png,no_right_turn,train,16,No right turn,59,dataset_a_16_template_59,1,a07f3efbeb1f970e0eb9ec9c29c1e1bfeab78c1ec17047f420372a785d556386
16/59_original_59.png_59a853df-935e-4ceb-8660-0113be335925.png,no_right_turn,train,16,No right turn,59,dataset_a_16_template_59,1,94301879dad52797b3039c32012e8c15d8a69b37a1bedf63626e5cc4f57c9ac6
16/59_original_59.png_5eb659b2-8436-47b3-9b6b-fa04b4ef55dd.png,no_right_turn,train,16,No right turn,59,dataset_a_16_template_59,1,80fc6198349b9a791f7da6fc87c53490b3944ab1e4f9a742e7c875512bc7c1bf
16/59_original_59.png_5f08127a-77c6-4501-a83d-67974c3270ee.png,no_right_turn,train,16,No right turn,59,dataset_a_16_template_59,1,840eb89f4ffc99ea7b19ae94634e20fa411ad09944e33fd8ee59d6994e2a68f8
16/59_original_59.png_5febea0c-7f31-4aa2-a9ef-85ac901be21d.png,no_right_turn,train,16,No right turn,59,dataset_a_16_template_59,1,2a7f080414d7b3a99485bae2b6ae05aceb371be9d561e96c9b338cb313f5cdc6
16/59_original_59.png_62d0140d-4c2c-48a2-96de-99a25a992569.png,no_right_turn,train,16,No right turn,59,dataset_a_16_template_59,1,d8dc937f0d8ba7e7650789d251127ebc7616e114db9db316e243c3bbe9dc902c
16/59_original_59.png_66e86368-fa32-42f5-980e-b4db40ce901f.png,no_right_turn,train,16,No right turn,59,dataset_a_16_template_59,1,ed35b9d18e506f7131676768552458864620eec217a1612a6d2af21ada9a023d
16/59_original_59.png_692b4cf0-6911-4e0f-9523-90726c40ef41.png,no_right_turn,train,16,No right turn,59,dataset_a_16_template_59,1,e1bde731dbf6adc52b1906a915644cdb298e4bda61934f99e602875b1034dd8b
16/59_original_59.png_6b72b30f-76ef-4b9e-848a-000d8854709b.png,no_right_turn,train,16,No right turn,59,dataset_a_16_template_59,1,51855a370f247eca983610702033f178f6b8f519155b648c243d67d6c6677ed4
16/59_original_59.png_6daca970-0fe4-44c9-af52-b333b187b934.png,no_right_turn,train,16,No right turn,59,dataset_a_16_template_59,1,55efec9008f6a09c2ba0505d717a752f67adfee12c187cb7d6cd73dcf60acd8b
16/59_original_59.png_6fe59a91-113a-4fd0-9b81-e959329c5b54.png,no_right_turn,train,16,No right turn,59,dataset_a_16_template_59,1,456ce7bee403e86a06adaf28a82ed9974374c0455eeb2b8ca774c63318108528
16/59_original_59.png_7b34f689-6c6b-4197-b00b-489f7e686264.png,no_right_turn,train,16,No right turn,59,dataset_a_16_template_59,1,92be0acc2fc4569632103055a0b887be19fb18328294524afd20c04519aa44aa
16/59_original_59.png_8225101d-3e25-4e8e-8785-3925d5779a86.png,no_right_turn,train,16,No right turn,59,dataset_a_16_template_59,1,9e247a35dc0c551601a7f612eaab3cb3ea4bf1e816c3b2bf9c55f3b9fa875400
16/59_original_59.png_840a35d2-066a-4896-8eda-c1706e6f7797.png,no_right_turn,train,16,No right turn,59,dataset_a_16_template_59,1,5c489d0693d3761ca67827fb76ced96636b6c1b74dcdbe6f21f17d37bb26880f
16/59_original_59.png_8a36617f-8e32-487f-8e03-1d88a0dc96e8.png,no_right_turn,train,16,No right turn,59,dataset_a_16_template_59,1,e29ec36c5289736b20de841a239d3ef45c8b039a96063dde6bed06bf881f75b2
16/59_original_59.png_8c29501d-8003-41f1-ba3b-8cc8d5c1a1ff.png,no_right_turn,train,16,No right turn,59,dataset_a_16_template_59,1,4656d143504e3ea86ebb8b3b1f77d445aab268a2cfb2c84f2e56e3eabe09b29d
16/59_original_59.png_8dfce7fa-941e-405f-be38-69cee3a2eab3.png,no_right_turn,train,16,No right turn,59,dataset_a_16_template_59,1,e5fbca5fbcdd0418e612ba83a3fe258f1ddf6af96c597252a4dacee32ea4a3b8
16/59_original_59.png_8e2397f9-67af-4b80-93ea-4f46e51c8185.png,no_right_turn,train,16,No right turn,59,dataset_a_16_template_59,1,6cd1658c7c4acdfe790f96ae638fa57649459dd7e5519fd2135114767de931b6
16/59_original_59.png_8f8b5e52-f705-434b-8d08-a38f91e9968e.png,no_right_turn,train,16,No right turn,59,dataset_a_16_template_59,1,288cb769049acae5d21f34878552e2759056ac8705bc1de77ad968027f6257e6
16/59_original_59.png_9308c9ae-098e-4e35-b862-8539c66840ab.png,no_right_turn,train,16,No right turn,59,dataset_a_16_template_59,1,66f33a1964359ffda02d2c1f9f71d2e74796b3159eea442470a810e5ae3403c9
16/59_original_59.png_9c7ed107-af35-46bd-924b-46aa5cdaefe7.png,no_right_turn,train,16,No right turn,59,dataset_a_16_template_59,1,a2dce31ae14388a71aa106620d050ba64111c50abf56570078fb3de0fd326e10
16/59_original_59.png_a09ba539-84ff-4d05-827a-fc63c0947880.png,no_right_turn,train,16,No right turn,59,dataset_a_16_template_59,1,f0ae23314a0ef6d0cdde114717e2e41256199debcb12e7bd173331dd84438b0f
16/59_original_59.png_a107e81e-0774-4c7e-90bd-efc32826e487.png,no_right_turn,train,16,No right turn,59,dataset_a_16_template_59,1,f8a437fbd75161407efcf3d6f99a876be83a5446ff5a239cea17c77fd6f51bbd
16/59_original_59.png_a80caddf-7b2f-4ece-9330-6e5ff92aea6d.png,no_right_turn,train,16,No right turn,59,dataset_a_16_template_59,1,392ac6b2f368c7108a2337792f41ad5506e2a77352b30677ccd8c0403a6712f8
16/59_original_59.png_a8779bb5-d1b1-4af4-9688-0486b5d2f850.png,no_right_turn,train,16,No right turn,59,dataset_a_16_template_59,1,36bb701dce40a4f88ef3654e2656daf256d192bd19cb22cad89b3b4781d34515
16/59_original_59.png_a9bac014-5178-4aab-bcf8-717450424595.png,no_right_turn,train,16,No right turn,59,dataset_a_16_template_59,1,14ca660006319ff62337f9d0c0989906758e777dd2c63afbe60bb7cf297d4e8c
16/59_original_59.png_b014ea87-0b1a-4008-b486-4829a3176f94.png,no_right_turn,train,16,No right turn,59,dataset_a_16_template_59,1,14ca660006319ff62337f9d0c0989906758e777dd2c63afbe60bb7cf297d4e8c
16/59_original_59.png_b09e4cbe-a629-486f-91db-d62b31fe0419.png,no_right_turn,train,16,No right turn,59,dataset_a_16_template_59,1,acba7e49e5693e9aeb7fa1f4f3dbb750fbc15ad3bc8fefcbcc814deec19d31fe
16/59_original_59.png_b26ad207-a247-4351-9940-3969a4bfc5e2.png,no_right_turn,train,16,No right turn,59,dataset_a_16_template_59,1,77986d83de37142fabbd95439c06edc92de324fcc012c1c182aa660edc755a60
16/59_original_59.png_b37fd6f3-a35d-46fd-b76f-5e59137f4eb7.png,no_right_turn,train,16,No right turn,59,dataset_a_16_template_59,1,8b9101f550d8990fa3e3b76cbf7b266980deddad9bc7c6e64c5620558bf587b7
16/59_original_59.png_b41f23f5-8dcd-4270-8c83-35cf0a6786ba.png,no_right_turn,train,16,No right turn,59,dataset_a_16_template_59,1,1e066e12715e3ca0ab692d81d413385f7c241a6fc4ba124b62b3e2b83f8feca6
16/59_original_59.png_b9230787-12b2-435f-a197-7a5bf4a8e408.png,no_right_turn,train,16,No right turn,59,dataset_a_16_template_59,1,98c5c384b5e4f4c9a1bca8b935b240708e74d9efd4605d276967a0cd740b820f
16/59_original_59.png_b98e5c7f-30d8-435d-91bf-aaf2b3129d2f.png,no_right_turn,train,16,No right turn,59,dataset_a_16_template_59,1,37e3255acba60cd623bc7a4ab517216bc1c01c21ab6d7fc58b2025c38c5d9cff
16/59_original_59.png_c578a67c-a509-4dd7-896f-953721400055.png,no_right_turn,train,16,No right turn,59,dataset_a_16_template_59,1,dc49e5f684ef4019691a6cac946f2a4695253f9ce0360b207b7dd68c89930f23
16/59_original_59.png_cae6071d-dc27-410c-bd61-fc79aa3e71bf.png,no_right_turn,train,16,No right turn,59,dataset_a_16_template_59,1,1af781ffd155fe1bfddc616650939de7eed3057a74c0c351dc4ac75bcead3f54
16/59_original_59.png_d14c33f5-7113-42e0-99da-a71137b8fc25.png,no_right_turn,train,16,No right turn,59,dataset_a_16_template_59,1,c463ea49253e82df1b2a23f4e5790528015f6a8811d90eae90541421970a799d
16/59_original_59.png_d1ced228-f81e-48a4-9490-19a3ecce7b7d.png,no_right_turn,train,16,No right turn,59,dataset_a_16_template_59,1,e0bb9dda2b1938e90179534a30d1ae511adcffd066ea586693f4bec64e9bd4d7
16/59_original_59.png_d51bb5d5-3fd8-41c0-aa3b-7f835d07ed1e.png,no_right_turn,train,16,No right turn,59,dataset_a_16_template_59,1,a27a182aa13fd220030315b612884b97bae137eeacaac7bfdd10546218a86843
16/59_original_59.png_d567d93c-2e3b-4675-8abb-a9967bd8a05a.png,no_right_turn,train,16,No right turn,59,dataset_a_16_template_59,1,aefac98b0d33c01550f89d0d74754a074d26e165bcbb4b7c03ca3807a1378837
16/59_original_59.png_df1f1db5-6538-449b-95ab-2dde514fb377.png,no_right_turn,train,16,No right turn,59,dataset_a_16_template_59,1,de25c1fcbf49f35724faf584deefb6d7b1956b5ca31d7367e47d0e168674c597
16/59_original_59.png_e2541c61-b321-41ba-a178-bc62f0a9d2aa.png,no_right_turn,train,16,No right turn,59,dataset_a_16_template_59,1,eeab32c8bd25129c8ea5124f6509cc44a2ee54c4d55542c1b04fcc77146d059a
16/59_original_59.png_e6317030-fc2d-4994-9fd5-b5be5be5cbfe.png,no_right_turn,train,16,No right turn,59,dataset_a_16_template_59,1,3bb98a3ad5b1fb88634ec48105ce1f126da38c66e48a342061e3f873e3d4783c
16/59_original_59.png_e6ecb4ea-0fce-4a97-bc89-1757495b36c4.png,no_right_turn,train,16,No right turn,59,dataset_a_16_template_59,1,0aba0f651f88a126b7800f338072a4992afe412bf0c2a8cbfc1c0fac5f62b176
16/59_original_59.png_e6f1f15c-718a-4c5b-a50d-cf42a113b4fd.png,no_right_turn,train,16,No right turn,59,dataset_a_16_template_59,1,0af42eef3f59e671cac0b9f70e2a2402dae535ce3e1b83148dd705150b3832f3
16/59_original_59.png_ebb3da4b-1698-4edc-9fd2-c0ed560e1b6b.png,no_right_turn,train,16,No right turn,59,dataset_a_16_template_59,1,90feda88d228193dfe54949943858fa5da7c3b46018f9769c1967e46ded96a14
16/59_original_59.png_f02f2902-937f-4a82-b0fd-c6410ac64cae.png,no_right_turn,train,16,No right turn,59,dataset_a_16_template_59,1,de08932209d028405ed731499fa3a488bd267ff624054da42033bb78a606de71
16/59_original_59.png_f1250d65-3aac-4cd4-be80-3bff3cca47f2.png,no_right_turn,train,16,No right turn,59,dataset_a_16_template_59,1,b499b034838003a9b87adb4ddc952de2cff0e1b15ea11b17a57dae4beec904f0
16/59_original_59.png_f189e07c-7ce5-4a23-95d7-4096d49f1493.png,no_right_turn,train,16,No right turn,59,dataset_a_16_template_59,1,b5e46db88c31d65608d0623473037de5ba377095ea2984ad26a98601fa879148
16/59_original_59.png_f54fd03d-1476-4492-9ca9-89aa8f82e63a.png,no_right_turn,train,16,No right turn,59,dataset_a_16_template_59,1,ec0544f9953fc9943dcd32cd035987f3a33229b58536327f0ab343537ef0f9d2
16/59_original_59.png_f79f195d-0922-40f0-8b86-27305afee4a3.png,no_right_turn,train,16,No right turn,59,dataset_a_16_template_59,1,c8331134b6a127e11da6e7bb41bf2fda7254c298a7f51ce47fb51012d6416671
16/59_original_59.png_fbbcc6cc-28bf-4b81-9de3-83dade65346f.png,no_right_turn,train,16,No right turn,59,dataset_a_16_template_59,1,a6c21081082d4367eeb24276920918453b527f6144c9f7c10aa853c8bc08c3f6
30/30_original_73.png_5e444425-9218-4f24-bc3c-433eaba1091e.png,road_hump,train,30,Road hump,73,dataset_a_30_template_73,1,2236ea56fd5425cbd0485a8407128cb131caceafc03f49d4cdf7bc20d9330fd2
30/30_original_73.png_d9acff70-8f70-4e93-a424-3e80254a8bf9.png,road_hump,train,30,Road hump,73,dataset_a_30_template_73,1,13d3eb2c392b9f9bad63b2b7f8dadee5d8978f887f168d08d77fb9a1b6825bb5
30/30_original_73.png_f30adea4-f4ad-48ec-8012-0fc12d359996.png,road_hump,train,30,Road hump,73,dataset_a_30_template_73,1,6f80942a4ef6397d69a6dd738d7ad5ea0a244d2e32570b84d76c595b766d1435
30/30_original_73.png_f4402edb-9a8c-4403-a84b-23d7fbeaf1d1.png,road_hump,train,30,Road hump,73,dataset_a_30_template_73,1,b7c89e4c69e736b04fd2e2d3bfea71d87288a18ccd4ae609e235f581dc217ebe
30/30_original_73_original_73.png_03c56f1d-4547-4e89-8aab-a3de4d447e49.png_0703f79b-2a3b-406f-9b4f-b645d7055ce6.png,road_hump,train,30,Road hump,73,dataset_a_30_template_73,2,67b15c9566d1f157a52a07588a2813b99cbade832a9ffedc34067a2ba46fc09e
30/30_original_73_original_73.png_07407c79-7784-4d17-b607-3f8cc926d6c6.png_3a2eb998-ebf3-48a2-8ca5-fe4e5757658e.png,road_hump,train,30,Road hump,73,dataset_a_30_template_73,2,b58a779fda561ddb2d26103424697315a352178d04e9546073fc4708e4934e5c
30/30_original_73_original_73.png_0b2ae011-18ad-4fde-af05-cb0bb356b188.png_01cc68b7-f9f3-4b82-92fc-ee1d744e07c6.png,road_hump,train,30,Road hump,73,dataset_a_30_template_73,2,a0f611c4bd4af616958cab459d13f1792ee918220e73870a60a451bb713ba75c
30/30_original_73_original_73.png_0b2ae011-18ad-4fde-af05-cb0bb356b188.png_1900dc79-c005-440b-bd73-da6779d20ba8.png,road_hump,train,30,Road hump,73,dataset_a_30_template_73,2,4e4d8aa82593367708aae0a386925f4a8ce94130656568cd1142ffb64cc2e15c
30/30_original_73_original_73.png_0b2ae011-18ad-4fde-af05-cb0bb356b188.png_c2e7fab8-d638-4957-95b4-3ce52b2edb61.png,road_hump,train,30,Road hump,73,dataset_a_30_template_73,2,898774c02c700873bdae299419fcbf52c7b499e456e55f793100182c153c8d61
30/30_original_73_original_73.png_0b2ae011-18ad-4fde-af05-cb0bb356b188.png_d8c64d2b-7ea2-4295-81fb-028956457258.png,road_hump,train,30,Road hump,73,dataset_a_30_template_73,2,d4e02de2c74a0fd32341af5a7e4da9befa93705d43d066f1c3169a7e3033fcf6
30/30_original_73_original_73.png_0b2ae011-18ad-4fde-af05-cb0bb356b188.png_e8408867-16b6-442b-8e58-ef501bd3ba7e.png,road_hump,train,30,Road hump,73,dataset_a_30_template_73,2,06c07893a121c03381a4a3ee2a12efa3e63624ff510b29e0fb7d5d14ac461e6f
30/30_original_73_original_73.png_0bf9b322-dcfa-49fa-a628-fbcdff1f8914.png_03825434-4f00-4edc-b92a-f06915ed5566.png,road_hump,train,30,Road hump,73,dataset_a_30_template_73,2,69fd133f64775f074529ae2d3eea74b26f23d8d8b411dc1aaf646ce3ceea18b1
30/30_original_73_original_73.png_0bf9b322-dcfa-49fa-a628-fbcdff1f8914.png_20b7fecb-6ddf-433e-a164-6d4fde999b20.png,road_hump,train,30,Road hump,73,dataset_a_30_template_73,2,35c8acdf738f4bc55950df45bbfaf66324da9855ef1e59acabef02852eb7bf24
30/30_original_73_original_73.png_0bf9b322-dcfa-49fa-a628-fbcdff1f8914.png_a80721f1-e59a-434f-8aec-4172e9e430d3.png,road_hump,train,30,Road hump,73,dataset_a_30_template_73,2,7cea97b27cbb3063f59a07833e2c787708e1645273a7d6be10e1eb71480a5c16
30/30_original_73_original_73.png_10bd63f0-4bdf-43cc-8206-28b229c0124d.png_109d5003-326c-4867-89f0-750f8a82a0d0.png,road_hump,train,30,Road hump,73,dataset_a_30_template_73,2,07108ab9fff591095518da5f376ecde12f6d035456c46053e0c16f8c719cff4e
30/30_original_73_original_73.png_10bd63f0-4bdf-43cc-8206-28b229c0124d.png_cdbb387c-d252-4925-8df4-f56daafb4867.png,road_hump,train,30,Road hump,73,dataset_a_30_template_73,2,92e8d7cf5a5c049e2642452bd5c08d6569e99506505b0a646998bf6102476ea9
30/30_original_73_original_73.png_10bd63f0-4bdf-43cc-8206-28b229c0124d.png_f311d8d9-ee7b-4aa2-ac32-543f2774d82a.png,road_hump,train,30,Road hump,73,dataset_a_30_template_73,2,00f8979c566098bf7192dec6f3648efb949391f0ea20b275f9b215d061de64fb
30/30_original_73_original_73.png_13a69756-fa9b-425a-86df-e5e069126a20.png_83c4a8e8-6944-4e98-afe0-0d77ef0fadd8.png,road_hump,train,30,Road hump,73,dataset_a_30_template_73,2,1ba85aab924043efa06c234103665d22906744f1c93bedb688b13176125a3992
30/30_original_73_original_73.png_1a1e5cfa-602e-4b4b-8056-58d34b42ac2d.png_5794a1ef-b21f-457e-b37d-7b604d84c145.png,road_hump,train,30,Road hump,73,dataset_a_30_template_73,2,061739a1099634368791b3440c2462a79d97bd6ba0ee0e5bf03970c85bdde6c0
30/30_original_73_original_73.png_1a1e5cfa-602e-4b4b-8056-58d34b42ac2d.png_aa609e68-948a-4c01-9efe-491dd91b9022.png,road_hump,train,30,Road hump,73,dataset_a_30_template_73,2,87e8e8249b2bb1acfa4b787e739da33647b4c06c430e3aa81839263fd40780cb
30/30_original_73_original_73.png_1a1e5cfa-602e-4b4b-8056-58d34b42ac2d.png_fa666c4b-1469-448f-84af-eb1c26b44d5a.png,road_hump,train,30,Road hump,73,dataset_a_30_template_73,2,ecb8921efc585045a221fe8bd80a217e6e2e99cd6fcf4c5bb0426599503196fa
30/30_original_73_original_73.png_25216dd6-1a4f-447b-b94c-911019e1419a.png_3716fa16-e063-4261-a86b-610255b442d3.png,road_hump,train,30,Road hump,73,dataset_a_30_template_73,2,24ab1d0dea2e21bb8d34522cc0fc9d9f197d3e07018590786265566d8f41b4a6
30/30_original_73_original_73.png_25216dd6-1a4f-447b-b94c-911019e1419a.png_40657d9f-996f-42be-97d8-220f5bed625d.png,road_hump,train,30,Road hump,73,dataset_a_30_template_73,2,31d9eeff7898a758332604aeeafbda11a83e35d47957d21ea21e2ac29262bdb3
30/30_original_73_original_73.png_282d31f6-f917-46cc-866f-4c9632fafad7.png_52626d7b-e086-4c65-a0cd-61624e3a4d4c.png,road_hump,train,30,Road hump,73,dataset_a_30_template_73,2,91a93a7221f3e4470d2c17b3639f793acc2c9d1b5e008ace95c1195a5182eed2
30/30_original_73_original_73.png_29037edb-b968-465c-96a3-3b7ad1373ebb.png_3d8930b9-2dc9-4a2a-bff2-8b143adec213.png,road_hump,train,30,Road hump,73,dataset_a_30_template_73,2,a3e3912193b97132701bbb12cbfcdb13fe4b2007b8436e2d6694573c0b216a0c
30/30_original_73_original_73.png_2bfcb5ea-62d6-4a74-abaa-9f7939a479f6.png_35f0673a-9a02-4812-a50d-5f629bdd59ac.png,road_hump,train,30,Road hump,73,dataset_a_30_template_73,2,f4350c65df84b5c52e046d500e06033ae534993207151a9577c11267d45d3d01
30/30_original_73_original_73.png_2bfcb5ea-62d6-4a74-abaa-9f7939a479f6.png_3e018927-7878-4116-83dc-82a83dfb2c69.png,road_hump,train,30,Road hump,73,dataset_a_30_template_73,2,679557706a378ee729deb05523d098e4eeff6bbdf20968038c5651d5f8781658
30/30_original_73_original_73.png_2bfcb5ea-62d6-4a74-abaa-9f7939a479f6.png_693b1072-62c9-4576-a983-4eb5ec9e7371.png,road_hump,train,30,Road hump,73,dataset_a_30_template_73,2,965f7299b90172a7745da3e44bf3b7e5a9ad0b01fef46d9e7f43d87b2b7aa494
30/30_original_73_original_73.png_317a010e-0dd1-4acb-a301-65ba4c3fae41.png_3a7c92c4-1464-422a-8715-435b6d5a2077.png,road_hump,train,30,Road hump,73,dataset_a_30_template_73,2,d9cc3194c4d23cbfde4752dd05b10aa208acd139b8bb91d6ed3835a786d34214
30/30_original_73_original_73.png_34ce80ab-83eb-462c-b45d-105c37d44b22.png_65a2c5f8-bed2-4add-bf5b-1a9ce460f6aa.png,road_hump,train,30,Road hump,73,dataset_a_30_template_73,2,40bbb68997fa8f3ca6f3b45a525c300ecd15eba6bd144915a8bedee947f063fa
30/30_original_73_original_73.png_34ce80ab-83eb-462c-b45d-105c37d44b22.png_c12ede42-e996-4330-9660-ef98915fa227.png,road_hump,train,30,Road hump,73,dataset_a_30_template_73,2,3a31d37c9f7849859089a9790232da200c4da552102ce7e7143b1b362a6df7d5
30/30_original_73_original_73.png_3d73fce1-3cb4-42e5-9d60-ff5fb0f67e55.png_b8e457bd-45c1-4bf3-9416-a50c5a6ef439.png,road_hump,train,30,Road hump,73,dataset_a_30_template_73,2,95cf3c3b70798e063f64eb5c17edc2fb36772531df61b31cac28e5a782b9695e
30/30_original_73_original_73.png_3d73fce1-3cb4-42e5-9d60-ff5fb0f67e55.png_ccf6f92e-d229-4ccf-adb8-d1fc94c7ad22.png,road_hump,train,30,Road hump,73,dataset_a_30_template_73,2,2845ec9b910991ad5bd05eb82593d06988e408303b44a8f435087719ec204565
30/30_original_73_original_73.png_3f00ba5a-6a5c-4411-be31-dd27850608c8.png_a580614e-4f23-4474-99a2-b3984ff614d4.png,road_hump,train,30,Road hump,73,dataset_a_30_template_73,2,7f9e0c4ee3cfdff4e2f7752c8a05618f52641941fd7100151abba60c62a65c4d
30/30_original_73_original_73.png_40eeca42-d97b-420e-a627-2414b5ff281b.png_28f8de39-b96d-470d-b487-62519f6cc8e7.png,road_hump,train,30,Road hump,73,dataset_a_30_template_73,2,3019bb28562559cbfc81dcd1a9032c160a79096a54fbf4e5ab49dcbd9b4b0ddc
30/30_original_73_original_73.png_40eeca42-d97b-420e-a627-2414b5ff281b.png_70d46022-dda8-4403-9a34-f99496f00c36.png,road_hump,train,30,Road hump,73,dataset_a_30_template_73,2,2e651e5ef8b9d699eca6e3427fae90830962578d0b74616f1604b4f60252b0e3
30/30_original_73_original_73.png_40eeca42-d97b-420e-a627-2414b5ff281b.png_e0118293-2707-489f-8f83-57de7091a022.png,road_hump,train,30,Road hump,73,dataset_a_30_template_73,2,21e0ff923d202bc06baff810ff6a79ec29e6e14985a47f093a6a03998ef4b1be
30/30_original_73_original_73.png_429168cc-c596-46b9-a8f3-6bd1f6830734.png_42fbed12-27be-46eb-86f7-ecbd36e14929.png,road_hump,train,30,Road hump,73,dataset_a_30_template_73,2,b699a7cce8fcbde294d5708ba68cb00f6a83b497d1d358ec67a35029c848d3b1
30/30_original_73_original_73.png_429168cc-c596-46b9-a8f3-6bd1f6830734.png_a13a69bd-4e0c-44c9-a6c2-5f9264cae730.png,road_hump,train,30,Road hump,73,dataset_a_30_template_73,2,f6de8950dc3ccd4227bdc1034c7599ee4a1727197aaf00841e4ca8574ff5b75e
30/30_original_73_original_73.png_429168cc-c596-46b9-a8f3-6bd1f6830734.png_d79a09bd-acfe-4b85-9dbd-5e00fa633906.png,road_hump,train,30,Road hump,73,dataset_a_30_template_73,2,55a4c8a9675930d47a481b7df26f5ec2d4c03583b035c0a2a5a64849086c3606
30/30_original_73_original_73.png_4570b0f0-5ba0-459e-858c-fc89193de193.png_aedc4172-c520-4539-8ab4-d10ad005d4e9.png,road_hump,train,30,Road hump,73,dataset_a_30_template_73,2,51555de2db9c468fb32c8716980614386c49a55f8c76e30bf288c140f0162b83
30/30_original_73_original_73.png_48ecbdf9-a3f1-40d1-b81f-c9d49b9ae25a.png_2a4ea98a-4486-4045-8ee5-1cec520342e2.png,road_hump,train,30,Road hump,73,dataset_a_30_template_73,2,c3bf134d251fdeb5e0dd444c9b07b795b7e7be94e30e066ecc65a0ec8532e926
30/30_original_73_original_73.png_48ecbdf9-a3f1-40d1-b81f-c9d49b9ae25a.png_3638445f-2523-4569-8790-02c49e5bdfbe.png,road_hump,train,30,Road hump,73,dataset_a_30_template_73,2,46400b77a323b366863cc72637648ddd10888a2c072fa074f58bad4e0595870c
30/30_original_73_original_73.png_4dde8185-c9f2-49e7-b70c-3596c01efe7c.png_d1f4f4fe-c9f2-4330-8408-074e97bf46a6.png,road_hump,train,30,Road hump,73,dataset_a_30_template_73,2,a599f177ef4face1d81f412f4dcd674f4b4944344ca25b50f153c25dffd2729b
30/30_original_73_original_73.png_4dde8185-c9f2-49e7-b70c-3596c01efe7c.png_e3b77af6-9c30-4e69-ac5b-d946c26e6dd0.png,road_hump,train,30,Road hump,73,dataset_a_30_template_73,2,fc6eae051307acb6c8984f4f53ebb70a00aeb4411206f0ef323e149db4385136
30/30_original_73_original_73.png_4f03dbaa-7faf-4247-9fb6-d23bd2c8f898.png_4c7dcdc3-ba89-4da5-b535-5b4434a1615a.png,road_hump,train,30,Road hump,73,dataset_a_30_template_73,2,0bb956df1d3702c8dc0f196df464b2e19caf46aa5134380df33264a1ec4820a4
30/30_original_73_original_73.png_4f03dbaa-7faf-4247-9fb6-d23bd2c8f898.png_b22e6478-390c-4381-aac7-7df1fb7369d7.png,road_hump,train,30,Road hump,73,dataset_a_30_template_73,2,31b4d93dc6b6a139b41063a9ebafd35a8ebfa90d90bb4f5e212fc3e8a2f1195f
30/30_original_73_original_73.png_4f03dbaa-7faf-4247-9fb6-d23bd2c8f898.png_e55a6415-126e-4e27-af0d-7d69fe16e8c5.png,road_hump,train,30,Road hump,73,dataset_a_30_template_73,2,b828b07623878b107aeb8e7e438a26445659afc8a747c345bf99dc4a68da7959
30/30_original_73_original_73.png_518e9b46-c7d5-4219-a6a0-4b4bde3af3e3.png_027b2621-1b3a-4290-976a-947b7362a240.png,road_hump,train,30,Road hump,73,dataset_a_30_template_73,2,d437ffe5ce4027d090928295f1372bcbb4934757eb892764e24ea72d706e50d7
30/30_original_73_original_73.png_518e9b46-c7d5-4219-a6a0-4b4bde3af3e3.png_7e076401-a78a-4f67-9552-04aec620b413.png,road_hump,train,30,Road hump,73,dataset_a_30_template_73,2,b1c2863cd570e8d5e3a547053ec89e465c8c07c9051d95fb2893225e66c9b2db
30/30_original_73_original_73.png_518e9b46-c7d5-4219-a6a0-4b4bde3af3e3.png_81af13ec-3b2f-481b-a0a9-1ad31ae4e9be.png,road_hump,train,30,Road hump,73,dataset_a_30_template_73,2,f7dbc1260e0903637ed0b5ca91d63d6be3b65c1a99aa61a03346479beb29dbe1
30/30_original_73_original_73.png_518e9b46-c7d5-4219-a6a0-4b4bde3af3e3.png_b5843156-565f-47dd-9fd7-59e6087ffdae.png,road_hump,train,30,Road hump,73,dataset_a_30_template_73,2,a326e2fff94fcec97be831a5000eef321a9d87b8ae59e1878f21fc6ede13bfaa
30/30_original_73_original_73.png_5aca6019-990b-4bfc-b10a-3dbe83e9f45c.png_a8a3feab-c819-4e07-93b3-d83e49eb004b.png,road_hump,train,30,Road hump,73,dataset_a_30_template_73,2,0a9652b03dfca0201a2d0d6f9a3f1da054886af8fac4c7b6731a88b523a09f66
30/30_original_73_original_73.png_5aca6019-990b-4bfc-b10a-3dbe83e9f45c.png_cf53cc72-04e9-4157-99d2-6202cb20860e.png,road_hump,train,30,Road hump,73,dataset_a_30_template_73,2,79bd5f3cc41d89fc5faa7b0d74fb82697410f9c2b7728a7201e7ee4132bc9373
30/30_original_73_original_73.png_5aca6019-990b-4bfc-b10a-3dbe83e9f45c.png_db011c30-6175-4b50-8865-06d855821db0.png,road_hump,train,30,Road hump,73,dataset_a_30_template_73,2,ca3cfea0a3d03ab2c2d291e2258b54014e3c525c5b62ea0a8194dec73e4da9f3
30/30_original_73_original_73.png_603a9c11-d4e7-4526-b257-a63da720c081.png_320ed12c-2417-4ec1-8a17-60945244a57d.png,road_hump,train,30,Road hump,73,dataset_a_30_template_73,2,855d8e78d96c4f128331cc4aa6e3877d7cdd9fc4544e0bf8b94bd4c00bea43f8
30/30_original_73_original_73.png_603a9c11-d4e7-4526-b257-a63da720c081.png_5a703b1d-a297-4870-a3f9-a636bd3618da.png,road_hump,train,30,Road hump,73,dataset_a_30_template_73,2,388e5071db5bca9d3744c17ec21aa2a46ead4f77a48985657f376d07588e035c
30/30_original_73_original_73.png_603e825a-698d-44ea-8fd5-f42905995377.png_55fc9abd-f7f7-48c8-b591-d2d6cc52ba52.png,road_hump,train,30,Road hump,73,dataset_a_30_template_73,2,11025603b082e4ca30115ae1a3f628b9c3985c093e11908b80a47dabe1409dc0
30/30_original_73_original_73.png_625f55cd-3ba7-4155-b5c2-b7ebf77495ac.png_e25a21a0-b167-4556-9bd1-8a59d0e4c57b.png,road_hump,train,30,Road hump,73,dataset_a_30_template_73,2,c7776996aed8addcb2e08a7c45376d2d83a4c5fd0944caf9aaf7c2fb7dccb14f
30/30_original_73_original_73.png_6b32c454-d15c-47ec-91d3-f6efe6aa4806.png_569a5aad-26b9-456d-8d3f-eba3b9354645.png,road_hump,train,30,Road hump,73,dataset_a_30_template_73,2,4b26aba1b74c139054947a7b13f11db22ed2fa3ddc89a11ce8dfdaa62a44d5f2
30/30_original_73_original_73.png_6b32c454-d15c-47ec-91d3-f6efe6aa4806.png_620ab47d-0555-4474-9d44-f10d0d39f911.png,road_hump,train,30,Road hump,73,dataset_a_30_template_73,2,1a071600581cd7e07cdaae22faf1039d77989c3d96e4891a5a2d234b1329ed8f
30/30_original_73_original_73.png_6d8f9bbf-f357-4303-9436-474512900f13.png_57934922-9185-4900-82e1-ef2865288585.png,road_hump,train,30,Road hump,73,dataset_a_30_template_73,2,e28f88bff319d022201117b4335a7e7fac55930810b1665753003e7a85d62ef2
30/30_original_73_original_73.png_6f9ee987-f6dd-4545-ba94-9c818efd7e2e.png_068a4700-b1d9-4b87-a29c-e5aebb92bba3.png,road_hump,train,30,Road hump,73,dataset_a_30_template_73,2,7fdee6cdf1933d5e22a704e279e522017c3216bd3c674b14cfe465230db156c7
30/30_original_73_original_73.png_7157ff4c-1721-4849-afdd-fa974ee3e4d3.png_2fdc13cd-3d43-4ff4-ad0c-8330fd479446.png,road_hump,train,30,Road hump,73,dataset_a_30_template_73,2,c181f2ca1fb5fc7775a366eff15aef172543a434581c068fe28276f8715810a0
30/30_original_73_original_73.png_75a7ce83-6990-437e-a527-37849622f1a9.png_7de03844-9c0e-41f5-9883-408fe8fdeba2.png,road_hump,train,30,Road hump,73,dataset_a_30_template_73,2,db162d782a0a2c93db7af7abee45a72dd860337d975a3c3751ccc2b116471dbb
30/30_original_73_original_73.png_75a7ce83-6990-437e-a527-37849622f1a9.png_8379ff80-7218-42a1-b297-70d9b159dc02.png,road_hump,train,30,Road hump,73,dataset_a_30_template_73,2,fe33213658c1f508ccebf652149f51af1bd9ec5f64d9875b99ea7e67681cac7d
30/30_original_73_original_73.png_75a7ce83-6990-437e-a527-37849622f1a9.png_9886af5d-8d7f-4d2f-bda7-1f0191f92c92.png,road_hump,train,30,Road hump,73,dataset_a_30_template_73,2,7ac005ee5f3fb6eb8ab0590f499ee63eb9dbec899c1a8b7050a9f95c18527ebe
30/30_original_73_original_73.png_81f89630-c7a8-4b5e-a1b6-cefd2b8e4a87.png_2c4f7d99-5551-474e-975e-51fb91498cf0.png,road_hump,train,30,Road hump,73,dataset_a_30_template_73,2,6960e3df1317c0ec84792bd9152b5f1738c8582603d32d8c331b4cda2baf3c06
30/30_original_73_original_73.png_81f89630-c7a8-4b5e-a1b6-cefd2b8e4a87.png_70f547c3-91c3-484b-9002-f85a8cf907ff.png,road_hump,train,30,Road hump,73,dataset_a_30_template_73,2,63a3279c4cbd2d98b08a230d965429139f642e4cde5aa77e025f9d82fd425d61
30/30_original_73_original_73.png_87666eb6-f886-45fe-bea8-96fa8ec100fb.png_539839a0-8565-4c72-ae3f-cf353ad7ac61.png,road_hump,train,30,Road hump,73,dataset_a_30_template_73,2,37060f4d8890077bf0a16b231803a39ee9c65e977e289891d797fd8aa1fdb347
30/30_original_73_original_73.png_87666eb6-f886-45fe-bea8-96fa8ec100fb.png_59d4f759-2b6b-4e61-ab9e-a34097720c81.png,road_hump,train,30,Road hump,73,dataset_a_30_template_73,2,9a8c364c69a963e9ea5526ea33159160f09978e03e3a8acd1c214b457ee4b9b2
30/30_original_73_original_73.png_8ae6daf7-c4f3-4f6e-8e11-1f28c5d610a3.png_c54f3fb9-7303-4746-b705-4c0e0e3f60e8.png,road_hump,train,30,Road hump,73,dataset_a_30_template_73,2,0d7ffbbb95e380329f9f47868268d2b21ae4baa93d25aa05b0573da5fc0d30f9
30/30_original_73_original_73.png_8cd035ba-66d8-4e96-836f-98ffddc86562.png_1f188923-c0b9-442e-9c6f-81c8cb317af0.png,road_hump,train,30,Road hump,73,dataset_a_30_template_73,2,f20161d03cd165c86562392d720f5bd22527919f4e91483460fc0c60709f456b
30/30_original_73_original_73.png_8cd035ba-66d8-4e96-836f-98ffddc86562.png_9cc0f6c9-0160-492f-8f71-e736cf5bc796.png,road_hump,train,30,Road hump,73,dataset_a_30_template_73,2,addf93c6b69369acb7e66ef6b4e822d14f603baa34ae4e9700021a3b77590acd
30/30_original_73_original_73.png_8cd035ba-66d8-4e96-836f-98ffddc86562.png_9d3200fa-d27d-43fe-8344-a29a6d41f1af.png,road_hump,train,30,Road hump,73,dataset_a_30_template_73,2,ba3186c9167734e68c70292d8d9848901f5dd528ef2f2f4b89d254be2fa38285
30/30_original_73_original_73.png_9201e44c-ab3b-45bb-8219-07b361fd53f8.png_f94c94a9-1564-4b3a-b41d-b9bf7c13ce4c.png,road_hump,train,30,Road hump,73,dataset_a_30_template_73,2,be66a1925b973b4ef4c4ec1785ccbf9e61cfb3ede83f23da1df69bdb1e8afeb7
30/30_original_73_original_73.png_95f5c52c-e70a-434f-a9f7-b17ac7459b0d.png_0ac8f7d3-6ed6-4fcf-ad33-0d360e082fc4.png,road_hump,train,30,Road hump,73,dataset_a_30_template_73,2,dd275d288d823983e36ada2ca23a8c761e3c85ecf282fb432e83b180476d6e67
30/30_original_73_original_73.png_97aee87a-f100-4802-9dea-1f1f45a0dec8.png_675d70b2-9cbe-4f05-886d-f2f2e7c0deea.png,road_hump,train,30,Road hump,73,dataset_a_30_template_73,2,516ed3f56beba9c0b4e1aa758f1cd0fbaf5b2c45d5dc755c6f7a5caaddaa41df
30/30_original_73_original_73.png_9a82d58c-4ff9-45a5-837b-5279f4667cbb.png_1c492d4b-9826-4e2f-9356-15d8fe67c331.png,road_hump,train,30,Road hump,73,dataset_a_30_template_73,2,0f8e41ab957238e88fb8b8d4ed79659f4f5a4c05f807553a772e087b5b303e60
30/30_original_73_original_73.png_9a82d58c-4ff9-45a5-837b-5279f4667cbb.png_4bd4907a-6048-45da-9a7d-69c182703b8d.png,road_hump,train,30,Road hump,73,dataset_a_30_template_73,2,bb53bb866e3b997967552e180e4dd553510a3cc72441049386fd5bf4b79fa5eb
30/30_original_73_original_73.png_9a82d58c-4ff9-45a5-837b-5279f4667cbb.png_a24019dc-469e-4453-8679-88e9a7b1fc1c.png,road_hump,train,30,Road hump,73,dataset_a_30_template_73,2,359020581e91052621fe223c38af6f955bdbd4cc5f1acbaed5895038c5c8f0c8
30/30_original_73_original_73.png_9a82d58c-4ff9-45a5-837b-5279f4667cbb.png_d85e1905-1ee9-4372-90ce-17dfb9609166.png,road_hump,train,30,Road hump,73,dataset_a_30_template_73,2,fe118f2251df72e71c9bc623d31fdd8920d6aa82c80e0a58cb420ca881d7a7e3
30/30_original_73_original_73.png_9f81ca66-19ed-4f49-9041-4c40dac4e78b.png_1905a901-5973-4ed7-bc89-38362ec0a228.png,road_hump,train,30,Road hump,73,dataset_a_30_template_73,2,6baac00fdf3294ac2c58dcf965274f4fbdacfe408f088af55c36d8fd9b78b0ac
30/30_original_73_original_73.png_9f81ca66-19ed-4f49-9041-4c40dac4e78b.png_f38bc679-6444-411e-a1d7-0f8fb90a250d.png,road_hump,train,30,Road hump,73,dataset_a_30_template_73,2,73b4bf84f7422050212a11d3c03ad03cfb914dc84aea67d0a2aabce9baef702e
30/30_original_73_original_73.png_a021bcb7-bbc7-4bd3-a46c-b4d5cc6b9b43.png_3dd79366-fc4b-4f99-a8af-3d956f317786.png,road_hump,train,30,Road hump,73,dataset_a_30_template_73,2,b33d3dafd85edb2e30011153ecf7f6d4a72555d3982b1d389ecd4f3b48341ca5
30/30_original_73_original_73.png_a021bcb7-bbc7-4bd3-a46c-b4d5cc6b9b43.png_e20e480e-960a-40f0-81cd-10feffef29c5.png,road_hump,train,30,Road hump,73,dataset_a_30_template_73,2,b6420c064d3fabca63e556e8c92d6263ae348240847069611bee05bac2dd21d6
30/30_original_73_original_73.png_a021bcb7-bbc7-4bd3-a46c-b4d5cc6b9b43.png_f1de2e36-4a66-47bd-8882-edbdd833bd09.png,road_hump,train,30,Road hump,73,dataset_a_30_template_73,2,e9f4df5cc656ef8517f80b6b2d6192e909e6e1228d8d64c944d5fa6386f1ebd9
30/30_original_73_original_73.png_a3a8e681-fb15-4dee-be3c-8e45bcbce65b.png_b972b758-6400-4f08-a8fb-2b45efb3f470.png,road_hump,train,30,Road hump,73,dataset_a_30_template_73,2,f8612ba63ae4a627e3a7ae8823ccbf11d91564d2791319ed5142551b51639c95
30/30_original_73_original_73.png_a7e2a127-079a-41ce-8a8a-6712d1f81964.png_5290cdf5-4c42-4b29-9fbf-4b5b791e8b8d.png,road_hump,train,30,Road hump,73,dataset_a_30_template_73,2,8ffa3fe6281eb4cf6333e5d101c02c86aa4baae3695f3b47aec9dc2719ba2d41
30/30_original_73_original_73.png_a7e2a127-079a-41ce-8a8a-6712d1f81964.png_5319aeb2-5ced-4638-9e22-b79b2b2e979d.png,road_hump,train,30,Road hump,73,dataset_a_30_template_73,2,c187ed15d98a64bb4aae8c34a65cc6c8dd9063e8bf8ab87efdef44e90d449246
30/30_original_73_original_73.png_a7e2a127-079a-41ce-8a8a-6712d1f81964.png_892f1e61-e3bb-4b77-8d40-b6a4a088cb50.png,road_hump,train,30,Road hump,73,dataset_a_30_template_73,2,1cdb5f4727f5134856303a53088d2f7b3d9092c89e91b78791f3ea7f1c25486c
30/30_original_73_original_73.png_a8f194c5-efb8-4e42-b28d-b2f85cb94460.png_390e7ac9-3b7c-4012-bd98-41b087e494b2.png,road_hump,train,30,Road hump,73,dataset_a_30_template_73,2,4cac6b4539121b0e27ab1be6ce215e5613bd5640331dc24d450925cf969bc43e
30/30_original_73_original_73.png_a8f194c5-efb8-4e42-b28d-b2f85cb94460.png_f74cb602-1279-43e8-8ae4-27ac3dfc5f4a.png,road_hump,train,30,Road hump,73,dataset_a_30_template_73,2,dd45c3e46eed65f3ddc310db5b0edb3f84e062b13502293419006849b889a7ac
30/30_original_73_original_73.png_b60c05e3-8c0e-4e42-8679-cadd7a31e9ee.png_745b984b-4ece-47da-aefb-5e1019d3f605.png,road_hump,train,30,Road hump,73,dataset_a_30_template_73,2,d20463a3447160ca949a8f57a35c4d14851a91084953c4346b8279be3ab3690b
30/30_original_73_original_73.png_b60c05e3-8c0e-4e42-8679-cadd7a31e9ee.png_8a0655e5-1ed6-4e34-b579-63de557ab3d5.png,road_hump,train,30,Road hump,73,dataset_a_30_template_73,2,4818566148a7ab1c4370f11e10db2a36c6ce7d1d839f1cc6a8ffd2dac213de2e
30/30_original_73_original_73.png_bfdda3e8-749c-4863-ad81-5ffc60026058.png_00f5cd7b-7f42-4eab-a891-f6d8109a985e.png,road_hump,train,30,Road hump,73,dataset_a_30_template_73,2,8fb8375dbfa4118f85c15564b18b003262f2e26195ec2fc01ed0935849bb1121
30/30_original_73_original_73.png_c0cc2dc1-7b6e-429e-8b55-1523dd881703.png_2f4f35aa-bad7-4db7-beb7-f027179952e7.png,road_hump,train,30,Road hump,73,dataset_a_30_template_73,2,13d3eb2c392b9f9bad63b2b7f8dadee5d8978f887f168d08d77fb9a1b6825bb5
30/30_original_73_original_73.png_c0cc2dc1-7b6e-429e-8b55-1523dd881703.png_76ce7bcd-0f38-4eec-b04a-b4c8f6e8210b.png,road_hump,train,30,Road hump,73,dataset_a_30_template_73,2,e369c97d6e7ad473c543aeb2ac4729efb69280dff246d845c24bd428d10f0c6b
30/30_original_73_original_73.png_c0cc2dc1-7b6e-429e-8b55-1523dd881703.png_a12ec964-1929-4503-a26f-5ed249578429.png,road_hump,train,30,Road hump,73,dataset_a_30_template_73,2,e6628d8c96ee95f46f978d0b577350f33994a2b1bc448c511d061b02d8cac729
30/30_original_73_original_73.png_c47fba7f-2d50-4f2e-a547-228ccb8a4e59.png_9f9ef6d6-2ab5-4b36-b1da-7397bfe302f1.png,road_hump,train,30,Road hump,73,dataset_a_30_template_73,2,60e2039eb73c8584ffd1bf2db2e465d8cd881995a17cc01456b0eaec954535ac
30/30_original_73_original_73.png_c9f651aa-e591-4433-b10b-54ba8263ab24.png_944e132f-42e4-42f9-bad8-7e1c072aa453.png,road_hump,train,30,Road hump,73,dataset_a_30_template_73,2,598ec4fffd47404fd9608386e3de94a9299d9393bbb24e7cfe2ae26d14bd4c06
30/30_original_73_original_73.png_c9f651aa-e591-4433-b10b-54ba8263ab24.png_997dce74-343e-4ea1-ba83-d033ea268830.png,road_hump,train,30,Road hump,73,dataset_a_30_template_73,2,89b374a8dd902d909398d33a28bd20ebe12185e5b7b2699bf4ea2b231f042ae7
30/30_original_73_original_73.png_cabc4787-d4ee-42f6-a7e5-69d8712cfc81.png_7a9a281e-84f5-4b38-ae0f-2a82396298d7.png,road_hump,train,30,Road hump,73,dataset_a_30_template_73,2,98d47447a85aaaeaf7d11fc5a38fedfc5b404fe4bad4eb8baa3a66be576f6d5d
30/30_original_73_original_73.png_cabc4787-d4ee-42f6-a7e5-69d8712cfc81.png_d5de0d51-f3da-4993-82b5-d4fbb0c0cbb4.png,road_hump,train,30,Road hump,73,dataset_a_30_template_73,2,7f5b60ae48e2333259e914fd5ff28aca478523305c1c893c6415c032d694cdb3
30/30_original_73_original_73.png_cf585122-60af-4d82-9744-3244446f934c.png_0b619bb7-6510-42c0-a1a6-9b8c5d6477b6.png,road_hump,train,30,Road hump,73,dataset_a_30_template_73,2,0c81ef2d6dccd6f92fbd4f5abeab9ddafd0e139e51ea24eab566b9f80c25fced
30/30_original_73_original_73.png_cf585122-60af-4d82-9744-3244446f934c.png_8ced7790-cf4a-475e-9a13-fe5796759f93.png,road_hump,train,30,Road hump,73,dataset_a_30_template_73,2,6d8d6603b5b65849b737434d5e0db3cc9e0b9a59c10a1afa6d1740afe45c26a3
30/30_original_73_original_73.png_d784e1d0-ee6c-4e8f-9c39-22463c2ca850.png_baa980ad-7af2-459f-ae41-65a8afef07c0.png,road_hump,train,30,Road hump,73,dataset_a_30_template_73,2,4aa648da0eadb38654374549eadbbc9fec719d2194ca4a27f3cb3f30c097c3b9
30/30_original_73_original_73.png_db861dad-fec6-4beb-b34e-b5707fc6eeb8.png_5ab456ae-e326-470e-b4b2-111bdb832bdb.png,road_hump,train,30,Road hump,73,dataset_a_30_template_73,2,de5e780a30f365e0ed44a98b75309d52bd08ca82573e53384a671e60fa1ffc03
30/30_original_73_original_73.png_db861dad-fec6-4beb-b34e-b5707fc6eeb8.png_d0544d70-5895-49a6-9161-5b2f7aa5f141.png,road_hump,train,30,Road hump,73,dataset_a_30_template_73,2,347654e4dc6fcb84fa4da46d30283c667ea0bed45f503aa20bece1b6e1754811
30/30_original_73_original_73.png_e4649645-6f7a-466a-93a5-ae5cbebf133c.png_d56fe2c7-267e-4413-b858-e23435a9b9a1.png,road_hump,train,30,Road hump,73,dataset_a_30_template_73,2,7d61fccc4109f029dbf4e579ccf04f003415dfe789ccb6ea6770e648adaccef7
30/30_original_73_original_73.png_e7f1395c-eace-44f7-b88b-5c91c8e8430e.png_2ec55a76-299f-4513-9c04-2fb936ffc0f1.png,road_hump,train,30,Road hump,73,dataset_a_30_template_73,2,ab5a545292b50341b72b88060688b89364a669880773adb07faf00773dd49e99
30/30_original_73_original_73.png_e7f1395c-eace-44f7-b88b-5c91c8e8430e.png_36475bc6-a98e-440b-beac-e522bbcae63a.png,road_hump,train,30,Road hump,73,dataset_a_30_template_73,2,e369c97d6e7ad473c543aeb2ac4729efb69280dff246d845c24bd428d10f0c6b
30/30_original_73_original_73.png_eb88d7d5-ba8d-41f1-b7fa-978026dceee4.png_bbd0972e-d5e5-4b95-a8aa-452c955c369c.png,road_hump,train,30,Road hump,73,dataset_a_30_template_73,2,65f168abefcc9ed107d26955dda4ac5ad38b060909503678f8db53f076a6611f
30/30_original_73_original_73.png_ed0d92da-088e-44cc-b64d-06a5dce89c28.png_1ff81d10-7c73-402e-9b45-84f4125833d2.png,road_hump,train,30,Road hump,73,dataset_a_30_template_73,2,fb5c64a635ad4299a56ab92ad17c22f3e3cea24c7cc07fbcee46c3c36e5d07d9
30/30_original_73_original_73.png_edf7df40-570a-46c6-b6b0-3a3f37736635.png_1cec4da2-6132-4d94-8d0e-ad78de551990.png,road_hump,train,30,Road hump,73,dataset_a_30_template_73,2,4444834cdd78f98350995018f065b21b5c56a82054528cfa7d8775ddb1735e8b
30/30_original_73_original_73.png_ee809b7f-0663-4114-bc64-31c488e2ee73.png_ebbfba57-367f-4c52-8121-e913af3b614c.png,road_hump,train,30,Road hump,73,dataset_a_30_template_73,2,377bd5df88437060213b820b62b8543873923ce6fc39d269f79f32be6a16e05c
30/30_original_73_original_73.png_f6dc64be-14c9-4991-9a94-e695a70e6f52.png_ce9c799a-4f27-40cf-88e3-35153d6a1a16.png,road_hump,train,30,Road hump,73,dataset_a_30_template_73,2,154e1e63ee68f2acd45d798fa524b7be95d382e6b947820450ce419b04a39530
30/30_original_73_original_73.png_fbb2f030-45a6-41f5-8848-11da7fcd35ec.png_b30fb3a9-4dbe-4b8a-863b-a0d2d864201e.png,road_hump,train,30,Road hump,73,dataset_a_30_template_73,2,bf2fc6d249f52f29be769c29e0ed45c974ff1e3efeebcd20fff2af923b1249d3
30/30_original_73_original_73.png_fd1debc7-9602-4858-98d3-0b7e819f7670.png_cdd5a550-36f1-44ca-bafe-19541668423d.png,road_hump,train,30,Road hump,73,dataset_a_30_template_73,2,e1e2f231f3ea1292206d9c7e724de49607f03aad08401dcf3138f476e1f2f6d4
30/30_original_73_original_73.png_fd1debc7-9602-4858-98d3-0b7e819f7670.png_d3ea2af7-db6f-48ab-9ef0-96f34435974e.png,road_hump,train,30,Road hump,73,dataset_a_30_template_73,2,25dd6eb7b93a6b3e9ff9eb7b198790fcd7f005df6985d4153f29900485889fe4
30/73.png,road_hump,train,30,Road hump,73,dataset_a_30_template_73,0,5de3c9fbcba078b87eea08dafc50184c7c0de16b8e6cf5b1505d9706c5f0a9d5
30/73_original_73.png_03c56f1d-4547-4e89-8aab-a3de4d447e49.png,road_hump,train,30,Road hump,73,dataset_a_30_template_73,1,aba3a2e176d4883ae59a93bc242fae016d721cece5c0fcf2d6c47b7151c9ee50
30/73_original_73.png_07407c79-7784-4d17-b607-3f8cc926d6c6.png,road_hump,train,30,Road hump,73,dataset_a_30_template_73,1,13eb793e5670b4de63651875ef01b7b65217f18b37a5ab3f0c5135aaf625541f
30/73_original_73.png_0b2ae011-18ad-4fde-af05-cb0bb356b188.png,road_hump,train,30,Road hump,73,dataset_a_30_template_73,1,3da9d4c0a2dd740dbe8cd1c601edbc10a3a329c96c1a90ecb40092bfdfeab116
30/73_original_73.png_0bf9b322-dcfa-49fa-a628-fbcdff1f8914.png,road_hump,train,30,Road hump,73,dataset_a_30_template_73,1,f86fb279c2b2d34bd8da10f79c32abd720f557133b6a73d92671ff1321044507
30/73_original_73.png_10bd63f0-4bdf-43cc-8206-28b229c0124d.png,road_hump,train,30,Road hump,73,dataset_a_30_template_73,1,3286bc48d151b0a5cded6100cbea6da67fdc0e8f6a216cdb66c3cd0f89531e86
30/73_original_73.png_1109317b-d9ea-4825-8db9-2466a0fa530d.png,road_hump,train,30,Road hump,73,dataset_a_30_template_73,1,23daf806f147ddb472a5a89c356fe5599e30ef6f37002ba6dc73748aaa97ec3c
30/73_original_73.png_13a69756-fa9b-425a-86df-e5e069126a20.png,road_hump,train,30,Road hump,73,dataset_a_30_template_73,1,51aa7ccd91df927b627bf9eeabb47c18d7c6558cd8d2332cd6d78ecf0d9591b8
30/73_original_73.png_17ff6c67-391c-4cd2-96cd-34ce5a05d3b9.png,road_hump,train,30,Road hump,73,dataset_a_30_template_73,1,3bb7ca38051abe34264a4e0a24433718b77af38e4bb0983a52ad2f5839bc7f24
30/73_original_73.png_1a1e5cfa-602e-4b4b-8056-58d34b42ac2d.png,road_hump,train,30,Road hump,73,dataset_a_30_template_73,1,de17167b8c15ae9a3deff6be3ed478ad088284402063298c5a9e713c5688aafb
30/73_original_73.png_25216dd6-1a4f-447b-b94c-911019e1419a.png,road_hump,train,30,Road hump,73,dataset_a_30_template_73,1,6449976cee5ab3ba31a2b92a27e31627c052d981146804c2fb0a183702f1b75b
30/73_original_73.png_282d31f6-f917-46cc-866f-4c9632fafad7.png,road_hump,train,30,Road hump,73,dataset_a_30_template_73,1,0357a8a00b82897a90abeddd86de642d797535fbe235852f040474853bc65c07
30/73_original_73.png_29037edb-b968-465c-96a3-3b7ad1373ebb.png,road_hump,train,30,Road hump,73,dataset_a_30_template_73,1,a0ba2f0f40559932708bd4fb285526e8ce049f6a377b4e1ee66bbe84d2002679
30/73_original_73.png_2bfcb5ea-62d6-4a74-abaa-9f7939a479f6.png,road_hump,train,30,Road hump,73,dataset_a_30_template_73,1,6d899c06d303cda9b0633e9e2b4ec23d7dab03b2aab16d0243efc1c1ed765ba2
30/73_original_73.png_317a010e-0dd1-4acb-a301-65ba4c3fae41.png,road_hump,train,30,Road hump,73,dataset_a_30_template_73,1,ee89982a1738184a332d77725a2172d3d9c0eb024af18a9b5a9e0bc7ef3e7cb7
30/73_original_73.png_33d52100-748b-4aa0-88e5-3ec06d6b12df.png,road_hump,train,30,Road hump,73,dataset_a_30_template_73,1,5d14add5d9a702b0dc5c2a38b4980e1ebadbe63ec1c3343404f22344a3fe9460
30/73_original_73.png_34ce80ab-83eb-462c-b45d-105c37d44b22.png,road_hump,train,30,Road hump,73,dataset_a_30_template_73,1,762eca3f60865658fae7f9d4db77771d775207427405753f6806076d456c7fa1
30/73_original_73.png_3d73fce1-3cb4-42e5-9d60-ff5fb0f67e55.png,road_hump,train,30,Road hump,73,dataset_a_30_template_73,1,93fcf0bca6b3e7648163e49c2f8ea123b08c70286617f12dc917b1a01af183d2
30/73_original_73.png_3f00ba5a-6a5c-4411-be31-dd27850608c8.png,road_hump,train,30,Road hump,73,dataset_a_30_template_73,1,5de3c9fbcba078b87eea08dafc50184c7c0de16b8e6cf5b1505d9706c5f0a9d5
30/73_original_73.png_40eeca42-d97b-420e-a627-2414b5ff281b.png,road_hump,train,30,Road hump,73,dataset_a_30_template_73,1,e08ce585dc755370d0fdfe0213c309fc8ab18b791064183faf9bd138ddbbc3c2
30/73_original_73.png_429168cc-c596-46b9-a8f3-6bd1f6830734.png,road_hump,train,30,Road hump,73,dataset_a_30_template_73,1,b5d5b327d3caa62b3bccdd3abe60791648c6553c493234221eb339efaac2c761
30/73_original_73.png_4570b0f0-5ba0-459e-858c-fc89193de193.png,road_hump,train,30,Road hump,73,dataset_a_30_template_73,1,aff690dbbb9203ded6403e65885ef8c34125fce334ac3cdca0170454dc3f2424
30/73_original_73.png_48ecbdf9-a3f1-40d1-b81f-c9d49b9ae25a.png,road_hump,train,30,Road hump,73,dataset_a_30_template_73,1,961c409ac50e4cf2c9c3228b5747435ad6d8f68714a41d728a68232911866a15
30/73_original_73.png_4dde8185-c9f2-49e7-b70c-3596c01efe7c.png,road_hump,train,30,Road hump,73,dataset_a_30_template_73,1,6695a8f2c2f351112f6fcbec161415c855f6ee4921e89d5dd24317a30bdca201
30/73_original_73.png_4f03dbaa-7faf-4247-9fb6-d23bd2c8f898.png,road_hump,train,30,Road hump,73,dataset_a_30_template_73,1,277f4137742ce809ff59e7f49222822e8956fd3151caf2bb46f723e2ec4a2f5a
30/73_original_73.png_518e9b46-c7d5-4219-a6a0-4b4bde3af3e3.png,road_hump,train,30,Road hump,73,dataset_a_30_template_73,1,00a3e331cf6cbcfa68a456759c28a0081073505becbfb43520311b65c818e1d2
30/73_original_73.png_5aca6019-990b-4bfc-b10a-3dbe83e9f45c.png,road_hump,train,30,Road hump,73,dataset_a_30_template_73,1,58553c70a401658ac845f7df79da112510b0706470051ce2990d7e994c35f9b7
30/73_original_73.png_5e236100-f232-428f-a5ff-e253eadfce8a.png,road_hump,train,30,Road hump,73,dataset_a_30_template_73,1,89ed06158eddb49e8585609cea819eaa5707d03b4d2cc64633fa4d6c51a188ce
30/73_original_73.png_603a9c11-d4e7-4526-b257-a63da720c081.png,road_hump,train,30,Road hump,73,dataset_a_30_template_73,1,f0f358a230cb3049ef92735f1e93293d39b2dc712a95b93ad97ae47ee026dfae
30/73_original_73.png_603e825a-698d-44ea-8fd5-f42905995377.png,road_hump,train,30,Road hump,73,dataset_a_30_template_73,1,a5e1a11bfaedbe5bc297cfc992c4ac9b0fe28cdc56cffdc78a0079ba0ed79615
30/73_original_73.png_625f55cd-3ba7-4155-b5c2-b7ebf77495ac.png,road_hump,train,30,Road hump,73,dataset_a_30_template_73,1,b203827b79c8983f9af92e98f0b626d70aef784b7d8b3901d0ec4e6aafcca33b
30/73_original_73.png_6b32c454-d15c-47ec-91d3-f6efe6aa4806.png,road_hump,train,30,Road hump,73,dataset_a_30_template_73,1,67fe1e51acd31912a0995bdf21347463f71fa0d19ce641bd58c5bb003f4002aa
30/73_original_73.png_6d8f9bbf-f357-4303-9436-474512900f13.png,road_hump,train,30,Road hump,73,dataset_a_30_template_73,1,aeefc432f097d6af927267cf4e5a59e867349d5f1d15bb35e765047908a2ddc9
30/73_original_73.png_6f9ee987-f6dd-4545-ba94-9c818efd7e2e.png,road_hump,train,30,Road hump,73,dataset_a_30_template_73,1,0c2fc943d80f8f0c0efd3ab50677843cc01f66db3bae8d01120d8f625935e6bf
30/73_original_73.png_7028335c-c2a1-4fbb-907f-629782bed3a0.png,road_hump,train,30,Road hump,73,dataset_a_30_template_73,1,5c105fb9fc7d37de6b2ae7f8b4924477c9d85e924dd473d44cf3e0d26ff6c099
30/73_original_73.png_7157ff4c-1721-4849-afdd-fa974ee3e4d3.png,road_hump,train,30,Road hump,73,dataset_a_30_template_73,1,9c803d5448dc77b5f06ee46a9b8049ef3efe1efd04e3f0f2049158332fec9b93
30/73_original_73.png_75a7ce83-6990-437e-a527-37849622f1a9.png,road_hump,train,30,Road hump,73,dataset_a_30_template_73,1,2d1958ba639b1b7293efc8b5b521c5072cc288e2f858bf5ac6e1c93c96d7eac1
30/73_original_73.png_81f89630-c7a8-4b5e-a1b6-cefd2b8e4a87.png,road_hump,train,30,Road hump,73,dataset_a_30_template_73,1,fdf85036d370a87edfde1c352901b9303f76ebfc1a2e13628bbfa76b9f05524c
30/73_original_73.png_87666eb6-f886-45fe-bea8-96fa8ec100fb.png,road_hump,train,30,Road hump,73,dataset_a_30_template_73,1,14589fa5616115a2270122194a522683cd7bef4bb702cca98e367b209891e509
30/73_original_73.png_876a2025-3e3e-4fd9-ba0a-c87112fd1f03.png,road_hump,train,30,Road hump,73,dataset_a_30_template_73,1,e5d96ccb6e5db70798565b64945d7ba4b9fb92b918b5dd5a6e75808fe521d23c
30/73_original_73.png_8ae6daf7-c4f3-4f6e-8e11-1f28c5d610a3.png,road_hump,train,30,Road hump,73,dataset_a_30_template_73,1,9240283927cfca6f70f56e3616d803bbceca3fd56fe80620fdab4b92601d0689
30/73_original_73.png_8cd035ba-66d8-4e96-836f-98ffddc86562.png,road_hump,train,30,Road hump,73,dataset_a_30_template_73,1,b48bab070437ea3568f4abba2fc97441734adabf20874a979dda2013a3930e26
30/73_original_73.png_9201e44c-ab3b-45bb-8219-07b361fd53f8.png,road_hump,train,30,Road hump,73,dataset_a_30_template_73,1,d479877b9e2c70d534d5be435668066786126d6b553228ba7cd96c59e845d575
30/73_original_73.png_95f5c52c-e70a-434f-a9f7-b17ac7459b0d.png,road_hump,train,30,Road hump,73,dataset_a_30_template_73,1,0dd48921538e0c028fb9da2b68224e0877b40d6e0682c5f11c9058020cfee864
30/73_original_73.png_97aee87a-f100-4802-9dea-1f1f45a0dec8.png,road_hump,train,30,Road hump,73,dataset_a_30_template_73,1,4a8baac78f1b2618d2ce3e6ace3182ab7e997d28a65a30b8807075c220d1c049
30/73_original_73.png_9a82d58c-4ff9-45a5-837b-5279f4667cbb.png,road_hump,train,30,Road hump,73,dataset_a_30_template_73,1,7b6c23790819727476e636ee1405488738e8053ab47c061dd64028502fe28342
30/73_original_73.png_9f81ca66-19ed-4f49-9041-4c40dac4e78b.png,road_hump,train,30,Road hump,73,dataset_a_30_template_73,1,15b4ff5430915101792f40f37911d2e4a944de031dfa56e828a2fce33b29fb1f
30/73_original_73.png_9ff4325a-7529-4222-a66f-72602ebc4093.png,road_hump,train,30,Road hump,73,dataset_a_30_template_73,1,b2f54b080058ce9959a7c9483da19eea6b39e661451b565b70ce42ecaf43932f
30/73_original_73.png_a021bcb7-bbc7-4bd3-a46c-b4d5cc6b9b43.png,road_hump,train,30,Road hump,73,dataset_a_30_template_73,1,38783caaa5b12c0dac0186c707e0b6dd8bfc5541480bc0779c17b5236fa74723
30/73_original_73.png_a3a8e681-fb15-4dee-be3c-8e45bcbce65b.png,road_hump,train,30,Road hump,73,dataset_a_30_template_73,1,c93a67e312341ca7179246f0739948d554be534a42ffa5d98e438b858bf94938
30/73_original_73.png_a6689833-d5ae-4332-beb2-79eed4fc5831.png,road_hump,train,30,Road hump,73,dataset_a_30_template_73,1,1aab8e15f0fc8fbff135631c67a1f421e7fe2519aec8147cc07f3a3eca3205ab
30/73_original_73.png_a7cfffa5-9776-407e-a9ff-c53cc522a7ae.png,road_hump,train,30,Road hump,73,dataset_a_30_template_73,1,00c5123c713c2f2e0392bc2b9a2bef8a52659c5e353ec60dcdacd97b7a951b23
30/73_original_73.png_a7e2a127-079a-41ce-8a8a-6712d1f81964.png,road_hump,train,30,Road hump,73,dataset_a_30_template_73,1,48e60710cc292f478d2dc05b8e0bf40b2be3e24c0ab4abaaeed2c2322f152186
30/73_original_73.png_a8f194c5-efb8-4e42-b28d-b2f85cb94460.png,road_hump,train,30,Road hump,73,dataset_a_30_template_73,1,94a06d566ab0468fa78d6d29b75a6b63d788e955df3d0dd0f8e976462bd97b57
30/73_original_73.png_a98eecb5-c62f-4567-8048-ce0296f032e9.png,road_hump,train,30,Road hump,73,dataset_a_30_template_73,1,5de3c9fbcba078b87eea08dafc50184c7c0de16b8e6cf5b1505d9706c5f0a9d5
30/73_original_73.png_b447bed6-e1a9-4fe2-b489-e1546c210f4f.png,road_hump,train,30,Road hump,73,dataset_a_30_template_73,1,b9d2615e87c4028b2e8452b86d087b7e84ac94774abc09558a528c03bbbde5d1
30/73_original_73.png_b60c05e3-8c0e-4e42-8679-cadd7a31e9ee.png,road_hump,train,30,Road hump,73,dataset_a_30_template_73,1,2845f19f2e0271021819a3710adb781597d115594d4f07a25631810432a7c6d2
30/73_original_73.png_bf728cc4-25b2-42e0-834b-deb6c1a9bf2f.png,road_hump,train,30,Road hump,73,dataset_a_30_template_73,1,c40947310730a103c39fc6ff80e35ce7ec70f7bfa173484cd23e0094e214b6ab
30/73_original_73.png_bfdda3e8-749c-4863-ad81-5ffc60026058.png,road_hump,train,30,Road hump,73,dataset_a_30_template_73,1,23b3afc02c46d56edbef3d91b0415a673fa323c3856e6cac6cfca583282b5d9c
30/73_original_73.png_c0cc2dc1-7b6e-429e-8b55-1523dd881703.png,road_hump,train,30,Road hump,73,dataset_a_30_template_73,1,ce8a58370634fec3e2198bb3dfa07ffea56666ba57ff3d10b1f048231ab32357
30/73_original_73.png_c47fba7f-2d50-4f2e-a547-228ccb8a4e59.png,road_hump,train,30,Road hump,73,dataset_a_30_template_73,1,6d899c06d303cda9b0633e9e2b4ec23d7dab03b2aab16d0243efc1c1ed765ba2
30/73_original_73.png_c9f651aa-e591-4433-b10b-54ba8263ab24.png,road_hump,train,30,Road hump,73,dataset_a_30_template_73,1,6d899c06d303cda9b0633e9e2b4ec23d7dab03b2aab16d0243efc1c1ed765ba2
30/73_original_73.png_cabc4787-d4ee-42f6-a7e5-69d8712cfc81.png,road_hump,train,30,Road hump,73,dataset_a_30_template_73,1,67fe1e51acd31912a0995bdf21347463f71fa0d19ce641bd58c5bb003f4002aa
30/73_original_73.png_cd91024e-0fa3-4cf4-9b95-b46f22317d97.png,road_hump,train,30,Road hump,73,dataset_a_30_template_73,1,5de3c9fbcba078b87eea08dafc50184c7c0de16b8e6cf5b1505d9706c5f0a9d5
30/73_original_73.png_cee7f218-6f23-48c9-851f-ca0b0ed4ce5b.png,road_hump,train,30,Road hump,73,dataset_a_30_template_73,1,67fe1e51acd31912a0995bdf21347463f71fa0d19ce641bd58c5bb003f4002aa
30/73_original_73.png_cf585122-60af-4d82-9744-3244446f934c.png,road_hump,train,30,Road hump,73,dataset_a_30_template_73,1,62ab5ef515996efe65b753ad6cd71758071fda6d4434d11b3e975c3decc8b89b
30/73_original_73.png_d41ddd07-fd7b-45fa-9964-816041b867ec.png,road_hump,train,30,Road hump,73,dataset_a_30_template_73,1,fddb0c6de4ddb4c7fb50c3fbdf3c3ed40c2e2f4d11c99370a0e09ed72fd03d51
30/73_original_73.png_d784e1d0-ee6c-4e8f-9c39-22463c2ca850.png,road_hump,train,30,Road hump,73,dataset_a_30_template_73,1,a4fd154382b54e23998d9de9fd4766655975522ddf21a6c0d0c3105eeaf1798c
30/73_original_73.png_da21596c-0144-4027-ad30-b971b01ddc7b.png,road_hump,train,30,Road hump,73,dataset_a_30_template_73,1,ec318f411e81d2f1097d16429bf36416b09854a0fee8cf6308d86ec280840bee
30/73_original_73.png_daae8191-f638-43ec-9c4b-0a8a0fd28d83.png,road_hump,train,30,Road hump,73,dataset_a_30_template_73,1,5f88c045c6741859985e350833b87a41d1a6044c65a1c763d009cc7aeae2070c
30/73_original_73.png_db861dad-fec6-4beb-b34e-b5707fc6eeb8.png,road_hump,train,30,Road hump,73,dataset_a_30_template_73,1,f07bdb4c952d639d1a7a9dd3e79b22592214bbd3cff6431f39b7723538e07765
30/73_original_73.png_e4649645-6f7a-466a-93a5-ae5cbebf133c.png,road_hump,train,30,Road hump,73,dataset_a_30_template_73,1,9b9c3b850db1faf49f39d35a590ce10a51de69e53c87989724b9e9963e04161a
30/73_original_73.png_e7f1395c-eace-44f7-b88b-5c91c8e8430e.png,road_hump,train,30,Road hump,73,dataset_a_30_template_73,1,5de3c9fbcba078b87eea08dafc50184c7c0de16b8e6cf5b1505d9706c5f0a9d5
30/73_original_73.png_eb88d7d5-ba8d-41f1-b7fa-978026dceee4.png,road_hump,train,30,Road hump,73,dataset_a_30_template_73,1,69076246cec32f604ea7876a8489bc70efd34b574dcaff3ed2e6a2a776772888
30/73_original_73.png_ed0d92da-088e-44cc-b64d-06a5dce89c28.png,road_hump,train,30,Road hump,73,dataset_a_30_template_73,1,90eda1206bd83d92974f3b97a40110289fd4de64a0d822955e5d690812e87c49
30/73_original_73.png_edf7df40-570a-46c6-b6b0-3a3f37736635.png,road_hump,train,30,Road hump,73,dataset_a_30_template_73,1,c7a9f169ad1398242e0f665b8fbbe09e3b626530bf3e3fc3598096e32aec846a
30/73_original_73.png_ee809b7f-0663-4114-bc64-31c488e2ee73.png,road_hump,train,30,Road hump,73,dataset_a_30_template_73,1,0c4e96a929ae389705657ea0d161aaac773d126bed82a8a6ffe413ee17a359e0
30/73_original_73.png_f6dc64be-14c9-4991-9a94-e695a70e6f52.png,road_hump,train,30,Road hump,73,dataset_a_30_template_73,1,130eb82ece3e14e5089440685aef9d10815185bc4a48bcfc5efcd1780b964c3e
30/73_original_73.png_fbb2f030-45a6-41f5-8848-11da7fcd35ec.png,road_hump,train,30,Road hump,73,dataset_a_30_template_73,1,646ce3e1407599618ee107cb6e9bf593cc9191eeaf4fba35fccda3b51ec35072
30/73_original_73.png_fd1debc7-9602-4858-98d3-0b7e819f7670.png,road_hump,train,30,Road hump,73,dataset_a_30_template_73,1,99861e08bb15d849679598f8a88db1a908e8c6cbe2a1d84215b94f1ac4c70eaa
30/73_original_73.png_ff03d528-c00c-43b0-a2cb-364cb5fa05b0.png,road_hump,train,30,Road hump,73,dataset_a_30_template_73,1,ce8a58370634fec3e2198bb3dfa07ffea56666ba57ff3d10b1f048231ab32357
41/41_original_84.png_01fabffb-f3ed-4fbe-9c3d-205e24de7f82.png,y_junction,train,41,Y-junction,84,dataset_a_41_template_84,1,823226977b9d44b4d833804693974bd449d35fd37643ee02428be93175bcb9a2
41/41_original_84.png_561259bf-a172-4e55-a460-ccac49491b51.png,y_junction,train,41,Y-junction,84,dataset_a_41_template_84,1,ec1889d66d82b369c6e061804674071c75f22f3f84ac107bb4be13c4a7b397ae
41/41_original_84.png_ad60c0bb-ca65-4424-a10d-8a208f42122d.png,y_junction,train,41,Y-junction,84,dataset_a_41_template_84,1,25dc3b607af053508397ae8a7d1826c845cdf501eca5d3d122e117d3616bf128
41/41_original_84_original_84.png_01fe91e0-8541-4953-ab75-6242082d3f52.png_30ace685-b95c-462b-a4cd-26145cac3b99.png,y_junction,train,41,Y-junction,84,dataset_a_41_template_84,2,bc4fb99ba9ca486e4d39231d775165f5b4ce893ad2fac5ac174fa27dfb7d20e3
41/41_original_84_original_84.png_01fe91e0-8541-4953-ab75-6242082d3f52.png_7442b11b-11b7-468c-a19b-dab4069fed30.png,y_junction,train,41,Y-junction,84,dataset_a_41_template_84,2,d11b3abe3885ae7f0c577a32f5086539f4859ec7566afe1f691a44ba28a23fb0
41/41_original_84_original_84.png_01fe91e0-8541-4953-ab75-6242082d3f52.png_bb07a2de-3e2b-4b9e-b99a-76a6e37eb31e.png,y_junction,train,41,Y-junction,84,dataset_a_41_template_84,2,01672aea1893117e5378f8df37a1677876a9c3e7a615fe2e63d5e59c8a2a0b92
41/41_original_84_original_84.png_01fe91e0-8541-4953-ab75-6242082d3f52.png_d8b949a1-b1d6-4a2c-a5f3-d11afa389e00.png,y_junction,train,41,Y-junction,84,dataset_a_41_template_84,2,6cd804c910094c12de0b859e2b94845cdf8c7b0f61bb9becfb4d633199c56c3f
41/41_original_84_original_84.png_024f4f41-4bf0-448b-b8d9-5ec72876378b.png_44fc8099-5938-452a-80c6-51b16548e101.png,y_junction,train,41,Y-junction,84,dataset_a_41_template_84,2,b88f86c66efb24958e732e70f90441342c3e1df32726021a26e135251e3dae09
41/41_original_84_original_84.png_024f4f41-4bf0-448b-b8d9-5ec72876378b.png_56d24421-9970-46dc-aee0-6a75b0835d43.png,y_junction,train,41,Y-junction,84,dataset_a_41_template_84,2,7c0ef70e33b8a9050d0ba57fc8db43764e39be7a5e12f55e852e21b751200972
41/41_original_84_original_84.png_024f4f41-4bf0-448b-b8d9-5ec72876378b.png_b7eebf98-a0d7-459b-b1a2-eb5f5f9bac1b.png,y_junction,train,41,Y-junction,84,dataset_a_41_template_84,2,8ac2e86c5738b111b3727ba7ccbc414062e63c7f47715e3269f1f2710fd092f1
41/41_original_84_original_84.png_03b39dbd-573b-4249-90ff-8e636a015d6f.png_3afe4ca1-58b1-4ff3-8a6a-f2cb3fc3d6f8.png,y_junction,train,41,Y-junction,84,dataset_a_41_template_84,2,ea016024674f73b72efc7ffb63d17518e6b4507c246157b00db026c9f03120af
41/41_original_84_original_84.png_03e53963-7b43-4f89-b521-b7f99e8987fe.png_95dcbde4-5a86-41eb-80b3-21ae164c21b8.png,y_junction,train,41,Y-junction,84,dataset_a_41_template_84,2,b42fe6e0fa93ae0990c7806e3fa07f4c1727878aba9e6b5e34369d691e41b6b2
41/41_original_84_original_84.png_03e53963-7b43-4f89-b521-b7f99e8987fe.png_e9cc47eb-8409-417a-a908-00f89a127607.png,y_junction,train,41,Y-junction,84,dataset_a_41_template_84,2,3df4f2539ec29bd4288522bc019859598269f92a5f618e4f8558e12e6ba01d08
41/41_original_84_original_84.png_06956399-dd83-44bb-8589-190957c14c92.png_4be7bb48-eb8a-4363-8d16-aa6e172da878.png,y_junction,train,41,Y-junction,84,dataset_a_41_template_84,2,6fec1fa1f3d4191f46076671a49d47b5dd25c66f5c638c78e95ea1d30ed1be39
41/41_original_84_original_84.png_06956399-dd83-44bb-8589-190957c14c92.png_518ec617-b9bd-49bd-8872-eaa57ac20d9b.png,y_junction,train,41,Y-junction,84,dataset_a_41_template_84,2,3e1888bb6868cfef468c09a14cedb2f242b2810f332c19164a9fea74ae301045
41/41_original_84_original_84.png_0c605492-a66b-4c0d-a65e-8d37be9e0e39.png_bb33b6a9-28a8-4939-ab14-d84e13712853.png,y_junction,train,41,Y-junction,84,dataset_a_41_template_84,2,4cbecb5ac27360e57e5a3a820342670d81aabf1bf21a5b906c2601843d65e3bf
41/41_original_84_original_84.png_106c352a-6535-430d-b086-abcd0b0a6ec6.png_36c04702-9703-4cf7-ac7b-daf96561f294.png,y_junction,train,41,Y-junction,84,dataset_a_41_template_84,2,fe1afab8ebec0f05f5819122bfe95cf8b16839474635fc9a3071cd0f65b7c210
41/41_original_84_original_84.png_106c352a-6535-430d-b086-abcd0b0a6ec6.png_684c551b-1d03-4b8f-a9ba-acc8372bfaab.png,y_junction,train,41,Y-junction,84,dataset_a_41_template_84,2,fde042ac2f0eb2c03995605ed5b0a4c312c5980815cfe84fba08db3e4fd328c0
41/41_original_84_original_84.png_106c352a-6535-430d-b086-abcd0b0a6ec6.png_6e56253c-61be-48c3-a658-ef4382248eb4.png,y_junction,train,41,Y-junction,84,dataset_a_41_template_84,2,473740e3a328f52db16538ea89d205ce174d77035b2daf6400e02f352e6a69e4
41/41_original_84_original_84.png_10f99c02-eb5b-4b78-84ae-4154f13c2d31.png_1d3f26eb-f7dd-41a4-acf7-4f48a5ca1bf1.png,y_junction,train,41,Y-junction,84,dataset_a_41_template_84,2,9a468f98b4eb76c09a7a2409974c58d16f6a1b86afbf8e85cb445218911aec72
41/41_original_84_original_84.png_10f99c02-eb5b-4b78-84ae-4154f13c2d31.png_41ef1d58-870b-4bdc-9c55-9a771154cbea.png,y_junction,train,41,Y-junction,84,dataset_a_41_template_84,2,03232a63e24ad14960ad0fa144bce637e76c7705f502e29802b439d035b27d52
41/41_original_84_original_84.png_10f99c02-eb5b-4b78-84ae-4154f13c2d31.png_9ddded36-72b6-4f4b-ba14-885994dcfad3.png,y_junction,train,41,Y-junction,84,dataset_a_41_template_84,2,8aef40fc8365885c15859fcb8a65b2a4310bb006346506b65d5ecf6710effed3
41/41_original_84_original_84.png_137cd3cf-5e63-4ad9-ba34-7645f257df41.png_06dc8c93-7be1-423a-bab1-01fefde3f000.png,y_junction,train,41,Y-junction,84,dataset_a_41_template_84,2,3b19f82294cb896f3a4ad246894288eb06a08730df6702de4353b2294fd9b772
41/41_original_84_original_84.png_14ce999c-5d9f-4946-b3b8-fe18ef3bbc34.png_d4cbf5a6-5da7-4d27-a6c2-be3871f50c6a.png,y_junction,train,41,Y-junction,84,dataset_a_41_template_84,2,8e00b3a57f1aaee01ba22604cf7d2fc545896c3d04b2b0ceb791ec304a29e938
41/41_original_84_original_84.png_18d36bc7-fa08-4756-a557-82bc868bcfc2.png_4234274f-e590-458b-ae83-f2bb7287a177.png,y_junction,train,41,Y-junction,84,dataset_a_41_template_84,2,a4edde01880c89be80387c7609f053f2e1b9001701d63c536de7a64ff0cafba2
41/41_original_84_original_84.png_1c1f1d54-39ad-493a-8aac-60ebd0b3acb9.png_99368643-2e8e-4002-8d5a-d763b16e7d33.png,y_junction,train,41,Y-junction,84,dataset_a_41_template_84,2,bffa43d723ff2add9fd1b5b00e0a0c138046020388c861c60a1ae0ebd9895e52
41/41_original_84_original_84.png_241a4523-5eba-4482-86ec-6be845583574.png_16457c51-d215-46a2-8330-1bccfb002d0c.png,y_junction,train,41,Y-junction,84,dataset_a_41_template_84,2,1f28ac8cacf2bb9c6b061a77016a5eb50a5d19fde8c1b772613254f3d20fd36a
41/41_original_84_original_84.png_27c19d77-df19-4c6c-9745-576f0504f14e.png_bfa99a0c-7e7d-410a-a13e-007c00b47d3a.png,y_junction,train,41,Y-junction,84,dataset_a_41_template_84,2,731c650ac60254feb820098b103569d9161dc31e480cb46f2f29836594c5bb58
41/41_original_84_original_84.png_3095acd0-2832-4109-b357-379f5ca67378.png_aedc01ee-b1a1-4052-b305-60b56011bb0d.png,y_junction,train,41,Y-junction,84,dataset_a_41_template_84,2,0cfe05e2aa4a23a2a6bca75a9a11a7c096105e3bdb887ae6b5ef303104f021fe
41/41_original_84_original_84.png_386a4337-58df-4771-96f7-833dcbcdfc93.png_204d5c88-62ec-4e9e-ba9e-577c5b0e2c20.png,y_junction,train,41,Y-junction,84,dataset_a_41_template_84,2,4e6176bea462906c4500cb7cad0176b20d43baf2fcd73fe904c4c3e234c3efaa
41/41_original_84_original_84.png_386a4337-58df-4771-96f7-833dcbcdfc93.png_c635a074-497f-42d8-8c9e-7d622d248fff.png,y_junction,train,41,Y-junction,84,dataset_a_41_template_84,2,fd0908166c773c858408b9a9e518fefd06ca516cdf8cf910def67b5e7fce4252
41/41_original_84_original_84.png_386a4337-58df-4771-96f7-833dcbcdfc93.png_f650e695-5f6d-4e56-a3a9-d3974c4c60e0.png,y_junction,train,41,Y-junction,84,dataset_a_41_template_84,2,9f036a865e1d2b1e1ba09b1adaf6a82e318e9a5e7430187f3bac58a563ee6ff2
41/41_original_84_original_84.png_3a742bc5-b4ac-40ff-9cb1-f5e446332ad0.png_82735202-ebac-4f37-a00d-cb571ba6bb1a.png,y_junction,train,41,Y-junction,84,dataset_a_41_template_84,2,0f352863ca83013018a2514800d4cc1f0f37434949bb4bf5b882340a5ff02ad3
41/41_original_84_original_84.png_3a742bc5-b4ac-40ff-9cb1-f5e446332ad0.png_de3e6050-2e7c-4a66-9f67-35e328473b2f.png,y_junction,train,41,Y-junction,84,dataset_a_41_template_84,2,cb3a3a1cd1440f9dc04f2056c7cb2ecfd8b4e95bab356433478d98ca9584741f
41/41_original_84_original_84.png_3fb45419-c0d5-4ea9-9d37-bf71a13c3aee.png_24fdabea-dd03-440e-a02a-f3abce146fb0.png,y_junction,train,41,Y-junction,84,dataset_a_41_template_84,2,a384a6fe0de55216d3a686f4db5b720d96df7441a4b5a31d92433601c7313cc9
41/41_original_84_original_84.png_3fb45419-c0d5-4ea9-9d37-bf71a13c3aee.png_e365bb78-cfd6-451e-85d9-6e98eb9f8ef8.png,y_junction,train,41,Y-junction,84,dataset_a_41_template_84,2,5329fc5d4cc1396672601daf2831acd954e25b652a00b2e9665ea2a9bdd85380
41/41_original_84_original_84.png_408e50fb-f42c-4347-a28a-aa1713fd8564.png_321b5070-0a76-463d-af5b-7b56770b4dfe.png,y_junction,train,41,Y-junction,84,dataset_a_41_template_84,2,ddf2f68bd24b49054abecb71e22111d2c709bf72a3548152342b4e73241c49f2
41/41_original_84_original_84.png_408e50fb-f42c-4347-a28a-aa1713fd8564.png_95a3f621-fc3c-4407-a777-5bc3418f3df4.png,y_junction,train,41,Y-junction,84,dataset_a_41_template_84,2,58aa9de74fe5497c2cb92f431c656081358dcde1997f555793b0a4d1f1336d12
41/41_original_84_original_84.png_4a7142b1-d8b3-4ce5-9ec9-a2e5e0c15900.png_58ba9aae-b9df-4707-bf3d-450505c258c1.png,y_junction,train,41,Y-junction,84,dataset_a_41_template_84,2,cbba8fcda22bfbfd0e7f1b3b052cf71961ecfd085e4421ced11a884e8d531e5c
41/41_original_84_original_84.png_4a7142b1-d8b3-4ce5-9ec9-a2e5e0c15900.png_ecefbb07-f574-4117-862e-b773dbe0ef27.png,y_junction,train,41,Y-junction,84,dataset_a_41_template_84,2,20e23db856d00b13cb822976a844bf8c3c8238dcb46ff20a4ba7dc4880523255
41/41_original_84_original_84.png_53379ef7-666c-4ca5-94ef-74c7adbb8fb2.png_7e397650-562f-4827-87a5-e3fc09af30e0.png,y_junction,train,41,Y-junction,84,dataset_a_41_template_84,2,8fc79f5e2d71a3cf5cfd6c8f2ceea6f9eb529f647e7de97bd6a8b3f3f4e34274
41/41_original_84_original_84.png_589672e3-8fcb-48b5-8540-0f6755bf5f65.png_050bfe4d-8918-4bfa-ba22-e14f880cf00b.png,y_junction,train,41,Y-junction,84,dataset_a_41_template_84,2,b0918b9a3359867e7f4e7097e8fb2f6bc19a97796eb57c93fc15d1fe2bfc8757
41/41_original_84_original_84.png_6ce0a419-eb28-49d3-b54b-7f5cc8164dad.png_3bb0767e-72b0-4757-8d8b-8cb60172a729.png,y_junction,train,41,Y-junction,84,dataset_a_41_template_84,2,e454ea6546a6244c4a49dbb0707f3c4c190695725a631ed97b81cd759da7a821
41/41_original_84_original_84.png_6ce0a419-eb28-49d3-b54b-7f5cc8164dad.png_52fcc777-1150-49c2-97c2-112d73b73807.png,y_junction,train,41,Y-junction,84,dataset_a_41_template_84,2,1bdebd9e34810b2207182e138f78bf5f463b19b7a5c82d9ccec2743b598af592
41/41_original_84_original_84.png_709d5920-04c7-4303-b040-264826428f5c.png_6eb918f4-a99f-4a15-a886-4b54000a7098.png,y_junction,train,41,Y-junction,84,dataset_a_41_template_84,2,ffdcfd47370bec4d6ff70ac376b7ce128f23b40ac1c8baa0d5127d02c28785a0
41/41_original_84_original_84.png_709d5920-04c7-4303-b040-264826428f5c.png_d4156a23-0771-4459-880d-fb8b3809c1a1.png,y_junction,train,41,Y-junction,84,dataset_a_41_template_84,2,51a9da601c525af453b14d4361799cc036e8673cc3cf533c97cd223d1d6cdbb8
41/41_original_84_original_84.png_709d5920-04c7-4303-b040-264826428f5c.png_f30e59cf-a59a-494b-ba15-9fc77cf48918.png,y_junction,train,41,Y-junction,84,dataset_a_41_template_84,2,21d104f04ae9c796445250bf22e5ccdf467a30fabb35f7d5844199c3548f42ac
41/41_original_84_original_84.png_75d4102a-ec9d-49ac-a517-282f2730af78.png_a8897f19-104c-4eac-9561-0321bfb5fd34.png,y_junction,train,41,Y-junction,84,dataset_a_41_template_84,2,508a46327a94608c5a648be6c31aae9ad8700760d39261a4a9aebbe662ba915d
41/41_original_84_original_84.png_75d4102a-ec9d-49ac-a517-282f2730af78.png_ae2a433d-7c9a-403f-99f4-29dfae91dd94.png,y_junction,train,41,Y-junction,84,dataset_a_41_template_84,2,9eafd4a82d2999c4d24b24645b505f647a01825e777ef37d2fe2569245cb6bd8
41/41_original_84_original_84.png_75d4102a-ec9d-49ac-a517-282f2730af78.png_c8bf8656-258c-4734-aa0b-ee1e1408ce30.png,y_junction,train,41,Y-junction,84,dataset_a_41_template_84,2,47eaf8a52566cb6516bb6d9dcb850487a3f0387efba73a3f68b92e85bbd5f0f3
41/41_original_84_original_84.png_7fceb303-927f-4b27-84f8-d5dd084b0cc3.png_40b025c3-2b8e-4d04-8a8b-43b8e15a3a4f.png,y_junction,train,41,Y-junction,84,dataset_a_41_template_84,2,f63c6f6df721307f24e9d0653f56e1e8de244d7abde79c664b1f6aee19606f3f
41/41_original_84_original_84.png_7fceb303-927f-4b27-84f8-d5dd084b0cc3.png_e7765bfd-7747-4ddb-8ee0-878eeb82a11b.png,y_junction,train,41,Y-junction,84,dataset_a_41_template_84,2,dd503c97120bab50ec672d0b6fc1f98c06c2f8bbb7c84b01b3303de14173c43b
41/41_original_84_original_84.png_7fceb303-927f-4b27-84f8-d5dd084b0cc3.png_ee6009ec-b8e1-4b6a-9fdc-4fed90aa6c47.png,y_junction,train,41,Y-junction,84,dataset_a_41_template_84,2,15d2fcfa325120c86e82987ff94c7ae079fba00b2f96b89c7f4f01997fdacc08
41/41_original_84_original_84.png_81df5e56-975d-40c1-9373-30c578f060b1.png_8b86cab1-6f18-4e7a-a4a3-c6b2a23b42d2.png,y_junction,train,41,Y-junction,84,dataset_a_41_template_84,2,346396e5c8019597872be3974ea084dc641114bb4f1f83ab8b5da5d732f6b913
41/41_original_84_original_84.png_81df5e56-975d-40c1-9373-30c578f060b1.png_bf011a79-3fe6-44b1-8d3e-e99e7654794d.png,y_junction,train,41,Y-junction,84,dataset_a_41_template_84,2,3d172dcbf988fdf022fc3806c6e2aa9dc63902e4ba9b429db3a6733395d2707f
41/41_original_84_original_84.png_81f570bb-edc6-4e06-b2bd-53c0cc93a05d.png_be4c65d4-6be8-4956-a792-0f684c86903b.png,y_junction,train,41,Y-junction,84,dataset_a_41_template_84,2,6cfe23217aa77b52d99e9ad8366a442f4321e38b4e026ce5330499fd415ada93
41/41_original_84_original_84.png_850d323b-a154-49af-a094-aadd499c8770.png_34962403-df82-4e3b-8f63-e1a0dbf18f22.png,y_junction,train,41,Y-junction,84,dataset_a_41_template_84,2,9e2c8d6b211450a7be8f0b4271507e717da4796082ad6a93b033df61eb7b6b90
41/41_original_84_original_84.png_850d323b-a154-49af-a094-aadd499c8770.png_c2a8f82d-4a39-430d-b3a4-791c2833438d.png,y_junction,train,41,Y-junction,84,dataset_a_41_template_84,2,ad17087db942085595c5fa9083789f881bdc5aae04f31c7e9ae5233cf8d23adf
41/41_original_84_original_84.png_850d323b-a154-49af-a094-aadd499c8770.png_f295a399-cb23-4a2e-ad4d-c077ce134599.png,y_junction,train,41,Y-junction,84,dataset_a_41_template_84,2,89f6440d5250b3f9e7d5b1c527f25ccabc98ac560041b2ac6442a446e531a8a7
41/41_original_84_original_84.png_8687086b-e9bc-409e-b577-96453a440139.png_8d88dad7-3cf2-48c5-bcc6-b758d38d6d59.png,y_junction,train,41,Y-junction,84,dataset_a_41_template_84,2,bbcef8a15adc4aef54df8d41908caf150882d9b94722217774e84aa51bd4e8ea
41/41_original_84_original_84.png_8bb6c729-a7fe-410a-9980-aa71fed10480.png_058599c5-c4b3-43c3-9e4d-96b38530e38e.png,y_junction,train,41,Y-junction,84,dataset_a_41_template_84,2,1da6b9fed7e973400765be5e63b66c74eda665283679b66d78476475ce2174ec
41/41_original_84_original_84.png_8bb6c729-a7fe-410a-9980-aa71fed10480.png_cf19ce58-3b93-4fee-a6ef-e850071af8a1.png,y_junction,train,41,Y-junction,84,dataset_a_41_template_84,2,e45bf796458ba1b1b7bb6ed2a0bc0ee7e51c4980468ec100af91f80901400daa
41/41_original_84_original_84.png_8c31eef0-de3c-415a-9263-cf7c45e26f38.png_238484e3-ff31-4fd9-a5be-a277f34cd523.png,y_junction,train,41,Y-junction,84,dataset_a_41_template_84,2,9231b670bfc5e959d27395fb47ce0ffcb916d0b5dec1cc710425aece7c8266e4
41/41_original_84_original_84.png_8c31eef0-de3c-415a-9263-cf7c45e26f38.png_26d76d5d-ba5a-4acb-9af0-e2542aa47e77.png,y_junction,train,41,Y-junction,84,dataset_a_41_template_84,2,b04a64eb1795b5a1cb551f654671a491863f0adb518ce2888eb8518f5f534479
41/41_original_84_original_84.png_8c31eef0-de3c-415a-9263-cf7c45e26f38.png_b8a22b7f-83ae-433d-92c8-41778364839c.png,y_junction,train,41,Y-junction,84,dataset_a_41_template_84,2,930f8b79c8ce826eb0edbdf75214c05abb7fddfcfee7142001b6377879810904
41/41_original_84_original_84.png_9615ca34-5cc6-42d5-99d1-bd7b7f7490bd.png_85e7a8e3-dc89-4926-8a67-64b04d4fd966.png,y_junction,train,41,Y-junction,84,dataset_a_41_template_84,2,005289567ae4ce067263b51f04610e02d9516ce480430b960426c3140d1d8578
41/41_original_84_original_84.png_9615ca34-5cc6-42d5-99d1-bd7b7f7490bd.png_ed304b0c-4f4c-4468-9f0b-18fab6611f1d.png,y_junction,train,41,Y-junction,84,dataset_a_41_template_84,2,9ba02291d302d4faf28cad92fefaac78e9f96aa8f085a1be271a14ab1fd19a2b
41/41_original_84_original_84.png_a52bb7ed-28bf-4e0e-bef7-7b8463f54319.png_df437ece-4ffa-482f-a071-96dbdefa5ec5.png,y_junction,train,41,Y-junction,84,dataset_a_41_template_84,2,a7cbc3dca2bcfe49d3e60eb206980f83236544e26f51b7ef1dc5f9f1662da2d2
41/41_original_84_original_84.png_acf8aaf0-07cd-4f73-bf18-15874a0ae3d2.png_8cf71eb2-f9fe-4a9c-9f42-02cc825658f0.png,y_junction,train,41,Y-junction,84,dataset_a_41_template_84,2,a1651e8426395a5f48eb9849ad46a09118e9ef86865faed73643b56834c3ae52
41/41_original_84_original_84.png_acf8aaf0-07cd-4f73-bf18-15874a0ae3d2.png_926c778a-03c9-446f-a0a6-982b593f1bb1.png,y_junction,train,41,Y-junction,84,dataset_a_41_template_84,2,c6a75248973041a3e5ecd5e3a7cc3f48a077e23b051f1fb0c018c2d08e2552a4
41/41_original_84_original_84.png_acf8aaf0-07cd-4f73-bf18-15874a0ae3d2.png_9a344924-1717-4632-a592-d2d932be2d55.png,y_junction,train,41,Y-junction,84,dataset_a_41_template_84,2,955640f7352481fc88a1d557a850f408a7615680e717451cbfb9d459cefdfdb2
41/41_original_84_original_84.png_addd16d8-f70f-4c65-8746-9ea0547e0884.png_1edf00da-e868-46eb-9e22-d1cae8c3ec76.png,y_junction,train,41,Y-junction,84,dataset_a_41_template_84,2,6d13ea2823416e08bd222f6bea5aba807196ab87571c28ddf5bea6bbe2edd413
41/41_original_84_original_84.png_addd16d8-f70f-4c65-8746-9ea0547e0884.png_a25f5a0c-74b0-426f-979b-ff2b6d57850a.png,y_junction,train,41,Y-junction,84,dataset_a_41_template_84,2,7011cddf67144acb613d8be8637ef64b0c4c55ea0fa649e9f496f7d575fcdf3e
41/41_original_84_original_84.png_aedaf194-036c-4cf5-8a09-6c83bb4aede8.png_24fb6e30-0f70-4833-af1f-d9d642bc26a3.png,y_junction,train,41,Y-junction,84,dataset_a_41_template_84,2,799805484ca69ca9a44582c574b7f523c1f686f5bbb8076b6beb369ee428c9cb
41/41_original_84_original_84.png_aedaf194-036c-4cf5-8a09-6c83bb4aede8.png_41c20bb6-3228-4014-b651-53c826996070.png,y_junction,train,41,Y-junction,84,dataset_a_41_template_84,2,154486f5c468dfff3042793231820c3bf705d9a9aa847005dcbe8029b6d97a43
41/41_original_84_original_84.png_b1f34aef-b296-45e0-b5a9-4b202178daf6.png_a7650093-c756-4e94-8aea-0c3a31259ace.png,y_junction,train,41,Y-junction,84,dataset_a_41_template_84,2,fde042ac2f0eb2c03995605ed5b0a4c312c5980815cfe84fba08db3e4fd328c0
41/41_original_84_original_84.png_b3db2588-6a42-45a5-a1fc-54f4fc60d1bc.png_fccfa123-296a-4738-aaed-d8182dc36790.png,y_junction,train,41,Y-junction,84,dataset_a_41_template_84,2,fde042ac2f0eb2c03995605ed5b0a4c312c5980815cfe84fba08db3e4fd328c0
41/41_original_84_original_84.png_b55ab92b-cf8b-4ebc-b3c5-458d71983c60.png_cc4e2e85-eeaa-4872-9c8d-8e0f0c68b7cf.png,y_junction,train,41,Y-junction,84,dataset_a_41_template_84,2,2ca77eccfeac5317549c252fe0b4898623329cb5fb10fd65335d41c33fdf9e58
41/41_original_84_original_84.png_b599e3c3-da49-46d3-abd3-dffc884c7daa.png_8e1eab4e-c6d6-4c29-9615-9460867e968d.png,y_junction,train,41,Y-junction,84,dataset_a_41_template_84,2,8e8884ed460d231757fc9d961d52947b3beb519a367363410c18c4dedf5a416b
41/41_original_84_original_84.png_b599e3c3-da49-46d3-abd3-dffc884c7daa.png_dc0a0a2b-a1ea-4f75-9079-be409391ed89.png,y_junction,train,41,Y-junction,84,dataset_a_41_template_84,2,77aad2b22892eb4a74c43c1affe4bb4c2cb0f6d29d2dc21b8b339791949d2c64
41/41_original_84_original_84.png_bbbf400f-058f-46c0-86f4-61af27b306c5.png_45ffa143-1fbc-4bea-926c-447aa3a0197f.png,y_junction,train,41,Y-junction,84,dataset_a_41_template_84,2,4e2dd1f3c6d65cbd9236a2d9c00310153cfb81b0a42b05bfed0431382394214a
41/41_original_84_original_84.png_bbbf400f-058f-46c0-86f4-61af27b306c5.png_a438a637-737e-4bb6-9b4f-40677e50f2c4.png,y_junction,train,41,Y-junction,84,dataset_a_41_template_84,2,25dc3b607af053508397ae8a7d1826c845cdf501eca5d3d122e117d3616bf128
41/41_original_84_original_84.png_bbbf400f-058f-46c0-86f4-61af27b306c5.png_f549cc8a-0737-4ddb-b4c6-45cf145802da.png,y_junction,train,41,Y-junction,84,dataset_a_41_template_84,2,2c3efe4af2fa977f9c76042934f5ae4aeb6bdee5c8f3cc18e0cb9799f7a8bf6b
41/41_original_84_original_84.png_c0b9b732-4b14-4f8c-8e0e-a1c21e4036f3.png_4d8aa312-37c1-456b-8c8f-da976619b487.png,y_junction,train,41,Y-junction,84,dataset_a_41_template_84,2,eb03d504583382c2a3b178e7b381473cf27e53aeb96b1f2aae7d74f16f42fdd7
41/41_original_84_original_84.png_c0b9b732-4b14-4f8c-8e0e-a1c21e4036f3.png_cfd97d75-484a-4d4c-b644-bba0aaf658eb.png,y_junction,train,41,Y-junction,84,dataset_a_41_template_84,2,2b4ab256d5336a1555e8e21ad62fa52e507cb5be2459876362fe1b0635d4a7a2
41/41_original_84_original_84.png_c17e54a8-6f07-4858-9fa4-a00dbcd05115.png_21e70fa0-e1dc-42cf-9038-dcdaaf239b98.png,y_junction,train,41,Y-junction,84,dataset_a_41_template_84,2,d29d873c06a9775cb503722d2c6955d892bfec4cd6f90a8e788f107a5c2355c8
41/41_original_84_original_84.png_c35db962-76b5-42ee-91d7-ae9fc82d3767.png_47d3e3f3-0d41-4353-b7db-686ff90043b8.png,y_junction,train,41,Y-junction,84,dataset_a_41_template_84,2,0ab5b5a8435fef60ffbb13e51b5a9c59f8fee16b2fe8ebf7139b2d3c3e567c70
41/41_original_84_original_84.png_c5e924c9-e5f4-40e1-8027-3ec80c1e9659.png_a9b4e1df-a405-4ed1-aa0b-4744133a304a.png,y_junction,train,41,Y-junction,84,dataset_a_41_template_84,2,75eb42660eeb289e9af8b15d84447092dd0bac11ab4505eb901544c4f478e2d2
41/41_original_84_original_84.png_c94206ea-0ed1-4d5f-b529-0b83e4b37291.png_1440c243-062e-450a-8280-56ffb0f71e75.png,y_junction,train,41,Y-junction,84,dataset_a_41_template_84,2,3e2457124296cda1c316cf034284c4ec56ae0c41e0bf0abdfe30406b77589a18
41/41_original_84_original_84.png_c94206ea-0ed1-4d5f-b529-0b83e4b37291.png_8d428a62-3cbc-46cd-807b-89ad31cc6a76.png,y_junction,train,41,Y-junction,84,dataset_a_41_template_84,2,3bff67a0d21e2531e2ff6cd39827e5bc16241382dba2d326870f6d76dac04a40
41/41_original_84_original_84.png_c94206ea-0ed1-4d5f-b529-0b83e4b37291.png_e9e80a71-f3b2-4a8c-b4b3-8426fbe94558.png,y_junction,train,41,Y-junction,84,dataset_a_41_template_84,2,3a1a110165658ed6edaa8a8777d74d2470d74471e89e596cdc6012bee1439d41
41/41_original_84_original_84.png_cab61fe0-c69c-4cd9-90aa-5bce5ed41ea6.png_b2ead2a9-1c5e-4785-97fd-43f19d3d5ea5.png,y_junction,train,41,Y-junction,84,dataset_a_41_template_84,2,4c8334db9af70135053bfaa2d5e20ea03dbfb2c8be58f443642988a2033a6afa
41/41_original_84_original_84.png_cab61fe0-c69c-4cd9-90aa-5bce5ed41ea6.png_f2164e10-ce06-4724-8fec-80e1ea5de7af.png,y_junction,train,41,Y-junction,84,dataset_a_41_template_84,2,9fa7b40c9f9564f7bd2580f128653d032728ab774a5a917b7e791ef234447a60
41/41_original_84_original_84.png_d644fec3-a0b2-40ba-bf4a-e7eedce04284.png_735d5b1d-43a7-4499-ac17-d9eba0c7d68d.png,y_junction,train,41,Y-junction,84,dataset_a_41_template_84,2,66818cd5db6e43ca5ca66ceec7d6f97dbad1b6640f791271542fcff07ea7664e
41/41_original_84_original_84.png_d644fec3-a0b2-40ba-bf4a-e7eedce04284.png_829ff8eb-f58f-40a6-8089-8eb72a0f7980.png,y_junction,train,41,Y-junction,84,dataset_a_41_template_84,2,7c749bc5fd87afefe4196e975f386d15e82d79eb36c559835fafce9398a452b3
41/41_original_84_original_84.png_d644fec3-a0b2-40ba-bf4a-e7eedce04284.png_b0de8481-5c14-4ade-a851-ebf88496d702.png,y_junction,train,41,Y-junction,84,dataset_a_41_template_84,2,e7141c506d6c62c0a3ebaf97b632f5b86a8eff0a991f8acc29ed1f02607aedae
41/41_original_84_original_84.png_d7e69710-93e0-4f7c-8947-9ab1788b0c07.png_522ed2f4-9dd2-4728-bd22-421075a7bf49.png,y_junction,train,41,Y-junction,84,dataset_a_41_template_84,2,7ca70ce89ce55f3b0d35a1b44520e9c8b782341b7289e423017d48db011561fd
41/41_original_84_original_84.png_d7e69710-93e0-4f7c-8947-9ab1788b0c07.png_968e35b0-7cff-4d2f-b6e6-ef6eb4d38023.png,y_junction,train,41,Y-junction,84,dataset_a_41_template_84,2,fde042ac2f0eb2c03995605ed5b0a4c312c5980815cfe84fba08db3e4fd328c0
41/41_original_84_original_84.png_d7e69710-93e0-4f7c-8947-9ab1788b0c07.png_9e1acf69-43b6-46a9-ba7d-838bf070b7a8.png,y_junction,train,41,Y-junction,84,dataset_a_41_template_84,2,c06b748ca0778528035f961cdc938ef59bcce001482110c6f0aa2e643d34d88b
41/41_original_84_original_84.png_d88ea270-2fda-4731-a528-77d1ea10a44f.png_4eef9232-d60f-4f52-b610-a004945c3d05.png,y_junction,train,41,Y-junction,84,dataset_a_41_template_84,2,42d5f70c4f49146922a7e6523092cd8e88d5a67f8f65fd6457013e0cf106feb5
41/41_original_84_original_84.png_d88ea270-2fda-4731-a528-77d1ea10a44f.png_5da0cd2e-e7f3-4b9c-8ddf-5c74163b7457.png,y_junction,train,41,Y-junction,84,dataset_a_41_template_84,2,9b8a9a366ca0ed11724af6bb9bb0ff29af34d136d47e54f202e5f29c46a42553
41/41_original_84_original_84.png_dc76894c-8bf9-41f0-87ed-3345ab072edb.png_29f687cc-efd7-4ee1-a7f9-d31fadf4dc05.png,y_junction,train,41,Y-junction,84,dataset_a_41_template_84,2,4d61137c17f1e13f0c39205b388d941abf36b9b015d0a437ee5dd7e3f0590235
41/41_original_84_original_84.png_e594341e-f9f1-4c03-8f4b-c630538e6a82.png_df7f88eb-9403-4f93-bf84-70c6bbbf270d.png,y_junction,train,41,Y-junction,84,dataset_a_41_template_84,2,1eba3fc49903f5df6876d4aadffb876021f3fa7c59cc2e8ef8e2b534da70c415
41/41_original_84_original_84.png_e594341e-f9f1-4c03-8f4b-c630538e6a82.png_f4b3991d-4bfc-45c9-8520-86ecd80ee8af.png,y_junction,train,41,Y-junction,84,dataset_a_41_template_84,2,ab84dcb77e82cd7c400f32197452040ca7c5d83f6cfd305dcc305d397d465c08
41/41_original_84_original_84.png_e88e0090-ee08-4b65-a5f5-f1d575793b29.png_2e02b42e-f5d3-4be9-9bc5-4ce598798644.png,y_junction,train,41,Y-junction,84,dataset_a_41_template_84,2,74333ad69c86c04298dc4234d432049e7e5ff74af680470847712c5554f5b58b
41/41_original_84_original_84.png_e88e0090-ee08-4b65-a5f5-f1d575793b29.png_7294584d-a205-44bf-83c1-5c7584f28faf.png,y_junction,train,41,Y-junction,84,dataset_a_41_template_84,2,186a8905929bec6062e8a0bd0df29b617c6419d71e784a1f39bd2fb9f340d4d8
41/41_original_84_original_84.png_e8b5a5ff-bb08-416c-8b38-91bd07552171.png_b25674b8-5f66-4c61-b9db-535eddc0728e.png,y_junction,train,41,Y-junction,84,dataset_a_41_template_84,2,27e23dab0f2616d49b793add1c58517496fa740ebfba7e460b201b99ce78fae6
41/41_original_84_original_84.png_e8b5a5ff-bb08-416c-8b38-91bd07552171.png_c1849def-64de-4f4c-a6f5-26f6297fbc5c.png,y_junction,train,41,Y-junction,84,dataset_a_41_template_84,2,b4069e1dbbdc395f2bf976f9db883b9097fa46721a2cfaa3d725dbd738a232ca
41/41_original_84_original_84.png_f0cea645-c988-48e8-b37b-2c371b1970ac.png_093baae1-0499-464d-b494-f8c47e8ac307.png,y_junction,train,41,Y-junction,84,dataset_a_41_template_84,2,01c8dc4017a44017f232a13dc251a48a274bc3bdca974c0fdf4833ac339d5c1e
41/41_original_84_original_84.png_f0cea645-c988-48e8-b37b-2c371b1970ac.png_33b1779c-0c4b-4e7e-8d84-c9fe5cff73d6.png,y_junction,train,41,Y-junction,84,dataset_a_41_template_84,2,c3c396ee97a5bc896509317769ff1e0735143626afb8c4bac35a870dbe86ac1c
41/41_original_84_original_84.png_f0cea645-c988-48e8-b37b-2c371b1970ac.png_5b871be3-2637-4bdf-8110-00b684989886.png,y_junction,train,41,Y-junction,84,dataset_a_41_template_84,2,4d21f72c80869915dfa7ae5c5398e64f3c383981d567f043fc08dd4e81e8c02a
41/41_original_84_original_84.png_f0cea645-c988-48e8-b37b-2c371b1970ac.png_9e18f474-673f-46a7-a1fa-22f1a199bba5.png,y_junction,train,41,Y-junction,84,dataset_a_41_template_84,2,fbfc3a75c992a1ae5ee0f6f9d949574771d0bc9cc489601de41816248f213411
41/41_original_84_original_84.png_f0cea645-c988-48e8-b37b-2c371b1970ac.png_c8e53189-065a-41d2-a3a0-4d00bcc9c0a9.png,y_junction,train,41,Y-junction,84,dataset_a_41_template_84,2,22cecb35ba9cd56ff39fa72b9aa94f105a3891aba86cb50a5c78985f0fcd88c3
41/41_original_84_original_84.png_f32c2405-d232-4a9b-abdd-ff4a74d49794.png_301fa924-283f-4c48-b9f0-63677292ed9c.png,y_junction,train,41,Y-junction,84,dataset_a_41_template_84,2,5abf226106ef99af118db568ec4fd725840eced1e78aedf9fd143d9b248254aa
41/41_original_84_original_84.png_f32c2405-d232-4a9b-abdd-ff4a74d49794.png_43ad2990-1509-4526-8adc-fe550fc68f1f.png,y_junction,train,41,Y-junction,84,dataset_a_41_template_84,2,23e93718bfbe6a5b0fc4bffd02df2a1a5587cfdadb1e10ba4133bede51835f5b
41/41_original_84_original_84.png_fa61a9c4-6123-43fb-9e15-6a995af1aa71.png_0174270b-0426-4f5e-82c7-8a3733622ce9.png,y_junction,train,41,Y-junction,84,dataset_a_41_template_84,2,18aa6d01ebf16f86b5120fca3d47ca13833400246430cbe17eca6c08c781db2a
41/41_original_84_original_84.png_ff93bfe2-19d5-4441-93d5-44d719ecc35d.png_7e647824-9349-4879-b4b3-392216c885df.png,y_junction,train,41,Y-junction,84,dataset_a_41_template_84,2,845fd9f7614d9fae00f67a60277c5046c43bcf6b04292658dbf760f4fc4cff69
41/41_original_84_original_84.png_ff93bfe2-19d5-4441-93d5-44d719ecc35d.png_8d6086ee-251c-429a-ad41-d235b01adee5.png,y_junction,train,41,Y-junction,84,dataset_a_41_template_84,2,4f0d28ace2c1b6a1a5466a4ec1e34c428e64e6bebdbfece688e9a4c6ef74f886
41/41_original_84_original_84.png_ff93bfe2-19d5-4441-93d5-44d719ecc35d.png_c4f33ed2-33a0-4c76-bbe6-897ee3a23f99.png,y_junction,train,41,Y-junction,84,dataset_a_41_template_84,2,507c0ab32708e2cfdedb9449245df2dc49469ba277d78256f009dc1ab5879763
41/41_original_84_original_84.png_ff93bfe2-19d5-4441-93d5-44d719ecc35d.png_df666663-4cb8-41a6-86ce-caacd68cf4d5.png,y_junction,train,41,Y-junction,84,dataset_a_41_template_84,2,a98253446f91d589d5bda4a88c19b751d1641306f369888dd86415a3d757e67b
41/84.png,y_junction,train,41,Y-junction,84,dataset_a_41_template_84,0,d9534ff4cf4ece7681a288d610cc69044c6909f200becb3f0db687d348bd56a8
41/84_original_84.png_01fe91e0-8541-4953-ab75-6242082d3f52.png,y_junction,train,41,Y-junction,84,dataset_a_41_template_84,1,5b0a7d9ca5d4302d81c0ee92fd710d422e814da8062c276fa8ee2d1ef5407552
41/84_original_84.png_024f4f41-4bf0-448b-b8d9-5ec72876378b.png,y_junction,train,41,Y-junction,84,dataset_a_41_template_84,1,0bfa15835d55a8afb7f60ea75103cea15135553c25ee1fa090cdde79e65ddad9
41/84_original_84.png_03b39dbd-573b-4249-90ff-8e636a015d6f.png,y_junction,train,41,Y-junction,84,dataset_a_41_template_84,1,6d3311adba9e48fe8091d5a2593148a186b13ccc967e9f689fa4600b6f6b791d
41/84_original_84.png_03e53963-7b43-4f89-b521-b7f99e8987fe.png,y_junction,train,41,Y-junction,84,dataset_a_41_template_84,1,ab0737da511fc4808bbf2d6bd1badad2c0e0a27928dbb8cf619d0a7d6b3fa280
41/84_original_84.png_06956399-dd83-44bb-8589-190957c14c92.png,y_junction,train,41,Y-junction,84,dataset_a_41_template_84,1,175783705fadb2ed394d09add945d5442345642addcdbd924dafc05425c744f3
41/84_original_84.png_0976fd43-def5-4e7f-b7bf-0ccb0899a5c7.png,y_junction,train,41,Y-junction,84,dataset_a_41_template_84,1,acc819522bbd3f7593f01e874c597faa49fef142c329db232ece640c97bcb27c
41/84_original_84.png_0ace01e2-df4d-4d0e-998d-306dde3d585a.png,y_junction,train,41,Y-junction,84,dataset_a_41_template_84,1,c9abb489a250a7e8324102fa610f167330f4d0762883390b690ff942f8e4bfae
41/84_original_84.png_0c605492-a66b-4c0d-a65e-8d37be9e0e39.png,y_junction,train,41,Y-junction,84,dataset_a_41_template_84,1,d9534ff4cf4ece7681a288d610cc69044c6909f200becb3f0db687d348bd56a8
41/84_original_84.png_0f76b0ac-ac62-4a99-a3c4-6fa128b2af6b.png,y_junction,train,41,Y-junction,84,dataset_a_41_template_84,1,28c770840a3a7f955dd0b9206b04194e32dabf54663bdf45874cfee9f2e13c8c
41/84_original_84.png_106c352a-6535-430d-b086-abcd0b0a6ec6.png,y_junction,train,41,Y-junction,84,dataset_a_41_template_84,1,1a4956621501995aeb19736472a3bb07130436bebeb59bf8614ce2d830e60b64
41/84_original_84.png_10f99c02-eb5b-4b78-84ae-4154f13c2d31.png,y_junction,train,41,Y-junction,84,dataset_a_41_template_84,1,bfdc7fee9ecb17def76791f02916ecdf6cd6f44096f9e9096f6b952300b2b252
41/84_original_84.png_137cd3cf-5e63-4ad9-ba34-7645f257df41.png,y_junction,train,41,Y-junction,84,dataset_a_41_template_84,1,6ad19f48db6b7c707787ff106025d3279a8d5c7786c2287ba5f5e25ee3dc3368
41/84_original_84.png_14ce999c-5d9f-4946-b3b8-fe18ef3bbc34.png,y_junction,train,41,Y-junction,84,dataset_a_41_template_84,1,b688cb896ae4290e66d61cb248421c14e13d86c77cad667608a27059d30313a5
41/84_original_84.png_18963d78-b37c-45ff-a557-48a1adb6cb03.png,y_junction,train,41,Y-junction,84,dataset_a_41_template_84,1,287d6de676fcf95064b739f312501d1e96874289c73a23a8cacef2a351d1d5e2
41/84_original_84.png_18d36bc7-fa08-4756-a557-82bc868bcfc2.png,y_junction,train,41,Y-junction,84,dataset_a_41_template_84,1,f65170f465a1fb39ef43c7b154eaf0b43a5c1ded5c0d2e1cec18241d811abfa5
41/84_original_84.png_1c1f1d54-39ad-493a-8aac-60ebd0b3acb9.png,y_junction,train,41,Y-junction,84,dataset_a_41_template_84,1,28e69c59615007710408acae0aa292d0d7363b52bef931bdad05ff214aad0453
41/84_original_84.png_222596fd-8c1c-49cf-9620-1c64ba0aff88.png,y_junction,train,41,Y-junction,84,dataset_a_41_template_84,1,4075364e62c20b30a68a4b618313c8d51358cdf9cfbd9d30097b96183ab93f9b
41/84_original_84.png_228a0694-1f69-4a2e-a2be-f9a7f155ba3f.png,y_junction,train,41,Y-junction,84,dataset_a_41_template_84,1,b1f27d5ae6d1ea416ff8978a02e01286e28e619e7bb7957d9f085f236ece0292
41/84_original_84.png_241a4523-5eba-4482-86ec-6be845583574.png,y_junction,train,41,Y-junction,84,dataset_a_41_template_84,1,6d3311adba9e48fe8091d5a2593148a186b13ccc967e9f689fa4600b6f6b791d
41/84_original_84.png_27c19d77-df19-4c6c-9745-576f0504f14e.png,y_junction,train,41,Y-junction,84,dataset_a_41_template_84,1,6339f63325dd939c29db4304795e326cbd68d9a5341792179fab65f19dbed33f
41/84_original_84.png_3095acd0-2832-4109-b357-379f5ca67378.png,y_junction,train,41,Y-junction,84,dataset_a_41_template_84,1,4c179bb7ad9a0f19723da526ce4425cac95a6906294c7934514e9b155b6ec2b3
41/84_original_84.png_34b1d750-8332-41a4-9868-fb3acc197e28.png,y_junction,train,41,Y-junction,84,dataset_a_41_template_84,1,8b0ace21b5bf169ca58dfe46aae72038fbe611fab4347e9dcc3f73de9679c185
41/84_original_84.png_386a4337-58df-4771-96f7-833dcbcdfc93.png,y_junction,train,41,Y-junction,84,dataset_a_41_template_84,1,602a16d4f12825131d285ac8c442c2625d431897699d6765a948221f39ce6a03
41/84_original_84.png_3a742bc5-b4ac-40ff-9cb1-f5e446332ad0.png,y_junction,train,41,Y-junction,84,dataset_a_41_template_84,1,fdd8622196f9f2d206ee544b8e4914bdeda4a6cf5037f0a39e5284a6215faf13
41/84_original_84.png_3fb45419-c0d5-4ea9-9d37-bf71a13c3aee.png,y_junction,train,41,Y-junction,84,dataset_a_41_template_84,1,261865db409bae8674fc7cc8abdd9e8a8589dbb296a449a7d56ef60bda81728e
41/84_original_84.png_3fecdb90-61c5-4faf-9826-c36de4f86a33.png,y_junction,train,41,Y-junction,84,dataset_a_41_template_84,1,19901ed5cbabaa014d1f65bcde94cce312a91dbe4849ab34dcaa769898df3966
41/84_original_84.png_408e50fb-f42c-4347-a28a-aa1713fd8564.png,y_junction,train,41,Y-junction,84,dataset_a_41_template_84,1,97d13b9971883da81f35108e222932e788941b3a4ac2fae96915138b06256534
41/84_original_84.png_4499b915-420a-4092-b071-9d5e6900feff.png,y_junction,train,41,Y-junction,84,dataset_a_41_template_84,1,4075364e62c20b30a68a4b618313c8d51358cdf9cfbd9d30097b96183ab93f9b
41/84_original_84.png_48ed27f8-d445-44d3-9afb-06c6eaa1bdce.png,y_junction,train,41,Y-junction,84,dataset_a_41_template_84,1,50cf72f2a79e7303662c6d75e110bcfc8d2d81ffc9813d72182450744705187f
41/84_original_84.png_4a7142b1-d8b3-4ce5-9ec9-a2e5e0c15900.png,y_junction,train,41,Y-junction,84,dataset_a_41_template_84,1,ad3784ae5ca35ac559b54d8106f86d2da35cf12d3acc34a623050a79b8e45589
41/84_original_84.png_53379ef7-666c-4ca5-94ef-74c7adbb8fb2.png,y_junction,train,41,Y-junction,84,dataset_a_41_template_84,1,840eb89f4ffc99ea7b19ae94634e20fa411ad09944e33fd8ee59d6994e2a68f8
41/84_original_84.png_589672e3-8fcb-48b5-8540-0f6755bf5f65.png,y_junction,train,41,Y-junction,84,dataset_a_41_template_84,1,10acd70492a56aeec2f82804594467bb2213756bd5ef5e3414d8172d5dc9eb2a
41/84_original_84.png_6ce0a419-eb28-49d3-b54b-7f5cc8164dad.png,y_junction,train,41,Y-junction,84,dataset_a_41_template_84,1,bde9e51fa8cdd65fe3ee301f01c1a90a4a0d9bb11ceaea8cdc266a05810bcb72
41/84_original_84.png_709d5920-04c7-4303-b040-264826428f5c.png,y_junction,train,41,Y-junction,84,dataset_a_41_template_84,1,7deffb368c79001be94dd3085020ba5c9479c5042f204ad353fca3781ac498b6
41/84_original_84.png_75d4102a-ec9d-49ac-a517-282f2730af78.png,y_junction,train,41,Y-junction,84,dataset_a_41_template_84,1,c633e02378a7b54302dad27fe47b17aef86dc77db5d1be11779b52c0edb83078
41/84_original_84.png_7e7c2b3b-1322-4510-9bbc-6e2308cf1fc9.png,y_junction,train,41,Y-junction,84,dataset_a_41_template_84,1,8a1a5b215554d3ea34bf4748f4bd770b4d53bceb6c936f27dccc9bfa12c340d8
41/84_original_84.png_7fceb303-927f-4b27-84f8-d5dd084b0cc3.png,y_junction,train,41,Y-junction,84,dataset_a_41_template_84,1,344e4c5230fac7d8edc0073fe9070d13781df033ad626724c1609f45d485039a
41/84_original_84.png_806789ed-9797-4054-9b57-9a3466b80489.png,y_junction,train,41,Y-junction,84,dataset_a_41_template_84,1,b4977592eb0623e69bb7a2f9032e104b06051fb65366efffab78527ff7f13a97
41/84_original_84.png_81df5e56-975d-40c1-9373-30c578f060b1.png,y_junction,train,41,Y-junction,84,dataset_a_41_template_84,1,bd12c21eca249326a2336577f9a6ea87ec0cba1ac0d74f231c7fb78a0043f35d
41/84_original_84.png_81f570bb-edc6-4e06-b2bd-53c0cc93a05d.png,y_junction,train,41,Y-junction,84,dataset_a_41_template_84,1,fe793211169a7ef0c142978315389d6904637e78d4c910c32df3c6fd9a6c0942
41/84_original_84.png_850d323b-a154-49af-a094-aadd499c8770.png,y_junction,train,41,Y-junction,84,dataset_a_41_template_84,1,5397f647fd457a221f638c1d5e3817b122e05de90b2ad8d7402521399314db9d
41/84_original_84.png_8687086b-e9bc-409e-b577-96453a440139.png,y_junction,train,41,Y-junction,84,dataset_a_41_template_84,1,678fe2dfba7206edc6e38b9d18bbe119db26efccbf744d4f608c02085da448f4
41/84_original_84.png_8bb6c729-a7fe-410a-9980-aa71fed10480.png,y_junction,train,41,Y-junction,84,dataset_a_41_template_84,1,28423c128c1cfc37a18cae0aae2ad084f9058cb7a9fde04b527d2f678bfdf2fd
41/84_original_84.png_8c31eef0-de3c-415a-9263-cf7c45e26f38.png,y_junction,train,41,Y-junction,84,dataset_a_41_template_84,1,f28173e152c6251b75d95ce413e8e67ed2e8fa6fead62244ac137dab8683f244
41/84_original_84.png_9615ca34-5cc6-42d5-99d1-bd7b7f7490bd.png,y_junction,train,41,Y-junction,84,dataset_a_41_template_84,1,2b8c0d2f4a90de916657de13668c3a4c939905d1b6d6d4d5a90b5116557f57fe
41/84_original_84.png_a23b4df3-4a3b-4e04-ae2a-50900a04ffb7.png,y_junction,train,41,Y-junction,84,dataset_a_41_template_84,1,ca13c8ed8aaab097dec5387ef39be6ce6f8e1d1080a4f2c4eb5daed0305cdf58
41/84_original_84.png_a52bb7ed-28bf-4e0e-bef7-7b8463f54319.png,y_junction,train,41,Y-junction,84,dataset_a_41_template_84,1,5cd0aed49a83701ef785e8a699bdfbf5c166d0641c5865618f6e918baba5508f
41/84_original_84.png_acf8aaf0-07cd-4f73-bf18-15874a0ae3d2.png,y_junction,train,41,Y-junction,84,dataset_a_41_template_84,1,b5c7c09e201352ba809a9fb68946892673419dff6120d9332b62c1d03c519239
41/84_original_84.png_addd16d8-f70f-4c65-8746-9ea0547e0884.png,y_junction,train,41,Y-junction,84,dataset_a_41_template_84,1,f525b72bcb1639a4991a3f3647dabe4d0636d5399eb1f6d223ad2e079fb15bdb
41/84_original_84.png_aedaf194-036c-4cf5-8a09-6c83bb4aede8.png,y_junction,train,41,Y-junction,84,dataset_a_41_template_84,1,aacf116d1d540973fdf1bfc019d0c3677b8e0536ec80ae0994364b592d2370bc
41/84_original_84.png_af9d33b6-7f22-4b56-adee-5343562981f4.png,y_junction,train,41,Y-junction,84,dataset_a_41_template_84,1,2e6071345f81b256b1feea6fe5560d396dac6c7986c2756003eaea0ee1e3495a
41/84_original_84.png_b1f34aef-b296-45e0-b5a9-4b202178daf6.png,y_junction,train,41,Y-junction,84,dataset_a_41_template_84,1,840eb89f4ffc99ea7b19ae94634e20fa411ad09944e33fd8ee59d6994e2a68f8
41/84_original_84.png_b3db2588-6a42-45a5-a1fc-54f4fc60d1bc.png,y_junction,train,41,Y-junction,84,dataset_a_41_template_84,1,5b4fa9eda2fcbfa3d384aa17a22658c8a9924286dd0a6678ebe9292f4328d902
41/84_original_84.png_b55ab92b-cf8b-4ebc-b3c5-458d71983c60.png,y_junction,train,41,Y-junction,84,dataset_a_41_template_84,1,331578512187c3c561ed2e3b020815b44033c78948eb37a15539a2d2b885ed49
41/84_original_84.png_b599e3c3-da49-46d3-abd3-dffc884c7daa.png,y_junction,train,41,Y-junction,84,dataset_a_41_template_84,1,453779683ab679bccff153ab9c9dc31f0c54057913f5357259d77f45fb2ae2c3
41/84_original_84.png_b6bcf4a5-bb10-4c98-8ead-3622bc696a7e.png,y_junction,train,41,Y-junction,84,dataset_a_41_template_84,1,6d3311adba9e48fe8091d5a2593148a186b13ccc967e9f689fa4600b6f6b791d
41/84_original_84.png_bbbf400f-058f-46c0-86f4-61af27b306c5.png,y_junction,train,41,Y-junction,84,dataset_a_41_template_84,1,4075364e62c20b30a68a4b618313c8d51358cdf9cfbd9d30097b96183ab93f9b
41/84_original_84.png_c0b9b732-4b14-4f8c-8e0e-a1c21e4036f3.png,y_junction,train,41,Y-junction,84,dataset_a_41_template_84,1,a69a1cb34c1cd2740e13ddc95f3bca6d368e1b24107a79132b51074cc796378b
41/84_original_84.png_c17e54a8-6f07-4858-9fa4-a00dbcd05115.png,y_junction,train,41,Y-junction,84,dataset_a_41_template_84,1,a1ac3c3cf58c63357c8aa605d7af86da03afdb4dbc826e99e61362458c382ba5
41/84_original_84.png_c35db962-76b5-42ee-91d7-ae9fc82d3767.png,y_junction,train,41,Y-junction,84,dataset_a_41_template_84,1,a731fc3f0c665edd46b60448cb15cfa0790b6fb9222dd58c28accba6320371a8
41/84_original_84.png_c3bf31fb-0592-4789-a294-e56ca8c71123.png,y_junction,train,41,Y-junction,84,dataset_a_41_template_84,1,843c2b70a06406cb894d68a995aa2b98c2a0e2568dd0f9fdfc29cb715dd2a272
41/84_original_84.png_c40a854a-accd-45fa-a0a5-da86157e66cd.png,y_junction,train,41,Y-junction,84,dataset_a_41_template_84,1,6d3311adba9e48fe8091d5a2593148a186b13ccc967e9f689fa4600b6f6b791d
41/84_original_84.png_c5e924c9-e5f4-40e1-8027-3ec80c1e9659.png,y_junction,train,41,Y-junction,84,dataset_a_41_template_84,1,3e086936b5cd7e61ca1c3b660b25fd7b55a4d2c7404bec3c7144ea3b512ceb3c
41/84_original_84.png_c94206ea-0ed1-4d5f-b529-0b83e4b37291.png,y_junction,train,41,Y-junction,84,dataset_a_41_template_84,1,845a8d5ed39c7440932b1fe70054dbf4e3fd5fc7d55fd0173c88378c5b6d365f
41/84_original_84.png_cab61fe0-c69c-4cd9-90aa-5bce5ed41ea6.png,y_junction,train,41,Y-junction,84,dataset_a_41_template_84,1,d6e916c84eb80c3bf4115dfc91394291c39cbc4bc31b1972dcf943363537e443
41/84_original_84.png_cbb69c1a-46fb-4995-a056-f22bdfef294c.png,y_junction,train,41,Y-junction,84,dataset_a_41_template_84,1,4287efe899c20acd5ece7edcd6b0cd52d0726c373545b7ec3b04f63cd1dd9365
41/84_original_84.png_cd98a83d-0b7f-4df3-86fb-1e264a0067b9.png,y_junction,train,41,Y-junction,84,dataset_a_41_template_84,1,e93c35ef571d4604891cb1d5fadd7888b5d381c7beab1d488ce347d7eac4a8bf
41/84_original_84.png_d644fec3-a0b2-40ba-bf4a-e7eedce04284.png,y_junction,train,41,Y-junction,84,dataset_a_41_template_84,1,988b830137377d3bf2783ca63601fca95195c4e1f7c58e8f11515f74e9cc7f56
41/84_original_84.png_d7e69710-93e0-4f7c-8947-9ab1788b0c07.png,y_junction,train,41,Y-junction,84,dataset_a_41_template_84,1,6c5b3ac5c6b3b02e6dea8d699a70e038330caf34016f5ae26c553463281ef925
41/84_original_84.png_d88ea270-2fda-4731-a528-77d1ea10a44f.png,y_junction,train,41,Y-junction,84,dataset_a_41_template_84,1,fcf14245e3feb538cafe4f97392a0f572d98ced370fcd50dc4139d32b23322d2
41/84_original_84.png_dc76894c-8bf9-41f0-87ed-3345ab072edb.png,y_junction,train,41,Y-junction,84,dataset_a_41_template_84,1,ec3ee32505c8318c87aadc727deb80fd37f9b0d37201341474443da0b5befcae
41/84_original_84.png_e594341e-f9f1-4c03-8f4b-c630538e6a82.png,y_junction,train,41,Y-junction,84,dataset_a_41_template_84,1,d9534ff4cf4ece7681a288d610cc69044c6909f200becb3f0db687d348bd56a8
41/84_original_84.png_e7fed053-46a9-452a-b5dc-89942f8159ab.png,y_junction,train,41,Y-junction,84,dataset_a_41_template_84,1,eb05b013cf9f3f507b918a56d6d60dee66b48701f7749df84fff9c45faac0e01
41/84_original_84.png_e88e0090-ee08-4b65-a5f5-f1d575793b29.png,y_junction,train,41,Y-junction,84,dataset_a_41_template_84,1,8deda210222ee8331d89f0b33ef6427771c0d8d2ead570590d8138856c50c25d
41/84_original_84.png_e8b5a5ff-bb08-416c-8b38-91bd07552171.png,y_junction,train,41,Y-junction,84,dataset_a_41_template_84,1,ab503a529fa56b1e048d685bc7747ebadc75764820bd1555b192ce2d3dc46ff0
41/84_original_84.png_ef75761b-edf6-4fef-9141-ec3326b65838.png,y_junction,train,41,Y-junction,84,dataset_a_41_template_84,1,d78b9cda9cfe5f66871410243703b5beac0589243a8fd7fa4cd5823b918cdfdb
41/84_original_84.png_f0cea645-c988-48e8-b37b-2c371b1970ac.png,y_junction,train,41,Y-junction,84,dataset_a_41_template_84,1,798dd2236ce7d93117f18553bb3c87d8af658d768133d8b499e6475a825d31c0
41/84_original_84.png_f32c2405-d232-4a9b-abdd-ff4a74d49794.png,y_junction,train,41,Y-junction,84,dataset_a_41_template_84,1,7d139f0d7933134757dd1061fcd9f56b040fb5d0bceb24c59644a20d5bf92196
41/84_original_84.png_fa61a9c4-6123-43fb-9e15-6a995af1aa71.png,y_junction,train,41,Y-junction,84,dataset_a_41_template_84,1,50cf72f2a79e7303662c6d75e110bcfc8d2d81ffc9813d72182450744705187f
41/84_original_84.png_ff93bfe2-19d5-4441-93d5-44d719ecc35d.png,y_junction,train,41,Y-junction,84,dataset_a_41_template_84,1,8d647f273ac552ee504f6b00245c6b61193058adf3135bb4ea4e6ddc21fd0dd5
55/55_original_98.png_2257c901-4de9-417a-85a9-8b04bfe5b40e.png,filling_station,train,55,Filling station,98,dataset_a_55_template_98,1,9e73879cb481339aa232b44a73a69f80bbd7380ca58ff79381991c4ba0de6bc8
55/55_original_98.png_261b5196-2ec7-4273-87d1-0e6b773f3106.png,filling_station,train,55,Filling station,98,dataset_a_55_template_98,1,855bf7e9a4188d6ed7d85e418ba42fcba77a187c2ced3e2398571bad7f061630
55/55_original_98.png_34846d5b-5347-4bcf-a0d3-37efa6588888.png,filling_station,train,55,Filling station,98,dataset_a_55_template_98,1,2a646b50fa9e36c8285918fdd5e9266ae68617c2e91f746f994063fb02d74046
55/55_original_98.png_3bcb38a1-b7bf-4dc2-8f58-956f1fa5944f.png,filling_station,train,55,Filling station,98,dataset_a_55_template_98,1,a142dc0610fc95a32fd6b15c014f0c7662ad86053c62a61ca1045c6c39031d03
55/55_original_98.png_3ee24088-495f-4879-b8cf-67d91910aa6a.png,filling_station,train,55,Filling station,98,dataset_a_55_template_98,1,7f2257650943cc62623de794a1b4d2dbad41f0531dd7e3df2b5a1e442a5f4812
55/55_original_98.png_43ee6ade-f0bc-4c1e-9764-100a317ac9c0.png,filling_station,train,55,Filling station,98,dataset_a_55_template_98,1,02cdff8f3c3278ce5c20975752c6d4e57601bafc27b8ac2755d1aac77f5e844d
55/55_original_98.png_845e80ca-ac7f-400a-b067-3ef8e4c35c8b.png,filling_station,train,55,Filling station,98,dataset_a_55_template_98,1,1299019e4836bca9f8df791b50c81997bb203fc25675c548fcc3c6f0247d50da
55/55_original_98.png_8bb07e46-0712-4c76-816d-0bd3107785e6.png,filling_station,train,55,Filling station,98,dataset_a_55_template_98,1,ae79d97c92b03f0a70d30b721933585eac76b0e131274d15180f8833005b0855
55/55_original_98.png_951c0086-586f-48d1-a4bd-8ebc1208163b.png,filling_station,train,55,Filling station,98,dataset_a_55_template_98,1,e5c3af85e2c39687f657db7b4f542958a13bf9d969f8d420fbefd72a90c6bcf5
55/55_original_98.png_c0fb0a2b-615a-471e-a087-2ceb558c0ea0.png,filling_station,train,55,Filling station,98,dataset_a_55_template_98,1,d2d53b7584bea9d4e683d4b74343e197f210ad6d15878ba0a17478c30c39096a
55/55_original_98.png_ccea7885-d4ae-476f-93e7-87eca2182bc8.png,filling_station,train,55,Filling station,98,dataset_a_55_template_98,1,7c92b3aa8685da84d0fabde4afc3366250b58fd52e11803a13c36287cb6ce1d3
55/55_original_98.png_e8f46b81-3e49-437f-a603-8d60dd56f74a.png,filling_station,train,55,Filling station,98,dataset_a_55_template_98,1,54b054cd9edf646e2fff2ebb82d322a8375ac52b2486877ec8cb83596e7986e2
55/55_original_98_original_98.png_0085e895-d2c7-4d59-be60-bf8b5515ce46.png_09a88607-2586-4377-ac93-d77b34410cc3.png,filling_station,train,55,Filling station,98,dataset_a_55_template_98,2,b920ef6f8504d98d2e04aa21137a237f774f0301d87856f907c9dceb932f3793
55/55_original_98_original_98.png_0085e895-d2c7-4d59-be60-bf8b5515ce46.png_207cf02b-de8b-4cb2-8954-556c10c2bf75.png,filling_station,train,55,Filling station,98,dataset_a_55_template_98,2,606c0ac628103f31ee3985b81fff87bb44f4e4647097822a4e6cfd04cf7f56d8
55/55_original_98_original_98.png_0085e895-d2c7-4d59-be60-bf8b5515ce46.png_24976a63-c9ee-47d3-abd7-5c1c71a46760.png,filling_station,train,55,Filling station,98,dataset_a_55_template_98,2,a40c23a7e98d116a28c74c270162e9ae6fe971e130e7c0703e1198efda4adcec
55/55_original_98_original_98.png_0085e895-d2c7-4d59-be60-bf8b5515ce46.png_3d717c91-9342-4c33-8365-c687f4d732b7.png,filling_station,train,55,Filling station,98,dataset_a_55_template_98,2,1630c71f0f1bc40b68a4230207008e6949da20818c708f569017301c32f6d37e
55/55_original_98_original_98.png_0085e895-d2c7-4d59-be60-bf8b5515ce46.png_a387f8db-8a27-4ca0-ac15-ee0e54684688.png,filling_station,train,55,Filling station,98,dataset_a_55_template_98,2,0173bda79ee79fb60dc94813fba3fa83541c11a153db163909873f9cd76b63f0
55/55_original_98_original_98.png_0085e895-d2c7-4d59-be60-bf8b5515ce46.png_adfcb18e-414e-4cab-b17b-5f6f973a4402.png,filling_station,train,55,Filling station,98,dataset_a_55_template_98,2,2caa07fa40f80615a7017d3778bcd357ddc4847509f3a9e6afd3fb7bae95c06b
55/55_original_98_original_98.png_0085e895-d2c7-4d59-be60-bf8b5515ce46.png_cc9ce64f-b56e-48fc-bbb6-e888216328d9.png,filling_station,train,55,Filling station,98,dataset_a_55_template_98,2,484094e89d9109ea8a120d6a2888885977d66072c9907ea8487400f4faba57f2
55/55_original_98_original_98.png_022aa8cf-6162-48f9-82f1-5677a7716707.png_0081998d-7ba2-413b-9d7c-e16a82903e33.png,filling_station,train,55,Filling station,98,dataset_a_55_template_98,2,6579ac3bf0008c4b07bfb0780f0621d33b9412d7ff42428a26a527d0e485b5f6
55/55_original_98_original_98.png_022aa8cf-6162-48f9-82f1-5677a7716707.png_0321409e-d512-4aa5-ac73-2a40fe03df69.png,filling_station,train,55,Filling station,98,dataset_a_55_template_98,2,de836eceb4f97d6024a2670274a7a1298ffbba22f0700b87222af9c04f14b9e5
55/55_original_98_original_98.png_022aa8cf-6162-48f9-82f1-5677a7716707.png_4dc813f9-dc4a-4c00-ba92-54f8d1eb7690.png,filling_station,train,55,Filling station,98,dataset_a_55_template_98,2,67d8e6d9917b8c53837f4c22ba78a4b19c18f0028f26683bcb47c2301162781c
55/55_original_98_original_98.png_022aa8cf-6162-48f9-82f1-5677a7716707.png_6fb205ce-e6b3-409d-a103-b640af191fd5.png,filling_station,train,55,Filling station,98,dataset_a_55_template_98,2,8968e447687cfc48f64a1fbc6dc400fe3c072cab8b9aee06ddb145de9a1e14e9
55/55_original_98_original_98.png_022aa8cf-6162-48f9-82f1-5677a7716707.png_89e399f4-9b6b-40ca-b616-89d6ecd71ae6.png,filling_station,train,55,Filling station,98,dataset_a_55_template_98,2,f360682d0a2b241388245d948bd6aa746c8a5ba8de3cd07e715df947b1c65d74
55/55_original_98_original_98.png_022aa8cf-6162-48f9-82f1-5677a7716707.png_9109ed2a-7a63-40f0-a039-e2c8c2e2aaf5.png,filling_station,train,55,Filling station,98,dataset_a_55_template_98,2,dfbd09476d50cffd0656181a3b08911bde8b6e53cc190f2ab21c0a5978d2c2ae
55/55_original_98_original_98.png_022aa8cf-6162-48f9-82f1-5677a7716707.png_c5ba2a37-97e5-495b-b7ca-81c27b3a7d89.png,filling_station,train,55,Filling station,98,dataset_a_55_template_98,2,b39ee75ebecd37ac4ffe144b2c93919dc16db4ace750256eec3c1bb5605088be
55/55_original_98_original_98.png_024795c1-c328-4153-8266-6643bb4088fc.png_6d66ed1a-842c-4196-aba5-6d4953f53a07.png,filling_station,train,55,Filling station,98,dataset_a_55_template_98,2,79e77b3320d47c74d9dde3b6eee34dc5e954845e7bbcaf016e551c8742a18b85
55/55_original_98_original_98.png_024795c1-c328-4153-8266-6643bb4088fc.png_99d01d86-c715-4f11-84c6-bd63fdcd3991.png,filling_station,train,55,Filling station,98,dataset_a_55_template_98,2,9ff68e7116288591676465550cc4440367b330b5487162ad275962d4aa253c09
55/55_original_98_original_98.png_024795c1-c328-4153-8266-6643bb4088fc.png_9b1c1dfa-b860-4940-9eef-066fba83636b.png,filling_station,train,55,Filling station,98,dataset_a_55_template_98,2,5855e0c9e179a95bcfcca395d9a4ec2810e6d2fa078d896943ce3edeb473a20e
55/55_original_98_original_98.png_024795c1-c328-4153-8266-6643bb4088fc.png_9e70ce14-3924-4598-ab95-07a4b9390e44.png,filling_station,train,55,Filling station,98,dataset_a_55_template_98,2,f2b9ff094d18cc0549a465ec89e3203e98802c19a7111100dc11dc60a60804b0
55/55_original_98_original_98.png_024795c1-c328-4153-8266-6643bb4088fc.png_aca463c1-9bcb-4b0c-a3db-95f93844375f.png,filling_station,train,55,Filling station,98,dataset_a_55_template_98,2,84bdd5da65e53559ffd4747d88d42c05493d3702827a9f4ec3d509a5ca87e2ef
55/55_original_98_original_98.png_024795c1-c328-4153-8266-6643bb4088fc.png_c3dfc34a-0660-488d-82f0-5cb94860c4be.png,filling_station,train,55,Filling station,98,dataset_a_55_template_98,2,ff971f79f03e1f6577002154911851551f7a3ead070cdc2655e76952eb4c5392
55/55_original_98_original_98.png_0330bd4e-5f68-400c-a19b-de693ccca314.png_463bcc5c-97c8-4a3e-b69a-df0357a05799.png,filling_station,train,55,Filling station,98,dataset_a_55_template_98,2,5dc2706993262e33b7478beeaef72cb6a6d6baf17b5ff6a77585c439772033b2
55/55_original_98_original_98.png_0330bd4e-5f68-400c-a19b-de693ccca314.png_50eca650-9e11-43b3-8d80-7e08142c9927.png,filling_station,train,55,Filling station,98,dataset_a_55_template_98,2,6dc404750a544abe5b1503032e90cc4fbb9f4ff7d3ea79c3ab148de2206c5552
55/55_original_98_original_98.png_0330bd4e-5f68-400c-a19b-de693ccca314.png_5fd244de-dd51-493c-8404-6f2722eae84a.png,filling_station,train,55,Filling station,98,dataset_a_55_template_98,2,3fe2c64a4bf407bd0e68f0967877333c3daa463bdc6b7226daef036b34c4a44f
55/55_original_98_original_98.png_0330bd4e-5f68-400c-a19b-de693ccca314.png_79732cc8-c294-43ab-b87d-d1ca6cc6b3a7.png,filling_station,train,55,Filling station,98,dataset_a_55_template_98,2,b82ad148bf3579042c0ab6744f61ec730537be0d2f0252d9e9e34e590d23c7eb
55/55_original_98_original_98.png_0330bd4e-5f68-400c-a19b-de693ccca314.png_8d61100c-bbff-4162-860b-2ab1a0ac955d.png,filling_station,train,55,Filling station,98,dataset_a_55_template_98,2,0e861a1652d8406b66f9066fea1f4552dcbd53e4ff65d4f70f877380ed8864fb
55/55_original_98_original_98.png_0330bd4e-5f68-400c-a19b-de693ccca314.png_d06357dc-8654-4b2d-a351-8d35ee2a28e8.png,filling_station,train,55,Filling station,98,dataset_a_55_template_98,2,c5acfb2fff564da48bea05c2c3d5ba23f0f8538866c3068697785ac45bb15e21
55/55_original_98_original_98.png_0330bd4e-5f68-400c-a19b-de693ccca314.png_d3ac81a6-244b-456a-be72-522467af9cba.png,filling_station,train,55,Filling station,98,dataset_a_55_template_98,2,1863f484c7fc237224dc6eaef823158534bc5936baba4949f9f46a4ea9b662d2
55/55_original_98_original_98.png_0330bd4e-5f68-400c-a19b-de693ccca314.png_f2bc25dd-9f8a-4da5-8faa-5d6af9d02595.png,filling_station,train,55,Filling station,98,dataset_a_55_template_98,2,e5c4add0b7bb0aba844472c4e2d761c921cfcc320d15e7f03352d182d1f1115f
55/55_original_98_original_98.png_03446aea-2127-475a-a4b4-f5170b7d6ccb.png_08c19f56-0a6a-4095-9d0c-6b7abe073238.png,filling_station,train,55,Filling station,98,dataset_a_55_template_98,2,06ce0418c3d55611e9748f92361a44760eeb1c22a0c9bb5d93738e73209855e0
55/55_original_98_original_98.png_03446aea-2127-475a-a4b4-f5170b7d6ccb.png_0bee09a6-fd3b-4ebd-baf7-b17bc792d687.png,filling_station,train,55,Filling station,98,dataset_a_55_template_98,2,06ce0418c3d55611e9748f92361a44760eeb1c22a0c9bb5d93738e73209855e0
55/55_original_98_original_98.png_03446aea-2127-475a-a4b4-f5170b7d6ccb.png_0d43ab1b-3828-4ff7-aa17-c4709511314a.png,filling_station,train,55,Filling station,98,dataset_a_55_template_98,2,3ed3bb126f6691dde6a2ec8daa718b6de3d5ed525d1c03d1bbf5c6c992ac9336
55/55_original_98_original_98.png_03446aea-2127-475a-a4b4-f5170b7d6ccb.png_12f5996c-00f1-4696-a62d-4351c54e27e7.png,filling_station,train,55,Filling station,98,dataset_a_55_template_98,2,8243f360a0618e253800c0b40f5aa2416687bddd167e3e6a54736ef6f0a7261c
55/55_original_98_original_98.png_03446aea-2127-475a-a4b4-f5170b7d6ccb.png_8fb58f02-a098-4038-a2fe-5c901318adc9.png,filling_station,train,55,Filling station,98,dataset_a_55_template_98,2,06ce0418c3d55611e9748f92361a44760eeb1c22a0c9bb5d93738e73209855e0
55/55_original_98_original_98.png_03446aea-2127-475a-a4b4-f5170b7d6ccb.png_94105e60-f22e-4f1e-9233-61b1471ae424.png,filling_station,train,55,Filling station,98,dataset_a_55_template_98,2,9dd331bb7ae09915a7490712b90bf858806d241455e7ea4adffc46186921a57d
55/55_original_98_original_98.png_03446aea-2127-475a-a4b4-f5170b7d6ccb.png_96af0196-bfc2-462f-89f8-ef847690ce55.png,filling_station,train,55,Filling station,98,dataset_a_55_template_98,2,76eeff2e984baf4ce7b86008bb61313adc4252f45b9864f91c655043f2cbec0e
55/55_original_98_original_98.png_03446aea-2127-475a-a4b4-f5170b7d6ccb.png_d03a1a8f-8fb1-4fbd-a17c-f7603005950d.png,filling_station,train,55,Filling station,98,dataset_a_55_template_98,2,23b3c111e0764c0d5642c1b9809257511273cc4bf0963e88b09d4bc58fd5a90d
55/55_original_98_original_98.png_03446aea-2127-475a-a4b4-f5170b7d6ccb.png_fe49ce0a-afc6-405c-8556-efd0c15eb15e.png,filling_station,train,55,Filling station,98,dataset_a_55_template_98,2,c756fcd1db1fbe61861fa347770281afdb0a0eb0749b167148b9c3b36511b564
55/55_original_98_original_98.png_0561143c-1a3e-4c65-8dac-c8e295918bd0.png_2246aa02-b39d-44e3-8465-95ab0432cc3e.png,filling_station,train,55,Filling station,98,dataset_a_55_template_98,2,a590ab564a684df012946998436ac853694940a9766355407053a85cd11f40f6
55/55_original_98_original_98.png_0561143c-1a3e-4c65-8dac-c8e295918bd0.png_25b60c39-a1d8-45d5-854b-09d2f1ac8803.png,filling_station,train,55,Filling station,98,dataset_a_55_template_98,2,a89800e1e2dc5d68e370fb332f6e5917ee667acfc1d91a0615de4e5df24a995f
55/55_original_98_original_98.png_0561143c-1a3e-4c65-8dac-c8e295918bd0.png_37f07b8b-8274-4785-b5cd-a1b30f6148a9.png,filling_station,train,55,Filling station,98,dataset_a_55_template_98,2,74a30bf2fe32b85a465681ff99a130ef1b6b51b7bf3814f2c6e67cf9539e30b4
55/55_original_98_original_98.png_0561143c-1a3e-4c65-8dac-c8e295918bd0.png_55f56e62-2afd-453d-a270-8619d3117dc6.png,filling_station,train,55,Filling station,98,dataset_a_55_template_98,2,86e99e7e792733feee39c99ad25a2da87602de18ffe00583a04c4c0261cb7145
55/55_original_98_original_98.png_07f35ce5-7289-4f09-bbfe-7d6464a38cd5.png_0ea11a20-12f2-4f22-9ebe-a6148dbe6316.png,filling_station,train,55,Filling station,98,dataset_a_55_template_98,2,395472a7aa2ee041b67257718e853f9f5dfde9c52803c7efe53c9910b1fc5ce5
55/55_original_98_original_98.png_07f35ce5-7289-4f09-bbfe-7d6464a38cd5.png_1c784cdc-cff3-4ab5-92ff-3564eb5fe1ab.png,filling_station,train,55,Filling station,98,dataset_a_55_template_98,2,6d8e49428d787313aca9fe3f63b80939f512ba056da20716d130d85e58bd04e0
55/55_original_98_original_98.png_07f35ce5-7289-4f09-bbfe-7d6464a38cd5.png_78433a26-b821-43f1-9dfc-9c39056fbb66.png,filling_station,train,55,Filling station,98,dataset_a_55_template_98,2,c1e096544ab5b684205fc4a38617b0cb2a71acd07c7e8b0f67c614396800ce43
55/55_original_98_original_98.png_07f35ce5-7289-4f09-bbfe-7d6464a38cd5.png_a12559a0-6d90-47d6-bd8c-41fa6b2523cc.png,filling_station,train,55,Filling station,98,dataset_a_55_template_98,2,770bbfe5d69f718d433d04360e46a2521af00bca0d4fb09bb4da875ee61969d2
55/55_original_98_original_98.png_07f35ce5-7289-4f09-bbfe-7d6464a38cd5.png_a20ce55c-0afd-412c-aaa6-95f18d80aaf6.png,filling_station,train,55,Filling station,98,dataset_a_55_template_98,2,eb40d9120b507a8321588252f6f6ea70f22132350384d58aa6417724f9b9696c
55/55_original_98_original_98.png_07f35ce5-7289-4f09-bbfe-7d6464a38cd5.png_c7f53346-913b-4053-8116-505436736397.png,filling_station,train,55,Filling station,98,dataset_a_55_template_98,2,a38f91f6f87b879a6eeb6e801944e62d9dd98950901c98786495a04b80f1199e
55/55_original_98_original_98.png_0bae402e-c26c-4836-9165-18b6e097603b.png_13370cf3-2c14-4ae1-93c5-adbf136d9fa4.png,filling_station,train,55,Filling station,98,dataset_a_55_template_98,2,bf9aea208537ff483fc14a80a63e2d5626eb7f4b6da524309776d8e42c300c47
55/55_original_98_original_98.png_0bae402e-c26c-4836-9165-18b6e097603b.png_5e2787e8-26aa-4dc4-80dc-8dbe5ac9ebe9.png,filling_station,train,55,Filling station,98,dataset_a_55_template_98,2,1c622f07338d9bb5f3b7b19777f8c841d29d1d7b15ee49bce11136565665b44c
55/55_original_98_original_98.png_0bae402e-c26c-4836-9165-18b6e097603b.png_d7501735-92bf-44a4-ba98-401911219df3.png,filling_station,train,55,Filling station,98,dataset_a_55_template_98,2,49ea32fc5af159f150aff3c56d44936dee1caf97f098fc82766928c83492d80b
55/55_original_98_original_98.png_10d7f5c4-cf79-490c-a7a9-9774bab64adf.png_36de8979-5aad-474e-bc87-e0e4549d1c4c.png,filling_station,train,55,Filling station,98,dataset_a_55_template_98,2,b2c6b45ec91cb2b02eb0a56caa2400818a4a27f29dd494e2fd33456fb4c90387
55/55_original_98_original_98.png_10d7f5c4-cf79-490c-a7a9-9774bab64adf.png_67a32553-d2b0-41ca-877e-f2fbc5bb0786.png,filling_station,train,55,Filling station,98,dataset_a_55_template_98,2,100c5e8e26c0cdacb6d76edf9c6441ab9327c2e8183187e72cdd73071d006b6f
55/55_original_98_original_98.png_10d7f5c4-cf79-490c-a7a9-9774bab64adf.png_7cc787fc-4fea-47e9-8e81-75ff7f43c9e5.png,filling_station,train,55,Filling station,98,dataset_a_55_template_98,2,b05d78a0277fef9a4462b4cc0f9a9c25f8266fa712b669dd79d4429a046bad2f
55/55_original_98_original_98.png_10d7f5c4-cf79-490c-a7a9-9774bab64adf.png_7fa52b0f-3ecc-4490-b645-5bbc6ac40b36.png,filling_station,train,55,Filling station,98,dataset_a_55_template_98,2,6536bd12836b44afa7fa8dab6bddc6a38df901d5db463dcc7526a9120ef2c7b3
55/55_original_98_original_98.png_10d7f5c4-cf79-490c-a7a9-9774bab64adf.png_d553a147-3e6a-4f2b-bf21-9fc344c07544.png,filling_station,train,55,Filling station,98,dataset_a_55_template_98,2,e43c966d7499c23963b55467d32e78268c00036665f569584172a98ff2b3f59d
55/55_original_98_original_98.png_10d7f5c4-cf79-490c-a7a9-9774bab64adf.png_daa198cf-1097-4e2e-ba9c-de9efcabe57f.png,filling_station,train,55,Filling station,98,dataset_a_55_template_98,2,be946338c4e231d777d7bcc1a5d5ae3c08a278593b63f0b4b082e23d9a9d3258
55/55_original_98_original_98.png_12d29b48-c20f-44c4-ae3c-d3c9a19a61d4.png_710204a7-d6a3-4d30-b1ef-2854cf6f0a84.png,filling_station,train,55,Filling station,98,dataset_a_55_template_98,2,88b40be67b18fc933992979c1d77691b5a9d5db36be02b71aa5c359a66e3edd0
55/55_original_98_original_98.png_12d29b48-c20f-44c4-ae3c-d3c9a19a61d4.png_884d0c2a-69cb-4003-b99e-3e5d49d8dd4d.png,filling_station,train,55,Filling station,98,dataset_a_55_template_98,2,3ce0469b66b7aa90450f1831522b0fe228a8c2ca0dd7d1cd47977e4ee0a7b539
55/55_original_98_original_98.png_12d29b48-c20f-44c4-ae3c-d3c9a19a61d4.png_a1cfa4d4-3716-498c-b8f0-42b52a468070.png,filling_station,train,55,Filling station,98,dataset_a_55_template_98,2,5ac13288c91c91e0260cc345e67d226c6a6ba28f1fef5dfc8f5e2f673f6765f6
55/55_original_98_original_98.png_12d29b48-c20f-44c4-ae3c-d3c9a19a61d4.png_d338712e-e13a-4a06-adae-698898753cc3.png,filling_station,train,55,Filling station,98,dataset_a_55_template_98,2,7751614df18f05775dc9c61abc95095bc7dc9414b6b785bea71c6b0e3635e91b
55/55_original_98_original_98.png_12d29b48-c20f-44c4-ae3c-d3c9a19a61d4.png_d79f6469-cf93-41a7-a8dd-11f13a6dc5c9.png,filling_station,train,55,Filling station,98,dataset_a_55_template_98,2,eacb828e42399252214ae24a242d59079b22c67e37bc7c1227db5df0dd5f834c
55/55_original_98_original_98.png_12d29b48-c20f-44c4-ae3c-d3c9a19a61d4.png_eae3728a-31ec-4d23-9dbe-c015ef0f3bb8.png,filling_station,train,55,Filling station,98,dataset_a_55_template_98,2,f9cf49779249a4b904ece6553d5c438c8bbb16a541d5a8ef09128c9119e687d1
55/55_original_98_original_98.png_17e850c0-f70d-4742-8e17-fa9e31743b65.png_0218df83-0ceb-49ae-ab7a-fba8d80585fc.png,filling_station,train,55,Filling station,98,dataset_a_55_template_98,2,84af72bb420863196b74439ef0e63774dadd322c8f76fd3588f80416174f03b4
55/55_original_98_original_98.png_17e850c0-f70d-4742-8e17-fa9e31743b65.png_18ff10c2-c474-4018-bdb9-521fb0cde125.png,filling_station,train,55,Filling station,98,dataset_a_55_template_98,2,2294de13988ed72ee5fde5d0b461b47452a618653dd9684ede124062479bf68d
55/55_original_98_original_98.png_17e850c0-f70d-4742-8e17-fa9e31743b65.png_4a09cc08-5c42-41a5-8c9b-644a35828896.png,filling_station,train,55,Filling station,98,dataset_a_55_template_98,2,4aa9b5eb5d2ee3d5f13fbf423aa6e382bc65cac9bab14b164b2700e646ba1e0f
55/55_original_98_original_98.png_17e850c0-f70d-4742-8e17-fa9e31743b65.png_5a6d77bf-8b0c-41db-add6-22d153c36eae.png,filling_station,train,55,Filling station,98,dataset_a_55_template_98,2,cd3063f9c0c2bbe60648c457b13a7ba778fa040ab4a77a88c016770cef07099f
55/55_original_98_original_98.png_17e850c0-f70d-4742-8e17-fa9e31743b65.png_8597ce23-eb02-4a32-946f-83e3fafc776f.png,filling_station,train,55,Filling station,98,dataset_a_55_template_98,2,146ead64507ba37696a1b7fb54caef42d98e0b77703db68bd9ab2c6d55cde6ee
55/55_original_98_original_98.png_17e850c0-f70d-4742-8e17-fa9e31743b65.png_8944a975-fcdd-4725-bbe4-aa680687c9a6.png,filling_station,train,55,Filling station,98,dataset_a_55_template_98,2,28c5912479def142c106aad67d159d0d1887cb8c2a9c8b8489fef9c9ab6cd02a
55/55_original_98_original_98.png_17e850c0-f70d-4742-8e17-fa9e31743b65.png_a36ab42d-e50e-421b-8d90-acfbbe01d036.png,filling_station,train,55,Filling station,98,dataset_a_55_template_98,2,ee4318003b17e6c3306c459aa4c4fc5849fcadea36efdda7a48ff96bb9fef45b
55/55_original_98_original_98.png_17e850c0-f70d-4742-8e17-fa9e31743b65.png_a79c16b8-babe-47b7-b081-cf1d9df12214.png,filling_station,train,55,Filling station,98,dataset_a_55_template_98,2,87b357fac186f3ec7c3b90d2f682bfd23603d16b6f1573e9b302cc5caaa89deb
55/55_original_98_original_98.png_17e850c0-f70d-4742-8e17-fa9e31743b65.png_bf004a5f-64a9-40d5-aecb-cd4d3056e38e.png,filling_station,train,55,Filling station,98,dataset_a_55_template_98,2,7004f7b3bbbcf81bf89ecee8a85d10ee908b03994b9a9a3842e1b392ff7b6836
55/55_original_98_original_98.png_1938ba5a-c3f9-4cb7-a755-113f6e55182a.png_09e1440f-c9c3-41d1-9b33-1fee1a97ed78.png,filling_station,train,55,Filling station,98,dataset_a_55_template_98,2,da7fee2e2f991b1a3604dfce5f471d7a82fc75fcba32a73154b7676437699c2f
55/55_original_98_original_98.png_1938ba5a-c3f9-4cb7-a755-113f6e55182a.png_325cd79f-1873-4667-bde6-cdf67e430d95.png,filling_station,train,55,Filling station,98,dataset_a_55_template_98,2,4806922b0bc80de1cc21c25faef565201463aea454df4eb8dfc11588db808b48
55/55_original_98_original_98.png_1938ba5a-c3f9-4cb7-a755-113f6e55182a.png_b36a844f-caee-4777-9091-9e5f4a08f542.png,filling_station,train,55,Filling station,98,dataset_a_55_template_98,2,9a964fc1a2d2a90432978ef07c3d1e8b6e21cb826721b4b5dbe17593c9a8b7f8
55/55_original_98_original_98.png_1938ba5a-c3f9-4cb7-a755-113f6e55182a.png_f549e846-9612-40d1-94c0-57c3f21ac954.png,filling_station,train,55,Filling station,98,dataset_a_55_template_98,2,5a2709d305633356ce5454acc3b5161b5a11c3d6ea855840b70d7b949d638d8f
55/55_original_98_original_98.png_1a7b4944-04bc-4a3d-94a9-ed13110922c6.png_0fd6e6db-0780-4b5f-8f76-7b6472a4387f.png,filling_station,train,55,Filling station,98,dataset_a_55_template_98,2,e3078010bf4cab840fff7c2fc8043134fa0826e0f7ecb119cee3e52c1cd426c8
55/55_original_98_original_98.png_1a7b4944-04bc-4a3d-94a9-ed13110922c6.png_22f74b83-99ae-4246-b966-50ea57e93348.png,filling_station,train,55,Filling station,98,dataset_a_55_template_98,2,e37c7643005de64c70b48ce269926963bc6b8757c1f98a4f70c8cea43887b667
55/55_original_98_original_98.png_1a7b4944-04bc-4a3d-94a9-ed13110922c6.png_a010e00b-028f-4aa5-a841-acc5770d3b45.png,filling_station,train,55,Filling station,98,dataset_a_55_template_98,2,a9650161761c62ecb46a38c1e16e97df8d3a3ed26be24fa957c067a827e285c3
55/55_original_98_original_98.png_1a7b4944-04bc-4a3d-94a9-ed13110922c6.png_d8dfda6c-0b1f-4015-a0b4-05c60dd84c4b.png,filling_station,train,55,Filling station,98,dataset_a_55_template_98,2,523977303c6c133e97dee10d3347418f11a5994f009ba3677e22549be0a0894f
55/55_original_98_original_98.png_1a7b4944-04bc-4a3d-94a9-ed13110922c6.png_f939a919-baab-4337-9064-ac75951ab9b6.png,filling_station,train,55,Filling station,98,dataset_a_55_template_98,2,d147a93eb94a2a54f7bc88a755b24df24c257ebf54e4df611a2d716eb401c070
55/55_original_98_original_98.png_1dcc900a-514c-4043-8356-feac8de4ef72.png_3cf9152e-5887-483e-8de1-5f65f8598d97.png,filling_station,train,55,Filling station,98,dataset_a_55_template_98,2,f749b29a47a8364a38c73dd3546bcb2dce752328da367ef769bdc3845098ce92
55/55_original_98_original_98.png_1dcc900a-514c-4043-8356-feac8de4ef72.png_668959af-1279-4843-9adf-addf0100948b.png,filling_station,train,55,Filling station,98,dataset_a_55_template_98,2,55aef05399fb71370e2dc3fe81cf0afe5b26cadaf1c2242c180319b887ea0979
55/55_original_98_original_98.png_1dcc900a-514c-4043-8356-feac8de4ef72.png_adf4c044-f4ee-4ff8-9259-d8616c2872d8.png,filling_station,train,55,Filling station,98,dataset_a_55_template_98,2,8b5acc1678c188aad5b939b98ac68a693a4d8671498144c787b0497383aeaa5e
55/55_original_98_original_98.png_1dcc900a-514c-4043-8356-feac8de4ef72.png_dc43110b-abda-46ac-ab2e-a3a9ae354edc.png,filling_station,train,55,Filling station,98,dataset_a_55_template_98,2,5fa091572ef1a4cb22fa50de051c7a1c1518e88ffac0f57c5865c11c37d03fc7
55/55_original_98_original_98.png_22a294b6-fe09-4a3f-9c5f-ce9f45659ecc.png_331559bf-7423-4295-8275-211fa92dee36.png,filling_station,train,55,Filling station,98,dataset_a_55_template_98,2,2c2c7ad2d1befe5fd31fec81b4ac68016e69c538c978011246b538980ddf2344
55/55_original_98_original_98.png_22a294b6-fe09-4a3f-9c5f-ce9f45659ecc.png_40705f1f-b1b6-43cd-8fe1-88c3815ab378.png,filling_station,train,55,Filling station,98,dataset_a_55_template_98,2,e8fe103312fee8b265950cf5c9742703d183cc509f0b76c346fd90290c2990e0
55/55_original_98_original_98.png_23e57222-7602-4085-b2d5-632f3f5fe6cd.png_1c95275a-e73c-44ba-a8ff-a803370b7c8d.png,filling_station,train,55,Filling station,98,dataset_a_55_template_98,2,81f74794b8c8804ad16c65061f5160a1b6f003e0f4f17fc7ef8a8f832c87f2ac
55/55_original_98_original_98.png_24067a15-73a3-4f24-ac26-2b7e6162d9bc.png_0f7c9b5a-f91b-4701-9eba-f24334911acb.png,filling_station,train,55,Filling station,98,dataset_a_55_template_98,2,5fd75312a91c0c395aeed507ed6f140def7aab9fcd1b7909e0e3aacab409fe2d
55/55_original_98_original_98.png_24067a15-73a3-4f24-ac26-2b7e6162d9bc.png_a8cbfd3f-3a5d-416e-a24a-7faff707953c.png,filling_station,train,55,Filling station,98,dataset_a_55_template_98,2,6f08a4a9bff20a76623c3dcec0ce1996032e20620c7e5322c9088c3b49b975c5
55/55_original_98_original_98.png_24067a15-73a3-4f24-ac26-2b7e6162d9bc.png_e392e1a4-4ea1-4e60-a65e-d57ee3c27afe.png,filling_station,train,55,Filling station,98,dataset_a_55_template_98,2,8894244adb867a9eb8ff41e2ee0237144007326fcd93893f3ac00e1ce85b6b70
55/55_original_98_original_98.png_27431e89-7ee8-4aad-b975-a007fb9e08a5.png_44a5f347-1ebd-4f83-87a9-83db1b29e05d.png,filling_station,train,55,Filling station,98,dataset_a_55_template_98,2,264ca4c60a65b210927e2b8be5fac4ae8baf2c783db365fdb59771a09d3f18ec
55/55_original_98_original_98.png_27431e89-7ee8-4aad-b975-a007fb9e08a5.png_53c7ede8-03f6-461e-8561-89136d88d23d.png,filling_station,train,55,Filling station,98,dataset_a_55_template_98,2,90a60338c5e2c99ad6e3b67d218b1334af2fbdb599048b601f8ff08dd37a12d7
55/55_original_98_original_98.png_27431e89-7ee8-4aad-b975-a007fb9e08a5.png_6dec22c8-4d2a-47c3-9c70-62b9b501e4d6.png,filling_station,train,55,Filling station,98,dataset_a_55_template_98,2,89a54dc80d78bcebea46b401935ab9c04266f806531a8b5ee1b27949a9a20b1f
55/55_original_98_original_98.png_27431e89-7ee8-4aad-b975-a007fb9e08a5.png_8694430b-93f1-4117-a200-51d7ef6679f9.png,filling_station,train,55,Filling station,98,dataset_a_55_template_98,2,cb5e8b1481b22f730d8d1a3a65afabc7df1f863788d1349ba9062e3c6fd60f46
55/55_original_98_original_98.png_28472a55-5df0-403b-8f81-27331b893c25.png_3228492d-4f85-42fb-a2a2-a4cb832ecb9e.png,filling_station,train,55,Filling station,98,dataset_a_55_template_98,2,1eed8b1d92311b9d72de29892e6799cdca5c8e11a8910040c7d85c39ab248c76
55/55_original_98_original_98.png_28472a55-5df0-403b-8f81-27331b893c25.png_c5be87a9-0935-45ad-82d5-bf1435367f1d.png,filling_station,train,55,Filling station,98,dataset_a_55_template_98,2,1c6f4f095b6bc06e144c8c8febc582f14bae2d12ba54e9445d06cddeb0ae6de8
55/55_original_98_original_98.png_28472a55-5df0-403b-8f81-27331b893c25.png_d5093abe-a626-48cc-ac85-842eb75d7233.png,filling_station,train,55,Filling station,98,dataset_a_55_template_98,2,39a9e740605f3b5a8eb4eb0a77250c2a8815372bed4ecd09ddab009b195e7501
55/55_original_98_original_98.png_28472a55-5df0-403b-8f81-27331b893c25.png_d7aefde7-0694-48f6-ba85-d723492b319c.png,filling_station,train,55,Filling station,98,dataset_a_55_template_98,2,fde042ac2f0eb2c03995605ed5b0a4c312c5980815cfe84fba08db3e4fd328c0
55/55_original_98_original_98.png_28472a55-5df0-403b-8f81-27331b893c25.png_e74a2055-e3c1-42c8-a2cc-82d57e5e5e7e.png,filling_station,train,55,Filling station,98,dataset_a_55_template_98,2,6ed7631d6de161b237709bce13ba708eba16e9ff5b59fb1eb7cccdce3d3248cf
55/55_original_98_original_98.png_32552f10-1d04-4434-afbd-ed3739a3af3f.png_2c213481-3458-41f7-8cf5-79e486f0727a.png,filling_station,train,55,Filling station,98,dataset_a_55_template_98,2,93295272e11cf6cf20425ce2c2bcf5a16b8d180262bbaa1e015a7493e2eb17d6
55/55_original_98_original_98.png_32552f10-1d04-4434-afbd-ed3739a3af3f.png_35bfe008-f689-483f-8eb3-5d8bd9c2585a.png,filling_station,train,55,Filling station,98,dataset_a_55_template_98,2,644c86c73ad9a7d54ef38d72c8fdfefc0ea6ae40309d75aa7938e1bd64fafefc
55/55_original_98_original_98.png_32552f10-1d04-4434-afbd-ed3739a3af3f.png_7125fbc1-e105-4568-b921-ba80e28138cb.png,filling_station,train,55,Filling station,98,dataset_a_55_template_98,2,92d96bc99457bc28cee9ac5686628184820023fcf963dd171a54bb728d1fc0d5
55/55_original_98_original_98.png_32552f10-1d04-4434-afbd-ed3739a3af3f.png_9c5b32b6-cc01-4f89-bc8e-2eedd26cb657.png,filling_station,train,55,Filling station,98,dataset_a_55_template_98,2,db97b07ee5be3430364ad37b66321aedd166f4117835d2867d28a50307747c93
55/55_original_98_original_98.png_32552f10-1d04-4434-afbd-ed3739a3af3f.png_ab0a4da9-d0a6-4b27-90b4-3eceaba0614c.png,filling_station,train,55,Filling station,98,dataset_a_55_template_98,2,a36be7242746bb6c9494ff5b0751eac1c8e535b9f2ff2dd1b680faf030dcf844
55/55_original_98_original_98.png_32552f10-1d04-4434-afbd-ed3739a3af3f.png_bb166980-4a86-47b5-b0b9-0ca0abd370e6.png,filling_station,train,55,Filling station,98,dataset_a_55_template_98,2,4e0ab175a32593d1bf97588d16a2145702101d2fba68e15b973b32047f8a5589
55/55_original_98_original_98.png_32552f10-1d04-4434-afbd-ed3739a3af3f.png_d6489d1f-f944-4b76-bc78-22626b608867.png,filling_station,train,55,Filling station,98,dataset_a_55_template_98,2,99a103476ca4829593f4eb2a53eb45dcf01174a31fb34ec92d164df16773bedc
55/55_original_98_original_98.png_32552f10-1d04-4434-afbd-ed3739a3af3f.png_dad5c10c-5633-4480-ac92-f43b10b4415c.png,filling_station,train,55,Filling station,98,dataset_a_55_template_98,2,79aed9ed62fdba47efe157e0ed880c0f38c20c04d12c79c77665834545bd1860
55/55_original_98_original_98.png_32fe0e55-9d88-463a-89c2-514aca076a35.png_1fabadc8-1ec9-48c6-bf2a-412fb8c1514a.png,filling_station,train,55,Filling station,98,dataset_a_55_template_98,2,34116fedc77e21b611f85fc47d7895c6d5026f6af72c8aeba077f0777bc7a56e
55/55_original_98_original_98.png_32fe0e55-9d88-463a-89c2-514aca076a35.png_6fd3a8bb-05f9-4371-b828-2c03b6d9647c.png,filling_station,train,55,Filling station,98,dataset_a_55_template_98,2,29aa1c193c58599583f3cca924b2e5eacde41452e00c32beb3300aa40ff3dcb5
55/55_original_98_original_98.png_32fe0e55-9d88-463a-89c2-514aca076a35.png_a0892221-da6c-4e34-b1d0-29c5a3d707a3.png,filling_station,train,55,Filling station,98,dataset_a_55_template_98,2,bfb8744c565aa14b7c86d27cbdeb5e80f0658eabbb1cf8cb1b5de5035c93ae9f
55/55_original_98_original_98.png_32fe0e55-9d88-463a-89c2-514aca076a35.png_c4989843-c95b-45ea-b9b3-78637b1e55ff.png,filling_station,train,55,Filling station,98,dataset_a_55_template_98,2,2b2dc62325afa83055f9231034d986a3220ca4669d04ad34508e72756e8acdc7
55/55_original_98_original_98.png_32fe0e55-9d88-463a-89c2-514aca076a35.png_dd3e96be-307b-4413-9451-23d6938c2926.png,filling_station,train,55,Filling station,98,dataset_a_55_template_98,2,1547ba633b96a97586112c24de09d90f12c37b5a8c4c3f2a17e236bd68097be3
55/55_original_98_original_98.png_3368a8d5-e988-436f-8531-a8455025f6ce.png_3edd10cf-6c4f-4676-9606-69e64b06ddcc.png,filling_station,train,55,Filling station,98,dataset_a_55_template_98,2,5a3221dfb777302a238cb3f45b2a32889c3ea3b2fcdab9c747452a4bd4cb934d
55/55_original_98_original_98.png_3368a8d5-e988-436f-8531-a8455025f6ce.png_b4af0d41-f302-4961-8896-dbee8210d00f.png,filling_station,train,55,Filling station,98,dataset_a_55_template_98,2,5e3da3e2ef9fc34f6955c02a4cd28ce0fb1a9e59885aa1049cf0d1f69b41085b
55/55_original_98_original_98.png_3368a8d5-e988-436f-8531-a8455025f6ce.png_b643b89f-bd55-4a23-b4c9-2e09942687cb.png,filling_station,train,55,Filling station,98,dataset_a_55_template_98,2,80e868d3fef16fc19a060cc17c722c3386d7c27cff87e93e8c95be6cc0bd6e8e
55/55_original_98_original_98.png_3368a8d5-e988-436f-8531-a8455025f6ce.png_c25cf140-19a7-4e27-ab37-250fac4f2eaa.png,filling_station,train,55,Filling station,98,dataset_a_55_template_98,2,febc9668993e1c8b10a445ae6398d0653f34602389efd1b9cef433fb213208f1
55/55_original_98_original_98.png_38eda2fb-62ba-450d-9884-b5dfe2a01dbe.png_0511b358-8f1d-45be-9230-ca50a6dbd3dd.png,filling_station,train,55,Filling station,98,dataset_a_55_template_98,2,eb043e7c1a2137b443afba7d21468055d1afa01199ec05c1270bae7a57905856
55/55_original_98_original_98.png_3bc6766f-ace7-4919-8ed4-6c97e3c60958.png_21569e4b-c868-42c0-bc3a-fcba395ca5db.png,filling_station,train,55,Filling station,98,dataset_a_55_template_98,2,d1987c0b31f3a1cd9b16fcefed8a95b75db255564a58c827b27ad1ab53173829
55/55_original_98_original_98.png_3bc6766f-ace7-4919-8ed4-6c97e3c60958.png_4b6e54f0-b99e-4e88-adf2-4d018accf1c0.png,filling_station,train,55,Filling station,98,dataset_a_55_template_98,2,c888380a7cce1dcb05ad006c84063f2337a52aea18a6fb257ef6b58638a98516
55/55_original_98_original_98.png_3bc6766f-ace7-4919-8ed4-6c97e3c60958.png_5677e19c-bc51-45dd-971b-3f96e80dff38.png,filling_station,train,55,Filling station,98,dataset_a_55_template_98,2,045e5309277db7f43c2fb1941a03d4fbee47f306a3ffe14e38b7e7cf02f20a38
55/55_original_98_original_98.png_3bc6766f-ace7-4919-8ed4-6c97e3c60958.png_6e688935-3612-4582-b78b-41e7fa8034c6.png,filling_station,train,55,Filling station,98,dataset_a_55_template_98,2,212b6e8b660ed149077284781c05521c9ef0962a9aa21f4296af39e458bc9bfd
55/55_original_98_original_98.png_3bc6766f-ace7-4919-8ed4-6c97e3c60958.png_75238eb8-add0-4ee7-b7c7-41c873f41952.png,filling_station,train,55,Filling station,98,dataset_a_55_template_98,2,e7b017001a27ef3a145e35d4be9ec0a9d99c3edb6766dbeeb278122dc6651358
55/55_original_98_original_98.png_3bc6766f-ace7-4919-8ed4-6c97e3c60958.png_80147f6b-51bb-4994-b44c-d64fde1c473e.png,filling_station,train,55,Filling station,98,dataset_a_55_template_98,2,f3c46a031737b651d7e9dc6458407d7b3aa526d281fbc51cf1ebca72ee781906
55/55_original_98_original_98.png_3bc6766f-ace7-4919-8ed4-6c97e3c60958.png_9616051a-a941-4d5f-a0d5-6f22a2df4799.png,filling_station,train,55,Filling station,98,dataset_a_55_template_98,2,48c519f2511d498b5873e8f6b3fce58b435371c5451d164ba74ea2ba72bcc7c1
55/55_original_98_original_98.png_3bc6766f-ace7-4919-8ed4-6c97e3c60958.png_9d101579-8e45-4ea3-bd54-96245272cc7d.png,filling_station,train,55,Filling station,98,dataset_a_55_template_98,2,7e26c36abd1eab11c625cd42fe634971bd8937221b12333e40e2a088947e8f63
55/55_original_98_original_98.png_3bc6766f-ace7-4919-8ed4-6c97e3c60958.png_bae3257c-3b8d-4682-a32b-bae61e613734.png,filling_station,train,55,Filling station,98,dataset_a_55_template_98,2,77065dea7c0395e02edaff2bd5be4c12ede70049c9418e8b754772aaa70efc71
55/55_original_98_original_98.png_3bc6766f-ace7-4919-8ed4-6c97e3c60958.png_c14128e2-99a3-44e3-97aa-09f078e3c9b6.png,filling_station,train,55,Filling station,98,dataset_a_55_template_98,2,254f8d57d71e5021d0c7446d9f5b5304ec750df03ddc2513927c3a295949d8b9
55/55_original_98_original_98.png_3bc6766f-ace7-4919-8ed4-6c97e3c60958.png_c528a4fe-f241-4977-8a25-86676da2892f.png,filling_station,train,55,Filling station,98,dataset_a_55_template_98,2,bcb0259770318b2f20a5ae4249b21755e34d3c3c1cc951a5defcf75902bbeb8b
55/55_original_98_original_98.png_3bc6766f-ace7-4919-8ed4-6c97e3c60958.png_c9c9daf5-4d43-4ec2-8c25-6411b294056c.png,filling_station,train,55,Filling station,98,dataset_a_55_template_98,2,1ca938c303b066b5fafe79456fd11e641dbf90cd9e2b1b85ca967b20d4bcde13
55/55_original_98_original_98.png_3bc6766f-ace7-4919-8ed4-6c97e3c60958.png_d72807f2-0b4b-4605-93c6-334d0cfd2642.png,filling_station,train,55,Filling station,98,dataset_a_55_template_98,2,cda4bed53168731a681e89c4b17e542085067d955272651d207339302a2e7269
55/55_original_98_original_98.png_3bc6766f-ace7-4919-8ed4-6c97e3c60958.png_dbece29a-ac61-47c1-a1cf-f504322e536a.png,filling_station,train,55,Filling station,98,dataset_a_55_template_98,2,ed782e5961ca819f8cdc5106d51a00ac84ab6d4b64789ec439ea9ae69f55b326
55/55_original_98_original_98.png_3e5b424c-81f0-45dc-a824-0cc917e1928a.png_092d9810-a4a7-4a07-9e63-228c0c13164f.png,filling_station,train,55,Filling station,98,dataset_a_55_template_98,2,75216b8112e983d75dcc134c804d3faa3a9c339cda5bb4697c42d491834fa62f
55/55_original_98_original_98.png_3e5b424c-81f0-45dc-a824-0cc917e1928a.png_89231157-b7e3-4f6e-95e2-0ec265c762ed.png,filling_station,train,55,Filling station,98,dataset_a_55_template_98,2,c96b92ff7d4e055c337dd8febee367a1b879ccb926860ff0fa78cf38fb536978
55/55_original_98_original_98.png_3e5b424c-81f0-45dc-a824-0cc917e1928a.png_d97a1e11-6816-40d8-9d9a-9bad9dd31061.png,filling_station,train,55,Filling station,98,dataset_a_55_template_98,2,072fcdda18ae26a72dc4853a1c10581324c9a29a060f80d065204e4f10b0bb3e
55/55_original_98_original_98.png_3ff15261-2cf2-4dbe-b18d-9e92897abfde.png_00b9be41-6815-4c16-b027-dbd4aeaf4022.png,filling_station,train,55,Filling station,98,dataset_a_55_template_98,2,7b841a79683cafad6746d5525ca92db34eb7b57cb6056784a60f33ddd5da84c1
55/55_original_98_original_98.png_3ff15261-2cf2-4dbe-b18d-9e92897abfde.png_3b48416f-74c1-4191-8da8-c48e122a09b9.png,filling_station,train,55,Filling station,98,dataset_a_55_template_98,2,e415e4dc7d48e93b89fd7d7655cffbd79d90a3e3610bf3f2406e02b654cb25b9
55/55_original_98_original_98.png_3ff15261-2cf2-4dbe-b18d-9e92897abfde.png_4f83a01b-7140-41ab-ab82-d7ff7079e6be.png,filling_station,train,55,Filling station,98,dataset_a_55_template_98,2,da939d9fdb19bef14e893603f09f0ddfed63e14a17469036050d3646486f4d11
55/55_original_98_original_98.png_3ff15261-2cf2-4dbe-b18d-9e92897abfde.png_6632a136-75c1-4cc6-83ab-bed32f72b9e7.png,filling_station,train,55,Filling station,98,dataset_a_55_template_98,2,63c8242c11e5c2ca20097dd1fb7dddca0a6db54c7c67d66fcf2e3ff562804025
55/55_original_98_original_98.png_3ff15261-2cf2-4dbe-b18d-9e92897abfde.png_8df62e9e-bdf6-4728-ba70-1b42bc6d867c.png,filling_station,train,55,Filling station,98,dataset_a_55_template_98,2,ca05bf28d41f995d2139a48de44050ae6357d94b7208d2bfda4ab3c604a21085
55/55_original_98_original_98.png_3ff15261-2cf2-4dbe-b18d-9e92897abfde.png_bbdc9b66-2d15-4e91-b5b3-b5ffd95fc124.png,filling_station,train,55,Filling station,98,dataset_a_55_template_98,2,f7d6f57246f25fa574cb635e6873cf50df675838742a629307a9ce29aa770091
55/55_original_98_original_98.png_3ff15261-2cf2-4dbe-b18d-9e92897abfde.png_cbd187a3-e4cc-46f7-bdb5-e70fdc3409e6.png,filling_station,train,55,Filling station,98,dataset_a_55_template_98,2,c8ea84432bf15cfd74a5f52752ffb08c490af16db79fe66c58dea8750537f25d
55/55_original_98_original_98.png_4240d0f3-b128-4baf-a3b1-9c2e11be5abf.png_302c025b-19ba-464d-b0ce-b9de8a147ded.png,filling_station,train,55,Filling station,98,dataset_a_55_template_98,2,649edafced19a989c86d703d3da73500358d860ed276e9199f911196115d0da5
55/55_original_98_original_98.png_4240d0f3-b128-4baf-a3b1-9c2e11be5abf.png_39324a1a-1c06-4e50-870d-948365571aa7.png,filling_station,train,55,Filling station,98,dataset_a_55_template_98,2,8a85f074a3e56e312b0ccf880eee4c58fa96c817a4beb8516e8bdab68176dad3
55/55_original_98_original_98.png_4240d0f3-b128-4baf-a3b1-9c2e11be5abf.png_7c5d116f-ab0f-4e9e-a5fc-e79be0051865.png,filling_station,train,55,Filling station,98,dataset_a_55_template_98,2,ae8b04dd0720c120fb9decd8598056178f961f3eab589d77a13e5b986e905305
55/55_original_98_original_98.png_4240d0f3-b128-4baf-a3b1-9c2e11be5abf.png_99327428-345f-4fcc-b545-57c29ffae25b.png,filling_station,train,55,Filling station,98,dataset_a_55_template_98,2,05614566909f7d9683289ea971b91104e4071f4ec6fb6cf5ccc91412fa8bba71
55/55_original_98_original_98.png_4240d0f3-b128-4baf-a3b1-9c2e11be5abf.png_9f3bac03-5867-412a-a73f-81448c4f0b81.png,filling_station,train,55,Filling station,98,dataset_a_55_template_98,2,06eaa430f6d16c22835e1d3946efd267e5bfc82826c3413216bdee8020490651
55/55_original_98_original_98.png_4240d0f3-b128-4baf-a3b1-9c2e11be5abf.png_a9eeac9d-d151-4c03-9d2c-fa277cd82dcd.png,filling_station,train,55,Filling station,98,dataset_a_55_template_98,2,8de02f9a7462bc386b1a5b39c519e2f79ebd6c39dffc8ae7a07a25146dedd6af
55/55_original_98_original_98.png_4240d0f3-b128-4baf-a3b1-9c2e11be5abf.png_c909740d-fd3b-4665-8677-6f7abe556d48.png,filling_station,train,55,Filling station,98,dataset_a_55_template_98,2,9feb947836c2810c0db765d26fa4f03096d4d96c5a4ae0b2efa1b3828b6a459e
55/55_original_98_original_98.png_4240d0f3-b128-4baf-a3b1-9c2e11be5abf.png_d13006d2-d0fa-4480-be46-1ef671beefb1.png,filling_station,train,55,Filling station,98,dataset_a_55_template_98,2,e11e69b8394813a51aa945df016755797b8a33cd9da9c998ac9622eb052c4f3e
55/55_original_98_original_98.png_4240d0f3-b128-4baf-a3b1-9c2e11be5abf.png_d362ae1d-c10d-423d-8176-356bb3d4e33c.png,filling_station,train,55,Filling station,98,dataset_a_55_template_98,2,40a858dfd58ae8725da07ada131d7f682eb2e94ea29bf4d09b85e1f794181ef8
55/55_original_98_original_98.png_4240d0f3-b128-4baf-a3b1-9c2e11be5abf.png_f35b65de-084a-4226-a513-53aac76560a2.png,filling_station,train,55,Filling station,98,dataset_a_55_template_98,2,8d6a3a41f9bda28827d064b63a13c50ba53f3c44259f4a6b55a27d3c0baebd99
55/55_original_98_original_98.png_4240d0f3-b128-4baf-a3b1-9c2e11be5abf.png_fe842043-b641-4201-abbe-cbda7347c0d0.png,filling_station,train,55,Filling station,98,dataset_a_55_template_98,2,34e0201e224746d2b3371981dfed1b00f5707dc124b5d53f858502b38c499f74
55/55_original_98_original_98.png_4ae5e08d-e4ba-410e-9656-8c2dcc5f8a76.png_1812c311-6885-4b15-ad4a-6ce24602f3a0.png,filling_station,train,55,Filling station,98,dataset_a_55_template_98,2,f87321a1eac8db73a039ddc987ca5d232cb73e7386800aac614872a1ad378139
55/55_original_98_original_98.png_4ae5e08d-e4ba-410e-9656-8c2dcc5f8a76.png_73493aa3-4dca-485d-987d-2de2d708f5eb.png,filling_station,train,55,Filling station,98,dataset_a_55_template_98,2,9e98ff74633324b6990721fa69e5812d70ea2a870b3fc64edcb52f741f0039dc
55/55_original_98_original_98.png_4ae5e08d-e4ba-410e-9656-8c2dcc5f8a76.png_7662affd-3201-4d04-b4ed-02820a710e5d.png,filling_station,train,55,Filling station,98,dataset_a_55_template_98,2,721d24b3755e2b3cc7a70784bef59763a94dcd76c15ddbd8c0ded175f87b0ed9
55/55_original_98_original_98.png_4ae5e08d-e4ba-410e-9656-8c2dcc5f8a76.png_c47a06dd-4934-4897-902a-e044645806e8.png,filling_station,train,55,Filling station,98,dataset_a_55_template_98,2,29f6de7e137f690656634e42cdfee931763eb94dff6406fc245162b88c91af18
55/55_original_98_original_98.png_4ae5e08d-e4ba-410e-9656-8c2dcc5f8a76.png_cc96df9c-c56e-4b41-b713-896e0fc49de4.png,filling_station,train,55,Filling station,98,dataset_a_55_template_98,2,51557e42a28b6054ece7fff80d07960f4abdf50aaeaba03f5fcda56a9dc9bfc3
55/55_original_98_original_98.png_4ae5e08d-e4ba-410e-9656-8c2dcc5f8a76.png_f33ec2bb-0160-468a-ab42-d97fc336720b.png,filling_station,train,55,Filling station,98,dataset_a_55_template_98,2,d23857a927f8580da694ce86da2426eea8c0ef5ed9ecf1bb835e71fc841fcc82
55/55_original_98_original_98.png_4c73f823-b9db-47c8-b1c1-eddd63c26e85.png_2ca9ca0c-5d94-449c-b31f-5568539ac857.png,filling_station,train,55,Filling station,98,dataset_a_55_template_98,2,688238aeb1402eeb2f84f9aadf9435a97c2d2c2ebdd424a8afc4e95ba0613fef
55/55_original_98_original_98.png_4c73f823-b9db-47c8-b1c1-eddd63c26e85.png_3d7407d1-e0cd-468c-8bb8-3673846be834.png,filling_station,train,55,Filling station,98,dataset_a_55_template_98,2,cb7252c98b339ad28ae71c6b7b1bfb5a410ab998bc651df8d70f1821bb1770f0
55/55_original_98_original_98.png_4c73f823-b9db-47c8-b1c1-eddd63c26e85.png_6af5c028-e26b-4080-bb84-6f4dc6b64e74.png,filling_station,train,55,Filling station,98,dataset_a_55_template_98,2,2e3fa08a146449e06b283c88a29a0f116305b659f9345aeb4bb7c68d0a58ed05
55/55_original_98_original_98.png_4c73f823-b9db-47c8-b1c1-eddd63c26e85.png_6f54758f-ebf5-4a10-a8f0-0b70b4e6b5d4.png,filling_station,train,55,Filling station,98,dataset_a_55_template_98,2,8090a3669afb88ebcaba790f02c164b46ed118eb55d6a1b9de2acfc4938bc019
55/55_original_98_original_98.png_4c73f823-b9db-47c8-b1c1-eddd63c26e85.png_7c990b76-7bca-4bee-844c-cc191429cede.png,filling_station,train,55,Filling station,98,dataset_a_55_template_98,2,b03d67ee0471780f9f2780337edd5fcf62e95c99ea1d79e2a6f508051fb346b1
55/55_original_98_original_98.png_4c73f823-b9db-47c8-b1c1-eddd63c26e85.png_8ae63b43-d9e3-449b-9fa3-dc27d6150492.png,filling_station,train,55,Filling station,98,dataset_a_55_template_98,2,43ac8962c3e44f4265573f289055119ecc7ace539aedc000c4fd111c2cf34333
55/55_original_98_original_98.png_4c73f823-b9db-47c8-b1c1-eddd63c26e85.png_c60fa338-be6e-4d62-8037-de8ed11a3799.png,filling_station,train,55,Filling station,98,dataset_a_55_template_98,2,493099913a3412e339d2b4ae027bf0f67cdf7b68161b3fe70c7cb7f4a5c861e3
55/55_original_98_original_98.png_4c73f823-b9db-47c8-b1c1-eddd63c26e85.png_d216524a-a85c-4b4c-b957-b0f23554fb79.png,filling_station,train,55,Filling station,98,dataset_a_55_template_98,2,65130026501144c3ae316e277993a0afd123701a79ea39d680b77ccb2f7ee5d1
55/55_original_98_original_98.png_53a86a95-2afd-4a8b-ba38-98011504d243.png_1868a660-fa3f-4e7a-b2e8-9b2bc39a5eb2.png,filling_station,train,55,Filling station,98,dataset_a_55_template_98,2,2608eea62d67518d17b7998a2b05e7177ae713af218e233ebe2b7b15da49499f
55/55_original_98_original_98.png_53a86a95-2afd-4a8b-ba38-98011504d243.png_1b1cc19b-7ce2-49bf-8f22-ae836182faf3.png,filling_station,train,55,Filling station,98,dataset_a_55_template_98,2,500c6dbec3acc40f424550bbaecc9600c6d5cc32abcdcc9ea0299111d6f0c9c9
55/55_original_98_original_98.png_53a86a95-2afd-4a8b-ba38-98011504d243.png_38ca61bd-7b35-4f36-989c-02da52437021.png,filling_station,train,55,Filling station,98,dataset_a_55_template_98,2,0a9dbd0d98a294d35fc076401c25b2af7ead5f1edb80a011edeabbf496b7b5ee
55/55_original_98_original_98.png_53a86a95-2afd-4a8b-ba38-98011504d243.png_412da459-978c-4ca2-a1ba-323f6468d08b.png,filling_station,train,55,Filling station,98,dataset_a_55_template_98,2,407d7ff2a0cb98469bd1564e2bed37d9935d59d17c7ff2ccd32bbd1c96c5a769
55/55_original_98_original_98.png_53a86a95-2afd-4a8b-ba38-98011504d243.png_ed1bc953-81c9-432f-8cee-3a90d2fe9e60.png,filling_station,train,55,Filling station,98,dataset_a_55_template_98,2,8e5d83cc76081c6d9e30f04a281bfb90d84e8850b7c79ac8f215369492a52f76
55/55_original_98_original_98.png_5dfc385f-fb53-42fa-99e2-063b6821c1d1.png_0b056b39-e2a8-4f48-8b35-852e24a9fbde.png,filling_station,train,55,Filling station,98,dataset_a_55_template_98,2,7dbee102664993bb620574df04607e6726fa60203e37a40a720616616ae5b3a7
55/55_original_98_original_98.png_5dfc385f-fb53-42fa-99e2-063b6821c1d1.png_332ea2f7-c9d6-42f4-a3c3-94cfd0f0bbd6.png,filling_station,train,55,Filling station,98,dataset_a_55_template_98,2,e4ef5b1be75c4f7486f9e7edb9bbc004a7d8fe32e77c2ab4b4a858978f255c15
55/55_original_98_original_98.png_5dfc385f-fb53-42fa-99e2-063b6821c1d1.png_483c65bc-7fea-4f32-9ed3-03948b728847.png,filling_station,train,55,Filling station,98,dataset_a_55_template_98,2,2f773a3d8a26201bf434b9032c615b31391ee917aa52411088475461fcc8261c
55/55_original_98_original_98.png_5dfc385f-fb53-42fa-99e2-063b6821c1d1.png_560c1697-c298-4382-83c0-28dc0225d21f.png,filling_station,train,55,Filling station,98,dataset_a_55_template_98,2,319a7bbea81a8bbd366449fd1398a73b712036d3af235cf0fb62b54fcb9f5f4f
55/55_original_98_original_98.png_5dfc385f-fb53-42fa-99e2-063b6821c1d1.png_cef9c0e0-4f62-4b85-9783-3721ef1baf73.png,filling_station,train,55,Filling station,98,dataset_a_55_template_98,2,c3c8e5cbbff25f7d000dca943ff227cb95a8ac372401fb1f3a65d3a6952bf4e0
55/55_original_98_original_98.png_5dfc385f-fb53-42fa-99e2-063b6821c1d1.png_dff5f3f1-d176-4441-9f1f-304cc2d2e17e.png,filling_station,train,55,Filling station,98,dataset_a_55_template_98,2,09a72186036bc18c9ad2dbe72d5458189628d30bf4229aeb33834fbede483745
55/55_original_98_original_98.png_5e05666e-f1df-4c57-97a3-fdd614e94062.png_0e272a73-6f2c-4d65-9ab2-2f34d1c3422e.png,filling_station,train,55,Filling station,98,dataset_a_55_template_98,2,89a7f849f974acfe998a388fac64d7b6d0880cde576a6e168a25a3132805d0a9
55/55_original_98_original_98.png_5e05666e-f1df-4c57-97a3-fdd614e94062.png_79662c21-edcf-466b-bfd7-ca1034ea2f11.png,filling_station,train,55,Filling station,98,dataset_a_55_template_98,2,cfd2ba9bfbe9b1a5a0396d041f355474ed63694027be6248c4e72184d2cb4e91
55/55_original_98_original_98.png_5e05666e-f1df-4c57-97a3-fdd614e94062.png_797172a6-706b-45a8-84fe-17ab7bc4ac0c.png,filling_station,train,55,Filling station,98,dataset_a_55_template_98,2,d366a322735a588c92a6d014d6307034f42de853094dd241f621afcea9ae5320
55/55_original_98_original_98.png_5e05666e-f1df-4c57-97a3-fdd614e94062.png_c941f07f-fec6-4f9b-90fa-e06ee7b99132.png,filling_station,train,55,Filling station,98,dataset_a_55_template_98,2,a4fca5d0e268aa5feb79a9202e02c9ebab437c822c433567a6512651272b2b64
55/55_original_98_original_98.png_5e05666e-f1df-4c57-97a3-fdd614e94062.png_f3ac4a3b-f9cc-4b85-82aa-45928ace910d.png,filling_station,train,55,Filling station,98,dataset_a_55_template_98,2,458a778e2b4573bd99faa29f51d4a9bb000520513373d78b330d2c9c71ee3b58
55/55_original_98_original_98.png_5e05666e-f1df-4c57-97a3-fdd614e94062.png_f8cb03b3-2071-4c75-82c7-964c7d2a218a.png,filling_station,train,55,Filling station,98,dataset_a_55_template_98,2,54c1d1f78a4b0352b5068cc333de95b0f603442f10dab52046ff0e98644212e7
55/55_original_98_original_98.png_622c067e-ac50-4d87-95d3-bed062662dec.png_04e7aa0f-94dc-42fd-82e2-3a03261782ec.png,filling_station,train,55,Filling station,98,dataset_a_55_template_98,2,37184535e18384f92a99f960c9e388336efc54587a076574f13cdad85b268b59
55/55_original_98_original_98.png_622c067e-ac50-4d87-95d3-bed062662dec.png_0c63278d-9979-49ef-8834-233fb5ff49a6.png,filling_station,train,55,Filling station,98,dataset_a_55_template_98,2,2677d1e4bacea6457501d65a5fa02b79305c5db4c8a64094763bf3827bd48d79
55/55_original_98_original_98.png_622c067e-ac50-4d87-95d3-bed062662dec.png_2fa5a4d5-4f21-4335-b7a6-2e5e466754c9.png,filling_station,train,55,Filling station,98,dataset_a_55_template_98,2,ce7b3872b7c58ee1d284211023f5aab4cb701115e42e9a4463aca1a8b83663dc
55/55_original_98_original_98.png_622c067e-ac50-4d87-95d3-bed062662dec.png_d011d9b0-38cb-4dc9-bda3-dd07ee4b3252.png,filling_station,train,55,Filling station,98,dataset_a_55_template_98,2,cd5a40f740337ea55925e3b42607518f8b145df66e47560b099fd624b3fadb3a
55/55_original_98_original_98.png_643fd448-3f55-41ed-bdea-256a3b17e0e9.png_2a516ab9-f3ee-417d-a6e7-1b6847c21c27.png,filling_station,train,55,Filling station,98,dataset_a_55_template_98,2,bbf8f93f01c81c7a519b93406f16d8d979a80cb78d7c13eabb8265018221068e
55/55_original_98_original_98.png_643fd448-3f55-41ed-bdea-256a3b17e0e9.png_3cf20b46-a8d9-49e7-b6b1-6d0688a89dc8.png,filling_station,train,55,Filling station,98,dataset_a_55_template_98,2,8cb73cf15aba46ab883194793e8b65d974ca2bfa60417604948ed5b9e19cf8b0
55/55_original_98_original_98.png_643fd448-3f55-41ed-bdea-256a3b17e0e9.png_5ff3c973-8eca-4a28-a6b0-cbc9cfc57178.png,filling_station,train,55,Filling station,98,dataset_a_55_template_98,2,3f9be43915521cde60f21e996cb8ae14cfed43fe2ab4893295418f19325bf90d
55/55_original_98_original_98.png_643fd448-3f55-41ed-bdea-256a3b17e0e9.png_82334bd2-4b2c-4e0c-9bd3-10a578e9de63.png,filling_station,train,55,Filling station,98,dataset_a_55_template_98,2,623f33132e1b91999526384249ad23a5455e58d3e4c44de43446ad4d05075dda
55/55_original_98_original_98.png_643fd448-3f55-41ed-bdea-256a3b17e0e9.png_9af86bf7-278a-40b7-ae06-d2c50147ee54.png,filling_station,train,55,Filling station,98,dataset_a_55_template_98,2,7ec8c00c9e2aaf357ab69f752a24de04e74008ab4a539c467277edaacf73171c
55/55_original_98_original_98.png_643fd448-3f55-41ed-bdea-256a3b17e0e9.png_9b216bed-9698-413e-b2a9-61d357798d98.png,filling_station,train,55,Filling station,98,dataset_a_55_template_98,2,803cf0e34e509bee83c9f873a2ed1c135db5f6322cba67ca9a1e72ce7d809126
55/55_original_98_original_98.png_646b428d-9ed2-4192-96fb-ce122da88af8.png_0f7d4c01-7892-4ec0-9f04-5f2dc417922f.png,filling_station,train,55,Filling station,98,dataset_a_55_template_98,2,53178883ab3b7fc214df753b4f58325fe170c6a2dcbed2e3bbae04049eb0dd98
55/55_original_98_original_98.png_646b428d-9ed2-4192-96fb-ce122da88af8.png_41f0308a-33e4-4c66-a231-5d2f2adc4277.png,filling_station,train,55,Filling station,98,dataset_a_55_template_98,2,b7030de08189f996565138b5bb7c935b7457d75030379c4e07f48d28d26fa03c
55/55_original_98_original_98.png_646b428d-9ed2-4192-96fb-ce122da88af8.png_6ca60526-5db7-4313-a4a1-684633b2342f.png,filling_station,train,55,Filling station,98,dataset_a_55_template_98,2,49241bbb355b5c2e889922ef0d1123740eeeceaa2c7fc51057fe816c09823c07
55/55_original_98_original_98.png_646b428d-9ed2-4192-96fb-ce122da88af8.png_85ac7e1c-d44b-47e1-96e1-6f7352149768.png,filling_station,train,55,Filling station,98,dataset_a_55_template_98,2,020356290fd8878ac07c4a5d694dffe1aeb965e03ea104947d98362d46978494
55/55_original_98_original_98.png_646b428d-9ed2-4192-96fb-ce122da88af8.png_ddbd9373-adc6-46ca-bbb7-f30334b16316.png,filling_station,train,55,Filling station,98,dataset_a_55_template_98,2,c2470606beac4ebb5ea95f64fe90219b492eb4e203ee6f61d23c8c1f2a06d5d5
55/55_original_98_original_98.png_646b428d-9ed2-4192-96fb-ce122da88af8.png_f3adaeda-7949-494e-8030-63128f370757.png,filling_station,train,55,Filling station,98,dataset_a_55_template_98,2,91ef424340b2de0f634deace53e097f2079638915117a76ea795dde4d12cfa2c
55/55_original_98_original_98.png_6e016327-cf87-4b2b-8419-0e2f4bb4b1ab.png_0ef17d3e-5cf4-48bb-9527-a273f8e2d43f.png,filling_station,train,55,Filling station,98,dataset_a_55_template_98,2,7506140b9555c6c7a1c65bb4c1cdcfa9d185946f204536fb274365a7e276402b
55/55_original_98_original_98.png_6e016327-cf87-4b2b-8419-0e2f4bb4b1ab.png_2bc9224d-ecc6-4785-b891-f0dd17b79da9.png,filling_station,train,55,Filling station,98,dataset_a_55_template_98,2,704d683ec0939c0a5d0e5550ab2d1790b4c1ca7e95bd3638ab041e06a19a8609
55/55_original_98_original_98.png_6e016327-cf87-4b2b-8419-0e2f4bb4b1ab.png_6a0e591a-9ac2-4cc5-a457-809cda634915.png,filling_station,train,55,Filling station,98,dataset_a_55_template_98,2,25516443025f6d266641805378970a3ea3195f1059f71fb4cd29c2460981379b
55/55_original_98_original_98.png_6e016327-cf87-4b2b-8419-0e2f4bb4b1ab.png_8c54bf43-395c-4a7f-b9bb-11508d351db4.png,filling_station,train,55,Filling station,98,dataset_a_55_template_98,2,e11b2bc677451543d87ec6a8be40d3ed44a72affc30cb66053b45162d31d8a30
55/55_original_98_original_98.png_6e016327-cf87-4b2b-8419-0e2f4bb4b1ab.png_a84ee2b0-46f5-4aab-9449-5ec63df875b0.png,filling_station,train,55,Filling station,98,dataset_a_55_template_98,2,f3ee3b64e5d7ca43202d987ad72e80b39b9eca837811081adc5a4c66ef877562
55/55_original_98_original_98.png_6e016327-cf87-4b2b-8419-0e2f4bb4b1ab.png_b86597f1-8f83-4869-b903-930551681419.png,filling_station,train,55,Filling station,98,dataset_a_55_template_98,2,ef40634e5ddb779b5aee2753f07b15f7b4b0be74c41053df8e3f0b2963477c74
55/55_original_98_original_98.png_6e016327-cf87-4b2b-8419-0e2f4bb4b1ab.png_e5a7ce6b-7935-4f57-95e8-e4e503c2bf9e.png,filling_station,train,55,Filling station,98,dataset_a_55_template_98,2,13da5cdecbb9da6f4e6a6e48cf4f1625c730e0e228161863d2792f669ee9f614
55/55_original_98_original_98.png_6e7b4bc7-a245-419a-b0f4-13406a12a02e.png_098ace10-8d87-4166-b746-739e9379c37b.png,filling_station,train,55,Filling station,98,dataset_a_55_template_98,2,4894e47623e873fe6a868cd4692a44d6c7f18f753810f83b1fd037848948cd3f
55/55_original_98_original_98.png_6e7b4bc7-a245-419a-b0f4-13406a12a02e.png_0edebac4-bc91-412f-9009-7706259b3b7b.png,filling_station,train,55,Filling station,98,dataset_a_55_template_98,2,5383da106c2f78cb48f75010649ca52675f722287c1c9bc4be6978d73e8513fe
55/55_original_98_original_98.png_6e7b4bc7-a245-419a-b0f4-13406a12a02e.png_4e3ff0e6-0a1d-4707-b272-be74d94efc34.png,filling_station,train,55,Filling station,98,dataset_a_55_template_98,2,db77f76d18f97a25a65e600bb6756451f75a6daccf1b5864200fdb7200d59e96
55/55_original_98_original_98.png_6e7b4bc7-a245-419a-b0f4-13406a12a02e.png_5dff3108-7321-42ba-9afe-f5ce0aadc09d.png,filling_station,train,55,Filling station,98,dataset_a_55_template_98,2,d58af847ae7b39461e6f307a7acc8f54d7832f37247f5eb8e90489374fc5aea3
55/55_original_98_original_98.png_6e7b4bc7-a245-419a-b0f4-13406a12a02e.png_aaa6499f-67c2-4ea2-88d6-c4a0f69f0c1e.png,filling_station,train,55,Filling station,98,dataset_a_55_template_98,2,26519cc5db506dade36db5a087eb3088747f7a8f2c74b4f8ad949a0ec982283a
55/55_original_98_original_98.png_6f4e10b6-69b9-4a4b-b3d7-468809fa98a7.png_344c6dec-d142-4517-ac54-3d6a8ebbb20a.png,filling_station,train,55,Filling station,98,dataset_a_55_template_98,2,ae886b2ca21e65a90500b6d46c10386202365064185ec67dfc6ac7b3ebf49379
55/55_original_98_original_98.png_6f4e10b6-69b9-4a4b-b3d7-468809fa98a7.png_37286742-f465-4850-8908-11233d559bde.png,filling_station,train,55,Filling station,98,dataset_a_55_template_98,2,bfb79a3b486f652bd29658959f8fea088d699bf3b38fdb370624bf90b06201f3
55/55_original_98_original_98.png_6f4e10b6-69b9-4a4b-b3d7-468809fa98a7.png_51c1aceb-f25e-4feb-ab39-dbe75af28ebb.png,filling_station,train,55,Filling station,98,dataset_a_55_template_98,2,dd42e71629501e7f7cc0422dfbd4e7dfd4f55f3413a48d933c70432ce8b870ea
55/55_original_98_original_98.png_6f4e10b6-69b9-4a4b-b3d7-468809fa98a7.png_542dcb7e-68a8-4a14-91d5-cf2a257adfdd.png,filling_station,train,55,Filling station,98,dataset_a_55_template_98,2,194cbb88938edee40a93a0c78a180892c22e7373dd9412b9758bd5662aaff118
55/55_original_98_original_98.png_6f4e10b6-69b9-4a4b-b3d7-468809fa98a7.png_95d53a94-a832-4816-8eee-12728ced542b.png,filling_station,train,55,Filling station,98,dataset_a_55_template_98,2,95b4d6107a4d50835c5a94d25662f90db43bd77b4f8a8a6f6cdc74be07bdc38c
55/55_original_98_original_98.png_6f4e10b6-69b9-4a4b-b3d7-468809fa98a7.png_dac50115-bdca-4598-a2ec-4693a42b801b.png,filling_station,train,55,Filling station,98,dataset_a_55_template_98,2,2d24638ff0d57a076446fb147791e2902ef3126e58a288ce9bf5d1574e30c17e
55/55_original_98_original_98.png_6f4e10b6-69b9-4a4b-b3d7-468809fa98a7.png_e0d2d5a5-42ba-488d-bd4a-35552d983c0a.png,filling_station,train,55,Filling station,98,dataset_a_55_template_98,2,a32519904d11699d4a039825936b78c44138ed561d28c274c629d09bc5b3a359
55/55_original_98_original_98.png_6f4e10b6-69b9-4a4b-b3d7-468809fa98a7.png_fe91615f-8267-4481-813d-0b1643392aad.png,filling_station,train,55,Filling station,98,dataset_a_55_template_98,2,ec99ae56978b7daecdf4aa22ace32b93005e030b66836fdc8fbd8d26a60329cd
55/55_original_98_original_98.png_70986332-9e73-4132-8c30-72b5becf6ce0.png_5402d3fd-1ba5-4c41-90be-a8bef3637142.png,filling_station,train,55,Filling station,98,dataset_a_55_template_98,2,b70d473acb3f1a7bc72c4f67615be691aef79847056e8d75bb0efe0334c10321
55/55_original_98_original_98.png_70986332-9e73-4132-8c30-72b5becf6ce0.png_71344b99-09aa-401d-be4a-516e8fb9feb8.png,filling_station,train,55,Filling station,98,dataset_a_55_template_98,2,e0be9102409630d4f12402c56999e8a4afa11bcb2d41803b5fc0e13dfb19148f
55/55_original_98_original_98.png_70986332-9e73-4132-8c30-72b5becf6ce0.png_847a89bf-2b6f-4062-a3b9-b244b4e29983.png,filling_station,train,55,Filling station,98,dataset_a_55_template_98,2,500c6dbec3acc40f424550bbaecc9600c6d5cc32abcdcc9ea0299111d6f0c9c9
55/55_original_98_original_98.png_70986332-9e73-4132-8c30-72b5becf6ce0.png_cb8a73f7-7494-4fa7-b380-5399b59c5c5e.png,filling_station,train,55,Filling station,98,dataset_a_55_template_98,2,c48a3f27d474c83cada532a71c7c9cdd4b09cf81953499d2134cbf4aaeb5f43d
55/55_original_98_original_98.png_70986332-9e73-4132-8c30-72b5becf6ce0.png_deb2a8eb-3fbe-4e5e-8463-002619e2d768.png,filling_station,train,55,Filling station,98,dataset_a_55_template_98,2,a0f6d50151a5b11a90b8c848a91b3fb7081ee32ea0f690c9a495c1c21e22c591
55/55_original_98_original_98.png_76898527-1da1-4902-b324-4772c7e6495a.png_bd088b53-bbb2-466b-8d00-345f1ecdd95a.png,filling_station,train,55,Filling station,98,dataset_a_55_template_98,2,c456dd61acf1c5e8e3cbac13f9c1cb25a030e4ec0efcac37f99047ab26baf208
55/55_original_98_original_98.png_76898527-1da1-4902-b324-4772c7e6495a.png_d6729931-d667-4843-871a-1ea7b0246396.png,filling_station,train,55,Filling station,98,dataset_a_55_template_98,2,7c10f8c28c67ed1f856b68f5b9a140b9d08ef2db3c93372b360586d1ae58e3ef
55/55_original_98_original_98.png_7a70a280-9596-4880-b103-49c45a2c710b.png_6a54acff-0588-460c-8039-ad8c4f6e949b.png,filling_station,train,55,Filling station,98,dataset_a_55_template_98,2,ec63e147de49b1f82ff6492188854175ab3284b203c1bcabdf73bcbcde5fc66d
55/55_original_98_original_98.png_7a70a280-9596-4880-b103-49c45a2c710b.png_7aa2bf59-581c-420e-859f-4de914836ecd.png,filling_station,train,55,Filling station,98,dataset_a_55_template_98,2,a1d418b2e2bebc53e2908b980a94f0ff3f451b780c48998dedae16285e11aedd
55/55_original_98_original_98.png_7a70a280-9596-4880-b103-49c45a2c710b.png_d465c726-c015-40a9-b063-2698203a7fdd.png,filling_station,train,55,Filling station,98,dataset_a_55_template_98,2,b97f73f489b66edb3f6c9945aad314c7fced22123aa0c93d3fb0d82411c9c3c5
55/55_original_98_original_98.png_7a70a280-9596-4880-b103-49c45a2c710b.png_e5631788-6faa-4ea2-872b-68151b52f4d7.png,filling_station,train,55,Filling station,98,dataset_a_55_template_98,2,08ba9191eb078a489f212c289f282473bca73ca7817a73e41c66ea2966fad517
55/55_original_98_original_98.png_7b1aa1ae-e302-42bf-9fdf-98159858d7af.png_3208bfb3-5234-40d9-841e-ff44b88242cd.png,filling_station,train,55,Filling station,98,dataset_a_55_template_98,2,7478dda82710951c9c074199d80703d7b08150c3cee4213dae473f6c10c1166b
55/55_original_98_original_98.png_7b1aa1ae-e302-42bf-9fdf-98159858d7af.png_64f10cbe-98f3-45a9-889d-3ab7e2a8a136.png,filling_station,train,55,Filling station,98,dataset_a_55_template_98,2,45dbfcdb373fe93368697446b7d476d20686411394ee2c23dce449a8037fcac9
55/55_original_98_original_98.png_7b1aa1ae-e302-42bf-9fdf-98159858d7af.png_81aa4d5d-5350-4d77-a6c5-5dd52ef75195.png,filling_station,train,55,Filling station,98,dataset_a_55_template_98,2,5a64d0602f394c86e37b46b8b8c78cfd95ceca2b827bee82923da7681c850baa
55/55_original_98_original_98.png_7b1aa1ae-e302-42bf-9fdf-98159858d7af.png_d5e23eb1-389a-4da1-b851-55363009395d.png,filling_station,train,55,Filling station,98,dataset_a_55_template_98,2,18adfc6022ebc625762b8aa3df18f749919add5402cd80530da701152edfd5f0
55/55_original_98_original_98.png_7b1aa1ae-e302-42bf-9fdf-98159858d7af.png_ed671527-ee77-4b34-bca6-f8df6638880f.png,filling_station,train,55,Filling station,98,dataset_a_55_template_98,2,bd67fa441494eeb42fad3013c1a2c88f8616a96cb41e4063111bfad00a0920bc
55/55_original_98_original_98.png_7b1aa1ae-e302-42bf-9fdf-98159858d7af.png_f9b66418-289b-4f25-b0c6-473c1ed7e09a.png,filling_station,train,55,Filling station,98,dataset_a_55_template_98,2,0033beca6ac8a9e85b153c318fb7834026c485b7bea79f246dc69c77f79f1a35
55/55_original_98_original_98.png_7b9fbf4b-0ce6-496f-bf61-efa339cabb42.png_026f03e1-51c4-4db4-ac9b-373bd04326a9.png,filling_station,train,55,Filling station,98,dataset_a_55_template_98,2,0d6e22f1a01229ff1589216d610ea7201a2bd5c943874586af7458bd7b116221
55/55_original_98_original_98.png_7b9fbf4b-0ce6-496f-bf61-efa339cabb42.png_1839fcb4-75c6-4d71-b884-ef0894dbbba7.png,filling_station,train,55,Filling station,98,dataset_a_55_template_98,2,97275ec347a42f0a1c4608db0afaf2b81506009007d44a3fc99dafdeba2691a7
55/55_original_98_original_98.png_7b9fbf4b-0ce6-496f-bf61-efa339cabb42.png_1df044e9-a2ef-4bd8-9a9c-4e8a3285919b.png,filling_station,train,55,Filling station,98,dataset_a_55_template_98,2,e9e2118e468c656b3702a3fc484fd8447d08b0bbfa977788f638955a8666a49e
55/55_original_98_original_98.png_7b9fbf4b-0ce6-496f-bf61-efa339cabb42.png_3a26146d-0d9e-46ab-acf4-ac0f89ea144c.png,filling_station,train,55,Filling station,98,dataset_a_55_template_98,2,e75bbaa2554a754f18a264604379ca67becf86e1d23e7697ab5566b0557d766e
55/55_original_98_original_98.png_7b9fbf4b-0ce6-496f-bf61-efa339cabb42.png_9fc5f12e-18f7-4aa1-8c33-5071b870dc59.png,filling_station,train,55,Filling station,98,dataset_a_55_template_98,2,194ff560a351ff6980771f0796a4913d7f587d66b411529392eab08fb7185164
55/55_original_98_original_98.png_7b9fbf4b-0ce6-496f-bf61-efa339cabb42.png_d1ae170e-501a-40ab-ac87-12c839a57a8d.png,filling_station,train,55,Filling station,98,dataset_a_55_template_98,2,dcbfa543a1ddb2e50dfed5654183b79fbf9a19f848690f500dcaad18990b27ef
55/55_original_98_original_98.png_7b9fbf4b-0ce6-496f-bf61-efa339cabb42.png_d6dbcc01-6991-40b2-9d00-07deeb9163d6.png,filling_station,train,55,Filling station,98,dataset_a_55_template_98,2,7549fc3365390f41f2b87a7289256242b20e0048da918c147fc3597d2a46fdc5
55/55_original_98_original_98.png_7be16e23-22ee-470b-8250-4db9f589f11d.png_0827dced-8837-4298-aa79-1734890400d5.png,filling_station,train,55,Filling station,98,dataset_a_55_template_98,2,2ebc60f60af815e2b0eafb4123b50c6171c30d74aa890ff9440c3147a5e69c71
55/55_original_98_original_98.png_7be16e23-22ee-470b-8250-4db9f589f11d.png_35bfdf9c-c93c-4573-9eb4-562de3af8d3a.png,filling_station,train,55,Filling station,98,dataset_a_55_template_98,2,f1934da1b176ec62a170b1b62281e742314b77168e753db48b08af25274b9742
55/55_original_98_original_98.png_7be16e23-22ee-470b-8250-4db9f589f11d.png_4195539d-229c-4638-ac46-d92451a5dde1.png,filling_station,train,55,Filling station,98,dataset_a_55_template_98,2,d457829307554e2a1836082aa07c51eca8dab2601926d66ba37e7d2896b2bc7e
55/55_original_98_original_98.png_7be16e23-22ee-470b-8250-4db9f589f11d.png_6112dcca-fbe2-49f9-9989-e660afaa0268.png,filling_station,train,55,Filling station,98,dataset_a_55_template_98,2,a26a87b4536aca20383cacd22ad46cb0f88dbccc4603e6dbbd76d683f4d5fbbd
55/55_original_98_original_98.png_7be16e23-22ee-470b-8250-4db9f589f11d.png_6ccdf8cc-ace8-422e-9dc3-a63c7909b703.png,filling_station,train,55,Filling station,98,dataset_a_55_template_98,2,c01b07396f32a6c602c6fbb89452240b3967d75c4fe5993774950922f605e688
55/55_original_98_original_98.png_7be16e23-22ee-470b-8250-4db9f589f11d.png_a33b54b0-3e8d-4094-9f34-fd83ec47cd96.png,filling_station,train,55,Filling station,98,dataset_a_55_template_98,2,e7ab50d13ebf06ed42b790737741a4a2dfb691d426e75b999ffc2d2e22417cd7
55/55_original_98_original_98.png_7be16e23-22ee-470b-8250-4db9f589f11d.png_ac33b10e-79d8-466d-bacf-b18d886b4928.png,filling_station,train,55,Filling station,98,dataset_a_55_template_98,2,fde042ac2f0eb2c03995605ed5b0a4c312c5980815cfe84fba08db3e4fd328c0
55/55_original_98_original_98.png_7be16e23-22ee-470b-8250-4db9f589f11d.png_af61970a-ad7a-43a5-ba56-4fd7ed5c47ff.png,filling_station,train,55,Filling station,98,dataset_a_55_template_98,2,cea0dce30fec390892a9a5f8b096808942486889bdd3b25152b6ec4778d55de5
55/55_original_98_original_98.png_7be16e23-22ee-470b-8250-4db9f589f11d.png_e84cf108-1de1-463a-8561-0605adec53c3.png,filling_station,train,55,Filling station,98,dataset_a_55_template_98,2,08318a021e5fd7a5ca1b19da72a2b723ce92df631b41e8dddabd683e4957d9ac
55/55_original_98_original_98.png_7be16e23-22ee-470b-8250-4db9f589f11d.png_fb35bf0b-c09e-46b1-b850-cb8d1048627c.png,filling_station,train,55,Filling station,98,dataset_a_55_template_98,2,46850194a30e05862a68a73f520368ef5de2559b8402992727a66c6eacbed183
55/55_original_98_original_98.png_7f2d6381-3f33-447b-b801-9a7c021ce0bf.png_1639def1-c5e9-4065-97ba-13162975bd64.png,filling_station,train,55,Filling station,98,dataset_a_55_template_98,2,e1bf60e321658e02ff71d89b688a8fbc276153bb9e87fbb54ff37ac03730c982
55/55_original_98_original_98.png_7f2d6381-3f33-447b-b801-9a7c021ce0bf.png_322ceae7-db91-42f3-8daa-7317c9181e12.png,filling_station,train,55,Filling station,98,dataset_a_55_template_98,2,4b6854282a67929d4f48cc487a916c160205a896a96ee2d04f2dfde29626e57c
55/55_original_98_original_98.png_7f2d6381-3f33-447b-b801-9a7c021ce0bf.png_6711641a-7756-4813-a64a-0d0b7ee95aae.png,filling_station,train,55,Filling station,98,dataset_a_55_template_98,2,bbdb122f266f881917145b277c84b9ca89a9d178e770bb8191d69a827999b8d9
55/55_original_98_original_98.png_8115e493-dacc-47b2-bd09-77dca9b29e6d.png_4fa35c55-d161-429c-ba4b-545e6c767d1b.png,filling_station,train,55,Filling station,98,dataset_a_55_template_98,2,500c6dbec3acc40f424550bbaecc9600c6d5cc32abcdcc9ea0299111d6f0c9c9
55/55_original_98_original_98.png_8115e493-dacc-47b2-bd09-77dca9b29e6d.png_ab9cbb7a-8f23-4e1e-b3bc-4d98838ac5e1.png,filling_station,train,55,Filling station,98,dataset_a_55_template_98,2,90b5ba0220e79d5351f37fd1487904f33fb7c3b0331ae8b83eefc04a7bdd34f9
55/55_original_98_original_98.png_8115e493-dacc-47b2-bd09-77dca9b29e6d.png_e2a96c8d-1b82-4bcc-99b5-081c24acec89.png,filling_station,train,55,Filling station,98,dataset_a_55_template_98,2,a10728f58a850c26bf219754cf9c82cf73d47bafdd3121041fe9d7ae0f3757a0
55/55_original_98_original_98.png_8115e493-dacc-47b2-bd09-77dca9b29e6d.png_f24ee80f-4abd-4b54-a3d7-165354726021.png,filling_station,train,55,Filling station,98,dataset_a_55_template_98,2,c24e56544830e7d51c287f442b5e1b86afac61e061a71abdaaae61c2b7e7dc37
55/55_original_98_original_98.png_8199cde4-7526-4797-8f58-a9e5f9a1a73e.png_4177cb98-a294-495d-b74e-725c3b6ef1b4.png,filling_station,train,55,Filling station,98,dataset_a_55_template_98,2,13d4e90d4fd176397caf902675fc28770b2c6fe9917a5b45787d64406b320b36
55/55_original_98_original_98.png_8199cde4-7526-4797-8f58-a9e5f9a1a73e.png_5f7c2017-5415-48bd-9d1f-ec3fe4a70db3.png,filling_station,train,55,Filling station,98,dataset_a_55_template_98,2,0da49df8615ea00c3b067c376665295011144125a1cd1e0805f35da54fd2bc0c
55/55_original_98_original_98.png_8199cde4-7526-4797-8f58-a9e5f9a1a73e.png_6d217072-9508-4a41-8315-b14863dfb7b5.png,filling_station,train,55,Filling station,98,dataset_a_55_template_98,2,e645aa25b8f2cd2f8736e9b24b8bde51fc70648ff188e6e80242814b2f7255d9
55/55_original_98_original_98.png_8199cde4-7526-4797-8f58-a9e5f9a1a73e.png_7e8a96a8-13e4-4536-a500-6d7d7a642ea9.png,filling_station,train,55,Filling station,98,dataset_a_55_template_98,2,e34a7c23850e2661c9c0a3e5f11e93c532735fe81f21bea3f581c08fd6b9c0a2
55/55_original_98_original_98.png_81e6136e-1015-466b-99e3-1d6340ce1e9c.png_60180258-f5f5-44c0-b867-dbe26d6af58d.png,filling_station,train,55,Filling station,98,dataset_a_55_template_98,2,dd79ff35534a3936b6f89c832b23281fa5b738e28827504a678b8eefe892518a
55/55_original_98_original_98.png_81e6136e-1015-466b-99e3-1d6340ce1e9c.png_94f91fac-7592-4b9c-926d-136e2fc543be.png,filling_station,train,55,Filling station,98,dataset_a_55_template_98,2,496197cfde41aafff87f0a73b53fc650b5741c82fb81ad452a136314a1ab6fa6
55/55_original_98_original_98.png_81e6136e-1015-466b-99e3-1d6340ce1e9c.png_c27d1531-9421-4ac1-ac83-7bc2cceef1ba.png,filling_station,train,55,Filling station,98,dataset_a_55_template_98,2,ac06ee533e8bd24bfad6c7214e293d31c1d08d476b1e483eef2bfdb3a61ad08b
55/55_original_98_original_98.png_81e6136e-1015-466b-99e3-1d6340ce1e9c.png_c3a8b5c9-c6f6-4acd-9c1a-76cca0a4552e.png,filling_station,train,55,Filling station,98,dataset_a_55_template_98,2,6100d945a23a6a6a6863bcbdd45d20cdf1a8f14fd9b640a00c2182768d859a49
55/55_original_98_original_98.png_81e6136e-1015-466b-99e3-1d6340ce1e9c.png_cecbeeef-40d9-4cb0-b7a2-7c7cde760ddb.png,filling_station,train,55,Filling station,98,dataset_a_55_template_98,2,b4d1f6e47456807fd01b416e888fec4a9c2c8481e5e7cf7af396d3fbda9ada0d
55/55_original_98_original_98.png_81e6136e-1015-466b-99e3-1d6340ce1e9c.png_d69e8de7-67a3-494b-b45c-87fe9072ec36.png,filling_station,train,55,Filling station,98,dataset_a_55_template_98,2,6a57b80130508b2c9b550a2c60e0e02aefdcaaa7886272d446e83a7557ec3c99
55/55_original_98_original_98.png_81e6136e-1015-466b-99e3-1d6340ce1e9c.png_e426475c-776d-4fc9-ad66-049a836e88c1.png,filling_station,train,55,Filling station,98,dataset_a_55_template_98,2,9f15fc87703c95461ac66f2542a9de593c76dfb8d8fd3e5ec7520a4fef5b5de4
55/55_original_98_original_98.png_86c7aba2-4d01-4aa2-97cf-6b0461f6faf6.png_1b901f23-ba62-4d2f-bc4e-efa82f7b0884.png,filling_station,train,55,Filling station,98,dataset_a_55_template_98,2,50da9cf208a2933c4ce3f2828a685c84ce40c0a763223da3af03ff3fd16d9280
55/55_original_98_original_98.png_86c7aba2-4d01-4aa2-97cf-6b0461f6faf6.png_38786645-08b2-452f-802b-f87244328553.png,filling_station,train,55,Filling station,98,dataset_a_55_template_98,2,e9e5361203b2e9ee21847cf6ba00089a6f8964504125b9ec137e15ab39cfa874
55/55_original_98_original_98.png_86c7aba2-4d01-4aa2-97cf-6b0461f6faf6.png_3afda2bd-39cf-415b-ba72-daa5cc8a2e9c.png,filling_station,train,55,Filling station,98,dataset_a_55_template_98,2,66693ad7db9937f9f2ac0ecac57d524aeb617ca68b5ca5981a5129b5de19f4b0
55/55_original_98_original_98.png_86c7aba2-4d01-4aa2-97cf-6b0461f6faf6.png_4d19bdda-03a8-45b6-b5a9-cf631cc6832f.png,filling_station,train,55,Filling station,98,dataset_a_55_template_98,2,ea9bb7bee7283dd6dd5ec52ea44483f3ddcf868c4839bec91ad537a76cfd50d9
55/55_original_98_original_98.png_86c7aba2-4d01-4aa2-97cf-6b0461f6faf6.png_71cdcaa9-1c24-4bbe-a68f-0d2f8eb07148.png,filling_station,train,55,Filling station,98,dataset_a_55_template_98,2,77dcb477b85fe2d9320861dbac250639654bdcf0728e60604d4d01b7767a6f05
55/55_original_98_original_98.png_8b88cb2a-420c-4b6f-ac12-83026b88ec9c.png_619ee334-2a6e-4902-833b-f525037a3fdf.png,filling_station,train,55,Filling station,98,dataset_a_55_template_98,2,3ae2acacf3227ab5e6e01a4d5f254a2583c0ebabdc0bf2c6c4dd474658877baa
55/55_original_98_original_98.png_8b88cb2a-420c-4b6f-ac12-83026b88ec9c.png_831469bc-b2b6-487d-9433-e217948401b0.png,filling_station,train,55,Filling station,98,dataset_a_55_template_98,2,11ba3a268779b2446220cad8e7205dacfe8d314d4db6a10d92711d1adcf330a5
55/55_original_98_original_98.png_8b88cb2a-420c-4b6f-ac12-83026b88ec9c.png_8c3f303d-5b6d-4ee2-a885-fa002dda622b.png,filling_station,train,55,Filling station,98,dataset_a_55_template_98,2,3ae2acacf3227ab5e6e01a4d5f254a2583c0ebabdc0bf2c6c4dd474658877baa
55/55_original_98_original_98.png_8cef29ae-6122-4360-aa70-156c3e2f8f18.png_07a1f092-bbe0-4c8f-8a0e-1071bd1afb20.png,filling_station,train,55,Filling station,98,dataset_a_55_template_98,2,54d09ffd307565f74ddf218e4c242628e65fff461d33809b061f90d904f69ae5
55/55_original_98_original_98.png_8cef29ae-6122-4360-aa70-156c3e2f8f18.png_0b8ffe8c-fb1a-401a-ac05-d441448c4d21.png,filling_station,train,55,Filling station,98,dataset_a_55_template_98,2,44f57999a762c71733cbf00858266dae19ccab0c3dfb8c6637b20b359d9f9c83
55/55_original_98_original_98.png_8cef29ae-6122-4360-aa70-156c3e2f8f18.png_8bd4ca17-d6cc-4d48-b459-57f3df369d61.png,filling_station,train,55,Filling station,98,dataset_a_55_template_98,2,9777b191a51eca1e08f16d6f8fd5c92baea9c7592acad5ce04e15eb189d65685
55/55_original_98_original_98.png_8cef29ae-6122-4360-aa70-156c3e2f8f18.png_b7f3868d-317f-4ab7-b781-3f0d5766c9a1.png,filling_station,train,55,Filling station,98,dataset_a_55_template_98,2,dc193b184c74db19aa91856f9d074bd1d4084533a030f5a15b473d43be27f56f
55/55_original_98_original_98.png_8d5174f3-ceea-4d15-ae3f-709445ddd5ac.png_0aae09bf-1415-491b-85c1-c6a8585b94c0.png,filling_station,train,55,Filling station,98,dataset_a_55_template_98,2,f2d157f7844fa3e14314b2421a4a7cd036bd78eb2009c1b9070dac4624380d86
55/55_original_98_original_98.png_8d5174f3-ceea-4d15-ae3f-709445ddd5ac.png_2fb0fedb-dfa7-4c6e-9f62-a66a1b87ecd6.png,filling_station,train,55,Filling station,98,dataset_a_55_template_98,2,54b054cd9edf646e2fff2ebb82d322a8375ac52b2486877ec8cb83596e7986e2
55/55_original_98_original_98.png_8d5174f3-ceea-4d15-ae3f-709445ddd5ac.png_845a8e57-20bf-4c3e-8988-44878461da97.png,filling_station,train,55,Filling station,98,dataset_a_55_template_98,2,63eedcbcb4af8bd4e26a2a417689a13c08741d1072fe660e7a24a5adfb7ea435
55/55_original_98_original_98.png_8f4494cb-04ed-4694-bb11-32a6bf320f61.png_34bfc81e-0dca-4107-a30a-b90af48ceb2b.png,filling_station,train,55,Filling station,98,dataset_a_55_template_98,2,b57d9df19e8d2a25be35ebba8f728aa543b3163e21c33832a71106ca3d51ae75
55/55_original_98_original_98.png_8f4494cb-04ed-4694-bb11-32a6bf320f61.png_55b03760-c9e1-4638-b696-c13a18b91b0e.png,filling_station,train,55,Filling station,98,dataset_a_55_template_98,2,79f2aac8b631bf731f7a4211f0152d3bcdbacdd4f21b8d7408edbc805c6ced1f
55/55_original_98_original_98.png_8f4494cb-04ed-4694-bb11-32a6bf320f61.png_6afa357d-e0ce-4a3a-b0e7-ba48d802ac47.png,filling_station,train,55,Filling station,98,dataset_a_55_template_98,2,3bc8e261116fc93436752d3ef4b661bd4037b504d711619271e050180aacb188
55/55_original_98_original_98.png_92fd9807-95b3-4d44-9c77-853e0eeb9fca.png_4ee58c78-26f4-45c4-bd9e-3d6e034b4356.png,filling_station,train,55,Filling station,98,dataset_a_55_template_98,2,fdcc1bb20e21c5a86d4ba12a553ca247b5f78834873556255d63a970667f7d26
55/55_original_98_original_98.png_92fd9807-95b3-4d44-9c77-853e0eeb9fca.png_6273d384-59dc-4c9a-a861-710981aad25f.png,filling_station,train,55,Filling station,98,dataset_a_55_template_98,2,e419aa41de9163c95495acf92d31bcc5e41f639f5acd8a606a9465c69e33f21e
55/55_original_98_original_98.png_92fd9807-95b3-4d44-9c77-853e0eeb9fca.png_77a86f7a-118a-417f-a9db-27c04951fa52.png,filling_station,train,55,Filling station,98,dataset_a_55_template_98,2,fde042ac2f0eb2c03995605ed5b0a4c312c5980815cfe84fba08db3e4fd328c0
55/55_original_98_original_98.png_92fd9807-95b3-4d44-9c77-853e0eeb9fca.png_981de4a4-7054-42e1-a751-9c0ec3978279.png,filling_station,train,55,Filling station,98,dataset_a_55_template_98,2,0c7108b93ea90d99a32710d605b102195d0664fc9d908f68e816d970e8563f28
55/55_original_98_original_98.png_92fd9807-95b3-4d44-9c77-853e0eeb9fca.png_9c67685b-8efe-431a-9a03-0b130fb19173.png,filling_station,train,55,Filling station,98,dataset_a_55_template_98,2,11c527c3f07c0806ef7864d7e5d3d638ea0e9f36ba130c04b3c33ca9bf244622
55/55_original_98_original_98.png_92fd9807-95b3-4d44-9c77-853e0eeb9fca.png_d5dba81d-0460-460f-8e92-e531eb90df87.png,filling_station,train,55,Filling station,98,dataset_a_55_template_98,2,695c00b616ea25bab017484cb2ce24ce03ecc1421af9983a77758ea10ffd37e0
55/55_original_98_original_98.png_97e019fa-9649-48dd-a94e-244f0bb09dc4.png_4606a33a-eab6-4cb3-9f2a-cf74468a632a.png,filling_station,train,55,Filling station,98,dataset_a_55_template_98,2,3cbac4e8c5dbcae8fec31e7205e5879c537ab89c013299646622486f2152d18d
55/55_original_98_original_98.png_97e019fa-9649-48dd-a94e-244f0bb09dc4.png_582b57bc-85a5-4b6c-985f-a5f603a94d8a.png,filling_station,train,55,Filling station,98,dataset_a_55_template_98,2,ad763aa063301610722d7b4b57cc55a993a0560e1cba6802e0877d6312c179ba
55/55_original_98_original_98.png_9a2f3178-7e1f-4587-96f5-eca5b53a391d.png_236c9523-5499-4853-9235-590d34139a33.png,filling_station,train,55,Filling station,98,dataset_a_55_template_98,2,6e1d1b255e904c927bcd32b5131ebff808663c0d9c2e6d624cb7ecacc80c323a
55/55_original_98_original_98.png_9a2f3178-7e1f-4587-96f5-eca5b53a391d.png_2a42cab5-d0cc-4dfc-aee6-2db58ecffc29.png,filling_station,train,55,Filling station,98,dataset_a_55_template_98,2,0df2271ffa831d915561c702152dc12698fe90e387b2abebeb2ca7b972b1ae98
55/55_original_98_original_98.png_9a2f3178-7e1f-4587-96f5-eca5b53a391d.png_2eaf78d8-53f7-4799-9ce3-c012a0b40c64.png,filling_station,train,55,Filling station,98,dataset_a_55_template_98,2,dcfb9d0b7516db25b804e4d30c886ea80948f506515c030e713f81865b924d84
55/55_original_98_original_98.png_9a2f3178-7e1f-4587-96f5-eca5b53a391d.png_ffdaed94-2936-4ada-896a-aaee99870961.png,filling_station,train,55,Filling station,98,dataset_a_55_template_98,2,07490751d7b06680cbb6c6326e70b38af3bee99e2cf5deda857029c5cba31206
55/55_original_98_original_98.png_9b24e9c9-b47f-481a-8be3-71ae68904522.png_418085ee-0412-4200-a1e9-4faf469bacd9.png,filling_station,train,55,Filling station,98,dataset_a_55_template_98,2,4d990847629cd3e01dc1d3458433f3a38e3e5f0576da5fd9139fd59f07fc5068
55/55_original_98_original_98.png_9b24e9c9-b47f-481a-8be3-71ae68904522.png_8ea44ce8-f095-4fa5-96c1-51480e9f8472.png,filling_station,train,55,Filling station,98,dataset_a_55_template_98,2,ceb94d3e3a5834595a961f28e19d1c8504beb5b4126bc7eceefab4e9afe97831
55/55_original_98_original_98.png_9c119bc5-a1dc-4e3e-98c1-39e41957d24b.png_06971ef1-a5f2-467a-bd44-0ec6d9aef311.png,filling_station,train,55,Filling station,98,dataset_a_55_template_98,2,6bfd618b42c8afbf5d7a660bc1c06eb3a1ededa38ee5bf79e359c6b4d1f61686
55/55_original_98_original_98.png_9c119bc5-a1dc-4e3e-98c1-39e41957d24b.png_3b953419-ac7d-4f31-9d27-cf73e9386389.png,filling_station,train,55,Filling station,98,dataset_a_55_template_98,2,f14030dc0d13fd789ea7970a88bd0a69bf78eb6d657eacc6428f1ef111b206d6
55/55_original_98_original_98.png_9c119bc5-a1dc-4e3e-98c1-39e41957d24b.png_5261e844-3ef4-48d2-8f78-4c4ca42898c6.png,filling_station,train,55,Filling station,98,dataset_a_55_template_98,2,8a3b89db95fadd0d2368d82c2415a43681d99821e4b8b626487658b9d54adc31
55/55_original_98_original_98.png_9c119bc5-a1dc-4e3e-98c1-39e41957d24b.png_73aa7b3d-5fbc-4a43-913e-e3a222509bee.png,filling_station,train,55,Filling station,98,dataset_a_55_template_98,2,4d6665f057b0c3a1afe8ca8b48fdc16e478380abbcc2c3a5f869f2c5e1cba858
55/55_original_98_original_98.png_9c119bc5-a1dc-4e3e-98c1-39e41957d24b.png_b8fa0397-17a9-46eb-856c-5ac4ad2a6683.png,filling_station,train,55,Filling station,98,dataset_a_55_template_98,2,a03669bf3b0e0b0e0c3c5e8f5088cb6d74b3b888ff467bdb6cecd7e20bc3db44
55/55_original_98_original_98.png_9e82e61e-a05d-4365-9592-bb1857fe5a20.png_088e0a76-9e00-440b-95db-a799d1d92242.png,filling_station,train,55,Filling station,98,dataset_a_55_template_98,2,f44e1d24f01c62b91931a0f9fa0e90ddeb37115397bc246739160a643d702951
55/55_original_98_original_98.png_9e82e61e-a05d-4365-9592-bb1857fe5a20.png_1500e31e-d6cc-4d7d-9a41-6cb0131f3c1f.png,filling_station,train,55,Filling station,98,dataset_a_55_template_98,2,91ff041a1922091e94924e970927db9771e92f14abddd16e668afcfdc8dd2f6b
55/55_original_98_original_98.png_9e82e61e-a05d-4365-9592-bb1857fe5a20.png_2bb47d0b-a28b-44a6-926c-31672f5e2c4f.png,filling_station,train,55,Filling station,98,dataset_a_55_template_98,2,51aa7906f5ddb04fe7dcae421ec9a1aabf2830d4d30618097901606ad35a00b6
55/55_original_98_original_98.png_9e82e61e-a05d-4365-9592-bb1857fe5a20.png_648075e8-234d-46c0-95aa-610a7f7db92c.png,filling_station,train,55,Filling station,98,dataset_a_55_template_98,2,02e29708e1cbd0d5188e53bca2ce1652401075f1470116f2b5b343fa7f39fc28
55/55_original_98_original_98.png_9e82e61e-a05d-4365-9592-bb1857fe5a20.png_6de3bf06-b7ed-49d1-9ce2-396fa5f20e97.png,filling_station,train,55,Filling station,98,dataset_a_55_template_98,2,1026f50a52280c667fdcbdd0074c3fc9a901cd98e0843ef7a0bbf71454c9cebc
55/55_original_98_original_98.png_9e82e61e-a05d-4365-9592-bb1857fe5a20.png_99a3cf7e-02c6-496d-abe0-cc65580e5b32.png,filling_station,train,55,Filling station,98,dataset_a_55_template_98,2,88f54074d3b035e963bd827c3102c7c6b6c667b69fd9051ad0ecd92f6af5e829
55/55_original_98_original_98.png_9e82e61e-a05d-4365-9592-bb1857fe5a20.png_9d6bb8d5-2143-400c-b5df-041b3989ab7d.png,filling_station,train,55,Filling station,98,dataset_a_55_template_98,2,1dd11f1a34a4586c798f5cc7727966f33445b98fec6ea0f3f0339bc033dc3285
55/55_original_98_original_98.png_9e82e61e-a05d-4365-9592-bb1857fe5a20.png_9fb566ab-6bb0-431c-abf5-aea1c7585821.png,filling_station,train,55,Filling station,98,dataset_a_55_template_98,2,0fa167d9ca4eb6f36d7b840b2cf1c5579e334395f1c22ab0628a8d22f2a4ff92
55/55_original_98_original_98.png_9e82e61e-a05d-4365-9592-bb1857fe5a20.png_a745db01-4b63-4608-8e05-adb8bde64238.png,filling_station,train,55,Filling station,98,dataset_a_55_template_98,2,764b23bd3e84fe038b9304e29e500eac5dcf7e93991fa617e8f8214c99f0ac6c
55/55_original_98_original_98.png_9e82e61e-a05d-4365-9592-bb1857fe5a20.png_af216b52-2b49-4920-aaa8-976fde967d51.png,filling_station,train,55,Filling station,98,dataset_a_55_template_98,2,9edfc15e67bcc05ffcc3710491b25a2aec3fdafe69827f6a9b481e8de537a5c4
55/55_original_98_original_98.png_9e82e61e-a05d-4365-9592-bb1857fe5a20.png_f9451ce1-29cf-4459-bc62-e2a597368503.png,filling_station,train,55,Filling station,98,dataset_a_55_template_98,2,f7f8151083576ec609fbdcc2ea9eb52e0a281733c060832b4582ac659384dd6e
55/55_original_98_original_98.png_a0058008-0708-4be8-9c10-e27e2aab9bba.png_b32aefff-7973-4cde-b006-d043c54640af.png,filling_station,train,55,Filling station,98,dataset_a_55_template_98,2,14ad7a221a7fa835a032e7ede741d907932d67dee46cfe76e66897dd67219e34
55/55_original_98_original_98.png_a0058008-0708-4be8-9c10-e27e2aab9bba.png_b8d08744-dc91-497d-a345-aee2155dde96.png,filling_station,train,55,Filling station,98,dataset_a_55_template_98,2,8b27dd221914a29688a6b3129ead018d0b0bc3c927a538ea0d2e14bff1417262
55/55_original_98_original_98.png_a0058008-0708-4be8-9c10-e27e2aab9bba.png_c4a06008-9271-4c41-bd7c-7cd6365639a1.png,filling_station,train,55,Filling station,98,dataset_a_55_template_98,2,468ec85bdee84d4efdf48f1badf4adf35840bc99eaa5f7c062b37a92d9c1fa08
55/55_original_98_original_98.png_a0058008-0708-4be8-9c10-e27e2aab9bba.png_fc341de5-738b-4a54-b737-4dce10703e3e.png,filling_station,train,55,Filling station,98,dataset_a_55_template_98,2,09745afc976e180427451f22e64eaad08bc67a0e27f5c033deaefc438244482a
55/55_original_98_original_98.png_a078d83d-ab29-4652-bfd4-798cd608c1ee.png_2fadff71-f342-4bfe-99f5-54e8d3f416da.png,filling_station,train,55,Filling station,98,dataset_a_55_template_98,2,777b408a2cae8ae4c3e65b2a6fd57814f865bdb086c9406047446039bd6bd0a8
55/55_original_98_original_98.png_a078d83d-ab29-4652-bfd4-798cd608c1ee.png_f5133611-5bbf-4d44-9f81-74d73a769d57.png,filling_station,train,55,Filling station,98,dataset_a_55_template_98,2,31c2782ed2cb0274842e37d39b54ebe55a45a9a7e069686ac0b71cefd87ba420
55/55_original_98_original_98.png_a078d83d-ab29-4652-bfd4-798cd608c1ee.png_f71ee1c5-63f1-4a1e-92b6-32777b629fce.png,filling_station,train,55,Filling station,98,dataset_a_55_template_98,2,da0468b3cbe876ce1b7149aa3d0ecf4a2488d45bb78978d98e583b71f0ff77ba
55/55_original_98_original_98.png_a4b7baba-f112-4ee7-a13a-afa2c1bc1bc1.png_5e6e91b0-2c00-4f10-bf98-4acfa8ae994b.png,filling_station,train,55,Filling station,98,dataset_a_55_template_98,2,9d6d26217036db2318f50bfbbcdaea502a42bf32cd8c788e8910213c51a3166f
55/55_original_98_original_98.png_a4b7baba-f112-4ee7-a13a-afa2c1bc1bc1.png_8cc15fd0-9641-4d56-b441-a0ff078201d2.png,filling_station,train,55,Filling station,98,dataset_a_55_template_98,2,fde042ac2f0eb2c03995605ed5b0a4c312c5980815cfe84fba08db3e4fd328c0
55/55_original_98_original_98.png_a4b7baba-f112-4ee7-a13a-afa2c1bc1bc1.png_9813c4e3-0f7d-4716-a4d2-b2a69c3ca32a.png,filling_station,train,55,Filling station,98,dataset_a_55_template_98,2,7e4a078e5b0fa3f7a1ebd4816b314f1e9c1d98d184a9056ffd1bb4f9bbf10d31
55/55_original_98_original_98.png_a4b7baba-f112-4ee7-a13a-afa2c1bc1bc1.png_d6d76769-e590-4340-8907-1f671cea6c63.png,filling_station,train,55,Filling station,98,dataset_a_55_template_98,2,00193bb8b064ea8a9b56bd972e24044d607f2ecf31028282cb5c9b5ea8ca698b
55/55_original_98_original_98.png_a4b7baba-f112-4ee7-a13a-afa2c1bc1bc1.png_d9682e1d-dad3-4699-8b80-45c88f236017.png,filling_station,train,55,Filling station,98,dataset_a_55_template_98,2,42d061edd466e522898feee1c2090896cf586afb74a1c8dcd98df1c89df2b1dc
55/55_original_98_original_98.png_a566da70-6c92-4b20-a42a-c4682a562a44.png_123a6564-cab4-47db-aa56-cc22c0660bcf.png,filling_station,train,55,Filling station,98,dataset_a_55_template_98,2,fde042ac2f0eb2c03995605ed5b0a4c312c5980815cfe84fba08db3e4fd328c0
55/55_original_98_original_98.png_a566da70-6c92-4b20-a42a-c4682a562a44.png_3a498eb2-33af-47c0-8314-079f85816e54.png,filling_station,train,55,Filling station,98,dataset_a_55_template_98,2,cd66a0602925d9f4a20315969ff9dbcde46b37b5d96321328be96919e027d6e5
55/55_original_98_original_98.png_a566da70-6c92-4b20-a42a-c4682a562a44.png_9d48d11a-12c9-410c-94a2-f57b03d783f3.png,filling_station,train,55,Filling station,98,dataset_a_55_template_98,2,4cf3b3856157334448ab04ba0391159c62670e731d61b6022f68c703760a888c
55/55_original_98_original_98.png_a566da70-6c92-4b20-a42a-c4682a562a44.png_ba225323-73af-4d9d-80a7-3ceb9d129aba.png,filling_station,train,55,Filling station,98,dataset_a_55_template_98,2,a8c4dfc9a0549bbf1ac04dcaae7fda9bcb4f2aa52016187f6bee18fd870cba04
55/55_original_98_original_98.png_a566da70-6c92-4b20-a42a-c4682a562a44.png_c6f0e912-7c0c-4da9-bd03-606ecb0b3161.png,filling_station,train,55,Filling station,98,dataset_a_55_template_98,2,83a4242dc7fd77bebe97ea1d29f377094ebed3754af5f2dce742a7cf56eb8b46
55/55_original_98_original_98.png_a566da70-6c92-4b20-a42a-c4682a562a44.png_f7d51b04-4b76-4c02-b5df-7827ec77bee5.png,filling_station,train,55,Filling station,98,dataset_a_55_template_98,2,687956f0f1c9ce10eac761d1950cb644d21f96335b07b2110bec47f7dedd4ce5
55/55_original_98_original_98.png_a566da70-6c92-4b20-a42a-c4682a562a44.png_f7fa47cc-a83b-46e5-8e7a-0a3e446d0bea.png,filling_station,train,55,Filling station,98,dataset_a_55_template_98,2,32bc48504ba1320ff93dd79191a7d2d16b84da3d1fdbf0901bda326805c87341
55/55_original_98_original_98.png_a5a88656-de26-482d-9e48-2b34c9a06023.png_012eb499-ddfe-43c3-b7ba-bc939430f7bd.png,filling_station,train,55,Filling station,98,dataset_a_55_template_98,2,6986286f0e90ba12dacb578158cd4cf0fa3cb4d51e9381b0e6251ed8b4d38ccd
55/55_original_98_original_98.png_a5a88656-de26-482d-9e48-2b34c9a06023.png_4dc4bb03-6f1f-427a-bd0a-98929833afcf.png,filling_station,train,55,Filling station,98,dataset_a_55_template_98,2,17df5f85fbb46162cc98a78aa8540e7f52ed2721e27edec838e8b6d120af817e
55/55_original_98_original_98.png_a5a88656-de26-482d-9e48-2b34c9a06023.png_51116cb3-56f1-4027-8a99-9d1bf4457fc2.png,filling_station,train,55,Filling station,98,dataset_a_55_template_98,2,572c07e9e093d72e8ea974fcddca2e04827ba340934311b965610badb00df244
55/55_original_98_original_98.png_a5a88656-de26-482d-9e48-2b34c9a06023.png_c3d8c936-2850-411f-ae7f-ed2370b3fd31.png,filling_station,train,55,Filling station,98,dataset_a_55_template_98,2,70a80308b94e655f0be379de0528724f31e3a917589e5a470deed678b69e0cc9
55/55_original_98_original_98.png_a5a88656-de26-482d-9e48-2b34c9a06023.png_e6e18825-f82e-40c6-a515-dfe19284d115.png,filling_station,train,55,Filling station,98,dataset_a_55_template_98,2,f696c448f6f83bdc37a8ea24ef280ca0004e69a3bd82bfa45e8f3b170ed218ce
55/55_original_98_original_98.png_abf7e7c5-ad30-4aa9-9a16-bc1ebd881fd8.png_5d3240c1-a256-4dba-9498-2e7131cb4bbf.png,filling_station,train,55,Filling station,98,dataset_a_55_template_98,2,d7d939aea59aa755727fc5c77a80ac70f8e0140f104faf94f03b775441c9013b
55/55_original_98_original_98.png_abf7e7c5-ad30-4aa9-9a16-bc1ebd881fd8.png_62f84b69-8221-4177-bbc5-c2c8f266b4fd.png,filling_station,train,55,Filling station,98,dataset_a_55_template_98,2,144b718ccac58edae51432e2caa1f0285e8eb36381cf8ba4340dbd45829cfc56
55/55_original_98_original_98.png_abf7e7c5-ad30-4aa9-9a16-bc1ebd881fd8.png_94407d9b-2598-4f7a-abaf-f71225c1e77e.png,filling_station,train,55,Filling station,98,dataset_a_55_template_98,2,b79f054fcaf92dd7ab69226ea85865bf868d81ea7e1d4f4fc27f14866c701c5e
55/55_original_98_original_98.png_abf7e7c5-ad30-4aa9-9a16-bc1ebd881fd8.png_aee73b3e-0f13-4dfc-8667-6856afc255b2.png,filling_station,train,55,Filling station,98,dataset_a_55_template_98,2,80f8ecf75143d9d183be6aa8f763cd21ab4e6fae5a7d13217aa5a9859c582a03
55/55_original_98_original_98.png_abf7e7c5-ad30-4aa9-9a16-bc1ebd881fd8.png_d1f024b7-471e-47b1-b78c-600234ef2a86.png,filling_station,train,55,Filling station,98,dataset_a_55_template_98,2,c78178b614464065bf32da56134eec127844e1ea52afc2f5fa86d692059e021e
55/55_original_98_original_98.png_abf7e7c5-ad30-4aa9-9a16-bc1ebd881fd8.png_d2fea9fb-aa21-4dd5-9031-15da88e35c32.png,filling_station,train,55,Filling station,98,dataset_a_55_template_98,2,232cf9113f8052b2492d1001453b13be0fcbc1302eb7c62ebdc28407bee572c2
55/55_original_98_original_98.png_ace39305-6ded-4c37-bd97-cb253abb9f5c.png_0876a81f-2932-4b6f-bef1-19ca129971d0.png,filling_station,train,55,Filling station,98,dataset_a_55_template_98,2,45aa494bd29988c4cdc2deb0cdbbaeb14d85a52107bf7ee9dfc05ff5e82acd94
55/55_original_98_original_98.png_ace39305-6ded-4c37-bd97-cb253abb9f5c.png_20e6d817-9092-48a4-8f37-8c291f6d1717.png,filling_station,train,55,Filling station,98,dataset_a_55_template_98,2,908f050d1a9acc5ce3405e1b0b73554b9624535139163128a4d43e8011d1e1b7
55/55_original_98_original_98.png_ace39305-6ded-4c37-bd97-cb253abb9f5c.png_61be50c7-ec85-4c07-84cf-4d4f86680461.png,filling_station,train,55,Filling station,98,dataset_a_55_template_98,2,f0e1485e8dd2147cb4eebb312208d9d7e955a855685f0e578dd4afb82c5ddfb0
55/55_original_98_original_98.png_ace39305-6ded-4c37-bd97-cb253abb9f5c.png_8c7429c8-9748-482b-b387-4ac883756f00.png,filling_station,train,55,Filling station,98,dataset_a_55_template_98,2,1f390fe76781fe4dc5eb7c209455f8b13200740f2e91305ef589fa1a65513a95
55/55_original_98_original_98.png_ace39305-6ded-4c37-bd97-cb253abb9f5c.png_c8a452de-e1e0-4716-93fa-8d51acfbd0d4.png,filling_station,train,55,Filling station,98,dataset_a_55_template_98,2,c3bd0aa66bcc655eb92becd3db2e02b059570b3a5f3bbd4832d734606160c4e9
55/55_original_98_original_98.png_b2b43f91-ae36-4b77-8336-e115f6bc2e92.png_2b7629cb-50b4-441d-9815-3e63d2c38727.png,filling_station,train,55,Filling station,98,dataset_a_55_template_98,2,7013b9fb307d2c8bd0d81b62084e547990bb2dc4f17c174237e91bc8af71b4ee
55/55_original_98_original_98.png_b2b43f91-ae36-4b77-8336-e115f6bc2e92.png_46177b90-96ab-4285-84c4-6b071cca8795.png,filling_station,train,55,Filling station,98,dataset_a_55_template_98,2,1fea38a23ae0c7bc600dc0bb32291c8b8fb2bcef3e70e12a2b3c82b8930a414f
55/55_original_98_original_98.png_b2b43f91-ae36-4b77-8336-e115f6bc2e92.png_af48c4d1-137d-4d00-8906-c5d471b1dc52.png,filling_station,train,55,Filling station,98,dataset_a_55_template_98,2,a0ea7dcbc4bcd9ecc3c33aa62d4975a3849012801ad6caa06231304f152a5d66
55/55_original_98_original_98.png_b53881e3-64ca-4461-8b95-1f70c6958e38.png_25338dd7-405e-4e7c-8625-f7fba007e36a.png,filling_station,train,55,Filling station,98,dataset_a_55_template_98,2,08594c42a46d47c8a8a286a6b97859d9dbc75a6bab6a6842aff3b965b112c1da
55/55_original_98_original_98.png_b53881e3-64ca-4461-8b95-1f70c6958e38.png_31b89285-4f35-424e-9dfe-1d1f7b75913d.png,filling_station,train,55,Filling station,98,dataset_a_55_template_98,2,97c3f1369e14f1d041a6dd3cbeaff0295e79f4c436db1f410eb1397f038cf405
55/55_original_98_original_98.png_b53881e3-64ca-4461-8b95-1f70c6958e38.png_61de424b-223a-4b99-9788-8b6593a4e681.png,filling_station,train,55,Filling station,98,dataset_a_55_template_98,2,53b7710527b04d0e303144192ae347ad1917659c88ea651ef7bad9513653c73f
55/55_original_98_original_98.png_b53881e3-64ca-4461-8b95-1f70c6958e38.png_85e192f1-473c-4fc6-80ee-0af2588dd94e.png,filling_station,train,55,Filling station,98,dataset_a_55_template_98,2,c0eb4a5d2369a79693403bdcba9b98be89ecb013a797962854596fe11e260e38
55/55_original_98_original_98.png_b53881e3-64ca-4461-8b95-1f70c6958e38.png_b861e525-0746-4e68-8f77-6dbe64e12f46.png,filling_station,train,55,Filling station,98,dataset_a_55_template_98,2,4f94a31de94497ff49e385b82d5e894a44b2fd314dc1c06c8dd4af1255f8b8ad
55/55_original_98_original_98.png_b8d08c01-a431-4353-970c-1551ecac84bc.png_00796abb-ca38-4f19-84cd-089aa8e3a3e3.png,filling_station,train,55,Filling station,98,dataset_a_55_template_98,2,a89d3d383f0bd73cb56c8a0db9dce916c7ca0c95e630ef98f2ebaeb82781dcd4
55/55_original_98_original_98.png_b8d08c01-a431-4353-970c-1551ecac84bc.png_0c12201a-ad00-4dd2-9c0f-2199298c081e.png,filling_station,train,55,Filling station,98,dataset_a_55_template_98,2,098565c959aacfd31d061d7d0bb9d9bed260f4242a89f1ff9e4dbbc9ade25fd9
55/55_original_98_original_98.png_b8d08c01-a431-4353-970c-1551ecac84bc.png_1689b34d-845d-4b57-81aa-51f4c4322fa6.png,filling_station,train,55,Filling station,98,dataset_a_55_template_98,2,69540fb1b3a377cb71e7e0a06dc3020693c87c5d0f3bffd516282c35abf84395
55/55_original_98_original_98.png_b8d08c01-a431-4353-970c-1551ecac84bc.png_5e0cd07b-6155-4cc5-8348-2f8a5253417b.png,filling_station,train,55,Filling station,98,dataset_a_55_template_98,2,864c3959ce2cfc338b347f48adcee142470875f6c5dc4e3798cb512488da2161
55/55_original_98_original_98.png_bd783878-41e7-4a4d-9a9a-f922d4180077.png_0e88fa63-108d-4736-9856-0119adfadfea.png,filling_station,train,55,Filling station,98,dataset_a_55_template_98,2,2dd2d4cd79350486696fa59f08b94a04b185c0aa9ba3ba653428ad0a7c217def
55/55_original_98_original_98.png_bd783878-41e7-4a4d-9a9a-f922d4180077.png_3c9034f3-3e36-4c40-9844-62e27aa0dd66.png,filling_station,train,55,Filling station,98,dataset_a_55_template_98,2,01614cb2bac315899b7438255deca5960582df44c643f71935640d15a3111c63
55/55_original_98_original_98.png_bd783878-41e7-4a4d-9a9a-f922d4180077.png_40f221f7-e551-4204-9dd0-85621fcf5a7b.png,filling_station,train,55,Filling station,98,dataset_a_55_template_98,2,2cef08431bc4b32596236016ff27ae6df4628c9fa2fc0910b99e47659804a019
55/55_original_98_original_98.png_bd783878-41e7-4a4d-9a9a-f922d4180077.png_44f99a84-6b7d-4eae-82a7-3c646a6635ff.png,filling_station,train,55,Filling station,98,dataset_a_55_template_98,2,101d78a1fbb87b49cf8af4662da70b6319081213c7eae7ffad3d836c92fa7af3
55/55_original_98_original_98.png_bd783878-41e7-4a4d-9a9a-f922d4180077.png_4f9774ff-129a-4b71-89d8-0504f9b778eb.png,filling_station,train,55,Filling station,98,dataset_a_55_template_98,2,1cf36edf7598ad8cf33fe90cf7ccdfbe68aa3d3b13f15d08b77c9ef3de914294
55/55_original_98_original_98.png_bd783878-41e7-4a4d-9a9a-f922d4180077.png_5b89a348-6304-433e-905e-fc77dafcf5f4.png,filling_station,train,55,Filling station,98,dataset_a_55_template_98,2,4099ef7885e76495ce26f9ae9c283cd3d9b6563a4ee0f08e09147136bba8bdfd
55/55_original_98_original_98.png_bd783878-41e7-4a4d-9a9a-f922d4180077.png_7847460f-7d83-4ebc-99a8-4628b22c9b14.png,filling_station,train,55,Filling station,98,dataset_a_55_template_98,2,95b6190479f11dccc8017519ea3f83f1a6c918cc4a5c4308b55b3b1390ffccc3
55/55_original_98_original_98.png_bd783878-41e7-4a4d-9a9a-f922d4180077.png_819a44e8-d062-4d1d-8944-c8e787a59630.png,filling_station,train,55,Filling station,98,dataset_a_55_template_98,2,af40dd8d965698183b985fdb656c3bf976c8571f7d8707d957c2eb92b9216e8b
55/55_original_98_original_98.png_bd783878-41e7-4a4d-9a9a-f922d4180077.png_90340f90-9b97-427f-a2e0-2f76c919eb72.png,filling_station,train,55,Filling station,98,dataset_a_55_template_98,2,f796191bfb0b654f0cca85fee7727f6d9be28cc0ffb1e99efee4d320d6c8a715
55/55_original_98_original_98.png_bd783878-41e7-4a4d-9a9a-f922d4180077.png_dc37a202-40f9-4aaa-af7e-2bc9911e112f.png,filling_station,train,55,Filling station,98,dataset_a_55_template_98,2,ce933192481989e52a0f0a806b22aa48582aa5ce661f833a05e2d2cd37169b09
55/55_original_98_original_98.png_c0cb9173-8c48-43b5-b334-1dfd02c17438.png_1787d37d-dd17-4fda-8e18-46820873b619.png,filling_station,train,55,Filling station,98,dataset_a_55_template_98,2,1c680a64e0117ea8f253a176f8906a135a29815096668d050dd023a2dbce74d2
55/55_original_98_original_98.png_c0cb9173-8c48-43b5-b334-1dfd02c17438.png_29e7ae03-5e94-4c7f-95d6-8d0ae56472d0.png,filling_station,train,55,Filling station,98,dataset_a_55_template_98,2,a73c457c3fc21d91803b3265bfc79cd5aa9d3d15849774484515b9349ee506af
55/55_original_98_original_98.png_c0cb9173-8c48-43b5-b334-1dfd02c17438.png_42611175-c245-45f5-a5ee-14023e3bbfe1.png,filling_station,train,55,Filling station,98,dataset_a_55_template_98,2,1f93b87f44762d68178fc4454c6d8d2a58e194c85d47151c10255603deda7ef5
55/55_original_98_original_98.png_c0cb9173-8c48-43b5-b334-1dfd02c17438.png_6cd53260-4249-4b43-916c-7956d4ee4c95.png,filling_station,train,55,Filling station,98,dataset_a_55_template_98,2,debf2bbcc38c8210900c60515fddbfedef5b05713da6994927defe94d4ac6276
55/55_original_98_original_98.png_c0cb9173-8c48-43b5-b334-1dfd02c17438.png_6d4d61bc-1037-4ae5-b76f-d5a5a63eeb5c.png,filling_station,train,55,Filling station,98,dataset_a_55_template_98,2,1630ac664119cbab3823c1a1f93eb470265702bb0bb22a5745dfa47d12bf6edf
55/55_original_98_original_98.png_c0cb9173-8c48-43b5-b334-1dfd02c17438.png_95af56c7-13df-44c0-b99b-02979c7711e9.png,filling_station,train,55,Filling station,98,dataset_a_55_template_98,2,a3fffda1e110853394337294269bc005375677c3de87bfb720135e3660babe21
55/55_original_98_original_98.png_c8879b04-4e92-4c81-aee0-855b12bcade9.png_080eca6d-9c98-498e-9635-97e4e8a13e67.png,filling_station,train,55,Filling station,98,dataset_a_55_template_98,2,ac6f85e83cae449bbe907eeb8adaa791ac20f4a06b580c626940dcc964322d9f
55/55_original_98_original_98.png_c8879b04-4e92-4c81-aee0-855b12bcade9.png_7ef14547-4347-47d1-93ca-7b43e7b8356b.png,filling_station,train,55,Filling station,98,dataset_a_55_template_98,2,cdc7d25f9f563ac0020e3762ebc8bff0a3da1e05680bf154b3716d05477bf562
55/55_original_98_original_98.png_c8879b04-4e92-4c81-aee0-855b12bcade9.png_ba2d0184-1a42-4068-b2d9-a2705d01bcb4.png,filling_station,train,55,Filling station,98,dataset_a_55_template_98,2,dab92c30cfb8ab0fe0c8615a5f8d21a3eb6904d031882338638636f92ad31550
55/55_original_98_original_98.png_c8879b04-4e92-4c81-aee0-855b12bcade9.png_f1665bc0-2855-4826-b8c4-fdd2484358f0.png,filling_station,train,55,Filling station,98,dataset_a_55_template_98,2,4d7d8431ef78662674aae8bbfc70527bfb1d10b47b65b6b06871f8c135d9d266
55/55_original_98_original_98.png_ccd7cdbe-036a-4749-ad29-4832b919e655.png_7b2dd00a-6be4-4192-8a4c-6201e3c77e98.png,filling_station,train,55,Filling station,98,dataset_a_55_template_98,2,7aedbc106487286fac492f4df270a3a2b24391cda7aab966bfa734ee29706f9e
55/55_original_98_original_98.png_cf8c437f-46f1-4720-b5dd-f58b1b0a7f35.png_41f005fe-dbd4-4cef-9b70-5b76f835521e.png,filling_station,train,55,Filling station,98,dataset_a_55_template_98,2,58d115d2a26f133f13aa913f9c1be4b34d0d9280bf39e403e87e25c855dd8ffe
55/55_original_98_original_98.png_cf8c437f-46f1-4720-b5dd-f58b1b0a7f35.png_4806ca05-5d31-491c-9686-0ccef3174a10.png,filling_station,train,55,Filling station,98,dataset_a_55_template_98,2,020a473fe189e1d31cde996b644789c1038219dd0d2b09996853b3e3850d51fb
55/55_original_98_original_98.png_cf8c437f-46f1-4720-b5dd-f58b1b0a7f35.png_6243cfc0-fd32-4da9-b302-4abe4db38537.png,filling_station,train,55,Filling station,98,dataset_a_55_template_98,2,0feb18131e2dcd426dc0b27d098153a116df41708599f53f1299862561d65f3b
55/55_original_98_original_98.png_cf8c437f-46f1-4720-b5dd-f58b1b0a7f35.png_711666e3-18d0-4c46-bde6-ed5c61f587fe.png,filling_station,train,55,Filling station,98,dataset_a_55_template_98,2,3a40629e2b0eace8ded30f4e79e212486e4757537d9d1dcbded603839d4af323
55/55_original_98_original_98.png_cf8c437f-46f1-4720-b5dd-f58b1b0a7f35.png_d108eb70-874b-42b3-a236-4b9ab3574d3b.png,filling_station,train,55,Filling station,98,dataset_a_55_template_98,2,9560aec072990ed6e5198056a8fa92718aba2e00ec6fb63859b98173953d6353
55/55_original_98_original_98.png_cf8c437f-46f1-4720-b5dd-f58b1b0a7f35.png_dc3ecff6-af36-40c5-98a6-48217bc7398b.png,filling_station,train,55,Filling station,98,dataset_a_55_template_98,2,0830c8dcde9db714a99a10331fdbd2aadc3d84d23723b3970f7f738387448670
55/55_original_98_original_98.png_cf8c437f-46f1-4720-b5dd-f58b1b0a7f35.png_ec68a015-ab9c-4e13-8f29-e56af6600f64.png,filling_station,train,55,Filling station,98,dataset_a_55_template_98,2,55772d07c65784a9de40b41692704f07bc20f15de28a6e1363223aadb4b9a32c
55/55_original_98_original_98.png_d36f36b6-89ca-496e-8c42-506f7578fc20.png_117e0e42-f0ac-46ec-a666-5af2d1fa7e92.png,filling_station,train,55,Filling station,98,dataset_a_55_template_98,2,21cd5a2427e5cbeb59dbe2ad097017e7486ac090eaecbd7095a1ca4071217214
55/55_original_98_original_98.png_d36f36b6-89ca-496e-8c42-506f7578fc20.png_32756332-2e03-4249-be4a-2d609b50f5eb.png,filling_station,train,55,Filling station,98,dataset_a_55_template_98,2,fde042ac2f0eb2c03995605ed5b0a4c312c5980815cfe84fba08db3e4fd328c0
55/55_original_98_original_98.png_d36f36b6-89ca-496e-8c42-506f7578fc20.png_37fff02e-c747-407b-85b3-cde2df4941bc.png,filling_station,train,55,Filling station,98,dataset_a_55_template_98,2,f25ce0cb08d109820d11b291094e20b56b4c663e536d0eb134e5b3f54394ddee
55/55_original_98_original_98.png_d36f36b6-89ca-496e-8c42-506f7578fc20.png_a6cc6bf1-b64a-42f8-b46e-cccc02d25f9a.png,filling_station,train,55,Filling station,98,dataset_a_55_template_98,2,efa6167dbccafad56423155cd4f046da997c33c05c14b49d34e798292a95d94b
55/55_original_98_original_98.png_d36f36b6-89ca-496e-8c42-506f7578fc20.png_ec0977e6-58d3-4bfb-8a6e-91c580f809a9.png,filling_station,train,55,Filling station,98,dataset_a_55_template_98,2,b2ad578dd7ee33ff1b5727654cae9e4b2a36eabec62746d3c848764826d1f4b4
55/55_original_98_original_98.png_d5574538-1368-45b9-900e-f00eede0b27d.png_0dc1696e-fc4b-406c-97d3-1d125df5aeb4.png,filling_station,train,55,Filling station,98,dataset_a_55_template_98,2,f9db9e8ebc3bb8cc5711f5caaca0ff5bca4fba8b94042305c453cf7e5bcd2b03
55/55_original_98_original_98.png_d5574538-1368-45b9-900e-f00eede0b27d.png_2fe7acb2-b0ca-4020-a953-6463d23cf6c9.png,filling_station,train,55,Filling station,98,dataset_a_55_template_98,2,8147db87fc8317b73c9395cfb12d91cbd7c6e02eb3e2cf63d64ee779f2b91e95
55/55_original_98_original_98.png_d5574538-1368-45b9-900e-f00eede0b27d.png_8c58f2c6-9f62-46b7-9af1-4cf3ae3fe7e9.png,filling_station,train,55,Filling station,98,dataset_a_55_template_98,2,1bb651b4bf8b75dd7e920e3db95acd7d420b7846f577e84f4afe10626fd036bf
55/55_original_98_original_98.png_d5574538-1368-45b9-900e-f00eede0b27d.png_a7a3e92f-4704-4e5c-a527-5ff09dcd905c.png,filling_station,train,55,Filling station,98,dataset_a_55_template_98,2,14370208ef85c7a3f8e4c3405577f8ad2864ba40e1bd175b954f90a1a9f171b5
55/55_original_98_original_98.png_d5574538-1368-45b9-900e-f00eede0b27d.png_c2cff508-b128-4b7f-a839-35d1e72fa34c.png,filling_station,train,55,Filling station,98,dataset_a_55_template_98,2,52f544bc359f6cc0e75a773d310e361f4256e79e9d5855558e7edd34274f543b
55/55_original_98_original_98.png_d5574538-1368-45b9-900e-f00eede0b27d.png_d0575277-a8bd-4c73-8bb8-3705a28cc972.png,filling_station,train,55,Filling station,98,dataset_a_55_template_98,2,9798514415ebd0ca9bcb64446c6dd5f801a8d00fc8a02dfe40cffa9614030a38
55/55_original_98_original_98.png_d64db3ab-4b0f-489a-821f-bccdedcfd332.png_b51b62e6-05b3-40fe-9af3-9b1a8729f2d9.png,filling_station,train,55,Filling station,98,dataset_a_55_template_98,2,732f40746e643e881d48d427f0cd5e0a55ea831243db8fe682c1d4f6b0c5f2e5
55/55_original_98_original_98.png_d64db3ab-4b0f-489a-821f-bccdedcfd332.png_f05909ef-8576-42b5-98f6-7ce32f7ad30a.png,filling_station,train,55,Filling station,98,dataset_a_55_template_98,2,f6434a3f35798679a3f315c8e83bdac094b87a868fce2fad510d3ff9fadb13ec
55/55_original_98_original_98.png_d7e457d0-44ca-463f-9ed7-f8862806321b.png_09bbd20d-b752-4ab5-87a1-16ed73721795.png,filling_station,train,55,Filling station,98,dataset_a_55_template_98,2,c835876c0f0a2f042b6a007a4628f67f4b6eee0221e07619d0f09979254be73e
55/55_original_98_original_98.png_d7e457d0-44ca-463f-9ed7-f8862806321b.png_a1fdde60-696a-4be2-bd2d-f3567e933798.png,filling_station,train,55,Filling station,98,dataset_a_55_template_98,2,929a39483364830923fa199f8f24de4b0ae1671078a3d5933eff7ec0c0a7ba5a
55/55_original_98_original_98.png_d7e457d0-44ca-463f-9ed7-f8862806321b.png_e6a20b9c-8de6-433d-ba7c-44d963a8cead.png,filling_station,train,55,Filling station,98,dataset_a_55_template_98,2,68217b12d741ca48c25d18a3403a9a4c6a7f606ad0505fa57f25f7fe9b43a50c
55/55_original_98_original_98.png_d7e457d0-44ca-463f-9ed7-f8862806321b.png_f4ff8b01-666b-49c5-8e16-f32fa67ac9d4.png,filling_station,train,55,Filling station,98,dataset_a_55_template_98,2,2fd7461453b5a18d66ed02a65bd6490a345a45c878379e8b75c6f671f8fcc5f4
55/55_original_98_original_98.png_d7e457d0-44ca-463f-9ed7-f8862806321b.png_fd92d5b2-38a2-43b5-bb6a-f309a5d7616b.png,filling_station,train,55,Filling station,98,dataset_a_55_template_98,2,21d8dd2839adc41e513aa350f00bce35f4d97e455d57cc31eaccc8874c767a3f
55/55_original_98_original_98.png_da34c287-7743-4130-a94d-247842267fb7.png_129d3a87-3604-48e6-835a-3b8fd44b70a8.png,filling_station,train,55,Filling station,98,dataset_a_55_template_98,2,a5e291bfd858bcf849aaa8ee90c84671f75eb68304ab898c387185bd8a9244bf
55/55_original_98_original_98.png_da34c287-7743-4130-a94d-247842267fb7.png_45ab6735-7c78-46e7-b637-efe0e1a0fec4.png,filling_station,train,55,Filling station,98,dataset_a_55_template_98,2,cd0462713d7c235b815fd1a3edcd38420a62c93f58f6cd17ce0de4404fba7689
55/55_original_98_original_98.png_da34c287-7743-4130-a94d-247842267fb7.png_45d0985c-627e-4cbd-a98f-53a019e3ad72.png,filling_station,train,55,Filling station,98,dataset_a_55_template_98,2,4c5a2c16bc615619efd94e712cd924eeca4feed4b29c34bbbcbef7545501700f
55/55_original_98_original_98.png_da34c287-7743-4130-a94d-247842267fb7.png_6e6ac23b-c8f1-4816-bab6-600d82270700.png,filling_station,train,55,Filling station,98,dataset_a_55_template_98,2,4609aa9d8896f904e28f30417932cc6207327e31669861eec7a1264bd5068644
55/55_original_98_original_98.png_da34c287-7743-4130-a94d-247842267fb7.png_6e8c0b8b-b031-4ccd-8b43-09acf72d037f.png,filling_station,train,55,Filling station,98,dataset_a_55_template_98,2,01a82af262c9d0a8dd45549f97b658c297c06342984aff83c911d5ded5d3f5bb
55/55_original_98_original_98.png_da34c287-7743-4130-a94d-247842267fb7.png_7f579440-c042-4875-8a47-a89342775f3b.png,filling_station,train,55,Filling station,98,dataset_a_55_template_98,2,3886ce1834276594f2170f5a5b43d917c210631bcb8c70fa6d57f19068138891
55/55_original_98_original_98.png_da34c287-7743-4130-a94d-247842267fb7.png_98fce158-392a-4272-8df7-c18ada20f72f.png,filling_station,train,55,Filling station,98,dataset_a_55_template_98,2,9aa24cb16569aecd32d2bb8d29f33985c9a0b0cd25046f83ff4d4878b0141771
55/55_original_98_original_98.png_da34c287-7743-4130-a94d-247842267fb7.png_a628358b-7134-4163-8cd2-0e3ff3aaa647.png,filling_station,train,55,Filling station,98,dataset_a_55_template_98,2,d8f233193d958a6140220eba504f2000b7031cbfc2b86ba97b74a65945e1b894
55/55_original_98_original_98.png_da34c287-7743-4130-a94d-247842267fb7.png_bcb5386e-fd85-4c41-bd0f-66182b73ec75.png,filling_station,train,55,Filling station,98,dataset_a_55_template_98,2,828a28a0a97ff9432151569a4faf67cf9d3595d3a8ba9823f61b1b75a0411209
55/55_original_98_original_98.png_ddc71280-8ad3-4740-b357-43894c05fb8a.png_3750110b-9358-4a5a-ac2b-2a18a222dc02.png,filling_station,train,55,Filling station,98,dataset_a_55_template_98,2,5c36be5b416912cabfd2d5c9ac7a2a7687aa3c521b5b76a2ec2d4079a168de6b
55/55_original_98_original_98.png_ddc71280-8ad3-4740-b357-43894c05fb8a.png_863d1eb1-7f70-4174-8b7a-761a24161b97.png,filling_station,train,55,Filling station,98,dataset_a_55_template_98,2,71ab8e379752545a7234b63f68051480dd294fa1db11eb82960ad1da86cfbcba
55/55_original_98_original_98.png_ddc71280-8ad3-4740-b357-43894c05fb8a.png_937921d7-ddab-4e02-891b-25d6d8b2f77e.png,filling_station,train,55,Filling station,98,dataset_a_55_template_98,2,71ab8e379752545a7234b63f68051480dd294fa1db11eb82960ad1da86cfbcba
55/55_original_98_original_98.png_ddc71280-8ad3-4740-b357-43894c05fb8a.png_97392f80-4093-4e98-a689-783598536a86.png,filling_station,train,55,Filling station,98,dataset_a_55_template_98,2,426f2765aafb579c6b1ea657638d89423af5247a99a9cbccbb53131bac8b0699
55/55_original_98_original_98.png_ddc71280-8ad3-4740-b357-43894c05fb8a.png_984f87cf-4e52-42b5-83c6-f5eefa30e587.png,filling_station,train,55,Filling station,98,dataset_a_55_template_98,2,71ab8e379752545a7234b63f68051480dd294fa1db11eb82960ad1da86cfbcba
55/55_original_98_original_98.png_ddc71280-8ad3-4740-b357-43894c05fb8a.png_d6a767e1-1cbd-4d65-a141-08ff1af636ee.png,filling_station,train,55,Filling station,98,dataset_a_55_template_98,2,71ab8e379752545a7234b63f68051480dd294fa1db11eb82960ad1da86cfbcba
55/55_original_98_original_98.png_decbc065-0d1d-40ad-82b4-0755b397d4c3.png_287c4716-2cb2-4bba-8dfa-d3a003314002.png,filling_station,train,55,Filling station,98,dataset_a_55_template_98,2,bec75b761673dab3e8f0a56d4ea204a3531e8dbc53fa6e21cb39fe7b688ae8dc
55/55_original_98_original_98.png_decbc065-0d1d-40ad-82b4-0755b397d4c3.png_4d31c1a9-e221-497f-87e9-fde4832de232.png,filling_station,train,55,Filling station,98,dataset_a_55_template_98,2,def2d0186d659b2d064cb2e6dee47a77fab5769428afe67bada15a6c6f6e11a0
55/55_original_98_original_98.png_decbc065-0d1d-40ad-82b4-0755b397d4c3.png_c66c2ac1-061c-4a8d-a802-b62f79975a19.png,filling_station,train,55,Filling station,98,dataset_a_55_template_98,2,86a64a960975eb61e903336012f51fe0fac119ea3e24b240bea57dab1b939acd
55/55_original_98_original_98.png_decbc065-0d1d-40ad-82b4-0755b397d4c3.png_ef9615b2-4fbb-4052-95cc-e4d609aa50ac.png,filling_station,train,55,Filling station,98,dataset_a_55_template_98,2,8ce952e0dbc6a35922f4405bcdc2a741fb19be43dbe92952f782136aa61d2cb0
55/55_original_98_original_98.png_e94459db-07bf-458f-b9f8-ccc9901d23c8.png_03f828e6-2b93-448c-a6c6-56fd13bd3c3e.png,filling_station,train,55,Filling station,98,dataset_a_55_template_98,2,73227e4d5731c17d31034b49fa0a4858bfbe0c2f433e8b906dd049c516ace123
55/55_original_98_original_98.png_e94459db-07bf-458f-b9f8-ccc9901d23c8.png_1c00bddc-47c5-4a63-916d-591a43063e88.png,filling_station,train,55,Filling station,98,dataset_a_55_template_98,2,a87f0c3c5d43e7af49d12ec87f8b7f9ae05e7e9fe2b4eec26e3276b36ed10375
55/55_original_98_original_98.png_e94459db-07bf-458f-b9f8-ccc9901d23c8.png_6b0e3a19-a3e1-48eb-a41f-7a0bf0290141.png,filling_station,train,55,Filling station,98,dataset_a_55_template_98,2,fc0f5dbf46516958f3f828124e29bee9d3b048e47ac98fca1909fd59f6528454
55/55_original_98_original_98.png_e94459db-07bf-458f-b9f8-ccc9901d23c8.png_96607044-e22b-461a-9cd0-4e01d2669b9d.png,filling_station,train,55,Filling station,98,dataset_a_55_template_98,2,345eb49a68abfcf7b023008592b6e4e6fde2087e1854f7a5e8beae78ff610e82
55/55_original_98_original_98.png_e94459db-07bf-458f-b9f8-ccc9901d23c8.png_a7afeb5b-b6ca-4fa6-bb3b-ed636498cf5d.png,filling_station,train,55,Filling station,98,dataset_a_55_template_98,2,8ca8002b83b06be05d831ccda58ee9a083be29a615071bcbab84f55f951bc6b4
55/55_original_98_original_98.png_ec51b7de-2b73-4fd4-9690-809ce380dbc0.png_226699a3-2596-4de0-a926-019e29b34cc4.png,filling_station,train,55,Filling station,98,dataset_a_55_template_98,2,569a104c5bc01017958cf1d5b181946a4647359eef2569be7e5438eb379a88bb
55/55_original_98_original_98.png_ec51b7de-2b73-4fd4-9690-809ce380dbc0.png_874b1001-d6a0-4365-8005-ef5495f0d9a9.png,filling_station,train,55,Filling station,98,dataset_a_55_template_98,2,319b1f7e4775a2f1b5ec02e415a6505d3344aaf875a861e723ca4f48cc2699dc
55/55_original_98_original_98.png_ec51b7de-2b73-4fd4-9690-809ce380dbc0.png_8d562a2b-325e-4728-8cbd-18e9295b2ad0.png,filling_station,train,55,Filling station,98,dataset_a_55_template_98,2,b7e2123c8b3e63a6908a49025bc40226f5b921f9f9b705c8239f31b9311ede99
55/55_original_98_original_98.png_ec51b7de-2b73-4fd4-9690-809ce380dbc0.png_c3532fb2-ee2c-48fe-adcc-0f1c4245c981.png,filling_station,train,55,Filling station,98,dataset_a_55_template_98,2,163c79095dc3552a163b9824ab76492e9b9b700b3bd6de8bfbbed8ed499c4c6b
55/55_original_98_original_98.png_ec51b7de-2b73-4fd4-9690-809ce380dbc0.png_c4cce05e-d310-4666-9315-ef443959d3dc.png,filling_station,train,55,Filling station,98,dataset_a_55_template_98,2,43f841946596aa761243e9b5f1b917aaafb49a240293c024c2a6d214722f8536
55/55_original_98_original_98.png_ec5cbce7-a069-4b68-b3ce-5bbb3992fa62.png_49905249-e7f1-4670-9b5d-f3d77710da8c.png,filling_station,train,55,Filling station,98,dataset_a_55_template_98,2,cc07f0e12da71418625eb227364a673cc7b1546930193b777e68238ca09a57a6
55/55_original_98_original_98.png_ec95b022-7604-49ea-991e-ed52d94a4e79.png_03725535-7ca0-4422-8583-a81471fe305a.png,filling_station,train,55,Filling station,98,dataset_a_55_template_98,2,57ee0dfa80b45f60c896ee277ab172f73346e37f21f0a552f6524892998666f8
55/55_original_98_original_98.png_ec95b022-7604-49ea-991e-ed52d94a4e79.png_0aeccb5e-fc5f-472b-b614-ff4bad1fd147.png,filling_station,train,55,Filling station,98,dataset_a_55_template_98,2,7f3a3f5b7f0b376a51adfe4438ec93f7ae614b6f26721908e88f81baa6c3ef7e
55/55_original_98_original_98.png_ec95b022-7604-49ea-991e-ed52d94a4e79.png_4aefda21-78be-4fc8-a8c2-a45d35c887ab.png,filling_station,train,55,Filling station,98,dataset_a_55_template_98,2,cc07a95bf933b17c5c646ebc03ab5f52d9ad877aa5855809df5eb4b41e138b67
55/55_original_98_original_98.png_ec95b022-7604-49ea-991e-ed52d94a4e79.png_661c9827-7f39-40b4-9e60-5f7384e9cccb.png,filling_station,train,55,Filling station,98,dataset_a_55_template_98,2,aba5295c6de1e32a64f0416bfb95e3667121df5cdb8f216e82d200e1888975f1
55/55_original_98_original_98.png_ec95b022-7604-49ea-991e-ed52d94a4e79.png_6d5dd246-bfac-4197-81fc-ea1849a06b1a.png,filling_station,train,55,Filling station,98,dataset_a_55_template_98,2,b282de25b1724f8c8f3914ed624369d411a9dd9eab940b82c9f1f820a00a36e4
55/55_original_98_original_98.png_ec95b022-7604-49ea-991e-ed52d94a4e79.png_895d835a-626d-4b3a-9cdc-e5054a794b21.png,filling_station,train,55,Filling station,98,dataset_a_55_template_98,2,66aba938c16fd427f694b36993a0bea85efd7dfdadcd8a8808c4fb8fed358f27
55/55_original_98_original_98.png_ec95b022-7604-49ea-991e-ed52d94a4e79.png_9d1e6e1d-6780-4fc2-ba0e-f4f7a669d2fc.png,filling_station,train,55,Filling station,98,dataset_a_55_template_98,2,4330c59e629b51402ff94b2f07946bb9189cdad422f386a03a8d867799700289
55/55_original_98_original_98.png_ec95b022-7604-49ea-991e-ed52d94a4e79.png_b2223a10-c155-462b-bae7-f4ca6f8845ec.png,filling_station,train,55,Filling station,98,dataset_a_55_template_98,2,1aa7926eaaf96df6fb8159a2b0d0415f7606507fd495a0f5a48d036da202b0b8
55/55_original_98_original_98.png_ec95b022-7604-49ea-991e-ed52d94a4e79.png_e05afca8-8f41-41fe-90cf-de7befddc506.png,filling_station,train,55,Filling station,98,dataset_a_55_template_98,2,e9b1a3479176cda86c4347dc8b5eb4a80b53e712a89f6bbb384bbf58ab0fff48
55/55_original_98_original_98.png_ec95b022-7604-49ea-991e-ed52d94a4e79.png_e0cd73e3-a888-471b-badc-533ade814168.png,filling_station,train,55,Filling station,98,dataset_a_55_template_98,2,2904be14b8d93af41f95ca6f76c3e4c7450f9264d04029c72a66d1fc5052b0fc
55/55_original_98_original_98.png_ec95b022-7604-49ea-991e-ed52d94a4e79.png_f843bb70-0cfe-4c98-9256-ae90c9d5be0d.png,filling_station,train,55,Filling station,98,dataset_a_55_template_98,2,e813cd6dacaa25637e3819114d7b637b9c7b63e770ecce866b9358ec992fa3d0
55/55_original_98_original_98.png_ec95b022-7604-49ea-991e-ed52d94a4e79.png_fa99fd01-3234-4a7d-a6e2-3ac764b92a9e.png,filling_station,train,55,Filling station,98,dataset_a_55_template_98,2,a008bbeeb7ade50f8d62512e3175f1079accd4937784958bfb7befea8f2567bc
55/55_original_98_original_98.png_ed7cda37-06d5-4db1-95fe-1c3c63e6bfc9.png_3aee0b0f-8a5c-405b-a4ac-752a92d574c7.png,filling_station,train,55,Filling station,98,dataset_a_55_template_98,2,817f660a3bfbbc9a38a30496f01aa29341e69e8195bb53456e579ac7faf1c269
55/55_original_98_original_98.png_ed7cda37-06d5-4db1-95fe-1c3c63e6bfc9.png_5595f6b2-dd49-4e72-b5d9-8d070fcac0f6.png,filling_station,train,55,Filling station,98,dataset_a_55_template_98,2,9607d1d6dfcf33d39a23fd782809ed28c72f4ad67e89e6f3fbe46defa41e7339
55/55_original_98_original_98.png_ed7cda37-06d5-4db1-95fe-1c3c63e6bfc9.png_ba59f568-4428-4b22-8068-72f8677e0b1b.png,filling_station,train,55,Filling station,98,dataset_a_55_template_98,2,1528ca6c4614919902613cc582b75b13925cc84933a428a503f4609ed3ae248c
55/55_original_98_original_98.png_f0ad23ef-270d-4b0f-95d2-014c2473b581.png_13ca162a-a643-4500-8bad-3a851faa4cf8.png,filling_station,train,55,Filling station,98,dataset_a_55_template_98,2,fc8981b95892730a95791a341064e4b4f8affb450f5f12c2a85e9815ce94b8b9
55/55_original_98_original_98.png_f0ad23ef-270d-4b0f-95d2-014c2473b581.png_17d92aff-26f8-498c-a758-f077f90bac75.png,filling_station,train,55,Filling station,98,dataset_a_55_template_98,2,de9b84f6bd69f1d9d5360a5bc280fc895d486bc405d2cf14bcc631ac485e0c59
55/55_original_98_original_98.png_f0ad23ef-270d-4b0f-95d2-014c2473b581.png_231e5224-5ed1-4255-a328-5a68fb9d1425.png,filling_station,train,55,Filling station,98,dataset_a_55_template_98,2,94ddce6aca28f19b4971eb576efac212118e482e4ec7c578749fe6837b0af35d
55/55_original_98_original_98.png_f0ad23ef-270d-4b0f-95d2-014c2473b581.png_33db57dc-e41b-41b5-bc1a-4a888b4025fa.png,filling_station,train,55,Filling station,98,dataset_a_55_template_98,2,9a202fc871c540cedaecfba63ab2eae77b15c4399714417ca1d1dd6f3c5eb430
55/55_original_98_original_98.png_f0ad23ef-270d-4b0f-95d2-014c2473b581.png_40c63754-713d-42c1-90ef-a8dcf6a878a5.png,filling_station,train,55,Filling station,98,dataset_a_55_template_98,2,48dbf1aed30e6368a044dde3a3ad3d8338f38c20be696376a2100ffe17500dd5
55/55_original_98_original_98.png_f0ad23ef-270d-4b0f-95d2-014c2473b581.png_47ac35ce-726a-4a7f-8d8f-2b69304f1041.png,filling_station,train,55,Filling station,98,dataset_a_55_template_98,2,9e82c3283a55c4b6ec7a51cac2bda107e00653b3b7a19e947d57b7b53135c7ad
55/55_original_98_original_98.png_f0ad23ef-270d-4b0f-95d2-014c2473b581.png_49355e86-8407-4ada-b563-53338357fc0e.png,filling_station,train,55,Filling station,98,dataset_a_55_template_98,2,c8a293039ca5f4d0949405a24a60dec73352dd03a5cd9813b08e88e43d276e98
55/55_original_98_original_98.png_f0ad23ef-270d-4b0f-95d2-014c2473b581.png_93c75136-161a-40f7-9cba-ff328e23117c.png,filling_station,train,55,Filling station,98,dataset_a_55_template_98,2,6d67655b34f5c63550dc74ac89585995cdaa4a694ec20bed1773c769b0db7aab
55/55_original_98_original_98.png_f0ad23ef-270d-4b0f-95d2-014c2473b581.png_bfa61f15-b32c-4317-9d6e-c540a0a99ef1.png,filling_station,train,55,Filling station,98,dataset_a_55_template_98,2,41ef0130277d394a6239d4e4c1212c860ab94241327d47ca22f06a5429a3ddde
55/55_original_98_original_98.png_f0ad23ef-270d-4b0f-95d2-014c2473b581.png_cb6e9433-7c2a-4e2e-a3e0-b8930d11b418.png,filling_station,train,55,Filling station,98,dataset_a_55_template_98,2,d27d772693dfec851b6343c261db777f52d52e076fc110ea81a76fe12971f99c
55/55_original_98_original_98.png_f1971915-c96c-4538-9252-5da878b6c48c.png_06787e72-a497-41ec-b547-c2bb252a7d62.png,filling_station,train,55,Filling station,98,dataset_a_55_template_98,2,cfd274f67bfc0d067cad61bcbf7574aac18887cbd08e1a168876164968040754
55/55_original_98_original_98.png_f1971915-c96c-4538-9252-5da878b6c48c.png_0c9e8e7c-c07d-4122-ad12-3fcba51f0ad1.png,filling_station,train,55,Filling station,98,dataset_a_55_template_98,2,f19de5925bddaa195d5cdf3f814f10046a579b739db091352f153a12d5446000
55/55_original_98_original_98.png_f1971915-c96c-4538-9252-5da878b6c48c.png_6a8ecef0-fd77-4329-9c03-41a192a1ba6f.png,filling_station,train,55,Filling station,98,dataset_a_55_template_98,2,3532068f1d50b17ab03538d49bde2e95d45088011ea31b2b899cdf2f8efabef2
55/55_original_98_original_98.png_f1971915-c96c-4538-9252-5da878b6c48c.png_7ce4938d-897e-4b16-996a-da6a76411d03.png,filling_station,train,55,Filling station,98,dataset_a_55_template_98,2,a58c8a5f98377d8bdf891c13e6a92ccb5435cfd51d6c264cb8a2945a76199e17
55/55_original_98_original_98.png_f1971915-c96c-4538-9252-5da878b6c48c.png_99602b93-eaab-4c44-a795-df2bd993811f.png,filling_station,train,55,Filling station,98,dataset_a_55_template_98,2,55dc6906d030cddb303156ca9407926da80450b604324ae468dbb3835dfc7082
55/55_original_98_original_98.png_f1971915-c96c-4538-9252-5da878b6c48c.png_bb32f395-0a3e-46df-a6cd-82005a5acec3.png,filling_station,train,55,Filling station,98,dataset_a_55_template_98,2,d42f74eb50ab933980748eb888a0abfe5c6ab0a02989bb806984ff58c80b511e
55/55_original_98_original_98.png_f1971915-c96c-4538-9252-5da878b6c48c.png_cfefbf01-668b-4297-9548-342ed46540e2.png,filling_station,train,55,Filling station,98,dataset_a_55_template_98,2,3112828777e4d0fba2909c2ca6c5d55b20525e84014b2668402811feff21e208
55/55_original_98_original_98.png_f1971915-c96c-4538-9252-5da878b6c48c.png_d5d8ad19-76dd-45f9-8099-ecccb9cdf53f.png,filling_station,train,55,Filling station,98,dataset_a_55_template_98,2,d92780cd218ba1126e325c648f6b86f02411d2472b61ce20344d3483eb1c8e1f
55/55_original_98_original_98.png_f1971915-c96c-4538-9252-5da878b6c48c.png_d9d2fe83-d57a-4e39-8092-0966d25454b5.png,filling_station,train,55,Filling station,98,dataset_a_55_template_98,2,8ec36a2725b3cedd2129bef76e4df9f56e9ed4e54b268bf7552faf3b1a9f5474
55/55_original_98_original_98.png_f1971915-c96c-4538-9252-5da878b6c48c.png_f8f215c3-098c-4ba9-878b-fdfb5304acda.png,filling_station,train,55,Filling station,98,dataset_a_55_template_98,2,9095b8493a02d680e8432dd48e64a43726cdc59df79f6bba125fef87b2dc5cff
55/55_original_98_original_98.png_f1dad6c1-3aba-404b-ad13-b78eb7886bfa.png_21cc6dc0-3da2-4b43-8438-ec0d884736ca.png,filling_station,train,55,Filling station,98,dataset_a_55_template_98,2,8953eeec3d731f2cd5d41878ed45ba4b1fc4330f8f67fae31df00008ab8cd8e6
55/55_original_98_original_98.png_f1dad6c1-3aba-404b-ad13-b78eb7886bfa.png_359cb772-fa7f-4e37-a16f-5f4bc78233de.png,filling_station,train,55,Filling station,98,dataset_a_55_template_98,2,d94f9f5ba633930f2fa7063b10cb0cacc35e89c072d2aaf69d8e77d997c77b82
55/55_original_98_original_98.png_f1dad6c1-3aba-404b-ad13-b78eb7886bfa.png_cb8a149f-ab57-4a68-9477-4975c889dd85.png,filling_station,train,55,Filling station,98,dataset_a_55_template_98,2,26b0912e6848acf0199e8d792e9aaee67014d825d3b082ed4f55384c81b2edf9
55/55_original_98_original_98.png_f1dad6c1-3aba-404b-ad13-b78eb7886bfa.png_d11a8cd1-67a4-48aa-a23f-1ce8af8172a4.png,filling_station,train,55,Filling station,98,dataset_a_55_template_98,2,66a3c75af538f2bff5bb25f68b9713f630922fb8478e96e9fc5c5e3e4a87bd99
55/55_original_98_original_98.png_f1dad6c1-3aba-404b-ad13-b78eb7886bfa.png_e9052bf4-6d4b-48e8-b106-2435614bbc97.png,filling_station,train,55,Filling station,98,dataset_a_55_template_98,2,1c779164f6b9b82b517745223d063fec548f07ee453053a5ac1f971579a14d56
55/55_original_98_original_98.png_f3fb9a0b-70c8-4e87-8aa7-ac4d82b7c250.png_188d2f27-694b-4b8d-9ecb-abcec6f31426.png,filling_station,train,55,Filling station,98,dataset_a_55_template_98,2,5e003667f1f5eb95cb19c87699a07eef365ae30376a4e704fc0fe8b6d8148954
55/55_original_98_original_98.png_f3fb9a0b-70c8-4e87-8aa7-ac4d82b7c250.png_916322db-9b4e-4f39-92ab-8a966e8956d3.png,filling_station,train,55,Filling station,98,dataset_a_55_template_98,2,a9b21e19d95af0467994d5414b863c5d5cbcba5d3ec220bb2036dafbbc6d1393
55/55_original_98_original_98.png_f3fb9a0b-70c8-4e87-8aa7-ac4d82b7c250.png_ec6494f4-16da-4c2d-ab62-18182d74f20e.png,filling_station,train,55,Filling station,98,dataset_a_55_template_98,2,2b084d87c2ad4db83e9a6e42f96d8d546e948507745b402fb448b9ed020c92d9
55/55_original_98_original_98.png_fa4a88a6-8287-480f-b10f-815211d18312.png_546d7e35-1dd3-4064-96c6-579f4bfc5851.png,filling_station,train,55,Filling station,98,dataset_a_55_template_98,2,31f3d97126e2f7165a780cdea01464badf6535c3a8f3ecdbd0cc7c257f587658
55/55_original_98_original_98.png_fa4a88a6-8287-480f-b10f-815211d18312.png_6bf85034-d851-4655-8742-9c92208196e5.png,filling_station,train,55,Filling station,98,dataset_a_55_template_98,2,bc66141653c13b65a22f4220a116d370e1d4704a03bc23b5e89c3fde4544ff64
55/55_original_98_original_98.png_fa4a88a6-8287-480f-b10f-815211d18312.png_eb39e9ce-0518-47f8-a30b-5b9c7853a283.png,filling_station,train,55,Filling station,98,dataset_a_55_template_98,2,c4d0bbd26e857519d3227474249088cb4ff4f36aeabd5e1ae548412992f75800
55/55_original_98_original_98.png_fa4a88a6-8287-480f-b10f-815211d18312.png_fc85b047-0fee-4ea0-83f3-affa4eeee759.png,filling_station,train,55,Filling station,98,dataset_a_55_template_98,2,2475fda298d6eac036893bfaf3be1c850739fe29c3c3369c43dbc58fe306bdcf
55/55_original_98_original_98.png_fb942702-9a3e-45ce-ac4e-c31fa8edb748.png_091fbc7d-8e7f-4fdd-ab53-336380670a7a.png,filling_station,train,55,Filling station,98,dataset_a_55_template_98,2,d79ed7d4791ea77d7955293f0d8772fd6e878f8cb54b4a261be334058b7f058b
55/55_original_98_original_98.png_fb942702-9a3e-45ce-ac4e-c31fa8edb748.png_22bfad65-65d1-42c5-a857-063902b2996f.png,filling_station,train,55,Filling station,98,dataset_a_55_template_98,2,f3e9b090d34b3a8ab47301bfad15fc43c9077548e9187046d5dd1c4299931013
55/55_original_98_original_98.png_fb942702-9a3e-45ce-ac4e-c31fa8edb748.png_2f91f19e-6724-4639-877b-77f2383aa508.png,filling_station,train,55,Filling station,98,dataset_a_55_template_98,2,7d61569eccb94036d8c1342547cb1ae38443f04dd49606d181a7d145b28062fd
55/55_original_98_original_98.png_fb942702-9a3e-45ce-ac4e-c31fa8edb748.png_627dd2bb-220b-4d7c-8516-1e052d0162a4.png,filling_station,train,55,Filling station,98,dataset_a_55_template_98,2,c75e8891ae3bc32d65db30127c4bcbedc704f8c318f8ee94906486cd5d9fb1be
55/55_original_98_original_98.png_fb942702-9a3e-45ce-ac4e-c31fa8edb748.png_763d7d39-19d3-4b9a-95e6-c40b2fa4d542.png,filling_station,train,55,Filling station,98,dataset_a_55_template_98,2,5503bf1d7ff87397bbc225c22fbaef59a127f81e6f9808ed9569de8f444ff179
55/55_original_98_original_98.png_fb942702-9a3e-45ce-ac4e-c31fa8edb748.png_77077026-f6fc-40c1-bab0-cb94b9b2009b.png,filling_station,train,55,Filling station,98,dataset_a_55_template_98,2,858e9060331efc3d1304856ed05de1565e79d4a4b74ac4798bfbe9502ce5c35e
55/55_original_98_original_98.png_fb942702-9a3e-45ce-ac4e-c31fa8edb748.png_b14b1593-6d77-4b78-80c4-a270215906f1.png,filling_station,train,55,Filling station,98,dataset_a_55_template_98,2,f2cbea3a58cd2e40a93183f71dddf79caa3209b823d49b678314f9f1835cf317
55/55_original_98_original_98.png_fb942702-9a3e-45ce-ac4e-c31fa8edb748.png_b9742c77-46bd-4745-be44-6ee21b4060ca.png,filling_station,train,55,Filling station,98,dataset_a_55_template_98,2,2a48d17c110d916395acb8844a3b7323877ba07f0cba998444e69493e2ae5d27
55/55_original_98_original_98.png_fb942702-9a3e-45ce-ac4e-c31fa8edb748.png_ca3eb915-0695-465f-a06c-87905fac9704.png,filling_station,train,55,Filling station,98,dataset_a_55_template_98,2,aa7bfc5e624ce04fc08f3c87579a8e463eb797c28619cebdd972b1b8f303496d
55/55_original_98_original_98.png_fc83f9d3-3f05-4c89-b9cc-d87c92492cc4.png_088a1d85-14bb-4d8c-8f76-848ad5222add.png,filling_station,train,55,Filling station,98,dataset_a_55_template_98,2,fde042ac2f0eb2c03995605ed5b0a4c312c5980815cfe84fba08db3e4fd328c0
55/55_original_98_original_98.png_fc83f9d3-3f05-4c89-b9cc-d87c92492cc4.png_25efd412-edf2-4bda-adf4-af7b53dadeec.png,filling_station,train,55,Filling station,98,dataset_a_55_template_98,2,9c5ca9171f324c02ce91e8e28e1cc3e1a73f1bb73b7e735f5bed00e03877c616
55/55_original_98_original_98.png_fc83f9d3-3f05-4c89-b9cc-d87c92492cc4.png_5abcea4f-7dc1-4529-899d-bd0ffa42fb8f.png,filling_station,train,55,Filling station,98,dataset_a_55_template_98,2,c48a3f27d474c83cada532a71c7c9cdd4b09cf81953499d2134cbf4aaeb5f43d
55/55_original_98_original_98.png_fc83f9d3-3f05-4c89-b9cc-d87c92492cc4.png_632ae25a-cec2-47ef-b583-3383c9f62320.png,filling_station,train,55,Filling station,98,dataset_a_55_template_98,2,ad7c15b9550e4d55cb4d68cd5567d7dee7420901a5f59419d15e76e8f7eb9f1c
55/55_original_98_original_98.png_fc83f9d3-3f05-4c89-b9cc-d87c92492cc4.png_97f4c148-ba78-4966-8377-e2eb1bf1262a.png,filling_station,train,55,Filling station,98,dataset_a_55_template_98,2,073b57bf3d7513516e4755ef97c59bcd2f231c85786eda6430127a297ba6c65a
55/55_original_98_original_98.png_fc83f9d3-3f05-4c89-b9cc-d87c92492cc4.png_9f463616-48de-4603-9afc-def73b8241b8.png,filling_station,train,55,Filling station,98,dataset_a_55_template_98,2,c6579cb9a754c72877a279d8c228de65580d072dcd67ce0770eccfefd2ba88f4
55/55_original_98_original_98.png_fc83f9d3-3f05-4c89-b9cc-d87c92492cc4.png_cab1cdce-16a3-4bb8-a843-d4d532572f43.png,filling_station,train,55,Filling station,98,dataset_a_55_template_98,2,2cc573229bdef4bc192949e9abd705ad31445697cfafcb30097d337205e5f931
55/55_original_98_original_98.png_fc83f9d3-3f05-4c89-b9cc-d87c92492cc4.png_dd585206-13a1-49e7-a704-dd40018cfba6.png,filling_station,train,55,Filling station,98,dataset_a_55_template_98,2,757d81844080cd803cf19615a996db7c0ceb4f04567f2b65dc1c829450780855
55/55_original_98_original_98.png_ff448442-0dcf-4528-afac-87bfee4583eb.png_b9f26910-41c7-42c2-b865-7bf8eb8e090f.png,filling_station,train,55,Filling station,98,dataset_a_55_template_98,2,35d041c0b469917de1d60b982a0a2ecffc32bfc3fbea2ca4af87a5e59f8870d5
55/55_original_98_original_98.png_ff448442-0dcf-4528-afac-87bfee4583eb.png_f60f1e04-d1d5-4407-ae57-5dd9c1bf8c2a.png,filling_station,train,55,Filling station,98,dataset_a_55_template_98,2,1cb666f0cbd864756a7dc304f14387ac71a1839c900c2dcbbe1f6e5ccf4bd736
55/98.png,filling_station,train,55,Filling station,98,dataset_a_55_template_98,0,25feae5fe33678329bf27c020700cee114fdf596d77d2cfd9cecc0a52eeba504
55/98_original_98.png_0085e895-d2c7-4d59-be60-bf8b5515ce46.png,filling_station,train,55,Filling station,98,dataset_a_55_template_98,1,2b2ae8e35d2b93e4bd438c8e9563a5f97cad5826169a2ade5e9904410b66980c
55/98_original_98.png_022aa8cf-6162-48f9-82f1-5677a7716707.png,filling_station,train,55,Filling station,98,dataset_a_55_template_98,1,1fb7e6aa140c45973fc8b95cef59097772c7cc6f687d1f1a60b44f8a85f306ab
55/98_original_98.png_024795c1-c328-4153-8266-6643bb4088fc.png,filling_station,train,55,Filling station,98,dataset_a_55_template_98,1,d6cf9c867f6607e25ee797a4bea5926eeba77f190a341376a4024f5ed640fde5
55/98_original_98.png_0330bd4e-5f68-400c-a19b-de693ccca314.png,filling_station,train,55,Filling station,98,dataset_a_55_template_98,1,48c2e542af6e90eb659e05a0a44058e8737b2f714686fea1c5013909053ebd7a
55/98_original_98.png_03446aea-2127-475a-a4b4-f5170b7d6ccb.png,filling_station,train,55,Filling station,98,dataset_a_55_template_98,1,30dac6bc41a1f556dc2e7422b172ac177d136d130701f5d6099479dfb03619a7
55/98_original_98.png_0561143c-1a3e-4c65-8dac-c8e295918bd0.png,filling_station,train,55,Filling station,98,dataset_a_55_template_98,1,cceff2fc11a6912c1a976c1d059b63f5adda46efa4a20e9a878eef767842b93d
55/98_original_98.png_07f35ce5-7289-4f09-bbfe-7d6464a38cd5.png,filling_station,train,55,Filling station,98,dataset_a_55_template_98,1,a8e10197652a9fc2ac6e985e72e1cfdfe605a9e5dae014159914866520226d83
55/98_original_98.png_0bae402e-c26c-4836-9165-18b6e097603b.png,filling_station,train,55,Filling station,98,dataset_a_55_template_98,1,b9460b2fd800fd68e3009fc10bc61ce95c98076df0cb0fb196b967a7f89f5cca
55/98_original_98.png_10d7f5c4-cf79-490c-a7a9-9774bab64adf.png,filling_station,train,55,Filling station,98,dataset_a_55_template_98,1,66f69c624c818c87ae25eb447a050a21eaa6d4fb984692d42d0b03f8e547af3a
55/98_original_98.png_12d29b48-c20f-44c4-ae3c-d3c9a19a61d4.png,filling_station,train,55,Filling station,98,dataset_a_55_template_98,1,6442e800df18a453299ccea55545c722ff8aae43d1703e0e83a6f6e7e2820482
55/98_original_98.png_17e850c0-f70d-4742-8e17-fa9e31743b65.png,filling_station,train,55,Filling station,98,dataset_a_55_template_98,1,f6d59eb752da60bf5f381a3fa15c40916840f852e852ea0573867e5e15ae0111
55/98_original_98.png_1938ba5a-c3f9-4cb7-a755-113f6e55182a.png,filling_station,train,55,Filling station,98,dataset_a_55_template_98,1,37e2731b8224883ed4f17bc0083d0a0f0e9c07ed7b986ed158a65e5d5159751b
55/98_original_98.png_1a7b4944-04bc-4a3d-94a9-ed13110922c6.png,filling_station,train,55,Filling station,98,dataset_a_55_template_98,1,e1d029b90b89eec38e72ca12a5c566b0e2e188ecf6908f4f7ab6f22a041b2451
55/98_original_98.png_1dcc900a-514c-4043-8356-feac8de4ef72.png,filling_station,train,55,Filling station,98,dataset_a_55_template_98,1,0d00fccca226e8b4129c59c4e2a4af667ab247525bc1ff5f604809f0d5b870c1
55/98_original_98.png_22a294b6-fe09-4a3f-9c5f-ce9f45659ecc.png,filling_station,train,55,Filling station,98,dataset_a_55_template_98,1,8fdd87911fa2c113ebf3147c9c5a8ced05624a8dcd3755fce07d2257a1921a00
55/98_original_98.png_23e57222-7602-4085-b2d5-632f3f5fe6cd.png,filling_station,train,55,Filling station,98,dataset_a_55_template_98,1,f9412c3d94e049000f6bcad5b3818856924e0041b11459daaf3eae274b69b2f8
55/98_original_98.png_24067a15-73a3-4f24-ac26-2b7e6162d9bc.png,filling_station,train,55,Filling station,98,dataset_a_55_template_98,1,d6891266d84ee505182062a3b37c3d9b6567e41ed4df43d9cede0a05b66c2ca1
55/98_original_98.png_27431e89-7ee8-4aad-b975-a007fb9e08a5.png,filling_station,train,55,Filling station,98,dataset_a_55_template_98,1,62e21107148ca6a371b4dd2e5b089d94e3f2d6af2789a61bad65a50c50ecc017
55/98_original_98.png_28472a55-5df0-403b-8f81-27331b893c25.png,filling_station,train,55,Filling station,98,dataset_a_55_template_98,1,ecf4ca24f8434888a995b4cf3080bf7e7bc712ef05f343275305af783bfbda6f
55/98_original_98.png_32552f10-1d04-4434-afbd-ed3739a3af3f.png,filling_station,train,55,Filling station,98,dataset_a_55_template_98,1,62e21107148ca6a371b4dd2e5b089d94e3f2d6af2789a61bad65a50c50ecc017
55/98_original_98.png_32fe0e55-9d88-463a-89c2-514aca076a35.png,filling_station,train,55,Filling station,98,dataset_a_55_template_98,1,5657b034df0fdd01cb906db2811584b2f2d4cf11ca2a7ce9c2fc73197be3abe5
55/98_original_98.png_3368a8d5-e988-436f-8531-a8455025f6ce.png,filling_station,train,55,Filling station,98,dataset_a_55_template_98,1,48c2e542af6e90eb659e05a0a44058e8737b2f714686fea1c5013909053ebd7a
55/98_original_98.png_38eda2fb-62ba-450d-9884-b5dfe2a01dbe.png,filling_station,train,55,Filling station,98,dataset_a_55_template_98,1,0e52f753dc0c1f8ecb9797308735c74de2f830d0d9a1536e268a19a40009383a
55/98_original_98.png_3bc6766f-ace7-4919-8ed4-6c97e3c60958.png,filling_station,train,55,Filling station,98,dataset_a_55_template_98,1,37bdd4f19664189f6707bd0c89200ae604c952c47fd1bbf82d3badac0d3bd860
55/98_original_98.png_3e5b424c-81f0-45dc-a824-0cc917e1928a.png,filling_station,train,55,Filling station,98,dataset_a_55_template_98,1,c12d2389bb30d0688aa4740caae8676001d9d22d815a7f33b26f6c53146f8fd4
55/98_original_98.png_3ff15261-2cf2-4dbe-b18d-9e92897abfde.png,filling_station,train,55,Filling station,98,dataset_a_55_template_98,1,48c2e542af6e90eb659e05a0a44058e8737b2f714686fea1c5013909053ebd7a
55/98_original_98.png_4240d0f3-b128-4baf-a3b1-9c2e11be5abf.png,filling_station,train,55,Filling station,98,dataset_a_55_template_98,1,676ce5ae6802ac844e684e654a8c781bcb592f96f5d7738f3a1bffff0a2f08c2
55/98_original_98.png_4ae5e08d-e4ba-410e-9656-8c2dcc5f8a76.png,filling_station,train,55,Filling station,98,dataset_a_55_template_98,1,0243669984813dd5d3a87a2132e6834bfd0c1f5630433931bab727f72450cb4e
55/98_original_98.png_4c73f823-b9db-47c8-b1c1-eddd63c26e85.png,filling_station,train,55,Filling station,98,dataset_a_55_template_98,1,b0a7d5568d43c6333fc1f7b83fa7802761bc6bc554d8a85717a08a244cd5cfed
55/98_original_98.png_53a86a95-2afd-4a8b-ba38-98011504d243.png,filling_station,train,55,Filling station,98,dataset_a_55_template_98,1,37e2731b8224883ed4f17bc0083d0a0f0e9c07ed7b986ed158a65e5d5159751b
55/98_original_98.png_5dfc385f-fb53-42fa-99e2-063b6821c1d1.png,filling_station,train,55,Filling station,98,dataset_a_55_template_98,1,55825212e3c841d690a5754a919bbc332408bc98c48a8891703dd67422352281
55/98_original_98.png_5e05666e-f1df-4c57-97a3-fdd614e94062.png,filling_station,train,55,Filling station,98,dataset_a_55_template_98,1,79578e0f1746b4c5bf681948757b8952fa73d0a7ff564302dcf2628b585b48b8
55/98_original_98.png_622c067e-ac50-4d87-95d3-bed062662dec.png,filling_station,train,55,Filling station,98,dataset_a_55_template_98,1,7029fba380ef453a9d68b0267eb6c8791c71e693da7385c290c75bd0c0da8301
55/98_original_98.png_643fd448-3f55-41ed-bdea-256a3b17e0e9.png,filling_station,train,55,Filling station,98,dataset_a_55_template_98,1,08b28d1a1a8a2116603710d05dbc02d71d5b95e6363a97a8dcc21ff2c38f5306
55/98_original_98.png_646b428d-9ed2-4192-96fb-ce122da88af8.png,filling_station,train,55,Filling station,98,dataset_a_55_template_98,1,48c2e542af6e90eb659e05a0a44058e8737b2f714686fea1c5013909053ebd7a
55/98_original_98.png_6e016327-cf87-4b2b-8419-0e2f4bb4b1ab.png,filling_station,train,55,Filling station,98,dataset_a_55_template_98,1,70d1149e22b4e9a4d591e6ebbfd3c007efd4166344b1ab1767e918b8356425a6
55/98_original_98.png_6e7b4bc7-a245-419a-b0f4-13406a12a02e.png,filling_station,train,55,Filling station,98,dataset_a_55_template_98,1,4a632a75d2ecfcfb0bb0cfe5945fba7ad7b65c3b57669ad226eae9bb30748e7b
55/98_original_98.png_6f4e10b6-69b9-4a4b-b3d7-468809fa98a7.png,filling_station,train,55,Filling station,98,dataset_a_55_template_98,1,47d0f3c0c88e634c03481146349219c0304e9760b2aa131c584368f22f7eea5a
55/98_original_98.png_70986332-9e73-4132-8c30-72b5becf6ce0.png,filling_station,train,55,Filling station,98,dataset_a_55_template_98,1,60adf4cc85af118269fb24c0f7cff4da93db7f11ca2314046b8eb7a59bd51d47
55/98_original_98.png_76898527-1da1-4902-b324-4772c7e6495a.png,filling_station,train,55,Filling station,98,dataset_a_55_template_98,1,a9687d24d9414949eb5d969c0d41c2ecb28e8ed1418a7e463bf97561e497916b
55/98_original_98.png_7a70a280-9596-4880-b103-49c45a2c710b.png,filling_station,train,55,Filling station,98,dataset_a_55_template_98,1,37e2731b8224883ed4f17bc0083d0a0f0e9c07ed7b986ed158a65e5d5159751b
55/98_original_98.png_7b1aa1ae-e302-42bf-9fdf-98159858d7af.png,filling_station,train,55,Filling station,98,dataset_a_55_template_98,1,25feae5fe33678329bf27c020700cee114fdf596d77d2cfd9cecc0a52eeba504
55/98_original_98.png_7b9fbf4b-0ce6-496f-bf61-efa339cabb42.png,filling_station,train,55,Filling station,98,dataset_a_55_template_98,1,ba3d740de583358c1dca8d0f2d59ff4d1954b78dc9879f7b69fefaee4617be3c
55/98_original_98.png_7be16e23-22ee-470b-8250-4db9f589f11d.png,filling_station,train,55,Filling station,98,dataset_a_55_template_98,1,166b101ce1aec37e82449c2335dfc47ebeab31a7d9d29c24e121af7d5c2b18ea
55/98_original_98.png_7f2d6381-3f33-447b-b801-9a7c021ce0bf.png,filling_station,train,55,Filling station,98,dataset_a_55_template_98,1,a9687d24d9414949eb5d969c0d41c2ecb28e8ed1418a7e463bf97561e497916b
55/98_original_98.png_8115e493-dacc-47b2-bd09-77dca9b29e6d.png,filling_station,train,55,Filling station,98,dataset_a_55_template_98,1,48c2e542af6e90eb659e05a0a44058e8737b2f714686fea1c5013909053ebd7a
55/98_original_98.png_8199cde4-7526-4797-8f58-a9e5f9a1a73e.png,filling_station,train,55,Filling station,98,dataset_a_55_template_98,1,e73440687b7f0216cbedfdecfe4c1a18feb74dd556fe3eecc378b099a489b25b
55/98_original_98.png_81e6136e-1015-466b-99e3-1d6340ce1e9c.png,filling_station,train,55,Filling station,98,dataset_a_55_template_98,1,64a31cc30b719db65530af042c0c6ece2f7c6c025cae0456ea55abf723a304dd
55/98_original_98.png_86c7aba2-4d01-4aa2-97cf-6b0461f6faf6.png,filling_station,train,55,Filling station,98,dataset_a_55_template_98,1,ac2cbf77822839fa0bf91f68da80ff68ce641554cdb8d40d09d4b3433ffdc7a4
55/98_original_98.png_8b88cb2a-420c-4b6f-ac12-83026b88ec9c.png,filling_station,train,55,Filling station,98,dataset_a_55_template_98,1,5c8f1dbf7134342e8471552dca368b5be41a190543b8e2169f870d072f795fc2
55/98_original_98.png_8cef29ae-6122-4360-aa70-156c3e2f8f18.png,filling_station,train,55,Filling station,98,dataset_a_55_template_98,1,e8ac5cf5f7589206b88a12dc4ee49caf87c87ae020849e36ef46aad47f1576de
55/98_original_98.png_8d5174f3-ceea-4d15-ae3f-709445ddd5ac.png,filling_station,train,55,Filling station,98,dataset_a_55_template_98,1,48c2e542af6e90eb659e05a0a44058e8737b2f714686fea1c5013909053ebd7a
55/98_original_98.png_8f4494cb-04ed-4694-bb11-32a6bf320f61.png,filling_station,train,55,Filling station,98,dataset_a_55_template_98,1,88d35f35b865625c2db574d450304af5512eccf936d13a562702b90ca7351aee
55/98_original_98.png_92fd9807-95b3-4d44-9c77-853e0eeb9fca.png,filling_station,train,55,Filling station,98,dataset_a_55_template_98,1,b774c14aa9579c0eb8f0e7ca33ca9b2ee84d7ae67862229bf91afd9558242b80
55/98_original_98.png_97e019fa-9649-48dd-a94e-244f0bb09dc4.png,filling_station,train,55,Filling station,98,dataset_a_55_template_98,1,3da5f974d33bdf5bf9ea700d2e3d375770e4decc816f9e49f86d76a992a2c189
55/98_original_98.png_9a2f3178-7e1f-4587-96f5-eca5b53a391d.png,filling_station,train,55,Filling station,98,dataset_a_55_template_98,1,60adf4cc85af118269fb24c0f7cff4da93db7f11ca2314046b8eb7a59bd51d47
55/98_original_98.png_9b24e9c9-b47f-481a-8be3-71ae68904522.png,filling_station,train,55,Filling station,98,dataset_a_55_template_98,1,aec8ed6f21dc419353dd689115d6bd49bd40313ff2d037ff33ef966aed04fe09
55/98_original_98.png_9c119bc5-a1dc-4e3e-98c1-39e41957d24b.png,filling_station,train,55,Filling station,98,dataset_a_55_template_98,1,011bbcc54c57a35bdf79ad42ff86331a96c5826b18cf9220f4137a59fe9d8868
55/98_original_98.png_9e82e61e-a05d-4365-9592-bb1857fe5a20.png,filling_station,train,55,Filling station,98,dataset_a_55_template_98,1,80e9b6250bab28d7bce25db1d4908427286cba9aa5bd98d96b755182b6f6286e
55/98_original_98.png_a0058008-0708-4be8-9c10-e27e2aab9bba.png,filling_station,train,55,Filling station,98,dataset_a_55_template_98,1,e1545723d1d9e3004da830e80a4e06e6870252bdaae76ee680a4cc87097c8f3c
55/98_original_98.png_a078d83d-ab29-4652-bfd4-798cd608c1ee.png,filling_station,train,55,Filling station,98,dataset_a_55_template_98,1,25feae5fe33678329bf27c020700cee114fdf596d77d2cfd9cecc0a52eeba504
55/98_original_98.png_a4b7baba-f112-4ee7-a13a-afa2c1bc1bc1.png,filling_station,train,55,Filling station,98,dataset_a_55_template_98,1,e451a0bf1f06fec3a68ff0c70f7f04fbc21697420867d38887952d826643bc8a
55/98_original_98.png_a566da70-6c92-4b20-a42a-c4682a562a44.png,filling_station,train,55,Filling station,98,dataset_a_55_template_98,1,25feae5fe33678329bf27c020700cee114fdf596d77d2cfd9cecc0a52eeba504
55/98_original_98.png_a5a88656-de26-482d-9e48-2b34c9a06023.png,filling_station,train,55,Filling station,98,dataset_a_55_template_98,1,ba7bb32711aa1b5aa240010d7abdee431d51f9766f6fcb43e690633c8919efd3
55/98_original_98.png_abf7e7c5-ad30-4aa9-9a16-bc1ebd881fd8.png,filling_station,train,55,Filling station,98,dataset_a_55_template_98,1,be1de290d64a7a8ca9a0c1e2a9b8205f05de7ae64ba0dd6704c10da649e69158
55/98_original_98.png_ace39305-6ded-4c37-bd97-cb253abb9f5c.png,filling_station,train,55,Filling station,98,dataset_a_55_template_98,1,eade9f215258b47052a11a596b6e2f228ec98f6e6eb9ddc0c16383329f5c10ea
55/98_original_98.png_b2b43f91-ae36-4b77-8336-e115f6bc2e92.png,filling_station,train,55,Filling station,98,dataset_a_55_template_98,1,ebf3bfdd77875a219bac92b98e7f1f7a2f693b15708e492185b0662cfa6dbc68
55/98_original_98.png_b53881e3-64ca-4461-8b95-1f70c6958e38.png,filling_station,train,55,Filling station,98,dataset_a_55_template_98,1,a76a004de80f3a3d34aaf619546831d63291d85a4ebfab05e7a393eb493eca4c
55/98_original_98.png_b8d08c01-a431-4353-970c-1551ecac84bc.png,filling_station,train,55,Filling station,98,dataset_a_55_template_98,1,48c2e542af6e90eb659e05a0a44058e8737b2f714686fea1c5013909053ebd7a
55/98_original_98.png_b9441283-a2f3-422e-8dd9-e007ba41932f.png,filling_station,train,55,Filling station,98,dataset_a_55_template_98,1,79c7563df0c6cf2aa625ecdbbe1da54ae32478a50257b875caad8220afd7e47a
55/98_original_98.png_bd783878-41e7-4a4d-9a9a-f922d4180077.png,filling_station,train,55,Filling station,98,dataset_a_55_template_98,1,f99a102d3a767ad079696f41839f0b46310200b8180be4284fa9797a216094e7
55/98_original_98.png_c0cb9173-8c48-43b5-b334-1dfd02c17438.png,filling_station,train,55,Filling station,98,dataset_a_55_template_98,1,0c363f812417ac69a3ef31b2f65fe9bd5c6e774c52ab3934a23f84d5dc85e34d
55/98_original_98.png_c8879b04-4e92-4c81-aee0-855b12bcade9.png,filling_station,train,55,Filling station,98,dataset_a_55_template_98,1,814f4bec957ea22518a8d63c29d8213ab80bb382710827eb3e1fa0116437b385
55/98_original_98.png_ccd7cdbe-036a-4749-ad29-4832b919e655.png,filling_station,train,55,Filling station,98,dataset_a_55_template_98,1,48c2e542af6e90eb659e05a0a44058e8737b2f714686fea1c5013909053ebd7a
55/98_original_98.png_cf8c437f-46f1-4720-b5dd-f58b1b0a7f35.png,filling_station,train,55,Filling station,98,dataset_a_55_template_98,1,25feae5fe33678329bf27c020700cee114fdf596d77d2cfd9cecc0a52eeba504
55/98_original_98.png_d36f36b6-89ca-496e-8c42-506f7578fc20.png,filling_station,train,55,Filling station,98,dataset_a_55_template_98,1,04e607701420641a4881c6776d496ed38c645ce53b8873b9b58180e833da0425
55/98_original_98.png_d5574538-1368-45b9-900e-f00eede0b27d.png,filling_station,train,55,Filling station,98,dataset_a_55_template_98,1,312a564c123dac7dbe7477f0a0705d39364b3cb992cd69d03a1c3ba030a6ecbe
55/98_original_98.png_d64db3ab-4b0f-489a-821f-bccdedcfd332.png,filling_station,train,55,Filling station,98,dataset_a_55_template_98,1,35ea5492b850e2d5a141c03ff2141433f084a097661b6e93ccc595bb6eca95cb
55/98_original_98.png_d7e457d0-44ca-463f-9ed7-f8862806321b.png,filling_station,train,55,Filling station,98,dataset_a_55_template_98,1,617a865d8936f2ce96ca3071a80d1eaec15f69b8757e2ddfa7d696d0f21dc20f
55/98_original_98.png_da34c287-7743-4130-a94d-247842267fb7.png,filling_station,train,55,Filling station,98,dataset_a_55_template_98,1,d6dcbda5b575c5d062e64a8862ea7739b479c340d5d4b0c42d62c2e2f6bdffef
55/98_original_98.png_ddc71280-8ad3-4740-b357-43894c05fb8a.png,filling_station,train,55,Filling station,98,dataset_a_55_template_98,1,9106904677ba11980806f990d0d49e3bc4565a7b4312f7a435881ee3d117e38d
55/98_original_98.png_decbc065-0d1d-40ad-82b4-0755b397d4c3.png,filling_station,train,55,Filling station,98,dataset_a_55_template_98,1,3e4b2389c2742f01a0e4c2019ed53045a4d4254e731efb203f8223a4d83b3076
55/98_original_98.png_e94459db-07bf-458f-b9f8-ccc9901d23c8.png,filling_station,train,55,Filling station,98,dataset_a_55_template_98,1,30cc6615bbf05bda6afbf7d0f60ec35ac0e915675fafdefcef8dfbc70df7f07e
55/98_original_98.png_ec51b7de-2b73-4fd4-9690-809ce380dbc0.png,filling_station,train,55,Filling station,98,dataset_a_55_template_98,1,eb252f9e6ab7137f1e731a634ff7481dcc5b963c328da750d334bf157eb27500
55/98_original_98.png_ec5cbce7-a069-4b68-b3ce-5bbb3992fa62.png,filling_station,train,55,Filling station,98,dataset_a_55_template_98,1,523e4a34a9b5dea7e509cbb177245150f70dc749ee3a580e1908d8f8771e130b
55/98_original_98.png_ec95b022-7604-49ea-991e-ed52d94a4e79.png,filling_station,train,55,Filling station,98,dataset_a_55_template_98,1,a5e6821a92d13afcc61c5168f3dafcd94f6a7ee1863577e8c89a1770d8d55788
55/98_original_98.png_ed7cda37-06d5-4db1-95fe-1c3c63e6bfc9.png,filling_station,train,55,Filling station,98,dataset_a_55_template_98,1,37e2731b8224883ed4f17bc0083d0a0f0e9c07ed7b986ed158a65e5d5159751b
55/98_original_98.png_f0ad23ef-270d-4b0f-95d2-014c2473b581.png,filling_station,train,55,Filling station,98,dataset_a_55_template_98,1,ccddaa7f4701ae71097891add92e7cf1b20b63ebd299f85c02f1c66364b37c7b
55/98_original_98.png_f1971915-c96c-4538-9252-5da878b6c48c.png,filling_station,train,55,Filling station,98,dataset_a_55_template_98,1,33055a5f3b7f21c69d3ae7292edf7ade7ffea1bc1b7fddedb7ebe6a5130c7b2f
55/98_original_98.png_f1dad6c1-3aba-404b-ad13-b78eb7886bfa.png,filling_station,train,55,Filling station,98,dataset_a_55_template_98,1,c1d082234c249fa145af3cf98813ffd0d94668e06249e62460ad5568861ad67a
55/98_original_98.png_f3fb9a0b-70c8-4e87-8aa7-ac4d82b7c250.png,filling_station,train,55,Filling station,98,dataset_a_55_template_98,1,67d1b27eb74a559ba6f653f6197bb331ca26fe8f59714756bf60e29a6743188b
55/98_original_98.png_fa4a88a6-8287-480f-b10f-815211d18312.png,filling_station,train,55,Filling station,98,dataset_a_55_template_98,1,60adf4cc85af118269fb24c0f7cff4da93db7f11ca2314046b8eb7a59bd51d47
55/98_original_98.png_fb942702-9a3e-45ce-ac4e-c31fa8edb748.png,filling_station,train,55,Filling station,98,dataset_a_55_template_98,1,af8fdf4c1a5e34ec118caa3a30c69a7fab672da82725f1e22489521a0d7d950b
55/98_original_98.png_fc83f9d3-3f05-4c89-b9cc-d87c92492cc4.png,filling_station,train,55,Filling station,98,dataset_a_55_template_98,1,37e2731b8224883ed4f17bc0083d0a0f0e9c07ed7b986ed158a65e5d5159751b
55/98_original_98.png_ff448442-0dcf-4528-afac-87bfee4583eb.png,filling_station,train,55,Filling station,98,dataset_a_55_template_98,1,fc874528e039b82a6750585d30912777522214f48edf9f1ecbf5c47e82d78642
