image_path,class_name,hf_class_name,split,source,source_licence,maps_to_base_class,difference_hash,width,height,file_bytes
COMPULSARY_AHEAD/06042.jpg,,COMPULSARY_AHEAD,train,huggingface_kannanwisen_indian_traffic_sign_classification,CC-BY-4.0 (declared; no author or source named upstream),no,70ecce8f2dccec68,50,50,2790
COMPULSARY_AHEAD/06043.jpg,,COMPULSARY_AHEAD,train,huggingface_kannanwisen_indian_traffic_sign_classification,CC-BY-4.0 (declared; no author or source named upstream),no,73e8cc8eafcccded,50,50,3156
COMPULSARY_AHEAD/06045.jpg,,COMPULSARY_AHEAD,train,huggingface_kannanwisen_indian_traffic_sign_classification,CC-BY-4.0 (declared; no author or source named upstream),no,9f2d4e86ed4c2587,50,50,3616
COMPULSARY_AHEAD/06047.jpg,,COMPULSARY_AHEAD,train,huggingface_kannanwisen_indian_traffic_sign_classification,CC-BY-4.0 (declared; no author or source named upstream),no,2d0f0f0f2b0b0f0d,50,50,3444
COMPULSARY_AHEAD/06049.jpg,,COMPULSARY_AHEAD,train,huggingface_kannanwisen_indian_traffic_sign_classification,CC-BY-4.0 (declared; no author or source named upstream),no,4d0f0f0f2b0b0b0f,50,50,3474
COMPULSARY_AHEAD/06050.jpg,,COMPULSARY_AHEAD,train,huggingface_kannanwisen_indian_traffic_sign_classification,CC-BY-4.0 (declared; no author or source named upstream),no,19960f0f0a0c260e,50,50,3126
COMPULSARY_AHEAD/06051.jpg,,COMPULSARY_AHEAD,train,huggingface_kannanwisen_indian_traffic_sign_classification,CC-BY-4.0 (declared; no author or source named upstream),no,4c0f0d0d2d2d0f07,50,50,3520
COMPULSARY_AHEAD_OR_TURN_LEFT/07006.jpg,,COMPULSARY_AHEAD_OR_TURN_LEFT,train,huggingface_kannanwisen_indian_traffic_sign_classification,CC-BY-4.0 (declared; no author or source named upstream),no,1765c686b696f7ef,50,50,3674
COMPULSARY_AHEAD_OR_TURN_RIGHT/08000.jpg,,COMPULSARY_AHEAD_OR_TURN_RIGHT,train,huggingface_kannanwisen_indian_traffic_sign_classification,CC-BY-4.0 (declared; no author or source named upstream),no,70ccdeab8bcacc73,50,50,3152
COMPULSARY_AHEAD_OR_TURN_RIGHT/08001.jpg,,COMPULSARY_AHEAD_OR_TURN_RIGHT,train,huggingface_kannanwisen_indian_traffic_sign_classification,CC-BY-4.0 (declared; no author or source named upstream),no,73599c9a8bdad9bf,50,50,3016
COMPULSARY_AHEAD_OR_TURN_RIGHT/08002.jpg,,COMPULSARY_AHEAD_OR_TURN_RIGHT,train,huggingface_kannanwisen_indian_traffic_sign_classification,CC-BY-4.0 (declared; no author or source named upstream),no,1e0b5d9b4b4b499b,50,50,2842
COMPULSARY_AHEAD_OR_TURN_RIGHT/08003.jpg,,COMPULSARY_AHEAD_OR_TURN_RIGHT,train,huggingface_kannanwisen_indian_traffic_sign_classification,CC-BY-4.0 (declared; no author or source named upstream),no,73cdcc9bcbcbc8f8,50,50,2956
COMPULSARY_AHEAD_OR_TURN_RIGHT/08004.jpg,,COMPULSARY_AHEAD_OR_TURN_RIGHT,train,huggingface_kannanwisen_indian_traffic_sign_classification,CC-BY-4.0 (declared; no author or source named upstream),no,90cccc8bcbcac891,50,50,2620
COMPULSARY_AHEAD_OR_TURN_RIGHT/08005.jpg,,COMPULSARY_AHEAD_OR_TURN_RIGHT,train,huggingface_kannanwisen_indian_traffic_sign_classification,CC-BY-4.0 (declared; no author or source named upstream),no,f0d89e9b8bcac80b,50,50,3342
COMPULSARY_AHEAD_OR_TURN_RIGHT/08006.jpg,,COMPULSARY_AHEAD_OR_TURN_RIGHT,train,huggingface_kannanwisen_indian_traffic_sign_classification,CC-BY-4.0 (declared; no author or source named upstream),no,8f1b1d1b4b4b0b9e,50,50,2722
COMPULSARY_AHEAD_OR_TURN_RIGHT/08007.jpg,,COMPULSARY_AHEAD_OR_TURN_RIGHT,train,huggingface_kannanwisen_indian_traffic_sign_classification,CC-BY-4.0 (declared; no author or source named upstream),no,061a1c1b034b1830,50,50,2586
COMPULSARY_AHEAD_OR_TURN_RIGHT/08008.jpg,,COMPULSARY_AHEAD_OR_TURN_RIGHT,train,huggingface_kannanwisen_indian_traffic_sign_classification,CC-BY-4.0 (declared; no author or source named upstream),no,0f39191e921b1b1f,50,50,3094
COMPULSARY_AHEAD_OR_TURN_RIGHT/08009.jpg,,COMPULSARY_AHEAD_OR_TURN_RIGHT,train,huggingface_kannanwisen_indian_traffic_sign_classification,CC-BY-4.0 (declared; no author or source named upstream),no,4e2f494a4a480907,50,50,3324
COMPULSARY_AHEAD_OR_TURN_RIGHT/08011.jpg,,COMPULSARY_AHEAD_OR_TURN_RIGHT,train,huggingface_kannanwisen_indian_traffic_sign_classification,CC-BY-4.0 (declared; no author or source named upstream),no,cf161add47599b06,50,50,3416
COMPULSARY_KEEP_LEFT/10000.jpg,,COMPULSARY_KEEP_LEFT,train,huggingface_kannanwisen_indian_traffic_sign_classification,CC-BY-4.0 (declared; no author or source named upstream),no,e2cc8aa33f9eccf1,50,50,3344
COMPULSARY_KEEP_LEFT/10001.jpg,,COMPULSARY_KEEP_LEFT,train,huggingface_kannanwisen_indian_traffic_sign_classification,CC-BY-4.0 (declared; no author or source named upstream),no,3379d2a6ad9e5d33,50,50,3672
COMPULSARY_KEEP_LEFT/10002.jpg,,COMPULSARY_KEEP_LEFT,train,huggingface_kannanwisen_indian_traffic_sign_classification,CC-BY-4.0 (declared; no author or source named upstream),no,377353a69e1c1d17,50,50,3116
COMPULSARY_KEEP_LEFT/10003.jpg,,COMPULSARY_KEEP_LEFT,train,huggingface_kannanwisen_indian_traffic_sign_classification,CC-BY-4.0 (declared; no author or source named upstream),no,e8f8f2a61d1d2386,50,50,2822
COMPULSARY_KEEP_LEFT/10004.jpg,,COMPULSARY_KEEP_LEFT,train,huggingface_kannanwisen_indian_traffic_sign_classification,CC-BY-4.0 (declared; no author or source named upstream),no,b171d2871f9ec4d3,50,50,2720
COMPULSARY_KEEP_LEFT/10005.jpg,,COMPULSARY_KEEP_LEFT,train,huggingface_kannanwisen_indian_traffic_sign_classification,CC-BY-4.0 (declared; no author or source named upstream),no,8e71c42b3f9c4d13,50,50,2292
COMPULSARY_KEEP_LEFT/10006.jpg,,COMPULSARY_KEEP_LEFT,train,huggingface_kannanwisen_indian_traffic_sign_classification,CC-BY-4.0 (declared; no author or source named upstream),no,adcab1edd99b670d,50,50,3182
COMPULSARY_KEEP_RIGHT/11108.jpg,,COMPULSARY_KEEP_RIGHT,train,huggingface_kannanwisen_indian_traffic_sign_classification,CC-BY-4.0 (declared; no author or source named upstream),no,133379c8e4e4f2e2,50,50,3160
COMPULSARY_KEEP_RIGHT/11109.jpg,,COMPULSARY_KEEP_RIGHT,train,huggingface_kannanwisen_indian_traffic_sign_classification,CC-BY-4.0 (declared; no author or source named upstream),no,433370d8ece4f2ea,50,50,3112
COMPULSARY_KEEP_RIGHT/11110.jpg,,COMPULSARY_KEEP_RIGHT,train,huggingface_kannanwisen_indian_traffic_sign_classification,CC-BY-4.0 (declared; no author or source named upstream),no,3371d8cce4e5714e,50,50,3330
COMPULSARY_KEEP_RIGHT/11111.jpg,,COMPULSARY_KEEP_RIGHT,train,huggingface_kannanwisen_indian_traffic_sign_classification,CC-BY-4.0 (declared; no author or source named upstream),no,9433f9cce4e57546,50,50,3298
COMPULSARY_KEEP_RIGHT/11112.jpg,,COMPULSARY_KEEP_RIGHT,train,huggingface_kannanwisen_indian_traffic_sign_classification,CC-BY-4.0 (declared; no author or source named upstream),no,7824144c2464b098,50,50,3608
COMPULSARY_KEEP_RIGHT/11113.jpg,,COMPULSARY_KEEP_RIGHT,train,huggingface_kannanwisen_indian_traffic_sign_classification,CC-BY-4.0 (declared; no author or source named upstream),no,9e1e9bcfa7a6f896,50,50,3476
COMPULSARY_KEEP_RIGHT/11114.jpg,,COMPULSARY_KEEP_RIGHT,train,huggingface_kannanwisen_indian_traffic_sign_classification,CC-BY-4.0 (declared; no author or source named upstream),no,8e141a4fa7e7138f,50,50,3474
COMPULSARY_KEEP_RIGHT/11116.jpg,,COMPULSARY_KEEP_RIGHT,train,huggingface_kannanwisen_indian_traffic_sign_classification,CC-BY-4.0 (declared; no author or source named upstream),no,65b158cea641c424,50,50,3118
COMPULSARY_KEEP_RIGHT/11117.jpg,,COMPULSARY_KEEP_RIGHT,train,huggingface_kannanwisen_indian_traffic_sign_classification,CC-BY-4.0 (declared; no author or source named upstream),no,5646961f27060f66,50,50,3036
COMPULSARY_KEEP_RIGHT/11118.jpg,,COMPULSARY_KEEP_RIGHT,train,huggingface_kannanwisen_indian_traffic_sign_classification,CC-BY-4.0 (declared; no author or source named upstream),no,8733594d65212b8d,50,50,3394
COMPULSARY_KEEP_RIGHT/11119.jpg,,COMPULSARY_KEEP_RIGHT,train,huggingface_kannanwisen_indian_traffic_sign_classification,CC-BY-4.0 (declared; no author or source named upstream),no,2733794d6765310f,50,50,3390
COMPULSARY_SOUND_HORN/13001.jpg,,COMPULSARY_SOUND_HORN,train,huggingface_kannanwisen_indian_traffic_sign_classification,CC-BY-4.0 (declared; no author or source named upstream),no,e58e3336068682ca,50,50,2422
COMPULSARY_SOUND_HORN/13002.jpg,,COMPULSARY_SOUND_HORN,train,huggingface_kannanwisen_indian_traffic_sign_classification,CC-BY-4.0 (declared; no author or source named upstream),no,aa863336070ea626,50,50,2660
COMPULSARY_SOUND_HORN/13003.jpg,,COMPULSARY_SOUND_HORN,train,huggingface_kannanwisen_indian_traffic_sign_classification,CC-BY-4.0 (declared; no author or source named upstream),no,1a923b16868f8e48,50,50,2802
COMPULSARY_SOUND_HORN/13004.jpg,,COMPULSARY_SOUND_HORN,train,huggingface_kannanwisen_indian_traffic_sign_classification,CC-BY-4.0 (declared; no author or source named upstream),no,e28e2337864f6323,50,50,2928
COMPULSARY_SOUND_HORN/13005.jpg,,COMPULSARY_SOUND_HORN,train,huggingface_kannanwisen_indian_traffic_sign_classification,CC-BY-4.0 (declared; no author or source named upstream),no,0271e8b4d4e8715a,50,50,2836
COMPULSARY_SOUND_HORN/13006.jpg,,COMPULSARY_SOUND_HORN,train,huggingface_kannanwisen_indian_traffic_sign_classification,CC-BY-4.0 (declared; no author or source named upstream),no,32f1ecb4d4e971d2,50,50,2842
COMPULSARY_SOUND_HORN/13007.jpg,,COMPULSARY_SOUND_HORN,train,huggingface_kannanwisen_indian_traffic_sign_classification,CC-BY-4.0 (declared; no author or source named upstream),no,0004a2978eaa10aa,50,50,3408
COMPULSARY_SOUND_HORN/13008.jpg,,COMPULSARY_SOUND_HORN,train,huggingface_kannanwisen_indian_traffic_sign_classification,CC-BY-4.0 (declared; no author or source named upstream),no,7ffea19796ed9281,50,50,2904
COMPULSARY_SOUND_HORN/13009.jpg,,COMPULSARY_SOUND_HORN,train,huggingface_kannanwisen_indian_traffic_sign_classification,CC-BY-4.0 (declared; no author or source named upstream),no,0086b39786ed13d5,50,50,2796
COMPULSARY_SOUND_HORN/13010.jpg,,COMPULSARY_SOUND_HORN,train,huggingface_kannanwisen_indian_traffic_sign_classification,CC-BY-4.0 (declared; no author or source named upstream),no,00c0b89e87b54a94,50,50,2728
COMPULSARY_SOUND_HORN/13011.jpg,,COMPULSARY_SOUND_HORN,train,huggingface_kannanwisen_indian_traffic_sign_classification,CC-BY-4.0 (declared; no author or source named upstream),no,6704a2bd97ce12ad,50,50,3350
COMPULSARY_TURN_LEFT/14000.jpg,,COMPULSARY_TURN_LEFT,train,huggingface_kannanwisen_indian_traffic_sign_classification,CC-BY-4.0 (declared; no author or source named upstream),no,a3384e57c372339b,50,50,3300
COMPULSARY_TURN_LEFT/14001.jpg,,COMPULSARY_TURN_LEFT,train,huggingface_kannanwisen_indian_traffic_sign_classification,CC-BY-4.0 (declared; no author or source named upstream),no,1d191d8727462717,50,50,3142
COMPULSARY_TURN_LEFT/14002.jpg,,COMPULSARY_TURN_LEFT,train,huggingface_kannanwisen_indian_traffic_sign_classification,CC-BY-4.0 (declared; no author or source named upstream),no,0e1b1914d6462797,50,50,3020
COMPULSARY_TURN_LEFT/14003.jpg,,COMPULSARY_TURN_LEFT,train,huggingface_kannanwisen_indian_traffic_sign_classification,CC-BY-4.0 (declared; no author or source named upstream),no,75d9999f93b3c2f0,50,50,2984
COMPULSARY_TURN_LEFT/14004.jpg,,COMPULSARY_TURN_LEFT,train,huggingface_kannanwisen_indian_traffic_sign_classification,CC-BY-4.0 (declared; no author or source named upstream),no,34d89cb697c66433,50,50,2976
COMPULSARY_TURN_LEFT/14005.jpg,,COMPULSARY_TURN_LEFT,train,huggingface_kannanwisen_indian_traffic_sign_classification,CC-BY-4.0 (declared; no author or source named upstream),no,99d89cbf13d2d670,50,50,2724
COMPULSARY_TURN_LEFT/14006.jpg,,COMPULSARY_TURN_LEFT,train,huggingface_kannanwisen_indian_traffic_sign_classification,CC-BY-4.0 (declared; no author or source named upstream),no,1c509cbe96c6f060,50,50,2548
COMPULSARY_TURN_LEFT/14007.jpg,,COMPULSARY_TURN_LEFT,train,huggingface_kannanwisen_indian_traffic_sign_classification,CC-BY-4.0 (declared; no author or source named upstream),no,17599c9e16c66526,50,50,3168
COMPULSARY_TURN_LEFT/14008.jpg,,COMPULSARY_TURN_LEFT,train,huggingface_kannanwisen_indian_traffic_sign_classification,CC-BY-4.0 (declared; no author or source named upstream),no,71f89ebe17a6c4f0,50,50,3134
COMPULSARY_TURN_LEFT/14009.jpg,,COMPULSARY_TURN_LEFT,train,huggingface_kannanwisen_indian_traffic_sign_classification,CC-BY-4.0 (declared; no author or source named upstream),no,71d89c9696d6e471,50,50,3042
COMPULSARY_TURN_LEFT/14011.jpg,,COMPULSARY_TURN_LEFT,train,huggingface_kannanwisen_indian_traffic_sign_classification,CC-BY-4.0 (declared; no author or source named upstream),no,171b1c1e9646770f,50,50,3382
CROSS_ROAD/18000.jpg,,CROSS_ROAD,train,huggingface_kannanwisen_indian_traffic_sign_classification,CC-BY-4.0 (declared; no author or source named upstream),no,33a9c90d32336b97,50,50,3678
CROSS_ROAD/18001.jpg,,CROSS_ROAD,train,huggingface_kannanwisen_indian_traffic_sign_classification,CC-BY-4.0 (declared; no author or source named upstream),no,3898888815362bcd,50,50,3696
CROSS_ROAD/18014.jpg,,CROSS_ROAD,train,huggingface_kannanwisen_indian_traffic_sign_classification,CC-BY-4.0 (declared; no author or source named upstream),no,12b26a68d6b2aad0,50,50,3308
CYCLE_CROSSING/19000.jpg,,CYCLE_CROSSING,train,huggingface_kannanwisen_indian_traffic_sign_classification,CC-BY-4.0 (declared; no author or source named upstream),no,2e53b3696d4401ff,50,50,2532
CYCLE_CROSSING/19001.jpg,,CYCLE_CROSSING,train,huggingface_kannanwisen_indian_traffic_sign_classification,CC-BY-4.0 (declared; no author or source named upstream),no,c833b3696ddc4003,50,50,2610
CYCLE_CROSSING/19002.jpg,,CYCLE_CROSSING,train,huggingface_kannanwisen_indian_traffic_sign_classification,CC-BY-4.0 (declared; no author or source named upstream),no,ef1233a96d584293,50,50,2662
CYCLE_CROSSING/19003.jpg,,CYCLE_CROSSING,train,huggingface_kannanwisen_indian_traffic_sign_classification,CC-BY-4.0 (declared; no author or source named upstream),no,0c31b369c9dc4013,50,50,2494
CYCLE_CROSSING/19004.jpg,,CYCLE_CROSSING,train,huggingface_kannanwisen_indian_traffic_sign_classification,CC-BY-4.0 (declared; no author or source named upstream),no,0832b36969dcccb3,50,50,2668
CYCLE_CROSSING/19005.jpg,,CYCLE_CROSSING,train,huggingface_kannanwisen_indian_traffic_sign_classification,CC-BY-4.0 (declared; no author or source named upstream),no,ef1333696d5c50ab,50,50,2634
CYCLE_CROSSING/19006.jpg,,CYCLE_CROSSING,train,huggingface_kannanwisen_indian_traffic_sign_classification,CC-BY-4.0 (declared; no author or source named upstream),no,ffd53333695d4403,50,50,2710
CYCLE_CROSSING/19007.jpg,,CYCLE_CROSSING,train,huggingface_kannanwisen_indian_traffic_sign_classification,CC-BY-4.0 (declared; no author or source named upstream),no,08b5b36b69544003,50,50,2444
CYCLE_CROSSING/19008.jpg,,CYCLE_CROSSING,train,huggingface_kannanwisen_indian_traffic_sign_classification,CC-BY-4.0 (declared; no author or source named upstream),no,2c52b3b96974408b,50,50,2448
CYCLE_CROSSING/19010.jpg,,CYCLE_CROSSING,train,huggingface_kannanwisen_indian_traffic_sign_classification,CC-BY-4.0 (declared; no author or source named upstream),no,6d52b3696cdcc001,50,50,2342
CYCLE_CROSSING/19011.jpg,,CYCLE_CROSSING,train,huggingface_kannanwisen_indian_traffic_sign_classification,CC-BY-4.0 (declared; no author or source named upstream),no,0932b369c9d4c033,50,50,2338
DIRECTION/22000.jpg,,DIRECTION,train,huggingface_kannanwisen_indian_traffic_sign_classification,CC-BY-4.0 (declared; no author or source named upstream),no,096371381d392106,50,50,3132
GAP_IN_MEDIAN/25000.jpg,gap_in_median,GAP_IN_MEDIAN,train,huggingface_kannanwisen_indian_traffic_sign_classification,CC-BY-4.0 (declared; no author or source named upstream),yes,5308cc1617333359,50,50,3708
GAP_IN_MEDIAN/25002.jpg,gap_in_median,GAP_IN_MEDIAN,train,huggingface_kannanwisen_indian_traffic_sign_classification,CC-BY-4.0 (declared; no author or source named upstream),yes,b3336971d7b3b3d3,50,50,3328
GAP_IN_MEDIAN/25004.jpg,gap_in_median,GAP_IN_MEDIAN,train,huggingface_kannanwisen_indian_traffic_sign_classification,CC-BY-4.0 (declared; no author or source named upstream),yes,b9b2726b5d97b6cb,50,50,3022
GAP_IN_MEDIAN/25006.jpg,gap_in_median,GAP_IN_MEDIAN,train,huggingface_kannanwisen_indian_traffic_sign_classification,CC-BY-4.0 (declared; no author or source named upstream),yes,b2b26960d692b2d1,50,50,3336
GAP_IN_MEDIAN/25009.jpg,gap_in_median,GAP_IN_MEDIAN,train,huggingface_kannanwisen_indian_traffic_sign_classification,CC-BY-4.0 (declared; no author or source named upstream),yes,484b4c4f1717336d,50,50,3152
GIVE_WAY/26000.jpg,give_way,GIVE_WAY,train,huggingface_kannanwisen_indian_traffic_sign_classification,CC-BY-4.0 (declared; no author or source named upstream),yes,fe8296d4ed69f3f3,50,50,3254
GIVE_WAY/26001.jpg,give_way,GIVE_WAY,train,huggingface_kannanwisen_indian_traffic_sign_classification,CC-BY-4.0 (declared; no author or source named upstream),yes,ecba96170d8b7666,50,50,2944
GIVE_WAY/26002.jpg,give_way,GIVE_WAY,train,huggingface_kannanwisen_indian_traffic_sign_classification,CC-BY-4.0 (declared; no author or source named upstream),yes,9233923b0f4c6830,50,50,2254
GIVE_WAY/26003.jpg,give_way,GIVE_WAY,train,huggingface_kannanwisen_indian_traffic_sign_classification,CC-BY-4.0 (declared; no author or source named upstream),yes,cc1307070d8e0e4e,50,50,3414
GIVE_WAY/26004.jpg,give_way,GIVE_WAY,train,huggingface_kannanwisen_indian_traffic_sign_classification,CC-BY-4.0 (declared; no author or source named upstream),yes,cd8393872fcecdcd,50,50,2720
GIVE_WAY/26005.jpg,give_way,GIVE_WAY,train,huggingface_kannanwisen_indian_traffic_sign_classification,CC-BY-4.0 (declared; no author or source named upstream),yes,c28206042c8ece2d,50,50,3508
GIVE_WAY/26006.jpg,give_way,GIVE_WAY,train,huggingface_kannanwisen_indian_traffic_sign_classification,CC-BY-4.0 (declared; no author or source named upstream),yes,6c11272313060e0f,50,50,3266
GIVE_WAY/26007.jpg,give_way,GIVE_WAY,train,huggingface_kannanwisen_indian_traffic_sign_classification,CC-BY-4.0 (declared; no author or source named upstream),yes,4e3b03050f860e6f,50,50,3252
GIVE_WAY/26008.jpg,give_way,GIVE_WAY,train,huggingface_kannanwisen_indian_traffic_sign_classification,CC-BY-4.0 (declared; no author or source named upstream),yes,3cbb83974feffbdb,50,50,2550
GIVE_WAY/26009.jpg,give_way,GIVE_WAY,train,huggingface_kannanwisen_indian_traffic_sign_classification,CC-BY-4.0 (declared; no author or source named upstream),yes,010307070fcece86,50,50,3144
GIVE_WAY/26010.jpg,give_way,GIVE_WAY,train,huggingface_kannanwisen_indian_traffic_sign_classification,CC-BY-4.0 (declared; no author or source named upstream),yes,e08397060da93133,50,50,3784
GIVE_WAY/26012.jpg,give_way,GIVE_WAY,train,huggingface_kannanwisen_indian_traffic_sign_classification,CC-BY-4.0 (declared; no author or source named upstream),yes,f6a296d44c683010,50,50,2508
GIVE_WAY/26013.jpg,give_way,GIVE_WAY,train,huggingface_kannanwisen_indian_traffic_sign_classification,CC-BY-4.0 (declared; no author or source named upstream),yes,743a17070f8e0e4e,50,50,2204
GIVE_WAY/26014.jpg,give_way,GIVE_WAY,train,huggingface_kannanwisen_indian_traffic_sign_classification,CC-BY-4.0 (declared; no author or source named upstream),yes,c80317070f8e070d,50,50,2420
GIVE_WAY/26015.jpg,give_way,GIVE_WAY,train,huggingface_kannanwisen_indian_traffic_sign_classification,CC-BY-4.0 (declared; no author or source named upstream),yes,488316060d0c4c4c,50,50,2354
HORN_PROHIBITED/30000.jpg,,HORN_PROHIBITED,train,huggingface_kannanwisen_indian_traffic_sign_classification,CC-BY-4.0 (declared; no author or source named upstream),no,8b8f27233b1e8ec8,50,50,3970
HORN_PROHIBITED/30004.jpg,,HORN_PROHIBITED,train,huggingface_kannanwisen_indian_traffic_sign_classification,CC-BY-4.0 (declared; no author or source named upstream),no,8a8e06223a1e8eca,50,50,3870
HORN_PROHIBITED/30005.jpg,,HORN_PROHIBITED,train,huggingface_kannanwisen_indian_traffic_sign_classification,CC-BY-4.0 (declared; no author or source named upstream),no,8e8f27233b1f8f4c,50,50,3880
HORN_PROHIBITED/30008.jpg,,HORN_PROHIBITED,train,huggingface_kannanwisen_indian_traffic_sign_classification,CC-BY-4.0 (declared; no author or source named upstream),no,1a0e0e222a1f0ed1,50,50,3774
HORN_PROHIBITED/30009.jpg,,HORN_PROHIBITED,train,huggingface_kannanwisen_indian_traffic_sign_classification,CC-BY-4.0 (declared; no author or source named upstream),no,4b8c06223b0e8fc9,50,50,3590
HORN_PROHIBITED/30012.jpg,,HORN_PROHIBITED,train,huggingface_kannanwisen_indian_traffic_sign_classification,CC-BY-4.0 (declared; no author or source named upstream),no,060e0632321e8c08,50,50,3898
HORN_PROHIBITED/30013.jpg,,HORN_PROHIBITED,train,huggingface_kannanwisen_indian_traffic_sign_classification,CC-BY-4.0 (declared; no author or source named upstream),no,0e0f8ea2ba9e8cb1,50,50,3554
HORN_PROHIBITED/30016.jpg,,HORN_PROHIBITED,train,huggingface_kannanwisen_indian_traffic_sign_classification,CC-BY-4.0 (declared; no author or source named upstream),no,0e8f06221a5eccd1,50,50,3546
HORN_PROHIBITED/30017.jpg,,HORN_PROHIBITED,train,huggingface_kannanwisen_indian_traffic_sign_classification,CC-BY-4.0 (declared; no author or source named upstream),no,f88cce66339e8cec,50,50,3488
HORN_PROHIBITED/30020.jpg,,HORN_PROHIBITED,train,huggingface_kannanwisen_indian_traffic_sign_classification,CC-BY-4.0 (declared; no author or source named upstream),no,9c0e4f63339f8ee4,50,50,3476
HORN_PROHIBITED/30021.jpg,,HORN_PROHIBITED,train,huggingface_kannanwisen_indian_traffic_sign_classification,CC-BY-4.0 (declared; no author or source named upstream),no,590c4e26331e4d74,50,50,3330
HORN_PROHIBITED/30024.jpg,,HORN_PROHIBITED,train,huggingface_kannanwisen_indian_traffic_sign_classification,CC-BY-4.0 (declared; no author or source named upstream),no,3679cce6920d2b33,50,50,3458
HORN_PROHIBITED/30025.jpg,,HORN_PROHIBITED,train,huggingface_kannanwisen_indian_traffic_sign_classification,CC-BY-4.0 (declared; no author or source named upstream),no,3368cca2ba0c4963,50,50,3656
HUMP_OR_ROUGH_ROAD/31000.jpg,road_hump,HUMP_OR_ROUGH_ROAD,train,huggingface_kannanwisen_indian_traffic_sign_classification,CC-BY-4.0 (declared; no author or source named upstream),yes,a46462c9cc9aaa98,50,50,2746
HUMP_OR_ROUGH_ROAD/31001.jpg,road_hump,HUMP_OR_ROUGH_ROAD,train,huggingface_kannanwisen_indian_traffic_sign_classification,CC-BY-4.0 (declared; no author or source named upstream),yes,5a1c8e0f0f1b2b05,50,50,2936
HUMP_OR_ROUGH_ROAD/31002.jpg,road_hump,HUMP_OR_ROUGH_ROAD,train,huggingface_kannanwisen_indian_traffic_sign_classification,CC-BY-4.0 (declared; no author or source named upstream),yes,4f8d8e0f172b2b56,50,50,3736
HUMP_OR_ROUGH_ROAD/31003.jpg,road_hump,HUMP_OR_ROUGH_ROAD,train,huggingface_kannanwisen_indian_traffic_sign_classification,CC-BY-4.0 (declared; no author or source named upstream),yes,cce64e0f1faa2b96,50,50,2808
HUMP_OR_ROUGH_ROAD/31004.jpg,road_hump,HUMP_OR_ROUGH_ROAD,train,huggingface_kannanwisen_indian_traffic_sign_classification,CC-BY-4.0 (declared; no author or source named upstream),yes,4a9d8e0b0f0b2a8d,50,50,2660
HUMP_OR_ROUGH_ROAD/31005.jpg,road_hump,HUMP_OR_ROUGH_ROAD,train,huggingface_kannanwisen_indian_traffic_sign_classification,CC-BY-4.0 (declared; no author or source named upstream),yes,ca1f9e2f0f173307,50,50,2280
HUMP_OR_ROUGH_ROAD/31006.jpg,road_hump,HUMP_OR_ROUGH_ROAD,train,huggingface_kannanwisen_indian_traffic_sign_classification,CC-BY-4.0 (declared; no author or source named upstream),yes,bcb47cecccccba9e,50,50,2602
HUMP_OR_ROUGH_ROAD/31007.jpg,road_hump,HUMP_OR_ROUGH_ROAD,train,huggingface_kannanwisen_indian_traffic_sign_classification,CC-BY-4.0 (declared; no author or source named upstream),yes,4d4d8e0f0f1b3b4d,50,50,3194
HUMP_OR_ROUGH_ROAD/31008.jpg,road_hump,HUMP_OR_ROUGH_ROAD,train,huggingface_kannanwisen_indian_traffic_sign_classification,CC-BY-4.0 (declared; no author or source named upstream),yes,894d8e0f1f3f3b7f,50,50,3110
HUMP_OR_ROUGH_ROAD/31009.jpg,road_hump,HUMP_OR_ROUGH_ROAD,train,huggingface_kannanwisen_indian_traffic_sign_classification,CC-BY-4.0 (declared; no author or source named upstream),yes,3919c90d152e2a16,50,50,3034
HUMP_OR_ROUGH_ROAD/31011.jpg,road_hump,HUMP_OR_ROUGH_ROAD,train,huggingface_kannanwisen_indian_traffic_sign_classification,CC-BY-4.0 (declared; no author or source named upstream),yes,8fcdce0f0f9b335d,50,50,2520
LEFT_HAND_CURVE/33000.jpg,left_curve_ahead,LEFT_HAND_CURVE,train,huggingface_kannanwisen_indian_traffic_sign_classification,CC-BY-4.0 (declared; no author or source named upstream),yes,b433624a22280d03,50,50,3436
LEFT_HAND_CURVE/33004.jpg,left_curve_ahead,LEFT_HAND_CURVE,train,huggingface_kannanwisen_indian_traffic_sign_classification,CC-BY-4.0 (declared; no author or source named upstream),yes,74a687131b1d2509,50,50,3822
LEFT_HAND_CURVE/33008.jpg,left_curve_ahead,LEFT_HAND_CURVE,train,huggingface_kannanwisen_indian_traffic_sign_classification,CC-BY-4.0 (declared; no author or source named upstream),yes,c8888b951c0d2f96,50,50,3986
LEFT_REVERSE_BEND/34000.jpg,,LEFT_REVERSE_BEND,train,huggingface_kannanwisen_indian_traffic_sign_classification,CC-BY-4.0 (declared; no author or source named upstream),no,a9f3f26c775a9bb3,50,50,3294
LEFT_REVERSE_BEND/34004.jpg,,LEFT_REVERSE_BEND,train,huggingface_kannanwisen_indian_traffic_sign_classification,CC-BY-4.0 (declared; no author or source named upstream),no,0c4d8e0f171b0b4d,50,50,3054
LEFT_TURN_PROHIBITED/35000.jpg,,LEFT_TURN_PROHIBITED,train,huggingface_kannanwisen_indian_traffic_sign_classification,CC-BY-4.0 (declared; no author or source named upstream),no,b0ece4b29ad8cc96,50,50,3084
LEFT_TURN_PROHIBITED/35004.jpg,,LEFT_TURN_PROHIBITED,train,huggingface_kannanwisen_indian_traffic_sign_classification,CC-BY-4.0 (declared; no author or source named upstream),no,b0cce6a29a98cc92,50,50,3212
LEFT_TURN_PROHIBITED/35008.jpg,,LEFT_TURN_PROHIBITED,train,huggingface_kannanwisen_indian_traffic_sign_classification,CC-BY-4.0 (declared; no author or source named upstream),no,f3f1e4a0b8d8c9c1,50,50,3168
LEFT_TURN_PROHIBITED/35012.jpg,,LEFT_TURN_PROHIBITED,train,huggingface_kannanwisen_indian_traffic_sign_classification,CC-BY-4.0 (declared; no author or source named upstream),no,3178c4e2d8cc71b2,50,50,2934
LEFT_TURN_PROHIBITED/35016.jpg,,LEFT_TURN_PROHIBITED,train,huggingface_kannanwisen_indian_traffic_sign_classification,CC-BY-4.0 (declared; no author or source named upstream),no,920e27321b4c6c32,50,50,3792
LEFT_TURN_PROHIBITED/35020.jpg,,LEFT_TURN_PROHIBITED,train,huggingface_kannanwisen_indian_traffic_sign_classification,CC-BY-4.0 (declared; no author or source named upstream),no,d3ce86331b8e0dcf,50,50,3642
LEFT_TURN_PROHIBITED/35024.jpg,,LEFT_TURN_PROHIBITED,train,huggingface_kannanwisen_indian_traffic_sign_classification,CC-BY-4.0 (declared; no author or source named upstream),no,c68c87331b8e8d8f,50,50,3750
LEFT_TURN_PROHIBITED/35028.jpg,,LEFT_TURN_PROHIBITED,train,huggingface_kannanwisen_indian_traffic_sign_classification,CC-BY-4.0 (declared; no author or source named upstream),no,33e0c4e2aa9aec71,50,50,3372
LEFT_TURN_PROHIBITED/35032.jpg,,LEFT_TURN_PROHIBITED,train,huggingface_kannanwisen_indian_traffic_sign_classification,CC-BY-4.0 (declared; no author or source named upstream),no,71ccc6436bba8ce1,50,50,3878
LEFT_TURN_PROHIBITED/35036.jpg,,LEFT_TURN_PROHIBITED,train,huggingface_kannanwisen_indian_traffic_sign_classification,CC-BY-4.0 (declared; no author or source named upstream),no,714c66622b1a0c31,50,50,3498
LEFT_TURN_PROHIBITED/35040.jpg,,LEFT_TURN_PROHIBITED,train,huggingface_kannanwisen_indian_traffic_sign_classification,CC-BY-4.0 (declared; no author or source named upstream),no,b165e7b199cd6193,50,50,3476
LEFT_TURN_PROHIBITED/35044.jpg,,LEFT_TURN_PROHIBITED,train,huggingface_kannanwisen_indian_traffic_sign_classification,CC-BY-4.0 (declared; no author or source named upstream),no,b371e5f39bcd713b,50,50,3550
LEFT_TURN_PROHIBITED/35048.jpg,,LEFT_TURN_PROHIBITED,train,huggingface_kannanwisen_indian_traffic_sign_classification,CC-BY-4.0 (declared; no author or source named upstream),no,324dc6632b9bcc71,50,50,3632
LEFT_TURN_PROHIBITED/35060.jpg,,LEFT_TURN_PROHIBITED,train,huggingface_kannanwisen_indian_traffic_sign_classification,CC-BY-4.0 (declared; no author or source named upstream),no,b1cce2ab3b9acc60,50,50,3442
LEFT_TURN_PROHIBITED/35064.jpg,,LEFT_TURN_PROHIBITED,train,huggingface_kannanwisen_indian_traffic_sign_classification,CC-BY-4.0 (declared; no author or source named upstream),no,c38c87231b0e8d0f,50,50,3788
LEFT_TURN_PROHIBITED/35076.jpg,,LEFT_TURN_PROHIBITED,train,huggingface_kannanwisen_indian_traffic_sign_classification,CC-BY-4.0 (declared; no author or source named upstream),no,cb8e87233b0f0f0d,50,50,3832
LEFT_TURN_PROHIBITED/35080.jpg,,LEFT_TURN_PROHIBITED,train,huggingface_kannanwisen_indian_traffic_sign_classification,CC-BY-4.0 (declared; no author or source named upstream),no,b0cce6a2ba9accb2,50,50,3116
LEFT_TURN_PROHIBITED/35084.jpg,,LEFT_TURN_PROHIBITED,train,huggingface_kannanwisen_indian_traffic_sign_classification,CC-BY-4.0 (declared; no author or source named upstream),no,f3e9a4b29accc9c1,50,50,3166
LEFT_TURN_PROHIBITED/35088.jpg,,LEFT_TURN_PROHIBITED,train,huggingface_kannanwisen_indian_traffic_sign_classification,CC-BY-4.0 (declared; no author or source named upstream),no,b378c4e2d8cc7133,50,50,3060
LEFT_TURN_PROHIBITED/35092.jpg,,LEFT_TURN_PROHIBITED,train,huggingface_kannanwisen_indian_traffic_sign_classification,CC-BY-4.0 (declared; no author or source named upstream),no,912e26331b4c6cb0,50,50,3770
MEN_AT_WORK/39000.jpg,,MEN_AT_WORK,train,huggingface_kannanwisen_indian_traffic_sign_classification,CC-BY-4.0 (declared; no author or source named upstream),no,6f868c2d17373d57,50,50,2828
MEN_AT_WORK/39004.jpg,,MEN_AT_WORK,train,huggingface_kannanwisen_indian_traffic_sign_classification,CC-BY-4.0 (declared; no author or source named upstream),no,1333296d55dc9af6,50,50,2440
MEN_AT_WORK/39008.jpg,,MEN_AT_WORK,train,huggingface_kannanwisen_indian_traffic_sign_classification,CC-BY-4.0 (declared; no author or source named upstream),no,93138b0f17161852,50,50,2874
MEN_AT_WORK/39012.jpg,,MEN_AT_WORK,train,huggingface_kannanwisen_indian_traffic_sign_classification,CC-BY-4.0 (declared; no author or source named upstream),no,9a8f9e0f273b3b2f,50,50,3240
MEN_AT_WORK/39016.jpg,,MEN_AT_WORK,train,huggingface_kannanwisen_indian_traffic_sign_classification,CC-BY-4.0 (declared; no author or source named upstream),no,b4b260e8d4d4baa4,50,50,2960
MEN_AT_WORK/39020.jpg,,MEN_AT_WORK,train,huggingface_kannanwisen_indian_traffic_sign_classification,CC-BY-4.0 (declared; no author or source named upstream),no,40c28a0f143c3a71,50,50,3282
MEN_AT_WORK/39024.jpg,,MEN_AT_WORK,train,huggingface_kannanwisen_indian_traffic_sign_classification,CC-BY-4.0 (declared; no author or source named upstream),no,3332b3a8d4f4b8d2,50,50,2966
MEN_AT_WORK/39028.jpg,,MEN_AT_WORK,train,huggingface_kannanwisen_indian_traffic_sign_classification,CC-BY-4.0 (declared; no author or source named upstream),no,6632222b47e4b882,50,50,3014
MEN_AT_WORK/39032.jpg,,MEN_AT_WORK,train,huggingface_kannanwisen_indian_traffic_sign_classification,CC-BY-4.0 (declared; no author or source named upstream),no,5517cc0f173739b6,50,50,2694
MEN_AT_WORK/39040.jpg,,MEN_AT_WORK,train,huggingface_kannanwisen_indian_traffic_sign_classification,CC-BY-4.0 (declared; no author or source named upstream),no,9710898dd7a63892,50,50,3578
MEN_AT_WORK/39044.jpg,,MEN_AT_WORK,train,huggingface_kannanwisen_indian_traffic_sign_classification,CC-BY-4.0 (declared; no author or source named upstream),no,2cc5ce0f173f1a40,50,50,2676
MEN_AT_WORK/39048.jpg,,MEN_AT_WORK,train,huggingface_kannanwisen_indian_traffic_sign_classification,CC-BY-4.0 (declared; no author or source named upstream),no,c94c8e0f07070906,50,50,3264
MEN_AT_WORK/39052.jpg,,MEN_AT_WORK,train,huggingface_kannanwisen_indian_traffic_sign_classification,CC-BY-4.0 (declared; no author or source named upstream),no,0a9d8f0f371f192f,50,50,3062
MEN_AT_WORK/39056.jpg,,MEN_AT_WORK,train,huggingface_kannanwisen_indian_traffic_sign_classification,CC-BY-4.0 (declared; no author or source named upstream),no,4c364e0f37273b32,50,50,2978
MEN_AT_WORK/39060.jpg,,MEN_AT_WORK,train,huggingface_kannanwisen_indian_traffic_sign_classification,CC-BY-4.0 (declared; no author or source named upstream),no,ffaa4d86bb3928d4,50,50,2504
MEN_AT_WORK/39064.jpg,,MEN_AT_WORK,train,huggingface_kannanwisen_indian_traffic_sign_classification,CC-BY-4.0 (declared; no author or source named upstream),no,0d90ad44969b2054,50,50,2374
NARROW_BRIDGE/40000.jpg,,NARROW_BRIDGE,train,huggingface_kannanwisen_indian_traffic_sign_classification,CC-BY-4.0 (declared; no author or source named upstream),no,93f3e94d17330ffc,50,50,3196
NARROW_ROAD_AHEAD/41000.jpg,,NARROW_ROAD_AHEAD,train,huggingface_kannanwisen_indian_traffic_sign_classification,CC-BY-4.0 (declared; no author or source named upstream),no,4c144e2f1712130a,50,50,2484
NARROW_ROAD_AHEAD/41004.jpg,,NARROW_ROAD_AHEAD,train,huggingface_kannanwisen_indian_traffic_sign_classification,CC-BY-4.0 (declared; no author or source named upstream),no,9793ac0f17923b0b,50,50,2562
NO_ENTRY/42000.jpg,no_entry,NO_ENTRY,train,huggingface_kannanwisen_indian_traffic_sign_classification,CC-BY-4.0 (declared; no author or source named upstream),yes,67f9d4a1af94cc72,50,50,2872
NO_ENTRY/42004.jpg,no_entry,NO_ENTRY,train,huggingface_kannanwisen_indian_traffic_sign_classification,CC-BY-4.0 (declared; no author or source named upstream),yes,0f33794463593b17,50,50,2774
NO_ENTRY/42008.jpg,no_entry,NO_ENTRY,train,huggingface_kannanwisen_indian_traffic_sign_classification,CC-BY-4.0 (declared; no author or source named upstream),yes,9f73d43f01c4cdcf,50,50,2668
NO_ENTRY/42012.jpg,no_entry,NO_ENTRY,train,huggingface_kannanwisen_indian_traffic_sign_classification,CC-BY-4.0 (declared; no author or source named upstream),yes,0f31cc2b2bcc7107,50,50,2504
NO_ENTRY/42016.jpg,no_entry,NO_ENTRY,train,huggingface_kannanwisen_indian_traffic_sign_classification,CC-BY-4.0 (declared; no author or source named upstream),yes,6c61c4252a443103,50,50,3242
NO_ENTRY/42020.jpg,no_entry,NO_ENTRY,train,huggingface_kannanwisen_indian_traffic_sign_classification,CC-BY-4.0 (declared; no author or source named upstream),yes,0633442b2bd45906,50,50,2476
NO_ENTRY/42024.jpg,no_entry,NO_ENTRY,train,huggingface_kannanwisen_indian_traffic_sign_classification,CC-BY-4.0 (declared; no author or source named upstream),yes,871361022f793307,50,50,2486
NO_ENTRY/42028.jpg,no_entry,NO_ENTRY,train,huggingface_kannanwisen_indian_traffic_sign_classification,CC-BY-4.0 (declared; no author or source named upstream),yes,3160c6c5eed46936,50,50,3252
NO_ENTRY/42032.jpg,no_entry,NO_ENTRY,train,huggingface_kannanwisen_indian_traffic_sign_classification,CC-BY-4.0 (declared; no author or source named upstream),yes,0e70dc222bc46036,50,50,2650
NO_ENTRY/42036.jpg,no_entry,NO_ENTRY,train,huggingface_kannanwisen_indian_traffic_sign_classification,CC-BY-4.0 (declared; no author or source named upstream),yes,3af0d0c1f8d07126,50,50,3284
NO_ENTRY/42040.jpg,no_entry,NO_ENTRY,train,huggingface_kannanwisen_indian_traffic_sign_classification,CC-BY-4.0 (declared; no author or source named upstream),yes,d5f0e8c444783206,50,50,3256
NO_ENTRY/42044.jpg,no_entry,NO_ENTRY,train,huggingface_kannanwisen_indian_traffic_sign_classification,CC-BY-4.0 (declared; no author or source named upstream),yes,e6e9f1c594f1af8b,50,50,3034
NO_ENTRY/42048.jpg,no_entry,NO_ENTRY,train,huggingface_kannanwisen_indian_traffic_sign_classification,CC-BY-4.0 (declared; no author or source named upstream),yes,262f0b030361ac8c,50,50,3234
NO_ENTRY/42052.jpg,no_entry,NO_ENTRY,train,huggingface_kannanwisen_indian_traffic_sign_classification,CC-BY-4.0 (declared; no author or source named upstream),yes,fcc6e19a92b09c1c,50,50,3628
NO_ENTRY/42056.jpg,no_entry,NO_ENTRY,train,huggingface_kannanwisen_indian_traffic_sign_classification,CC-BY-4.0 (declared; no author or source named upstream),yes,9212b09e06306868,50,50,2826
NO_ENTRY/42060.jpg,no_entry,NO_ENTRY,train,huggingface_kannanwisen_indian_traffic_sign_classification,CC-BY-4.0 (declared; no author or source named upstream),yes,b010a016067068c8,50,50,2934
NO_ENTRY/42064.jpg,no_entry,NO_ENTRY,train,huggingface_kannanwisen_indian_traffic_sign_classification,CC-BY-4.0 (declared; no author or source named upstream),yes,1920622e1e622c6c,50,50,2936
NO_ENTRY/42068.jpg,no_entry,NO_ENTRY,train,huggingface_kannanwisen_indian_traffic_sign_classification,CC-BY-4.0 (declared; no author or source named upstream),yes,4c3261ddcd71b24c,50,50,2530
NO_ENTRY/42072.jpg,no_entry,NO_ENTRY,train,huggingface_kannanwisen_indian_traffic_sign_classification,CC-BY-4.0 (declared; no author or source named upstream),yes,bab6c2869fe2b6b6,50,50,2482
NO_ENTRY/42076.jpg,no_entry,NO_ENTRY,train,huggingface_kannanwisen_indian_traffic_sign_classification,CC-BY-4.0 (declared; no author or source named upstream),yes,f4dc340e1eb20c48,50,50,3448
NO_ENTRY/42080.jpg,no_entry,NO_ENTRY,train,huggingface_kannanwisen_indian_traffic_sign_classification,CC-BY-4.0 (declared; no author or source named upstream),yes,84d0681624948cec,50,50,3446
NO_ENTRY/42084.jpg,no_entry,NO_ENTRY,train,huggingface_kannanwisen_indian_traffic_sign_classification,CC-BY-4.0 (declared; no author or source named upstream),yes,0371e9c5dce93357,50,50,3354
NO_ENTRY/42088.jpg,no_entry,NO_ENTRY,train,huggingface_kannanwisen_indian_traffic_sign_classification,CC-BY-4.0 (declared; no author or source named upstream),yes,70b0619615298c4c,50,50,3114
NO_ENTRY/42092.jpg,no_entry,NO_ENTRY,train,huggingface_kannanwisen_indian_traffic_sign_classification,CC-BY-4.0 (declared; no author or source named upstream),yes,c161e0c4dc693306,50,50,3650
NO_ENTRY/42096.jpg,no_entry,NO_ENTRY,train,huggingface_kannanwisen_indian_traffic_sign_classification,CC-BY-4.0 (declared; no author or source named upstream),yes,c9f2ce9696974ece,50,50,3200
NO_ENTRY/42100.jpg,no_entry,NO_ENTRY,train,huggingface_kannanwisen_indian_traffic_sign_classification,CC-BY-4.0 (declared; no author or source named upstream),yes,9472e9d8c87372e0,50,50,3018
NO_ENTRY/42104.jpg,no_entry,NO_ENTRY,train,huggingface_kannanwisen_indian_traffic_sign_classification,CC-BY-4.0 (declared; no author or source named upstream),yes,296d71c99de9f2ce,50,50,3226
NO_ENTRY/42108.jpg,no_entry,NO_ENTRY,train,huggingface_kannanwisen_indian_traffic_sign_classification,CC-BY-4.0 (declared; no author or source named upstream),yes,f04cb48e0cb40c0c,50,50,3324
NO_ENTRY/42112.jpg,no_entry,NO_ENTRY,train,huggingface_kannanwisen_indian_traffic_sign_classification,CC-BY-4.0 (declared; no author or source named upstream),yes,f44cb00e0eb20c4c,50,50,3378
NO_ENTRY/42120.jpg,no_entry,NO_ENTRY,train,huggingface_kannanwisen_indian_traffic_sign_classification,CC-BY-4.0 (declared; no author or source named upstream),yes,e84cb00c1cb40c48,50,50,3344
NO_ENTRY/42132.jpg,no_entry,NO_ENTRY,train,huggingface_kannanwisen_indian_traffic_sign_classification,CC-BY-4.0 (declared; no author or source named upstream),yes,7a696969cdb1ad2d,50,50,3008
NO_ENTRY/42136.jpg,no_entry,NO_ENTRY,train,huggingface_kannanwisen_indian_traffic_sign_classification,CC-BY-4.0 (declared; no author or source named upstream),yes,453069557978f2ee,50,50,3136
NO_ENTRY/42140.jpg,no_entry,NO_ENTRY,train,huggingface_kannanwisen_indian_traffic_sign_classification,CC-BY-4.0 (declared; no author or source named upstream),yes,1171e9d4e8f1376f,50,50,3286
NO_ENTRY/42144.jpg,no_entry,NO_ENTRY,train,huggingface_kannanwisen_indian_traffic_sign_classification,CC-BY-4.0 (declared; no author or source named upstream),yes,bcf860921269cf86,50,50,3180
NO_ENTRY/42148.jpg,no_entry,NO_ENTRY,train,huggingface_kannanwisen_indian_traffic_sign_classification,CC-BY-4.0 (declared; no author or source named upstream),yes,8e70e9d5dde9738c,50,50,2684
NO_ENTRY/42152.jpg,no_entry,NO_ENTRY,train,huggingface_kannanwisen_indian_traffic_sign_classification,CC-BY-4.0 (declared; no author or source named upstream),yes,056161444c392169,50,50,3734
NO_ENTRY/42176.jpg,no_entry,NO_ENTRY,train,huggingface_kannanwisen_indian_traffic_sign_classification,CC-BY-4.0 (declared; no author or source named upstream),yes,99f5670f0f970f33,50,50,3894
NO_ENTRY/42180.jpg,no_entry,NO_ENTRY,train,huggingface_kannanwisen_indian_traffic_sign_classification,CC-BY-4.0 (declared; no author or source named upstream),yes,e5cb2a0617ef6bcf,50,50,3338
NO_ENTRY/42184.jpg,no_entry,NO_ENTRY,train,huggingface_kannanwisen_indian_traffic_sign_classification,CC-BY-4.0 (declared; no author or source named upstream),yes,7060c4232fcc7053,50,50,2444
NO_ENTRY/42196.jpg,no_entry,NO_ENTRY,train,huggingface_kannanwisen_indian_traffic_sign_classification,CC-BY-4.0 (declared; no author or source named upstream),yes,3f63c43f036c3987,50,50,2908
NO_ENTRY/42204.jpg,no_entry,NO_ENTRY,train,huggingface_kannanwisen_indian_traffic_sign_classification,CC-BY-4.0 (declared; no author or source named upstream),yes,e787b1833b46c6e7,50,50,3544
NO_ENTRY/42208.jpg,no_entry,NO_ENTRY,train,huggingface_kannanwisen_indian_traffic_sign_classification,CC-BY-4.0 (declared; no author or source named upstream),yes,3b63493b33d38f2c,50,50,3194
NO_ENTRY/42212.jpg,no_entry,NO_ENTRY,train,huggingface_kannanwisen_indian_traffic_sign_classification,CC-BY-4.0 (declared; no author or source named upstream),yes,6e66eb078ff38ecc,50,50,3142
NO_ENTRY/42216.jpg,no_entry,NO_ENTRY,train,huggingface_kannanwisen_indian_traffic_sign_classification,CC-BY-4.0 (declared; no author or source named upstream),yes,929e22969628ba3a,50,50,3492
NO_ENTRY/42220.jpg,no_entry,NO_ENTRY,train,huggingface_kannanwisen_indian_traffic_sign_classification,CC-BY-4.0 (declared; no author or source named upstream),yes,da9898da8b903464,50,50,2794
NO_ENTRY/42224.jpg,no_entry,NO_ENTRY,train,huggingface_kannanwisen_indian_traffic_sign_classification,CC-BY-4.0 (declared; no author or source named upstream),yes,727369d4956963a9,50,50,3390
NO_ENTRY/42228.jpg,no_entry,NO_ENTRY,train,huggingface_kannanwisen_indian_traffic_sign_classification,CC-BY-4.0 (declared; no author or source named upstream),yes,b271ed93dee0b94c,50,50,3134
NO_STOPPING_OR_STANDING/44000.jpg,,NO_STOPPING_OR_STANDING,train,huggingface_kannanwisen_indian_traffic_sign_classification,CC-BY-4.0 (declared; no author or source named upstream),no,33f06444c46872b6,50,50,2934
NO_STOPPING_OR_STANDING/44004.jpg,,NO_STOPPING_OR_STANDING,train,huggingface_kannanwisen_indian_traffic_sign_classification,CC-BY-4.0 (declared; no author or source named upstream),no,2168f49cccf0f06a,50,50,3910
NO_STOPPING_OR_STANDING/44008.jpg,,NO_STOPPING_OR_STANDING,train,huggingface_kannanwisen_indian_traffic_sign_classification,CC-BY-4.0 (declared; no author or source named upstream),no,71e0d4a4ccd4f871,50,50,3020
NO_STOPPING_OR_STANDING/44016.jpg,,NO_STOPPING_OR_STANDING,train,huggingface_kannanwisen_indian_traffic_sign_classification,CC-BY-4.0 (declared; no author or source named upstream),no,33f1d0cccdc4e031,50,50,3140
NO_STOPPING_OR_STANDING/44020.jpg,,NO_STOPPING_OR_STANDING,train,huggingface_kannanwisen_indian_traffic_sign_classification,CC-BY-4.0 (declared; no author or source named upstream),no,c0e1f0ccccf0f100,50,50,2902
NO_STOPPING_OR_STANDING/44024.jpg,,NO_STOPPING_OR_STANDING,train,huggingface_kannanwisen_indian_traffic_sign_classification,CC-BY-4.0 (declared; no author or source named upstream),no,71f0d4cccc94e873,50,50,3000
NO_STOPPING_OR_STANDING/44028.jpg,,NO_STOPPING_OR_STANDING,train,huggingface_kannanwisen_indian_traffic_sign_classification,CC-BY-4.0 (declared; no author or source named upstream),no,cc337169ed71331f,50,50,3476
NO_STOPPING_OR_STANDING/44032.jpg,,NO_STOPPING_OR_STANDING,train,huggingface_kannanwisen_indian_traffic_sign_classification,CC-BY-4.0 (declared; no author or source named upstream),no,4533714c4d71b32f,50,50,3062
NO_STOPPING_OR_STANDING/44040.jpg,,NO_STOPPING_OR_STANDING,train,huggingface_kannanwisen_indian_traffic_sign_classification,CC-BY-4.0 (declared; no author or source named upstream),no,6dce93a9ccb1b38b,50,50,3150
NO_STOPPING_OR_STANDING/44044.jpg,,NO_STOPPING_OR_STANDING,train,huggingface_kannanwisen_indian_traffic_sign_classification,CC-BY-4.0 (declared; no author or source named upstream),no,6d6c96c9ccf1938b,50,50,3044
NO_STOPPING_OR_STANDING/44048.jpg,,NO_STOPPING_OR_STANDING,train,huggingface_kannanwisen_indian_traffic_sign_classification,CC-BY-4.0 (declared; no author or source named upstream),no,ca4c962a2a179616,50,50,3394
NO_STOPPING_OR_STANDING/44052.jpg,,NO_STOPPING_OR_STANDING,train,huggingface_kannanwisen_indian_traffic_sign_classification,CC-BY-4.0 (declared; no author or source named upstream),no,dc9ff30d4d33049c,50,50,2692
NO_STOPPING_OR_STANDING/44056.jpg,,NO_STOPPING_OR_STANDING,train,huggingface_kannanwisen_indian_traffic_sign_classification,CC-BY-4.0 (declared; no author or source named upstream),no,ce766b6d64ab87b3,50,50,3676
NO_STOPPING_OR_STANDING/44060.jpg,,NO_STOPPING_OR_STANDING,train,huggingface_kannanwisen_indian_traffic_sign_classification,CC-BY-4.0 (declared; no author or source named upstream),no,838b1b5343311909,50,50,3572
NO_STOPPING_OR_STANDING/44064.jpg,,NO_STOPPING_OR_STANDING,train,huggingface_kannanwisen_indian_traffic_sign_classification,CC-BY-4.0 (declared; no author or source named upstream),no,6371f9ecda70736d,50,50,3580
NO_STOPPING_OR_STANDING/44068.jpg,,NO_STOPPING_OR_STANDING,train,huggingface_kannanwisen_indian_traffic_sign_classification,CC-BY-4.0 (declared; no author or source named upstream),no,7e73d3cddffbebeb,50,50,3124
NO_STOPPING_OR_STANDING/44072.jpg,,NO_STOPPING_OR_STANDING,train,huggingface_kannanwisen_indian_traffic_sign_classification,CC-BY-4.0 (declared; no author or source named upstream),no,478f1b3b332b839b,50,50,3120
NO_STOPPING_OR_STANDING/44076.jpg,,NO_STOPPING_OR_STANDING,train,huggingface_kannanwisen_indian_traffic_sign_classification,CC-BY-4.0 (declared; no author or source named upstream),no,c9b169c9ed69334e,50,50,3076
NO_STOPPING_OR_STANDING/44080.jpg,,NO_STOPPING_OR_STANDING,train,huggingface_kannanwisen_indian_traffic_sign_classification,CC-BY-4.0 (declared; no author or source named upstream),no,1ebd67533284c7d3,50,50,3274
NO_STOPPING_OR_STANDING/44084.jpg,,NO_STOPPING_OR_STANDING,train,huggingface_kannanwisen_indian_traffic_sign_classification,CC-BY-4.0 (declared; no author or source named upstream),no,ccd61f0323134c2e,50,50,3250
NO_STOPPING_OR_STANDING/44088.jpg,,NO_STOPPING_OR_STANDING,train,huggingface_kannanwisen_indian_traffic_sign_classification,CC-BY-4.0 (declared; no author or source named upstream),no,9e872b2bef6e3739,50,50,3484
NO_STOPPING_OR_STANDING/44092.jpg,,NO_STOPPING_OR_STANDING,train,huggingface_kannanwisen_indian_traffic_sign_classification,CC-BY-4.0 (declared; no author or source named upstream),no,0e8e3a3b1a2e5e6e,50,50,3744
NO_STOPPING_OR_STANDING/44096.jpg,,NO_STOPPING_OR_STANDING,train,huggingface_kannanwisen_indian_traffic_sign_classification,CC-BY-4.0 (declared; no author or source named upstream),no,8edf2b4f6f7b4f4a,50,50,2788
NO_STOPPING_OR_STANDING/44100.jpg,,NO_STOPPING_OR_STANDING,train,huggingface_kannanwisen_indian_traffic_sign_classification,CC-BY-4.0 (declared; no author or source named upstream),no,9937bbeb69333d1b,50,50,3534
NO_STOPPING_OR_STANDING/44104.jpg,,NO_STOPPING_OR_STANDING,train,huggingface_kannanwisen_indian_traffic_sign_classification,CC-BY-4.0 (declared; no author or source named upstream),no,33f1d1cdcdf1f1b3,50,50,3230
NO_STOPPING_OR_STANDING/44108.jpg,,NO_STOPPING_OR_STANDING,train,huggingface_kannanwisen_indian_traffic_sign_classification,CC-BY-4.0 (declared; no author or source named upstream),no,6dce93c8c8f1938b,50,50,3060
NO_STOPPING_OR_STANDING/44112.jpg,,NO_STOPPING_OR_STANDING,train,huggingface_kannanwisen_indian_traffic_sign_classification,CC-BY-4.0 (declared; no author or source named upstream),no,4acf97abab969693,50,50,3374
NO_STOPPING_OR_STANDING/44116.jpg,,NO_STOPPING_OR_STANDING,train,huggingface_kannanwisen_indian_traffic_sign_classification,CC-BY-4.0 (declared; no author or source named upstream),no,a80c32292b339697,50,50,3456
NO_STOPPING_OR_STANDING/44120.jpg,,NO_STOPPING_OR_STANDING,train,huggingface_kannanwisen_indian_traffic_sign_classification,CC-BY-4.0 (declared; no author or source named upstream),no,193171e969717999,50,50,3528
NO_STOPPING_OR_STANDING/44124.jpg,,NO_STOPPING_OR_STANDING,train,huggingface_kannanwisen_indian_traffic_sign_classification,CC-BY-4.0 (declared; no author or source named upstream),no,333170646c647032,50,50,2786
NO_STOPPING_OR_STANDING/44136.jpg,,NO_STOPPING_OR_STANDING,train,huggingface_kannanwisen_indian_traffic_sign_classification,CC-BY-4.0 (declared; no author or source named upstream),no,3913f96d7969353d,50,50,3582
NO_STOPPING_OR_STANDING/44140.jpg,,NO_STOPPING_OR_STANDING,train,huggingface_kannanwisen_indian_traffic_sign_classification,CC-BY-4.0 (declared; no author or source named upstream),no,0d225121a1b39624,50,50,3688
NO_STOPPING_OR_STANDING/44144.jpg,,NO_STOPPING_OR_STANDING,train,huggingface_kannanwisen_indian_traffic_sign_classification,CC-BY-4.0 (declared; no author or source named upstream),no,0e963b2b3b360fcb,50,50,2768
NO_STOPPING_OR_STANDING/44148.jpg,,NO_STOPPING_OR_STANDING,train,huggingface_kannanwisen_indian_traffic_sign_classification,CC-BY-4.0 (declared; no author or source named upstream),no,9b7af6ecfcb09687,50,50,3620
NO_STOPPING_OR_STANDING/44152.jpg,,NO_STOPPING_OR_STANDING,train,huggingface_kannanwisen_indian_traffic_sign_classification,CC-BY-4.0 (declared; no author or source named upstream),no,5371f8d4ccd47972,50,50,3340
NO_STOPPING_OR_STANDING/44156.jpg,,NO_STOPPING_OR_STANDING,train,huggingface_kannanwisen_indian_traffic_sign_classification,CC-BY-4.0 (declared; no author or source named upstream),no,43c1916d49b26f2f,50,50,3564
NO_STOPPING_OR_STANDING/44160.jpg,,NO_STOPPING_OR_STANDING,train,huggingface_kannanwisen_indian_traffic_sign_classification,CC-BY-4.0 (declared; no author or source named upstream),no,22111948e8717066,50,50,3360
NO_STOPPING_OR_STANDING/44164.jpg,,NO_STOPPING_OR_STANDING,train,huggingface_kannanwisen_indian_traffic_sign_classification,CC-BY-4.0 (declared; no author or source named upstream),no,b4e0c8dcdce8f094,50,50,2436
NO_STOPPING_OR_STANDING/44172.jpg,,NO_STOPPING_OR_STANDING,train,huggingface_kannanwisen_indian_traffic_sign_classification,CC-BY-4.0 (declared; no author or source named upstream),no,3271f0ccccf07113,50,50,2208
NO_STOPPING_OR_STANDING/44176.jpg,,NO_STOPPING_OR_STANDING,train,huggingface_kannanwisen_indian_traffic_sign_classification,CC-BY-4.0 (declared; no author or source named upstream),no,ad0e332d29339797,50,50,3458
NO_STOPPING_OR_STANDING/44180.jpg,,NO_STOPPING_OR_STANDING,train,huggingface_kannanwisen_indian_traffic_sign_classification,CC-BY-4.0 (declared; no author or source named upstream),no,993470ececb0b2b2,50,50,3174
NO_STOPPING_OR_STANDING/44216.jpg,,NO_STOPPING_OR_STANDING,train,huggingface_kannanwisen_indian_traffic_sign_classification,CC-BY-4.0 (declared; no author or source named upstream),no,6cfef16464783969,50,50,2452
NO_STOPPING_OR_STANDING/44224.jpg,,NO_STOPPING_OR_STANDING,train,huggingface_kannanwisen_indian_traffic_sign_classification,CC-BY-4.0 (declared; no author or source named upstream),no,17f06854cc6870b6,50,50,2970
NO_STOPPING_OR_STANDING/44244.jpg,,NO_STOPPING_OR_STANDING,train,huggingface_kannanwisen_indian_traffic_sign_classification,CC-BY-4.0 (declared; no author or source named upstream),no,c99f2b3dbdaf9207,50,50,3532
NO_STOPPING_OR_STANDING/44248.jpg,,NO_STOPPING_OR_STANDING,train,huggingface_kannanwisen_indian_traffic_sign_classification,CC-BY-4.0 (declared; no author or source named upstream),no,4896322830142c25,50,50,3404
NO_STOPPING_OR_STANDING/44252.jpg,,NO_STOPPING_OR_STANDING,train,huggingface_kannanwisen_indian_traffic_sign_classification,CC-BY-4.0 (declared; no author or source named upstream),no,7e73f3cdcbfbebeb,50,50,3066
NO_STOPPING_OR_STANDING/44256.jpg,,NO_STOPPING_OR_STANDING,train,huggingface_kannanwisen_indian_traffic_sign_classification,CC-BY-4.0 (declared; no author or source named upstream),no,858e170b138e9393,50,50,3234
NO_STOPPING_OR_STANDING/44260.jpg,,NO_STOPPING_OR_STANDING,train,huggingface_kannanwisen_indian_traffic_sign_classification,CC-BY-4.0 (declared; no author or source named upstream),no,0c2c332d2b129716,50,50,3812
NO_STOPPING_OR_STANDING/44264.jpg,,NO_STOPPING_OR_STANDING,train,huggingface_kannanwisen_indian_traffic_sign_classification,CC-BY-4.0 (declared; no author or source named upstream),no,0e133b4d413387cd,50,50,2644
NO_STOPPING_OR_STANDING/44268.jpg,,NO_STOPPING_OR_STANDING,train,huggingface_kannanwisen_indian_traffic_sign_classification,CC-BY-4.0 (declared; no author or source named upstream),no,5771716d6d717157,50,50,3094
NO_STOPPING_OR_STANDING/44272.jpg,,NO_STOPPING_OR_STANDING,train,huggingface_kannanwisen_indian_traffic_sign_classification,CC-BY-4.0 (declared; no author or source named upstream),no,9cf1e0d0cc69786c,50,50,3212
NO_STOPPING_OR_STANDING/44276.jpg,,NO_STOPPING_OR_STANDING,train,huggingface_kannanwisen_indian_traffic_sign_classification,CC-BY-4.0 (declared; no author or source named upstream),no,8e8f9b1f1f0f4e27,50,50,3674
NO_STOPPING_OR_STANDING/44280.jpg,,NO_STOPPING_OR_STANDING,train,huggingface_kannanwisen_indian_traffic_sign_classification,CC-BY-4.0 (declared; no author or source named upstream),no,2e3e2f6b6b636f6c,50,50,3538
NO_STOPPING_OR_STANDING/44284.jpg,,NO_STOPPING_OR_STANDING,train,huggingface_kannanwisen_indian_traffic_sign_classification,CC-BY-4.0 (declared; no author or source named upstream),no,0c0e1b9a9e272f2f,50,50,3588
NO_STOPPING_OR_STANDING/44288.jpg,,NO_STOPPING_OR_STANDING,train,huggingface_kannanwisen_indian_traffic_sign_classification,CC-BY-4.0 (declared; no author or source named upstream),no,4a0321454523162c,50,50,3372
NO_STOPPING_OR_STANDING/44292.jpg,,NO_STOPPING_OR_STANDING,train,huggingface_kannanwisen_indian_traffic_sign_classification,CC-BY-4.0 (declared; no author or source named upstream),no,8e8eb32f2b930eed,50,50,3062
NO_STOPPING_OR_STANDING/44296.jpg,,NO_STOPPING_OR_STANDING,train,huggingface_kannanwisen_indian_traffic_sign_classification,CC-BY-4.0 (declared; no author or source named upstream),no,0f06b3232333064d,50,50,2616
NO_STOPPING_OR_STANDING/44300.jpg,,NO_STOPPING_OR_STANDING,train,huggingface_kannanwisen_indian_traffic_sign_classification,CC-BY-4.0 (declared; no author or source named upstream),no,3370f9d8c861b0b4,50,50,3328
NO_STOPPING_OR_STANDING/44304.jpg,,NO_STOPPING_OR_STANDING,train,huggingface_kannanwisen_indian_traffic_sign_classification,CC-BY-4.0 (declared; no author or source named upstream),no,8e87132d251387e5,50,50,2754
NO_STOPPING_OR_STANDING/44308.jpg,,NO_STOPPING_OR_STANDING,train,huggingface_kannanwisen_indian_traffic_sign_classification,CC-BY-4.0 (declared; no author or source named upstream),no,33b8f8ccccf0b0d2,50,50,3444
NO_STOPPING_OR_STANDING/44312.jpg,,NO_STOPPING_OR_STANDING,train,huggingface_kannanwisen_indian_traffic_sign_classification,CC-BY-4.0 (declared; no author or source named upstream),no,81f0684848727268,50,50,3742
NO_STOPPING_OR_STANDING/44316.jpg,,NO_STOPPING_OR_STANDING,train,huggingface_kannanwisen_indian_traffic_sign_classification,CC-BY-4.0 (declared; no author or source named upstream),no,0101394ccce97166,50,50,3384
NO_STOPPING_OR_STANDING/44320.jpg,,NO_STOPPING_OR_STANDING,train,huggingface_kannanwisen_indian_traffic_sign_classification,CC-BY-4.0 (declared; no author or source named upstream),no,b2f0ccd4d4e8f0b2,50,50,2654
PEDESTRIAN_CROSSING/47000.jpg,pedestrian_crossing_ahead,PEDESTRIAN_CROSSING,train,huggingface_kannanwisen_indian_traffic_sign_classification,CC-BY-4.0 (declared; no author or source named upstream),yes,48b1336955d4c043,50,50,2990
PEDESTRIAN_CROSSING/47004.jpg,pedestrian_crossing_ahead,PEDESTRIAN_CROSSING,train,huggingface_kannanwisen_indian_traffic_sign_classification,CC-BY-4.0 (declared; no author or source named upstream),yes,b0b2b0e9f4d0c0a1,50,50,2550
PEDESTRIAN_CROSSING/47008.jpg,pedestrian_crossing_ahead,PEDESTRIAN_CROSSING,train,huggingface_kannanwisen_indian_traffic_sign_classification,CC-BY-4.0 (declared; no author or source named upstream),yes,e9f0f2f1f1d5c1d1,50,50,2582
PEDESTRIAN_CROSSING/47012.jpg,pedestrian_crossing_ahead,PEDESTRIAN_CROSSING,train,huggingface_kannanwisen_indian_traffic_sign_classification,CC-BY-4.0 (declared; no author or source named upstream),yes,c8f4b2e1f1d5c5e2,50,50,2508
PEDESTRIAN_CROSSING/47016.jpg,pedestrian_crossing_ahead,PEDESTRIAN_CROSSING,train,huggingface_kannanwisen_indian_traffic_sign_classification,CC-BY-4.0 (declared; no author or source named upstream),yes,e2f0edf4d454c8c9,50,50,3682
PEDESTRIAN_CROSSING/47020.jpg,pedestrian_crossing_ahead,PEDESTRIAN_CROSSING,train,huggingface_kannanwisen_indian_traffic_sign_classification,CC-BY-4.0 (declared; no author or source named upstream),yes,c0b4f269d1f4847b,50,50,2738
PEDESTRIAN_CROSSING/47024.jpg,pedestrian_crossing_ahead,PEDESTRIAN_CROSSING,train,huggingface_kannanwisen_indian_traffic_sign_classification,CC-BY-4.0 (declared; no author or source named upstream),yes,b913133b3161638e,50,50,2940
PEDESTRIAN_CROSSING/47028.jpg,pedestrian_crossing_ahead,PEDESTRIAN_CROSSING,train,huggingface_kannanwisen_indian_traffic_sign_classification,CC-BY-4.0 (declared; no author or source named upstream),yes,b092b2aaf0d4c0de,50,50,3140
PEDESTRIAN_CROSSING/47032.jpg,pedestrian_crossing_ahead,PEDESTRIAN_CROSSING,train,huggingface_kannanwisen_indian_traffic_sign_classification,CC-BY-4.0 (declared; no author or source named upstream),yes,dfb4b269d1f4c49b,50,50,2808
PEDESTRIAN_CROSSING/47036.jpg,pedestrian_crossing_ahead,PEDESTRIAN_CROSSING,train,huggingface_kannanwisen_indian_traffic_sign_classification,CC-BY-4.0 (declared; no author or source named upstream),yes,8092b3e974544083,50,50,2048
PEDESTRIAN_CROSSING/47040.jpg,pedestrian_crossing_ahead,PEDESTRIAN_CROSSING,train,huggingface_kannanwisen_indian_traffic_sign_classification,CC-BY-4.0 (declared; no author or source named upstream),yes,2c5233b1715c5083,50,50,2852
PEDESTRIAN_CROSSING/47044.jpg,pedestrian_crossing_ahead,PEDESTRIAN_CROSSING,train,huggingface_kannanwisen_indian_traffic_sign_classification,CC-BY-4.0 (declared; no author or source named upstream),yes,0cd2b36955d28201,50,50,3042
PEDESTRIAN_CROSSING/47048.jpg,pedestrian_crossing_ahead,PEDESTRIAN_CROSSING,train,huggingface_kannanwisen_indian_traffic_sign_classification,CC-BY-4.0 (declared; no author or source named upstream),yes,ac12323974d4c422,50,50,3046
PEDESTRIAN_CROSSING/47052.jpg,pedestrian_crossing_ahead,PEDESTRIAN_CROSSING,train,huggingface_kannanwisen_indian_traffic_sign_classification,CC-BY-4.0 (declared; no author or source named upstream),yes,ad92b2f971d5c54b,50,50,2316
PEDESTRIAN_CROSSING/47056.jpg,pedestrian_crossing_ahead,PEDESTRIAN_CROSSING,train,huggingface_kannanwisen_indian_traffic_sign_classification,CC-BY-4.0 (declared; no author or source named upstream),yes,10b22869d4f4a280,50,50,2464
PEDESTRIAN_CROSSING/47064.jpg,pedestrian_crossing_ahead,PEDESTRIAN_CROSSING,train,huggingface_kannanwisen_indian_traffic_sign_classification,CC-BY-4.0 (declared; no author or source named upstream),yes,2c94c8c95454ba9b,50,50,3508
PEDESTRIAN_CROSSING/47068.jpg,pedestrian_crossing_ahead,PEDESTRIAN_CROSSING,train,huggingface_kannanwisen_indian_traffic_sign_classification,CC-BY-4.0 (declared; no author or source named upstream),yes,8cdce86851f4d9d9,50,50,3538
PEDESTRIAN_CROSSING/47072.jpg,pedestrian_crossing_ahead,PEDESTRIAN_CROSSING,train,huggingface_kannanwisen_indian_traffic_sign_classification,CC-BY-4.0 (declared; no author or source named upstream),yes,5919c8cc94969666,50,50,3252
PEDESTRIAN_CROSSING/47076.jpg,pedestrian_crossing_ahead,PEDESTRIAN_CROSSING,train,huggingface_kannanwisen_indian_traffic_sign_classification,CC-BY-4.0 (declared; no author or source named upstream),yes,b634293974361ab9,50,50,3244
PEDESTRIAN_CROSSING/47080.jpg,pedestrian_crossing_ahead,PEDESTRIAN_CROSSING,train,huggingface_kannanwisen_indian_traffic_sign_classification,CC-BY-4.0 (declared; no author or source named upstream),yes,8c92b2b9f0f4c009,50,50,2394
PEDESTRIAN_CROSSING/47084.jpg,pedestrian_crossing_ahead,PEDESTRIAN_CROSSING,train,huggingface_kannanwisen_indian_traffic_sign_classification,CC-BY-4.0 (declared; no author or source named upstream),yes,e5b4ca8c94b6888e,50,50,2578
PEDESTRIAN_CROSSING/47092.jpg,pedestrian_crossing_ahead,PEDESTRIAN_CROSSING,train,huggingface_kannanwisen_indian_traffic_sign_classification,CC-BY-4.0 (declared; no author or source named upstream),yes,1113396954524223,50,50,2880
PEDESTRIAN_CROSSING/47096.jpg,pedestrian_crossing_ahead,PEDESTRIAN_CROSSING,train,huggingface_kannanwisen_indian_traffic_sign_classification,CC-BY-4.0 (declared; no author or source named upstream),yes,ad11337971d5cc35,50,50,3096
PEDESTRIAN_CROSSING/47100.jpg,pedestrian_crossing_ahead,PEDESTRIAN_CROSSING,train,huggingface_kannanwisen_indian_traffic_sign_classification,CC-BY-4.0 (declared; no author or source named upstream),yes,08b8c840d5d4e0db,50,50,3596
PEDESTRIAN_CROSSING/47104.jpg,pedestrian_crossing_ahead,PEDESTRIAN_CROSSING,train,huggingface_kannanwisen_indian_traffic_sign_classification,CC-BY-4.0 (declared; no author or source named upstream),yes,c5533b7854d4848c,50,50,3724
PEDESTRIAN_CROSSING/47108.jpg,pedestrian_crossing_ahead,PEDESTRIAN_CROSSING,train,huggingface_kannanwisen_indian_traffic_sign_classification,CC-BY-4.0 (declared; no author or source named upstream),yes,115049d516565d3e,50,50,3924
PEDESTRIAN_CROSSING/47112.jpg,pedestrian_crossing_ahead,PEDESTRIAN_CROSSING,train,huggingface_kannanwisen_indian_traffic_sign_classification,CC-BY-4.0 (declared; no author or source named upstream),yes,8c32336955c54054,50,50,3468
PEDESTRIAN_CROSSING/47116.jpg,pedestrian_crossing_ahead,PEDESTRIAN_CROSSING,train,huggingface_kannanwisen_indian_traffic_sign_classification,CC-BY-4.0 (declared; no author or source named upstream),yes,0c52b06974d482c1,50,50,2364
PEDESTRIAN_CROSSING/47120.jpg,pedestrian_crossing_ahead,PEDESTRIAN_CROSSING,train,huggingface_kannanwisen_indian_traffic_sign_classification,CC-BY-4.0 (declared; no author or source named upstream),yes,74336975d4d29e1f,50,50,2280
PEDESTRIAN_CROSSING/47124.jpg,pedestrian_crossing_ahead,PEDESTRIAN_CROSSING,train,huggingface_kannanwisen_indian_traffic_sign_classification,CC-BY-4.0 (declared; no author or source named upstream),yes,2c1231797450c0a3,50,50,2164
PEDESTRIAN_CROSSING/47128.jpg,pedestrian_crossing_ahead,PEDESTRIAN_CROSSING,train,huggingface_kannanwisen_indian_traffic_sign_classification,CC-BY-4.0 (declared; no author or source named upstream),yes,cab33369d1d48449,50,50,2576
PEDESTRIAN_CROSSING/47144.jpg,pedestrian_crossing_ahead,PEDESTRIAN_CROSSING,train,huggingface_kannanwisen_indian_traffic_sign_classification,CC-BY-4.0 (declared; no author or source named upstream),yes,0833b36971544483,50,50,2558
PEDESTRIAN_CROSSING/47148.jpg,pedestrian_crossing_ahead,PEDESTRIAN_CROSSING,train,huggingface_kannanwisen_indian_traffic_sign_classification,CC-BY-4.0 (declared; no author or source named upstream),yes,12332975d4d2fe0f,50,50,2222
PEDESTRIAN_CROSSING/47152.jpg,pedestrian_crossing_ahead,PEDESTRIAN_CROSSING,train,huggingface_kannanwisen_indian_traffic_sign_classification,CC-BY-4.0 (declared; no author or source named upstream),yes,d6ce8e1797336d7f,50,50,3756
PEDESTRIAN_CROSSING/47156.jpg,pedestrian_crossing_ahead,PEDESTRIAN_CROSSING,train,huggingface_kannanwisen_indian_traffic_sign_classification,CC-BY-4.0 (declared; no author or source named upstream),yes,00c3899534223e84,50,50,3588
RIGHT_HAND_CURVE/53004.jpg,right_curve_ahead,RIGHT_HAND_CURVE,train,huggingface_kannanwisen_indian_traffic_sign_classification,CC-BY-4.0 (declared; no author or source named upstream),yes,53b3326954448692,50,50,3294
RIGHT_TURN_PROHIBITED/55000.jpg,no_right_turn,RIGHT_TURN_PROHIBITED,train,huggingface_kannanwisen_indian_traffic_sign_classification,CC-BY-4.0 (declared; no author or source named upstream),yes,e0e9ceb8abaecc31,50,50,3328
RIGHT_TURN_PROHIBITED/55004.jpg,no_right_turn,RIGHT_TURN_PROHIBITED,train,huggingface_kannanwisen_indian_traffic_sign_classification,CC-BY-4.0 (declared; no author or source named upstream),yes,f0c9cab9abaecd31,50,50,3238
RIGHT_TURN_PROHIBITED/55008.jpg,no_right_turn,RIGHT_TURN_PROHIBITED,train,huggingface_kannanwisen_indian_traffic_sign_classification,CC-BY-4.0 (declared; no author or source named upstream),yes,b271ccf2e0cc61b2,50,50,2932
RIGHT_TURN_PROHIBITED/55012.jpg,no_right_turn,RIGHT_TURN_PROHIBITED,train,huggingface_kannanwisen_indian_traffic_sign_classification,CC-BY-4.0 (declared; no author or source named upstream),yes,cb0f0f31ab271f1a,50,50,3484
RIGHT_TURN_PROHIBITED/55016.jpg,no_right_turn,RIGHT_TURN_PROHIBITED,train,huggingface_kannanwisen_indian_traffic_sign_classification,CC-BY-4.0 (declared; no author or source named upstream),yes,feee0b3b2b2f0e29,50,50,2548
RIGHT_TURN_PROHIBITED/55020.jpg,no_right_turn,RIGHT_TURN_PROHIBITED,train,huggingface_kannanwisen_indian_traffic_sign_classification,CC-BY-4.0 (declared; no author or source named upstream),yes,8b8f8f3133a7878c,50,50,3480
RIGHT_TURN_PROHIBITED/55024.jpg,no_right_turn,RIGHT_TURN_PROHIBITED,train,huggingface_kannanwisen_indian_traffic_sign_classification,CC-BY-4.0 (declared; no author or source named upstream),yes,71e8d8f8eaccec73,50,50,3040
RIGHT_TURN_PROHIBITED/55028.jpg,no_right_turn,RIGHT_TURN_PROHIBITED,train,huggingface_kannanwisen_indian_traffic_sign_classification,CC-BY-4.0 (declared; no author or source named upstream),yes,5accce3b2bae8eca,50,50,3572
ROUNDABOUT/57000.jpg,,ROUNDABOUT,train,huggingface_kannanwisen_indian_traffic_sign_classification,CC-BY-4.0 (declared; no author or source named upstream),no,71d096bbb3d6038f,50,50,2988
ROUNDABOUT/57004.jpg,,ROUNDABOUT,train,huggingface_kannanwisen_indian_traffic_sign_classification,CC-BY-4.0 (declared; no author or source named upstream),no,1324e62b37624c12,50,50,2270
ROUNDABOUT/57008.jpg,,ROUNDABOUT,train,huggingface_kannanwisen_indian_traffic_sign_classification,CC-BY-4.0 (declared; no author or source named upstream),no,f0d4b2aba9b6c6f3,50,50,3412
ROUNDABOUT/57040.jpg,,ROUNDABOUT,train,huggingface_kannanwisen_indian_traffic_sign_classification,CC-BY-4.0 (declared; no author or source named upstream),no,31681a322b3a0c02,50,50,2800
ROUNDABOUT/57044.jpg,,ROUNDABOUT,train,huggingface_kannanwisen_indian_traffic_sign_classification,CC-BY-4.0 (declared; no author or source named upstream),no,61f0d4bab2d0f071,50,50,2654
ROUNDABOUT/57048.jpg,,ROUNDABOUT,train,huggingface_kannanwisen_indian_traffic_sign_classification,CC-BY-4.0 (declared; no author or source named upstream),no,70f0d2332dd64313,50,50,2672
SCHOOL_AHEAD/58052.jpg,school_ahead,SCHOOL_AHEAD,train,huggingface_kannanwisen_indian_traffic_sign_classification,CC-BY-4.0 (declared; no author or source named upstream),yes,72b3696935b22355,50,50,3342
SIDE_ROAD_LEFT/59000.jpg,,SIDE_ROAD_LEFT,train,huggingface_kannanwisen_indian_traffic_sign_classification,CC-BY-4.0 (declared; no author or source named upstream),no,d1d2f9e9f4d280a0,50,50,2160
SIDE_ROAD_LEFT/59004.jpg,,SIDE_ROAD_LEFT,train,huggingface_kannanwisen_indian_traffic_sign_classification,CC-BY-4.0 (declared; no author or source named upstream),no,4b4b92a81115d4d8,50,50,3066
SIDE_ROAD_LEFT/59008.jpg,,SIDE_ROAD_LEFT,train,huggingface_kannanwisen_indian_traffic_sign_classification,CC-BY-4.0 (declared; no author or source named upstream),no,ee91336971d4cdd2,50,50,3036
SIDE_ROAD_LEFT/59012.jpg,,SIDE_ROAD_LEFT,train,huggingface_kannanwisen_indian_traffic_sign_classification,CC-BY-4.0 (declared; no author or source named upstream),no,90b2a8e9d494a8a0,50,50,2298
SIDE_ROAD_LEFT/59016.jpg,,SIDE_ROAD_LEFT,train,huggingface_kannanwisen_indian_traffic_sign_classification,CC-BY-4.0 (declared; no author or source named upstream),no,80b2b2e9f0dac4aa,50,50,2382
SIDE_ROAD_LEFT/59028.jpg,,SIDE_ROAD_LEFT,train,huggingface_kannanwisen_indian_traffic_sign_classification,CC-BY-4.0 (declared; no author or source named upstream),no,c8d0b2e8f0d5ddba,50,50,2382
SIDE_ROAD_LEFT/59040.jpg,,SIDE_ROAD_LEFT,train,huggingface_kannanwisen_indian_traffic_sign_classification,CC-BY-4.0 (declared; no author or source named upstream),no,a56268f1f4b2b393,50,50,3206
SIDE_ROAD_LEFT/59044.jpg,,SIDE_ROAD_LEFT,train,huggingface_kannanwisen_indian_traffic_sign_classification,CC-BY-4.0 (declared; no author or source named upstream),no,988c8e373713334c,50,50,3194
SPEED_LIMIT_15/63000.jpg,,SPEED_LIMIT_15,train,huggingface_kannanwisen_indian_traffic_sign_classification,CC-BY-4.0 (declared; no author or source named upstream),no,0b0f1b2b2b3b8e8b,50,50,3364
SPEED_LIMIT_15/63004.jpg,,SPEED_LIMIT_15,train,huggingface_kannanwisen_indian_traffic_sign_classification,CC-BY-4.0 (declared; no author or source named upstream),no,aa2d8d969d0d0f15,50,50,3398
SPEED_LIMIT_15/63008.jpg,,SPEED_LIMIT_15,train,huggingface_kannanwisen_indian_traffic_sign_classification,CC-BY-4.0 (declared; no author or source named upstream),no,ab0f0e33339ece49,50,50,3292
SPEED_LIMIT_15/63012.jpg,,SPEED_LIMIT_15,train,huggingface_kannanwisen_indian_traffic_sign_classification,CC-BY-4.0 (declared; no author or source named upstream),no,518f8eb697cccad9,50,50,3124
SPEED_LIMIT_15/63016.jpg,,SPEED_LIMIT_15,train,huggingface_kannanwisen_indian_traffic_sign_classification,CC-BY-4.0 (declared; no author or source named upstream),no,b2e9cab2aadaace3,50,50,3428
SPEED_LIMIT_15/63020.jpg,,SPEED_LIMIT_15,train,huggingface_kannanwisen_indian_traffic_sign_classification,CC-BY-4.0 (declared; no author or source named upstream),no,19939b331e6feeef,50,50,3416
SPEED_LIMIT_15/63024.jpg,,SPEED_LIMIT_15,train,huggingface_kannanwisen_indian_traffic_sign_classification,CC-BY-4.0 (declared; no author or source named upstream),no,e0ef8bbb1b9fcecc,50,50,3866
SPEED_LIMIT_15/63028.jpg,,SPEED_LIMIT_15,train,huggingface_kannanwisen_indian_traffic_sign_classification,CC-BY-4.0 (declared; no author or source named upstream),no,f6eeda9ada6c0c8c,50,50,3548
SPEED_LIMIT_15/63040.jpg,,SPEED_LIMIT_15,train,huggingface_kannanwisen_indian_traffic_sign_classification,CC-BY-4.0 (declared; no author or source named upstream),no,f0ec94b6d0c91a98,50,50,3614
SPEED_LIMIT_15/63044.jpg,,SPEED_LIMIT_15,train,huggingface_kannanwisen_indian_traffic_sign_classification,CC-BY-4.0 (declared; no author or source named upstream),no,69efdeb333d3ceec,50,50,3992
SPEED_LIMIT_20/64000.jpg,,SPEED_LIMIT_20,train,huggingface_kannanwisen_indian_traffic_sign_classification,CC-BY-4.0 (declared; no author or source named upstream),no,0f0f253925038f8e,50,50,2694
SPEED_LIMIT_20/64004.jpg,,SPEED_LIMIT_20,train,huggingface_kannanwisen_indian_traffic_sign_classification,CC-BY-4.0 (declared; no author or source named upstream),no,f9ecceb3a3aacee8,50,50,2830
SPEED_LIMIT_20/64008.jpg,,SPEED_LIMIT_20,train,huggingface_kannanwisen_indian_traffic_sign_classification,CC-BY-4.0 (declared; no author or source named upstream),no,314c8fb32b8bcc30,50,50,3028
SPEED_LIMIT_30/65000.jpg,maximum_speed_limit_30_km_h,SPEED_LIMIT_30,train,huggingface_kannanwisen_indian_traffic_sign_classification,CC-BY-4.0 (declared; no author or source named upstream),yes,b4bc4e5696cfeac9,50,50,2718
SPEED_LIMIT_30/65004.jpg,maximum_speed_limit_30_km_h,SPEED_LIMIT_30,train,huggingface_kannanwisen_indian_traffic_sign_classification,CC-BY-4.0 (declared; no author or source named upstream),yes,110c0a23352e4f17,50,50,3648
SPEED_LIMIT_30/65012.jpg,maximum_speed_limit_30_km_h,SPEED_LIMIT_30,train,huggingface_kannanwisen_indian_traffic_sign_classification,CC-BY-4.0 (declared; no author or source named upstream),yes,549e2e5657cde8ed,50,50,2716
SPEED_LIMIT_30/65016.jpg,maximum_speed_limit_30_km_h,SPEED_LIMIT_30,train,huggingface_kannanwisen_indian_traffic_sign_classification,CC-BY-4.0 (declared; no author or source named upstream),yes,b5bc4e56cfcdeacb,50,50,2656
SPEED_LIMIT_30/65020.jpg,maximum_speed_limit_30_km_h,SPEED_LIMIT_30,train,huggingface_kannanwisen_indian_traffic_sign_classification,CC-BY-4.0 (declared; no author or source named upstream),yes,650c8c370f9a6c5b,50,50,3368
SPEED_LIMIT_30/65024.jpg,maximum_speed_limit_30_km_h,SPEED_LIMIT_30,train,huggingface_kannanwisen_indian_traffic_sign_classification,CC-BY-4.0 (declared; no author or source named upstream),yes,4c0e8e27b68f4df3,50,50,3310
SPEED_LIMIT_30/65028.jpg,maximum_speed_limit_30_km_h,SPEED_LIMIT_30,train,huggingface_kannanwisen_indian_traffic_sign_classification,CC-BY-4.0 (declared; no author or source named upstream),yes,468f8f3b330fcdb7,50,50,3678
SPEED_LIMIT_30/65032.jpg,maximum_speed_limit_30_km_h,SPEED_LIMIT_30,train,huggingface_kannanwisen_indian_traffic_sign_classification,CC-BY-4.0 (declared; no author or source named upstream),yes,2a868e12168da92a,50,50,3472
SPEED_LIMIT_30/65036.jpg,maximum_speed_limit_30_km_h,SPEED_LIMIT_30,train,huggingface_kannanwisen_indian_traffic_sign_classification,CC-BY-4.0 (declared; no author or source named upstream),yes,d7baacd655cece48,50,50,2994
SPEED_LIMIT_30/65040.jpg,maximum_speed_limit_30_km_h,SPEED_LIMIT_30,train,huggingface_kannanwisen_indian_traffic_sign_classification,CC-BY-4.0 (declared; no author or source named upstream),yes,9371ecd4d2cfcedf,50,50,2932
SPEED_LIMIT_30/65044.jpg,maximum_speed_limit_30_km_h,SPEED_LIMIT_30,train,huggingface_kannanwisen_indian_traffic_sign_classification,CC-BY-4.0 (declared; no author or source named upstream),yes,ed8e4f95d549e9b1,50,50,2776
SPEED_LIMIT_30/65048.jpg,maximum_speed_limit_30_km_h,SPEED_LIMIT_30,train,huggingface_kannanwisen_indian_traffic_sign_classification,CC-BY-4.0 (declared; no author or source named upstream),yes,43234b49114a2e36,50,50,3424
SPEED_LIMIT_30/65052.jpg,maximum_speed_limit_30_km_h,SPEED_LIMIT_30,train,huggingface_kannanwisen_indian_traffic_sign_classification,CC-BY-4.0 (declared; no author or source named upstream),yes,6d6eced3f3cfcfdf,50,50,3236
SPEED_LIMIT_30/65056.jpg,maximum_speed_limit_30_km_h,SPEED_LIMIT_30,train,huggingface_kannanwisen_indian_traffic_sign_classification,CC-BY-4.0 (declared; no author or source named upstream),yes,b676cdd3d3cf79bf,50,50,2858
SPEED_LIMIT_30/65060.jpg,maximum_speed_limit_30_km_h,SPEED_LIMIT_30,train,huggingface_kannanwisen_indian_traffic_sign_classification,CC-BY-4.0 (declared; no author or source named upstream),yes,e20e0e36160e2c2b,50,50,2866
SPEED_LIMIT_30/65064.jpg,maximum_speed_limit_30_km_h,SPEED_LIMIT_30,train,huggingface_kannanwisen_indian_traffic_sign_classification,CC-BY-4.0 (declared; no author or source named upstream),yes,3c364fb7b3ce4da8,50,50,2816
SPEED_LIMIT_30/65068.jpg,maximum_speed_limit_30_km_h,SPEED_LIMIT_30,train,huggingface_kannanwisen_indian_traffic_sign_classification,CC-BY-4.0 (declared; no author or source named upstream),yes,0c1c0e1ed44df369,50,50,2532
SPEED_LIMIT_30/65072.jpg,maximum_speed_limit_30_km_h,SPEED_LIMIT_30,train,huggingface_kannanwisen_indian_traffic_sign_classification,CC-BY-4.0 (declared; no author or source named upstream),yes,f4cc8e96968ca98a,50,50,2944
SPEED_LIMIT_30/65076.jpg,maximum_speed_limit_30_km_h,SPEED_LIMIT_30,train,huggingface_kannanwisen_indian_traffic_sign_classification,CC-BY-4.0 (declared; no author or source named upstream),yes,9c0e8fb7964f4cf3,50,50,3326
SPEED_LIMIT_30/65080.jpg,maximum_speed_limit_30_km_h,SPEED_LIMIT_30,train,huggingface_kannanwisen_indian_traffic_sign_classification,CC-BY-4.0 (declared; no author or source named upstream),yes,76468f13938e4e06,50,50,4142
SPEED_LIMIT_30/65084.jpg,maximum_speed_limit_30_km_h,SPEED_LIMIT_30,train,huggingface_kannanwisen_indian_traffic_sign_classification,CC-BY-4.0 (declared; no author or source named upstream),yes,60048c96178da828,50,50,3500
SPEED_LIMIT_30/65088.jpg,maximum_speed_limit_30_km_h,SPEED_LIMIT_30,train,huggingface_kannanwisen_indian_traffic_sign_classification,CC-BY-4.0 (declared; no author or source named upstream),yes,66478f13938e4e06,50,50,4172
SPEED_LIMIT_30/65092.jpg,maximum_speed_limit_30_km_h,SPEED_LIMIT_30,train,huggingface_kannanwisen_indian_traffic_sign_classification,CC-BY-4.0 (declared; no author or source named upstream),yes,e5edce96526c683a,50,50,2700
SPEED_LIMIT_30/65096.jpg,maximum_speed_limit_30_km_h,SPEED_LIMIT_30,train,huggingface_kannanwisen_indian_traffic_sign_classification,CC-BY-4.0 (declared; no author or source named upstream),yes,f3f3cdf6d4cdf2fc,50,50,3418
SPEED_LIMIT_30/65100.jpg,maximum_speed_limit_30_km_h,SPEED_LIMIT_30,train,huggingface_kannanwisen_indian_traffic_sign_classification,CC-BY-4.0 (declared; no author or source named upstream),yes,533864d35d65381a,50,50,3002
SPEED_LIMIT_30/65104.jpg,maximum_speed_limit_30_km_h,SPEED_LIMIT_30,train,huggingface_kannanwisen_indian_traffic_sign_classification,CC-BY-4.0 (declared; no author or source named upstream),yes,9b79ced2dbce797b,50,50,2872
SPEED_LIMIT_30/65108.jpg,maximum_speed_limit_30_km_h,SPEED_LIMIT_30,train,huggingface_kannanwisen_indian_traffic_sign_classification,CC-BY-4.0 (declared; no author or source named upstream),yes,93716cd5934d6833,50,50,2964
SPEED_LIMIT_30/65112.jpg,maximum_speed_limit_30_km_h,SPEED_LIMIT_30,train,huggingface_kannanwisen_indian_traffic_sign_classification,CC-BY-4.0 (declared; no author or source named upstream),yes,f14e0b27b1af8f6a,50,50,2850
SPEED_LIMIT_30/65116.jpg,maximum_speed_limit_30_km_h,SPEED_LIMIT_30,train,huggingface_kannanwisen_indian_traffic_sign_classification,CC-BY-4.0 (declared; no author or source named upstream),yes,1b0d0f2a320e0d0b,50,50,4010
SPEED_LIMIT_30/65120.jpg,maximum_speed_limit_30_km_h,SPEED_LIMIT_30,train,huggingface_kannanwisen_indian_traffic_sign_classification,CC-BY-4.0 (declared; no author or source named upstream),yes,71cc8e2b278a8cb0,50,50,2712
SPEED_LIMIT_30/65124.jpg,maximum_speed_limit_30_km_h,SPEED_LIMIT_30,train,huggingface_kannanwisen_indian_traffic_sign_classification,CC-BY-4.0 (declared; no author or source named upstream),yes,930d0e2b372e0f33,50,50,2856
SPEED_LIMIT_30/65128.jpg,maximum_speed_limit_30_km_h,SPEED_LIMIT_30,train,huggingface_kannanwisen_indian_traffic_sign_classification,CC-BY-4.0 (declared; no author or source named upstream),yes,070f0733330f0f0f,50,50,2564
SPEED_LIMIT_30/65132.jpg,maximum_speed_limit_30_km_h,SPEED_LIMIT_30,train,huggingface_kannanwisen_indian_traffic_sign_classification,CC-BY-4.0 (declared; no author or source named upstream),yes,7ccf8e3b378b8f66,50,50,2854
SPEED_LIMIT_30/65136.jpg,maximum_speed_limit_30_km_h,SPEED_LIMIT_30,train,huggingface_kannanwisen_indian_traffic_sign_classification,CC-BY-4.0 (declared; no author or source named upstream),yes,73ce8e23378e4c71,50,50,2920
SPEED_LIMIT_30/65140.jpg,maximum_speed_limit_30_km_h,SPEED_LIMIT_30,train,huggingface_kannanwisen_indian_traffic_sign_classification,CC-BY-4.0 (declared; no author or source named upstream),yes,f3cd8e2337abcf63,50,50,3038
SPEED_LIMIT_30/65144.jpg,maximum_speed_limit_30_km_h,SPEED_LIMIT_30,train,huggingface_kannanwisen_indian_traffic_sign_classification,CC-BY-4.0 (declared; no author or source named upstream),yes,71cc8eaa338ecd73,50,50,2854
SPEED_LIMIT_30/65148.jpg,maximum_speed_limit_30_km_h,SPEED_LIMIT_30,train,huggingface_kannanwisen_indian_traffic_sign_classification,CC-BY-4.0 (declared; no author or source named upstream),yes,7bec8eab37afcee0,50,50,3672
SPEED_LIMIT_30/65152.jpg,maximum_speed_limit_30_km_h,SPEED_LIMIT_30,train,huggingface_kannanwisen_indian_traffic_sign_classification,CC-BY-4.0 (declared; no author or source named upstream),yes,660f0e37370e0e36,50,50,2452
SPEED_LIMIT_30/65156.jpg,maximum_speed_limit_30_km_h,SPEED_LIMIT_30,train,huggingface_kannanwisen_indian_traffic_sign_classification,CC-BY-4.0 (declared; no author or source named upstream),yes,71c4ae2125a9ce78,50,50,3234
SPEED_LIMIT_30/65160.jpg,maximum_speed_limit_30_km_h,SPEED_LIMIT_30,train,huggingface_kannanwisen_indian_traffic_sign_classification,CC-BY-4.0 (declared; no author or source named upstream),yes,e3cd8e2b372b4f3b,50,50,3820
SPEED_LIMIT_30/65164.jpg,maximum_speed_limit_30_km_h,SPEED_LIMIT_30,train,huggingface_kannanwisen_indian_traffic_sign_classification,CC-BY-4.0 (declared; no author or source named upstream),yes,bb4f8b2737274799,50,50,3530
SPEED_LIMIT_30/65168.jpg,maximum_speed_limit_30_km_h,SPEED_LIMIT_30,train,huggingface_kannanwisen_indian_traffic_sign_classification,CC-BY-4.0 (declared; no author or source named upstream),yes,d34c8eab37aace63,50,50,4004
SPEED_LIMIT_30/65172.jpg,maximum_speed_limit_30_km_h,SPEED_LIMIT_30,train,huggingface_kannanwisen_indian_traffic_sign_classification,CC-BY-4.0 (declared; no author or source named upstream),yes,70cc8eb333aecce9,50,50,3088
SPEED_LIMIT_30/65176.jpg,maximum_speed_limit_30_km_h,SPEED_LIMIT_30,train,huggingface_kannanwisen_indian_traffic_sign_classification,CC-BY-4.0 (declared; no author or source named upstream),yes,64cc8ea237aecc68,50,50,2960
SPEED_LIMIT_30/65180.jpg,maximum_speed_limit_30_km_h,SPEED_LIMIT_30,train,huggingface_kannanwisen_indian_traffic_sign_classification,CC-BY-4.0 (declared; no author or source named upstream),yes,70cc8e333b8eceb3,50,50,3116
SPEED_LIMIT_30/65184.jpg,maximum_speed_limit_30_km_h,SPEED_LIMIT_30,train,huggingface_kannanwisen_indian_traffic_sign_classification,CC-BY-4.0 (declared; no author or source named upstream),yes,71cc8ea2b28ecc70,50,50,3030
SPEED_LIMIT_30/65188.jpg,maximum_speed_limit_30_km_h,SPEED_LIMIT_30,train,huggingface_kannanwisen_indian_traffic_sign_classification,CC-BY-4.0 (declared; no author or source named upstream),yes,0f0f0f23230f0f0b,50,50,3272
SPEED_LIMIT_30/65192.jpg,maximum_speed_limit_30_km_h,SPEED_LIMIT_30,train,huggingface_kannanwisen_indian_traffic_sign_classification,CC-BY-4.0 (declared; no author or source named upstream),yes,71cc8e2b238ecc71,50,50,2302
SPEED_LIMIT_30/65196.jpg,maximum_speed_limit_30_km_h,SPEED_LIMIT_30,train,huggingface_kannanwisen_indian_traffic_sign_classification,CC-BY-4.0 (declared; no author or source named upstream),yes,332d07b7a70f0f97,50,50,3270
SPEED_LIMIT_30/65200.jpg,maximum_speed_limit_30_km_h,SPEED_LIMIT_30,train,huggingface_kannanwisen_indian_traffic_sign_classification,CC-BY-4.0 (declared; no author or source named upstream),yes,71cc8e23278acc71,50,50,2890
SPEED_LIMIT_30/65204.jpg,maximum_speed_limit_30_km_h,SPEED_LIMIT_30,train,huggingface_kannanwisen_indian_traffic_sign_classification,CC-BY-4.0 (declared; no author or source named upstream),yes,36eece2a36a8ccf4,50,50,2904
SPEED_LIMIT_30/65208.jpg,maximum_speed_limit_30_km_h,SPEED_LIMIT_30,train,huggingface_kannanwisen_indian_traffic_sign_classification,CC-BY-4.0 (declared; no author or source named upstream),yes,330c8e2b37af0cb0,50,50,2866
SPEED_LIMIT_30/65212.jpg,maximum_speed_limit_30_km_h,SPEED_LIMIT_30,train,huggingface_kannanwisen_indian_traffic_sign_classification,CC-BY-4.0 (declared; no author or source named upstream),yes,8b0f0e23332e0f3b,50,50,3404
SPEED_LIMIT_30/65216.jpg,maximum_speed_limit_30_km_h,SPEED_LIMIT_30,train,huggingface_kannanwisen_indian_traffic_sign_classification,CC-BY-4.0 (declared; no author or source named upstream),yes,0f0f0f33330f0f93,50,50,2802
SPEED_LIMIT_30/65220.jpg,maximum_speed_limit_30_km_h,SPEED_LIMIT_30,train,huggingface_kannanwisen_indian_traffic_sign_classification,CC-BY-4.0 (declared; no author or source named upstream),yes,8e0f0f23330f0f0e,50,50,2926
SPEED_LIMIT_30/65224.jpg,maximum_speed_limit_30_km_h,SPEED_LIMIT_30,train,huggingface_kannanwisen_indian_traffic_sign_classification,CC-BY-4.0 (declared; no author or source named upstream),yes,8f1f4f6934690f2b,50,50,3418
SPEED_LIMIT_30/65228.jpg,maximum_speed_limit_30_km_h,SPEED_LIMIT_30,train,huggingface_kannanwisen_indian_traffic_sign_classification,CC-BY-4.0 (declared; no author or source named upstream),yes,234d8e3337ae0d33,50,50,2968
SPEED_LIMIT_30/65232.jpg,maximum_speed_limit_30_km_h,SPEED_LIMIT_30,train,huggingface_kannanwisen_indian_traffic_sign_classification,CC-BY-4.0 (declared; no author or source named upstream),yes,30cf8fa2b2aecc71,50,50,3328
SPEED_LIMIT_30/65236.jpg,maximum_speed_limit_30_km_h,SPEED_LIMIT_30,train,huggingface_kannanwisen_indian_traffic_sign_classification,CC-BY-4.0 (declared; no author or source named upstream),yes,704c8e2337ae4c73,50,50,2562
SPEED_LIMIT_30/65240.jpg,maximum_speed_limit_30_km_h,SPEED_LIMIT_30,train,huggingface_kannanwisen_indian_traffic_sign_classification,CC-BY-4.0 (declared; no author or source named upstream),yes,f10f8fa9b5a8cc60,50,50,2932
SPEED_LIMIT_30/65244.jpg,maximum_speed_limit_30_km_h,SPEED_LIMIT_30,train,huggingface_kannanwisen_indian_traffic_sign_classification,CC-BY-4.0 (declared; no author or source named upstream),yes,71cc8eaab7aaccf0,50,50,3340
SPEED_LIMIT_30/65248.jpg,maximum_speed_limit_30_km_h,SPEED_LIMIT_30,train,huggingface_kannanwisen_indian_traffic_sign_classification,CC-BY-4.0 (declared; no author or source named upstream),yes,0b0f0e2b370f178b,50,50,2592
SPEED_LIMIT_30/65252.jpg,maximum_speed_limit_30_km_h,SPEED_LIMIT_30,train,huggingface_kannanwisen_indian_traffic_sign_classification,CC-BY-4.0 (declared; no author or source named upstream),yes,71ccae32228e4c74,50,50,3282
SPEED_LIMIT_30/65256.jpg,maximum_speed_limit_30_km_h,SPEED_LIMIT_30,train,huggingface_kannanwisen_indian_traffic_sign_classification,CC-BY-4.0 (declared; no author or source named upstream),yes,9f0f0f69352b0f0d,50,50,3324
SPEED_LIMIT_30/65260.jpg,maximum_speed_limit_30_km_h,SPEED_LIMIT_30,train,huggingface_kannanwisen_indian_traffic_sign_classification,CC-BY-4.0 (declared; no author or source named upstream),yes,61dcaea131aecc70,50,50,3284
SPEED_LIMIT_30/65264.jpg,maximum_speed_limit_30_km_h,SPEED_LIMIT_30,train,huggingface_kannanwisen_indian_traffic_sign_classification,CC-BY-4.0 (declared; no author or source named upstream),yes,f4c48eb3b387c6b6,50,50,2470
SPEED_LIMIT_30/65268.jpg,maximum_speed_limit_30_km_h,SPEED_LIMIT_30,train,huggingface_kannanwisen_indian_traffic_sign_classification,CC-BY-4.0 (declared; no author or source named upstream),yes,9ece8ea133abce72,50,50,2400
SPEED_LIMIT_30/65272.jpg,maximum_speed_limit_30_km_h,SPEED_LIMIT_30,train,huggingface_kannanwisen_indian_traffic_sign_classification,CC-BY-4.0 (declared; no author or source named upstream),yes,314c8e3137aacc79,50,50,3452
SPEED_LIMIT_30/65276.jpg,maximum_speed_limit_30_km_h,SPEED_LIMIT_30,train,huggingface_kannanwisen_indian_traffic_sign_classification,CC-BY-4.0 (declared; no author or source named upstream),yes,d9c4cea7b3b3cecc,50,50,2898
SPEED_LIMIT_30/65280.jpg,maximum_speed_limit_30_km_h,SPEED_LIMIT_30,train,huggingface_kannanwisen_indian_traffic_sign_classification,CC-BY-4.0 (declared; no author or source named upstream),yes,b28d0e2b372b0f2d,50,50,3562
SPEED_LIMIT_30/65284.jpg,maximum_speed_limit_30_km_h,SPEED_LIMIT_30,train,huggingface_kannanwisen_indian_traffic_sign_classification,CC-BY-4.0 (declared; no author or source named upstream),yes,91488ebab5aa4e6c,50,50,2500
SPEED_LIMIT_30/65288.jpg,maximum_speed_limit_30_km_h,SPEED_LIMIT_30,train,huggingface_kannanwisen_indian_traffic_sign_classification,CC-BY-4.0 (declared; no author or source named upstream),yes,70cc8e2335aa8ee8,50,50,2814
SPEED_LIMIT_30/65292.jpg,maximum_speed_limit_30_km_h,SPEED_LIMIT_30,train,huggingface_kannanwisen_indian_traffic_sign_classification,CC-BY-4.0 (declared; no author or source named upstream),yes,93050e23372f0f13,50,50,2688
SPEED_LIMIT_30/65296.jpg,maximum_speed_limit_30_km_h,SPEED_LIMIT_30,train,huggingface_kannanwisen_indian_traffic_sign_classification,CC-BY-4.0 (declared; no author or source named upstream),yes,36efc6b333ab8f67,50,50,2672
SPEED_LIMIT_30/65300.jpg,maximum_speed_limit_30_km_h,SPEED_LIMIT_30,train,huggingface_kannanwisen_indian_traffic_sign_classification,CC-BY-4.0 (declared; no author or source named upstream),yes,110c0a23352e4f1f,50,50,3794
SPEED_LIMIT_30/65304.jpg,maximum_speed_limit_30_km_h,SPEED_LIMIT_30,train,huggingface_kannanwisen_indian_traffic_sign_classification,CC-BY-4.0 (declared; no author or source named upstream),yes,8b0d0e23330e0d0b,50,50,3944
SPEED_LIMIT_30/65308.jpg,maximum_speed_limit_30_km_h,SPEED_LIMIT_30,train,huggingface_kannanwisen_indian_traffic_sign_classification,CC-BY-4.0 (declared; no author or source named upstream),yes,71cc8ea3b7aace70,50,50,2762
SPEED_LIMIT_30/65312.jpg,maximum_speed_limit_30_km_h,SPEED_LIMIT_30,train,huggingface_kannanwisen_indian_traffic_sign_classification,CC-BY-4.0 (declared; no author or source named upstream),yes,0f0f0f3333270707,50,50,2794
SPEED_LIMIT_30/65316.jpg,maximum_speed_limit_30_km_h,SPEED_LIMIT_30,train,huggingface_kannanwisen_indian_traffic_sign_classification,CC-BY-4.0 (declared; no author or source named upstream),yes,8f170f29356d0f2f,50,50,3318
SPEED_LIMIT_40/66000.jpg,maximum_speed_limit_40_km_h,SPEED_LIMIT_40,train,huggingface_kannanwisen_indian_traffic_sign_classification,CC-BY-4.0 (declared; no author or source named upstream),yes,cf8f0f2b231b8eec,50,50,3338
SPEED_LIMIT_40/66004.jpg,maximum_speed_limit_40_km_h,SPEED_LIMIT_40,train,huggingface_kannanwisen_indian_traffic_sign_classification,CC-BY-4.0 (declared; no author or source named upstream),yes,b269dda7a14c31c7,50,50,2758
SPEED_LIMIT_40/66008.jpg,maximum_speed_limit_40_km_h,SPEED_LIMIT_40,train,huggingface_kannanwisen_indian_traffic_sign_classification,CC-BY-4.0 (declared; no author or source named upstream),yes,d6ccce92d6cece82,50,50,3062
SPEED_LIMIT_40/66012.jpg,maximum_speed_limit_40_km_h,SPEED_LIMIT_40,train,huggingface_kannanwisen_indian_traffic_sign_classification,CC-BY-4.0 (declared; no author or source named upstream),yes,f169cda0e1cdb197,50,50,3310
SPEED_LIMIT_40/66016.jpg,maximum_speed_limit_40_km_h,SPEED_LIMIT_40,train,huggingface_kannanwisen_indian_traffic_sign_classification,CC-BY-4.0 (declared; no author or source named upstream),yes,334d9ea3b29e4d33,50,50,2390
SPEED_LIMIT_40/66020.jpg,maximum_speed_limit_40_km_h,SPEED_LIMIT_40,train,huggingface_kannanwisen_indian_traffic_sign_classification,CC-BY-4.0 (declared; no author or source named upstream),yes,b369ccb6b6cc7196,50,50,2934
SPEED_LIMIT_40/66024.jpg,maximum_speed_limit_40_km_h,SPEED_LIMIT_40,train,huggingface_kannanwisen_indian_traffic_sign_classification,CC-BY-4.0 (declared; no author or source named upstream),yes,1269ede6656d30c7,50,50,3296
SPEED_LIMIT_40/66028.jpg,maximum_speed_limit_40_km_h,SPEED_LIMIT_40,train,huggingface_kannanwisen_indian_traffic_sign_classification,CC-BY-4.0 (declared; no author or source named upstream),yes,b261cda3a54d31c7,50,50,3530
SPEED_LIMIT_40/66032.jpg,maximum_speed_limit_40_km_h,SPEED_LIMIT_40,train,huggingface_kannanwisen_indian_traffic_sign_classification,CC-BY-4.0 (declared; no author or source named upstream),yes,b2695d2b294df196,50,50,2922
SPEED_LIMIT_40/66036.jpg,maximum_speed_limit_40_km_h,SPEED_LIMIT_40,train,huggingface_kannanwisen_indian_traffic_sign_classification,CC-BY-4.0 (declared; no author or source named upstream),yes,b269ccaaa8cc69b2,50,50,2914
SPEED_LIMIT_40/66040.jpg,maximum_speed_limit_40_km_h,SPEED_LIMIT_40,train,huggingface_kannanwisen_indian_traffic_sign_classification,CC-BY-4.0 (declared; no author or source named upstream),yes,9279ccabe7cd6973,50,50,2744
SPEED_LIMIT_40/66044.jpg,maximum_speed_limit_40_km_h,SPEED_LIMIT_40,train,huggingface_kannanwisen_indian_traffic_sign_classification,CC-BY-4.0 (declared; no author or source named upstream),yes,3579ddb8f1dd6933,50,50,3462
SPEED_LIMIT_40/66048.jpg,maximum_speed_limit_40_km_h,SPEED_LIMIT_40,train,huggingface_kannanwisen_indian_traffic_sign_classification,CC-BY-4.0 (declared; no author or source named upstream),yes,314e8fb3239e4d33,50,50,2264
SPEED_LIMIT_40/66052.jpg,maximum_speed_limit_40_km_h,SPEED_LIMIT_40,train,huggingface_kannanwisen_indian_traffic_sign_classification,CC-BY-4.0 (declared; no author or source named upstream),yes,0670cda9e5cd61b2,50,50,2518
SPEED_LIMIT_40/66056.jpg,maximum_speed_limit_40_km_h,SPEED_LIMIT_40,train,huggingface_kannanwisen_indian_traffic_sign_classification,CC-BY-4.0 (declared; no author or source named upstream),yes,b2e9e9a6e54971a7,50,50,2472
SPEED_LIMIT_40/66060.jpg,maximum_speed_limit_40_km_h,SPEED_LIMIT_40,train,huggingface_kannanwisen_indian_traffic_sign_classification,CC-BY-4.0 (declared; no author or source named upstream),yes,f368cca2e2c46833,50,50,2640
SPEED_LIMIT_40/66064.jpg,maximum_speed_limit_40_km_h,SPEED_LIMIT_40,train,huggingface_kannanwisen_indian_traffic_sign_classification,CC-BY-4.0 (declared; no author or source named upstream),yes,3269e966642933e5,50,50,2642
SPEED_LIMIT_40/66068.jpg,maximum_speed_limit_40_km_h,SPEED_LIMIT_40,train,huggingface_kannanwisen_indian_traffic_sign_classification,CC-BY-4.0 (declared; no author or source named upstream),yes,b269cde6646d31c5,50,50,2872
SPEED_LIMIT_40/66072.jpg,maximum_speed_limit_40_km_h,SPEED_LIMIT_40,train,huggingface_kannanwisen_indian_traffic_sign_classification,CC-BY-4.0 (declared; no author or source named upstream),yes,df71ede6652d31e4,50,50,3136
SPEED_LIMIT_40/66076.jpg,maximum_speed_limit_40_km_h,SPEED_LIMIT_40,train,huggingface_kannanwisen_indian_traffic_sign_classification,CC-BY-4.0 (declared; no author or source named upstream),yes,888e8f2b2b8f8ea0,50,50,3104
SPEED_LIMIT_40/66080.jpg,maximum_speed_limit_40_km_h,SPEED_LIMIT_40,train,huggingface_kannanwisen_indian_traffic_sign_classification,CC-BY-4.0 (declared; no author or source named upstream),yes,9361cceae44c69b2,50,50,2458
SPEED_LIMIT_40/66084.jpg,maximum_speed_limit_40_km_h,SPEED_LIMIT_40,train,huggingface_kannanwisen_indian_traffic_sign_classification,CC-BY-4.0 (declared; no author or source named upstream),yes,b261ccb6b64c69b3,50,50,2978
SPEED_LIMIT_40/66088.jpg,maximum_speed_limit_40_km_h,SPEED_LIMIT_40,train,huggingface_kannanwisen_indian_traffic_sign_classification,CC-BY-4.0 (declared; no author or source named upstream),yes,b360ccaacc4c7194,50,50,2376
SPEED_LIMIT_40/66092.jpg,maximum_speed_limit_40_km_h,SPEED_LIMIT_40,train,huggingface_kannanwisen_indian_traffic_sign_classification,CC-BY-4.0 (declared; no author or source named upstream),yes,3268dcb2b2dc6932,50,50,2434
SPEED_LIMIT_40/66096.jpg,maximum_speed_limit_40_km_h,SPEED_LIMIT_40,train,huggingface_kannanwisen_indian_traffic_sign_classification,CC-BY-4.0 (declared; no author or source named upstream),yes,b269cc92b2de6c31,50,50,2600
SPEED_LIMIT_40/66100.jpg,maximum_speed_limit_40_km_h,SPEED_LIMIT_40,train,huggingface_kannanwisen_indian_traffic_sign_classification,CC-BY-4.0 (declared; no author or source named upstream),yes,c7f7ceaaaace6fb3,50,50,3138
SPEED_LIMIT_40/66104.jpg,maximum_speed_limit_40_km_h,SPEED_LIMIT_40,train,huggingface_kannanwisen_indian_traffic_sign_classification,CC-BY-4.0 (declared; no author or source named upstream),yes,5eae4eb2e2cfbb3d,50,50,3162
SPEED_LIMIT_40/66108.jpg,maximum_speed_limit_40_km_h,SPEED_LIMIT_40,train,huggingface_kannanwisen_indian_traffic_sign_classification,CC-BY-4.0 (declared; no author or source named upstream),yes,ecebcef24ecba7d5,50,50,2916
SPEED_LIMIT_40/66112.jpg,maximum_speed_limit_40_km_h,SPEED_LIMIT_40,train,huggingface_kannanwisen_indian_traffic_sign_classification,CC-BY-4.0 (declared; no author or source named upstream),yes,4b091d2a261c88c8,50,50,3472
SPEED_LIMIT_40/66116.jpg,maximum_speed_limit_40_km_h,SPEED_LIMIT_40,train,huggingface_kannanwisen_indian_traffic_sign_classification,CC-BY-4.0 (declared; no author or source named upstream),yes,4a424e52320c6963,50,50,3802
SPEED_LIMIT_40/66120.jpg,maximum_speed_limit_40_km_h,SPEED_LIMIT_40,train,huggingface_kannanwisen_indian_traffic_sign_classification,CC-BY-4.0 (declared; no author or source named upstream),yes,874c9e92b04e0b07,50,50,3158
SPEED_LIMIT_40/66124.jpg,maximum_speed_limit_40_km_h,SPEED_LIMIT_40,train,huggingface_kannanwisen_indian_traffic_sign_classification,CC-BY-4.0 (declared; no author or source named upstream),yes,460e0e26260e8e9e,50,50,3310
SPEED_LIMIT_40/66128.jpg,maximum_speed_limit_40_km_h,SPEED_LIMIT_40,train,huggingface_kannanwisen_indian_traffic_sign_classification,CC-BY-4.0 (declared; no author or source named upstream),yes,4b4f8fa3228eede5,50,50,3004
SPEED_LIMIT_40/66132.jpg,maximum_speed_limit_40_km_h,SPEED_LIMIT_40,train,huggingface_kannanwisen_indian_traffic_sign_classification,CC-BY-4.0 (declared; no author or source named upstream),yes,db7b48aca09cc809,50,50,3530
SPEED_LIMIT_40/66136.jpg,maximum_speed_limit_40_km_h,SPEED_LIMIT_40,train,huggingface_kannanwisen_indian_traffic_sign_classification,CC-BY-4.0 (declared; no author or source named upstream),yes,3368dcb7a34c68f3,50,50,2782
SPEED_LIMIT_40/66140.jpg,maximum_speed_limit_40_km_h,SPEED_LIMIT_40,train,huggingface_kannanwisen_indian_traffic_sign_classification,CC-BY-4.0 (declared; no author or source named upstream),yes,1278eca6e64c31c7,50,50,3414
SPEED_LIMIT_40/66144.jpg,maximum_speed_limit_40_km_h,SPEED_LIMIT_40,train,huggingface_kannanwisen_indian_traffic_sign_classification,CC-BY-4.0 (declared; no author or source named upstream),yes,93adce96b29ecdb3,50,50,2450
SPEED_LIMIT_40/66160.jpg,maximum_speed_limit_40_km_h,SPEED_LIMIT_40,train,huggingface_kannanwisen_indian_traffic_sign_classification,CC-BY-4.0 (declared; no author or source named upstream),yes,314d8e23238ecd73,50,50,2614
SPEED_LIMIT_40/66164.jpg,maximum_speed_limit_40_km_h,SPEED_LIMIT_40,train,huggingface_kannanwisen_indian_traffic_sign_classification,CC-BY-4.0 (declared; no author or source named upstream),yes,b369de2222dd69b5,50,50,3612
SPEED_LIMIT_40/66180.jpg,maximum_speed_limit_40_km_h,SPEED_LIMIT_40,train,huggingface_kannanwisen_indian_traffic_sign_classification,CC-BY-4.0 (declared; no author or source named upstream),yes,bf70ccaee2cc6833,50,50,3028
SPEED_LIMIT_40/66188.jpg,maximum_speed_limit_40_km_h,SPEED_LIMIT_40,train,huggingface_kannanwisen_indian_traffic_sign_classification,CC-BY-4.0 (declared; no author or source named upstream),yes,b379cde6664d29c6,50,50,2574
SPEED_LIMIT_40/66192.jpg,maximum_speed_limit_40_km_h,SPEED_LIMIT_40,train,huggingface_kannanwisen_indian_traffic_sign_classification,CC-BY-4.0 (declared; no author or source named upstream),yes,31ecaca6e2cc71a7,50,50,3082
SPEED_LIMIT_40/66196.jpg,maximum_speed_limit_40_km_h,SPEED_LIMIT_40,train,huggingface_kannanwisen_indian_traffic_sign_classification,CC-BY-4.0 (declared; no author or source named upstream),yes,b18e8fb3b38e8eb0,50,50,3112
SPEED_LIMIT_40/66212.jpg,maximum_speed_limit_40_km_h,SPEED_LIMIT_40,train,huggingface_kannanwisen_indian_traffic_sign_classification,CC-BY-4.0 (declared; no author or source named upstream),yes,31668ea3a38e4d33,50,50,2554
SPEED_LIMIT_40/66220.jpg,maximum_speed_limit_40_km_h,SPEED_LIMIT_40,train,huggingface_kannanwisen_indian_traffic_sign_classification,CC-BY-4.0 (declared; no author or source named upstream),yes,c2c11c30140923a0,50,50,3004
SPEED_LIMIT_40/66224.jpg,maximum_speed_limit_40_km_h,SPEED_LIMIT_40,train,huggingface_kannanwisen_indian_traffic_sign_classification,CC-BY-4.0 (declared; no author or source named upstream),yes,9271cdf3f1cc79b3,50,50,2988
SPEED_LIMIT_5/62000.jpg,,SPEED_LIMIT_5,train,huggingface_kannanwisen_indian_traffic_sign_classification,CC-BY-4.0 (declared; no author or source named upstream),no,c98c36373b164c0f,50,50,3996
SPEED_LIMIT_5/62004.jpg,,SPEED_LIMIT_5,train,huggingface_kannanwisen_indian_traffic_sign_classification,CC-BY-4.0 (declared; no author or source named upstream),no,c292c9f46c6a383c,50,50,2500
SPEED_LIMIT_5/62008.jpg,,SPEED_LIMIT_5,train,huggingface_kannanwisen_indian_traffic_sign_classification,CC-BY-4.0 (declared; no author or source named upstream),no,cb498d273795090e,50,50,4052
SPEED_LIMIT_5/62012.jpg,,SPEED_LIMIT_5,train,huggingface_kannanwisen_indian_traffic_sign_classification,CC-BY-4.0 (declared; no author or source named upstream),no,cdcc96333b13040e,50,50,4002
SPEED_LIMIT_5/62016.jpg,,SPEED_LIMIT_5,train,huggingface_kannanwisen_indian_traffic_sign_classification,CC-BY-4.0 (declared; no author or source named upstream),no,9bb9cf76168ece8e,50,50,3188
SPEED_LIMIT_5/62020.jpg,,SPEED_LIMIT_5,train,huggingface_kannanwisen_indian_traffic_sign_classification,CC-BY-4.0 (declared; no author or source named upstream),no,d1c88eb69694c962,50,50,3224
SPEED_LIMIT_5/62024.jpg,,SPEED_LIMIT_5,train,huggingface_kannanwisen_indian_traffic_sign_classification,CC-BY-4.0 (declared; no author or source named upstream),no,616dd692da546171,50,50,2836
SPEED_LIMIT_5/62028.jpg,,SPEED_LIMIT_5,train,huggingface_kannanwisen_indian_traffic_sign_classification,CC-BY-4.0 (declared; no author or source named upstream),no,f1e6ce969296cd72,50,50,3206
SPEED_LIMIT_5/62032.jpg,,SPEED_LIMIT_5,train,huggingface_kannanwisen_indian_traffic_sign_classification,CC-BY-4.0 (declared; no author or source named upstream),no,78cfb3b3abb2d6ca,50,50,3750
SPEED_LIMIT_5/62036.jpg,,SPEED_LIMIT_5,train,huggingface_kannanwisen_indian_traffic_sign_classification,CC-BY-4.0 (declared; no author or source named upstream),no,504856335a525e47,50,50,3588
SPEED_LIMIT_5/62040.jpg,,SPEED_LIMIT_5,train,huggingface_kannanwisen_indian_traffic_sign_classification,CC-BY-4.0 (declared; no author or source named upstream),no,b76fd7b39bd74f6d,50,50,3798
SPEED_LIMIT_5/62044.jpg,,SPEED_LIMIT_5,train,huggingface_kannanwisen_indian_traffic_sign_classification,CC-BY-4.0 (declared; no author or source named upstream),no,9673f5f6dad473f3,50,50,3098
SPEED_LIMIT_5/62048.jpg,,SPEED_LIMIT_5,train,huggingface_kannanwisen_indian_traffic_sign_classification,CC-BY-4.0 (declared; no author or source named upstream),no,fbff77b793d66f6f,50,50,3830
SPEED_LIMIT_5/62060.jpg,,SPEED_LIMIT_5,train,huggingface_kannanwisen_indian_traffic_sign_classification,CC-BY-4.0 (declared; no author or source named upstream),no,6169d4b29ad46970,50,50,2922
SPEED_LIMIT_5/62064.jpg,,SPEED_LIMIT_5,train,huggingface_kannanwisen_indian_traffic_sign_classification,CC-BY-4.0 (declared; no author or source named upstream),no,336954325a562c4f,50,50,3566
SPEED_LIMIT_5/62068.jpg,,SPEED_LIMIT_5,train,huggingface_kannanwisen_indian_traffic_sign_classification,CC-BY-4.0 (declared; no author or source named upstream),no,e1ce96129a564c70,50,50,3574
SPEED_LIMIT_5/62072.jpg,,SPEED_LIMIT_5,train,huggingface_kannanwisen_indian_traffic_sign_classification,CC-BY-4.0 (declared; no author or source named upstream),no,6169d6929ad06971,50,50,2896
SPEED_LIMIT_5/62076.jpg,,SPEED_LIMIT_5,train,huggingface_kannanwisen_indian_traffic_sign_classification,CC-BY-4.0 (declared; no author or source named upstream),no,0d97b6b39b93c6c4,50,50,3766
SPEED_LIMIT_5/62084.jpg,,SPEED_LIMIT_5,train,huggingface_kannanwisen_indian_traffic_sign_classification,CC-BY-4.0 (declared; no author or source named upstream),no,4803101411415253,50,50,3466
SPEED_LIMIT_5/62088.jpg,,SPEED_LIMIT_5,train,huggingface_kannanwisen_indian_traffic_sign_classification,CC-BY-4.0 (declared; no author or source named upstream),no,2109159797848e87,50,50,3652
SPEED_LIMIT_5/62092.jpg,,SPEED_LIMIT_5,train,huggingface_kannanwisen_indian_traffic_sign_classification,CC-BY-4.0 (declared; no author or source named upstream),no,f1cd96969284c962,50,50,3320
SPEED_LIMIT_5/62096.jpg,,SPEED_LIMIT_5,train,huggingface_kannanwisen_indian_traffic_sign_classification,CC-BY-4.0 (declared; no author or source named upstream),no,ef8d8fb7b7978dc5,50,50,3486
SPEED_LIMIT_5/62108.jpg,,SPEED_LIMIT_5,train,huggingface_kannanwisen_indian_traffic_sign_classification,CC-BY-4.0 (declared; no author or source named upstream),no,7b4b0f17171f4f4b,50,50,3364
SPEED_LIMIT_5/62112.jpg,,SPEED_LIMIT_5,train,huggingface_kannanwisen_indian_traffic_sign_classification,CC-BY-4.0 (declared; no author or source named upstream),no,173363575b713352,50,50,2888
SPEED_LIMIT_5/62116.jpg,,SPEED_LIMIT_5,train,huggingface_kannanwisen_indian_traffic_sign_classification,CC-BY-4.0 (declared; no author or source named upstream),no,226ad696d2c47db9,50,50,3528
SPEED_LIMIT_50/67000.jpg,,SPEED_LIMIT_50,train,huggingface_kannanwisen_indian_traffic_sign_classification,CC-BY-4.0 (declared; no author or source named upstream),no,79cc9a2b330b0f06,50,50,3642
SPEED_LIMIT_50/67004.jpg,,SPEED_LIMIT_50,train,huggingface_kannanwisen_indian_traffic_sign_classification,CC-BY-4.0 (declared; no author or source named upstream),no,9f0f0f2b330f0f06,50,50,2720
SPEED_LIMIT_50/67008.jpg,,SPEED_LIMIT_50,train,huggingface_kannanwisen_indian_traffic_sign_classification,CC-BY-4.0 (declared; no author or source named upstream),no,8e0f0f2b330a0f0b,50,50,3484
SPEED_LIMIT_50/67012.jpg,,SPEED_LIMIT_50,train,huggingface_kannanwisen_indian_traffic_sign_classification,CC-BY-4.0 (declared; no author or source named upstream),no,374f8eab33bf4e29,50,50,2250
SPEED_LIMIT_50/67016.jpg,,SPEED_LIMIT_50,train,huggingface_kannanwisen_indian_traffic_sign_classification,CC-BY-4.0 (declared; no author or source named upstream),no,347c4cf0d26c7c74,50,50,3278
SPEED_LIMIT_50/67020.jpg,,SPEED_LIMIT_50,train,huggingface_kannanwisen_indian_traffic_sign_classification,CC-BY-4.0 (declared; no author or source named upstream),no,b2f14ca8b0ccf998,50,50,3124
SPEED_LIMIT_50/67024.jpg,,SPEED_LIMIT_50,train,huggingface_kannanwisen_indian_traffic_sign_classification,CC-BY-4.0 (declared; no author or source named upstream),no,b2f1ccbb524e6a78,50,50,3402
SPEED_LIMIT_50/67028.jpg,,SPEED_LIMIT_50,train,huggingface_kannanwisen_indian_traffic_sign_classification,CC-BY-4.0 (declared; no author or source named upstream),no,f2714cb8d0cc79d8,50,50,3078
SPEED_LIMIT_50/67032.jpg,,SPEED_LIMIT_50,train,huggingface_kannanwisen_indian_traffic_sign_classification,CC-BY-4.0 (declared; no author or source named upstream),no,b0c9cda8b0cce8ba,50,50,3402
SPEED_LIMIT_50/67036.jpg,,SPEED_LIMIT_50,train,huggingface_kannanwisen_indian_traffic_sign_classification,CC-BY-4.0 (declared; no author or source named upstream),no,33914c68d04d495c,50,50,3466
SPEED_LIMIT_50/67040.jpg,,SPEED_LIMIT_50,train,huggingface_kannanwisen_indian_traffic_sign_classification,CC-BY-4.0 (declared; no author or source named upstream),no,d3d6f0c9d0e81212,50,50,2986
SPEED_LIMIT_50/67044.jpg,,SPEED_LIMIT_50,train,huggingface_kannanwisen_indian_traffic_sign_classification,CC-BY-4.0 (declared; no author or source named upstream),no,336d8eaa9a8c4a9c,50,50,2882
SPEED_LIMIT_50/67048.jpg,,SPEED_LIMIT_50,train,huggingface_kannanwisen_indian_traffic_sign_classification,CC-BY-4.0 (declared; no author or source named upstream),no,b26d8eaaba8e4dde,50,50,2842
SPEED_LIMIT_50/67052.jpg,,SPEED_LIMIT_50,train,huggingface_kannanwisen_indian_traffic_sign_classification,CC-BY-4.0 (declared; no author or source named upstream),no,33698eaaaaaecd33,50,50,3426
SPEED_LIMIT_50/67056.jpg,,SPEED_LIMIT_50,train,huggingface_kannanwisen_indian_traffic_sign_classification,CC-BY-4.0 (declared; no author or source named upstream),no,92110f2bb28f4979,50,50,3606
SPEED_LIMIT_50/67072.jpg,,SPEED_LIMIT_50,train,huggingface_kannanwisen_indian_traffic_sign_classification,CC-BY-4.0 (declared; no author or source named upstream),no,32c0cde8d0cc789a,50,50,3170
SPEED_LIMIT_50/67076.jpg,,SPEED_LIMIT_50,train,huggingface_kannanwisen_indian_traffic_sign_classification,CC-BY-4.0 (declared; no author or source named upstream),no,99f8cce4f0ccf2f2,50,50,3902
SPEED_LIMIT_50/67080.jpg,,SPEED_LIMIT_50,train,huggingface_kannanwisen_indian_traffic_sign_classification,CC-BY-4.0 (declared; no author or source named upstream),no,b3e9ccaab2cce9b3,50,50,2584
SPEED_LIMIT_50/67084.jpg,,SPEED_LIMIT_50,train,huggingface_kannanwisen_indian_traffic_sign_classification,CC-BY-4.0 (declared; no author or source named upstream),no,138f8e2b338e8f86,50,50,2744
SPEED_LIMIT_50/67088.jpg,,SPEED_LIMIT_50,train,huggingface_kannanwisen_indian_traffic_sign_classification,CC-BY-4.0 (declared; no author or source named upstream),no,b3f1ccaa32cce9b2,50,50,2540
SPEED_LIMIT_50/67092.jpg,,SPEED_LIMIT_50,train,huggingface_kannanwisen_indian_traffic_sign_classification,CC-BY-4.0 (declared; no author or source named upstream),no,b271cdabb3cda9b2,50,50,2888
SPEED_LIMIT_50/67100.jpg,,SPEED_LIMIT_50,train,huggingface_kannanwisen_indian_traffic_sign_classification,CC-BY-4.0 (declared; no author or source named upstream),no,c1098c2a37aeccf1,50,50,2824
SPEED_LIMIT_50/67104.jpg,,SPEED_LIMIT_50,train,huggingface_kannanwisen_indian_traffic_sign_classification,CC-BY-4.0 (declared; no author or source named upstream),no,33cc8eaaaa8c7123,50,50,3208
SPEED_LIMIT_50/67108.jpg,,SPEED_LIMIT_50,train,huggingface_kannanwisen_indian_traffic_sign_classification,CC-BY-4.0 (declared; no author or source named upstream),no,0f0f0fab332b0f0f,50,50,3982
SPEED_LIMIT_50/67112.jpg,,SPEED_LIMIT_50,train,huggingface_kannanwisen_indian_traffic_sign_classification,CC-BY-4.0 (declared; no author or source named upstream),no,0b0f0f2f372f0703,50,50,2670
SPEED_LIMIT_50/67116.jpg,,SPEED_LIMIT_50,train,huggingface_kannanwisen_indian_traffic_sign_classification,CC-BY-4.0 (declared; no author or source named upstream),no,6b4c8eab37aeccf1,50,50,2490
SPEED_LIMIT_50/67120.jpg,,SPEED_LIMIT_50,train,huggingface_kannanwisen_indian_traffic_sign_classification,CC-BY-4.0 (declared; no author or source named upstream),no,3a4c8e2b338e4f33,50,50,2946
SPEED_LIMIT_50/67124.jpg,,SPEED_LIMIT_50,train,huggingface_kannanwisen_indian_traffic_sign_classification,CC-BY-4.0 (declared; no author or source named upstream),no,900c0e2b372a0cb4,50,50,3244
SPEED_LIMIT_50/67128.jpg,,SPEED_LIMIT_50,train,huggingface_kannanwisen_indian_traffic_sign_classification,CC-BY-4.0 (declared; no author or source named upstream),no,30ce862b332f8ef9,50,50,2902
SPEED_LIMIT_50/67132.jpg,,SPEED_LIMIT_50,train,huggingface_kannanwisen_indian_traffic_sign_classification,CC-BY-4.0 (declared; no author or source named upstream),no,3a4d8eaab2ae4d73,50,50,3760
SPEED_LIMIT_50/67136.jpg,,SPEED_LIMIT_50,train,huggingface_kannanwisen_indian_traffic_sign_classification,CC-BY-4.0 (declared; no author or source named upstream),no,74cc82b3b386cc79,50,50,2818
SPEED_LIMIT_50/67140.jpg,,SPEED_LIMIT_50,train,huggingface_kannanwisen_indian_traffic_sign_classification,CC-BY-4.0 (declared; no author or source named upstream),no,070f0f2b330f0f1f,50,50,2744
SPEED_LIMIT_50/67144.jpg,,SPEED_LIMIT_50,train,huggingface_kannanwisen_indian_traffic_sign_classification,CC-BY-4.0 (declared; no author or source named upstream),no,900c2e6b372f0c98,50,50,3562
SPEED_LIMIT_50/67148.jpg,,SPEED_LIMIT_50,train,huggingface_kannanwisen_indian_traffic_sign_classification,CC-BY-4.0 (declared; no author or source named upstream),no,134d8e2b338e0d1f,50,50,2894
SPEED_LIMIT_50/67152.jpg,,SPEED_LIMIT_50,train,huggingface_kannanwisen_indian_traffic_sign_classification,CC-BY-4.0 (declared; no author or source named upstream),no,a20f0f2b330f0f0b,50,50,2888
SPEED_LIMIT_50/67156.jpg,,SPEED_LIMIT_50,train,huggingface_kannanwisen_indian_traffic_sign_classification,CC-BY-4.0 (declared; no author or source named upstream),no,f2cc8a2b252b0e60,50,50,3770
SPEED_LIMIT_50/67160.jpg,,SPEED_LIMIT_50,train,huggingface_kannanwisen_indian_traffic_sign_classification,CC-BY-4.0 (declared; no author or source named upstream),no,b14c8e2933b74e39,50,50,3576
SPEED_LIMIT_50/67164.jpg,,SPEED_LIMIT_50,train,huggingface_kannanwisen_indian_traffic_sign_classification,CC-BY-4.0 (declared; no author or source named upstream),no,070f062b372f0f1b,50,50,2544
SPEED_LIMIT_50/67168.jpg,,SPEED_LIMIT_50,train,huggingface_kannanwisen_indian_traffic_sign_classification,CC-BY-4.0 (declared; no author or source named upstream),no,8f0f0f2b330f0f8e,50,50,2742
SPEED_LIMIT_50/67172.jpg,,SPEED_LIMIT_50,train,huggingface_kannanwisen_indian_traffic_sign_classification,CC-BY-4.0 (declared; no author or source named upstream),no,714c8eab33aecc71,50,50,3128
SPEED_LIMIT_50/67176.jpg,,SPEED_LIMIT_50,train,huggingface_kannanwisen_indian_traffic_sign_classification,CC-BY-4.0 (declared; no author or source named upstream),no,f8ce8f2b372f0fb2,50,50,3052
SPEED_LIMIT_50/67180.jpg,,SPEED_LIMIT_50,train,huggingface_kannanwisen_indian_traffic_sign_classification,CC-BY-4.0 (declared; no author or source named upstream),no,70cc8e2b37afce79,50,50,2820
SPEED_LIMIT_50/67184.jpg,,SPEED_LIMIT_50,train,huggingface_kannanwisen_indian_traffic_sign_classification,CC-BY-4.0 (declared; no author or source named upstream),no,0e0f0f2b330f0f8e,50,50,2498
SPEED_LIMIT_50/67188.jpg,,SPEED_LIMIT_50,train,huggingface_kannanwisen_indian_traffic_sign_classification,CC-BY-4.0 (declared; no author or source named upstream),no,294f8e2b33aecef2,50,50,2848
SPEED_LIMIT_50/67192.jpg,,SPEED_LIMIT_50,train,huggingface_kannanwisen_indian_traffic_sign_classification,CC-BY-4.0 (declared; no author or source named upstream),no,8e8f8f2b332f0f93,50,50,2686
SPEED_LIMIT_50/67196.jpg,,SPEED_LIMIT_50,train,huggingface_kannanwisen_indian_traffic_sign_classification,CC-BY-4.0 (declared; no author or source named upstream),no,0f0f0f23330f0f2f,50,50,2862
SPEED_LIMIT_50/67200.jpg,,SPEED_LIMIT_50,train,huggingface_kannanwisen_indian_traffic_sign_classification,CC-BY-4.0 (declared; no author or source named upstream),no,0b0d0f2b330e078f,50,50,2606
SPEED_LIMIT_50/67204.jpg,,SPEED_LIMIT_50,train,huggingface_kannanwisen_indian_traffic_sign_classification,CC-BY-4.0 (declared; no author or source named upstream),no,0f0f0f2e32070f0f,50,50,3384
SPEED_LIMIT_50/67208.jpg,,SPEED_LIMIT_50,train,huggingface_kannanwisen_indian_traffic_sign_classification,CC-BY-4.0 (declared; no author or source named upstream),no,930d0e2b332e0d03,50,50,3020
SPEED_LIMIT_50/67212.jpg,,SPEED_LIMIT_50,train,huggingface_kannanwisen_indian_traffic_sign_classification,CC-BY-4.0 (declared; no author or source named upstream),no,870b0f2a320f1f0f,50,50,3480
SPEED_LIMIT_50/67216.jpg,,SPEED_LIMIT_50,train,huggingface_kannanwisen_indian_traffic_sign_classification,CC-BY-4.0 (declared; no author or source named upstream),no,8f4f8fabb22e0c9b,50,50,4058
SPEED_LIMIT_50/67220.jpg,,SPEED_LIMIT_50,train,huggingface_kannanwisen_indian_traffic_sign_classification,CC-BY-4.0 (declared; no author or source named upstream),no,9b0f0e2b330e0f02,50,50,2400
SPEED_LIMIT_50/67224.jpg,,SPEED_LIMIT_50,train,huggingface_kannanwisen_indian_traffic_sign_classification,CC-BY-4.0 (declared; no author or source named upstream),no,71ccaeaab7aaccf0,50,50,3402
SPEED_LIMIT_50/67228.jpg,,SPEED_LIMIT_50,train,huggingface_kannanwisen_indian_traffic_sign_classification,CC-BY-4.0 (declared; no author or source named upstream),no,2f4f8e2b330f0d0f,50,50,2652
SPEED_LIMIT_50/67232.jpg,,SPEED_LIMIT_50,train,huggingface_kannanwisen_indian_traffic_sign_classification,CC-BY-4.0 (declared; no author or source named upstream),no,afcf8e2b372e0f17,50,50,3004
SPEED_LIMIT_50/67236.jpg,,SPEED_LIMIT_50,train,huggingface_kannanwisen_indian_traffic_sign_classification,CC-BY-4.0 (declared; no author or source named upstream),no,71c88eaab6aaccf8,50,50,3018
SPEED_LIMIT_50/67240.jpg,,SPEED_LIMIT_50,train,huggingface_kannanwisen_indian_traffic_sign_classification,CC-BY-4.0 (declared; no author or source named upstream),no,f8cc8e2b37abde61,50,50,3106
SPEED_LIMIT_50/67244.jpg,,SPEED_LIMIT_50,train,huggingface_kannanwisen_indian_traffic_sign_classification,CC-BY-4.0 (declared; no author or source named upstream),no,bfcf8b2b35270f8f,50,50,3772
SPEED_LIMIT_50/67248.jpg,,SPEED_LIMIT_50,train,huggingface_kannanwisen_indian_traffic_sign_classification,CC-BY-4.0 (declared; no author or source named upstream),no,364f8e2b37ae4f6b,50,50,2450
SPEED_LIMIT_50/67252.jpg,,SPEED_LIMIT_50,train,huggingface_kannanwisen_indian_traffic_sign_classification,CC-BY-4.0 (declared; no author or source named upstream),no,6b8f8ba3b38fcf96,50,50,2702
SPEED_LIMIT_50/67256.jpg,,SPEED_LIMIT_50,train,huggingface_kannanwisen_indian_traffic_sign_classification,CC-BY-4.0 (declared; no author or source named upstream),no,2c8c0f2b938e8c1b,50,50,3932
SPEED_LIMIT_50/67260.jpg,,SPEED_LIMIT_50,train,huggingface_kannanwisen_indian_traffic_sign_classification,CC-BY-4.0 (declared; no author or source named upstream),no,a30f2f2b37270f1f,50,50,3856
SPEED_LIMIT_50/67264.jpg,,SPEED_LIMIT_50,train,huggingface_kannanwisen_indian_traffic_sign_classification,CC-BY-4.0 (declared; no author or source named upstream),no,3b4f8f2b330e4f33,50,50,3210
SPEED_LIMIT_60/68000.jpg,,SPEED_LIMIT_60,train,huggingface_kannanwisen_indian_traffic_sign_classification,CC-BY-4.0 (declared; no author or source named upstream),no,3b4f8f2b230f0f37,50,50,2614
SPEED_LIMIT_60/68004.jpg,,SPEED_LIMIT_60,train,huggingface_kannanwisen_indian_traffic_sign_classification,CC-BY-4.0 (declared; no author or source named upstream),no,244c9e2b270e0c22,50,50,2490
SPEED_LIMIT_60/68008.jpg,,SPEED_LIMIT_60,train,huggingface_kannanwisen_indian_traffic_sign_classification,CC-BY-4.0 (declared; no author or source named upstream),no,70cc8e22330e0f06,50,50,2816
SPEED_LIMIT_60/68012.jpg,,SPEED_LIMIT_60,train,huggingface_kannanwisen_indian_traffic_sign_classification,CC-BY-4.0 (declared; no author or source named upstream),no,334f8f232b0f0fcf,50,50,2760
SPEED_LIMIT_60/68016.jpg,,SPEED_LIMIT_60,train,huggingface_kannanwisen_indian_traffic_sign_classification,CC-BY-4.0 (declared; no author or source named upstream),no,0b0d0e2b230f0f0a,50,50,3064
SPEED_LIMIT_60/68020.jpg,,SPEED_LIMIT_60,train,huggingface_kannanwisen_indian_traffic_sign_classification,CC-BY-4.0 (declared; no author or source named upstream),no,b072c9e0f0c97112,50,50,3070
SPEED_LIMIT_60/68024.jpg,,SPEED_LIMIT_60,train,huggingface_kannanwisen_indian_traffic_sign_classification,CC-BY-4.0 (declared; no author or source named upstream),no,b84c9cb2b28c49b8,50,50,3160
SPEED_LIMIT_60/68028.jpg,,SPEED_LIMIT_60,train,huggingface_kannanwisen_indian_traffic_sign_classification,CC-BY-4.0 (declared; no author or source named upstream),no,392d8cb2944ce959,50,50,3238
SPEED_LIMIT_60/68032.jpg,,SPEED_LIMIT_60,train,huggingface_kannanwisen_indian_traffic_sign_classification,CC-BY-4.0 (declared; no author or source named upstream),no,4e8f0b2b2b0f8e0e,50,50,3364
SPEED_LIMIT_60/68036.jpg,,SPEED_LIMIT_60,train,huggingface_kannanwisen_indian_traffic_sign_classification,CC-BY-4.0 (declared; no author or source named upstream),no,8f8f8faba3cecded,50,50,3448
SPEED_LIMIT_60/68044.jpg,,SPEED_LIMIT_60,train,huggingface_kannanwisen_indian_traffic_sign_classification,CC-BY-4.0 (declared; no author or source named upstream),no,baac4caba3cee89a,50,50,3900
SPEED_LIMIT_60/68072.jpg,,SPEED_LIMIT_60,train,huggingface_kannanwisen_indian_traffic_sign_classification,CC-BY-4.0 (declared; no author or source named upstream),no,61c88caab68ecc61,50,50,3058
SPEED_LIMIT_60/68076.jpg,,SPEED_LIMIT_60,train,huggingface_kannanwisen_indian_traffic_sign_classification,CC-BY-4.0 (declared; no author or source named upstream),no,8e0f0f2b370f0f16,50,50,2580
SPEED_LIMIT_60/68080.jpg,,SPEED_LIMIT_60,train,huggingface_kannanwisen_indian_traffic_sign_classification,CC-BY-4.0 (declared; no author or source named upstream),no,973dce2b27a60723,50,50,2528
SPEED_LIMIT_60/68084.jpg,,SPEED_LIMIT_60,train,huggingface_kannanwisen_indian_traffic_sign_classification,CC-BY-4.0 (declared; no author or source named upstream),no,824f8e2b278e4d0b,50,50,2582
SPEED_LIMIT_60/68088.jpg,,SPEED_LIMIT_60,train,huggingface_kannanwisen_indian_traffic_sign_classification,CC-BY-4.0 (declared; no author or source named upstream),no,ba4f8e2b278ecef0,50,50,2846
SPEED_LIMIT_60/68096.jpg,,SPEED_LIMIT_60,train,huggingface_kannanwisen_indian_traffic_sign_classification,CC-BY-4.0 (declared; no author or source named upstream),no,f1e9ddb595c9f1e5,50,50,2876
SPEED_LIMIT_60/68100.jpg,,SPEED_LIMIT_60,train,huggingface_kannanwisen_indian_traffic_sign_classification,CC-BY-4.0 (declared; no author or source named upstream),no,1671cda8a2cc6933,50,50,3020
SPEED_LIMIT_60/68104.jpg,,SPEED_LIMIT_60,train,huggingface_kannanwisen_indian_traffic_sign_classification,CC-BY-4.0 (declared; no author or source named upstream),no,b2c88caab28eecb2,50,50,2430
SPEED_LIMIT_60/68108.jpg,,SPEED_LIMIT_60,train,huggingface_kannanwisen_indian_traffic_sign_classification,CC-BY-4.0 (declared; no author or source named upstream),no,b368ccaab2c8e9f0,50,50,3012
SPEED_LIMIT_60/68112.jpg,,SPEED_LIMIT_60,train,huggingface_kannanwisen_indian_traffic_sign_classification,CC-BY-4.0 (declared; no author or source named upstream),no,3164ceaaaa8e4d33,50,50,3290
SPEED_LIMIT_60/68116.jpg,,SPEED_LIMIT_60,train,huggingface_kannanwisen_indian_traffic_sign_classification,CC-BY-4.0 (declared; no author or source named upstream),no,f0ec98b8b48cc9b0,50,50,2490
SPEED_LIMIT_60/68120.jpg,,SPEED_LIMIT_60,train,huggingface_kannanwisen_indian_traffic_sign_classification,CC-BY-4.0 (declared; no author or source named upstream),no,9c0f0e2b330e0f13,50,50,2400
SPEED_LIMIT_60/68124.jpg,,SPEED_LIMIT_60,train,huggingface_kannanwisen_indian_traffic_sign_classification,CC-BY-4.0 (declared; no author or source named upstream),no,714c8e2b238acc71,50,50,2408
SPEED_LIMIT_60/68128.jpg,,SPEED_LIMIT_60,train,huggingface_kannanwisen_indian_traffic_sign_classification,CC-BY-4.0 (declared; no author or source named upstream),no,70cc8aab238ecc70,50,50,3152
SPEED_LIMIT_60/68132.jpg,,SPEED_LIMIT_60,train,huggingface_kannanwisen_indian_traffic_sign_classification,CC-BY-4.0 (declared; no author or source named upstream),no,b1cdaaaba3e9e9e1,50,50,2490
SPEED_LIMIT_60/68136.jpg,,SPEED_LIMIT_60,train,huggingface_kannanwisen_indian_traffic_sign_classification,CC-BY-4.0 (declared; no author or source named upstream),no,b1cdaaaba3a8e9f1,50,50,2464
SPEED_LIMIT_60/68140.jpg,,SPEED_LIMIT_60,train,huggingface_kannanwisen_indian_traffic_sign_classification,CC-BY-4.0 (declared; no author or source named upstream),no,444c8e2b238e4c13,50,50,2552
SPEED_LIMIT_60/68144.jpg,,SPEED_LIMIT_60,train,huggingface_kannanwisen_indian_traffic_sign_classification,CC-BY-4.0 (declared; no author or source named upstream),no,71cc8e2b370b0f3b,50,50,3044
SPEED_LIMIT_60/68148.jpg,,SPEED_LIMIT_60,train,huggingface_kannanwisen_indian_traffic_sign_classification,CC-BY-4.0 (declared; no author or source named upstream),no,b3490e2b372f0f82,50,50,2656
SPEED_LIMIT_60/68152.jpg,,SPEED_LIMIT_60,train,huggingface_kannanwisen_indian_traffic_sign_classification,CC-BY-4.0 (declared; no author or source named upstream),no,996d4e92b2866de9,50,50,3314
SPEED_LIMIT_60/68156.jpg,,SPEED_LIMIT_60,train,huggingface_kannanwisen_indian_traffic_sign_classification,CC-BY-4.0 (declared; no author or source named upstream),no,5c6c4e93b24cccb8,50,50,3280
SPEED_LIMIT_60/68160.jpg,,SPEED_LIMIT_60,train,huggingface_kannanwisen_indian_traffic_sign_classification,CC-BY-4.0 (declared; no author or source named upstream),no,70706df0f46c7112,50,50,3068
SPEED_LIMIT_60/68168.jpg,,SPEED_LIMIT_60,train,huggingface_kannanwisen_indian_traffic_sign_classification,CC-BY-4.0 (declared; no author or source named upstream),no,784c9e32320e6c3d,50,50,3416
SPEED_LIMIT_60/68176.jpg,,SPEED_LIMIT_60,train,huggingface_kannanwisen_indian_traffic_sign_classification,CC-BY-4.0 (declared; no author or source named upstream),no,63176b5b634b734b,50,50,3212
SPEED_LIMIT_60/68180.jpg,,SPEED_LIMIT_60,train,huggingface_kannanwisen_indian_traffic_sign_classification,CC-BY-4.0 (declared; no author or source named upstream),no,d84c9eb2b28e4c98,50,50,3128
SPEED_LIMIT_60/68184.jpg,,SPEED_LIMIT_60,train,huggingface_kannanwisen_indian_traffic_sign_classification,CC-BY-4.0 (declared; no author or source named upstream),no,b3e9e9b3f1e9b3ab,50,50,2620
SPEED_LIMIT_60/68188.jpg,,SPEED_LIMIT_60,train,huggingface_kannanwisen_indian_traffic_sign_classification,CC-BY-4.0 (declared; no author or source named upstream),no,394d4eb2b24e8819,50,50,3332
SPEED_LIMIT_60/68192.jpg,,SPEED_LIMIT_60,train,huggingface_kannanwisen_indian_traffic_sign_classification,CC-BY-4.0 (declared; no author or source named upstream),no,30e8ccaa23aacee8,50,50,3140
SPEED_LIMIT_60/68196.jpg,,SPEED_LIMIT_60,train,huggingface_kannanwisen_indian_traffic_sign_classification,CC-BY-4.0 (declared; no author or source named upstream),no,4f0f0b2b2b0f0e8f,50,50,3536
SPEED_LIMIT_60/68200.jpg,,SPEED_LIMIT_60,train,huggingface_kannanwisen_indian_traffic_sign_classification,CC-BY-4.0 (declared; no author or source named upstream),no,c431cca8e8cc6833,50,50,3250
SPEED_LIMIT_60/68204.jpg,,SPEED_LIMIT_60,train,huggingface_kannanwisen_indian_traffic_sign_classification,CC-BY-4.0 (declared; no author or source named upstream),no,eecf9fbbba9c1833,50,50,3674
SPEED_LIMIT_60/68208.jpg,,SPEED_LIMIT_60,train,huggingface_kannanwisen_indian_traffic_sign_classification,CC-BY-4.0 (declared; no author or source named upstream),no,b2684eaaba4e6c32,50,50,2610
SPEED_LIMIT_60/68212.jpg,,SPEED_LIMIT_60,train,huggingface_kannanwisen_indian_traffic_sign_classification,CC-BY-4.0 (declared; no author or source named upstream),no,b2e888a296cce8b2,50,50,2828
SPEED_LIMIT_60/68216.jpg,,SPEED_LIMIT_60,train,huggingface_kannanwisen_indian_traffic_sign_classification,CC-BY-4.0 (declared; no author or source named upstream),no,b060ceaaaa8eccb3,50,50,3048
SPEED_LIMIT_60/68224.jpg,,SPEED_LIMIT_60,train,huggingface_kannanwisen_indian_traffic_sign_classification,CC-BY-4.0 (declared; no author or source named upstream),no,d0e1ceb292ccf1b4,50,50,3046
SPEED_LIMIT_60/68228.jpg,,SPEED_LIMIT_60,train,huggingface_kannanwisen_indian_traffic_sign_classification,CC-BY-4.0 (declared; no author or source named upstream),no,3164ceaae2aecc71,50,50,2758
SPEED_LIMIT_60/68232.jpg,,SPEED_LIMIT_60,train,huggingface_kannanwisen_indian_traffic_sign_classification,CC-BY-4.0 (declared; no author or source named upstream),no,33ec8aa2b2aacc71,50,50,2904
SPEED_LIMIT_60/68240.jpg,,SPEED_LIMIT_60,train,huggingface_kannanwisen_indian_traffic_sign_classification,CC-BY-4.0 (declared; no author or source named upstream),no,320e9f23338f0ef2,50,50,2440
SPEED_LIMIT_60/68244.jpg,,SPEED_LIMIT_60,train,huggingface_kannanwisen_indian_traffic_sign_classification,CC-BY-4.0 (declared; no author or source named upstream),no,b1ede8aba3a8e9f1,50,50,2502
SPEED_LIMIT_60/68248.jpg,,SPEED_LIMIT_60,train,huggingface_kannanwisen_indian_traffic_sign_classification,CC-BY-4.0 (declared; no author or source named upstream),no,734c8e2b238ecca3,50,50,2566
SPEED_LIMIT_70/69000.jpg,,SPEED_LIMIT_70,train,huggingface_kannanwisen_indian_traffic_sign_classification,CC-BY-4.0 (declared; no author or source named upstream),no,330f8e332b0e0f07,50,50,2624
SPEED_LIMIT_70/69004.jpg,,SPEED_LIMIT_70,train,huggingface_kannanwisen_indian_traffic_sign_classification,CC-BY-4.0 (declared; no author or source named upstream),no,7fcf8fa2a20f0f06,50,50,3290
SPEED_LIMIT_70/69008.jpg,,SPEED_LIMIT_70,train,huggingface_kannanwisen_indian_traffic_sign_classification,CC-BY-4.0 (declared; no author or source named upstream),no,f0cc8eb3af8eccf1,50,50,2868
SPEED_LIMIT_70/69012.jpg,,SPEED_LIMIT_70,train,huggingface_kannanwisen_indian_traffic_sign_classification,CC-BY-4.0 (declared; no author or source named upstream),no,72ec8eb32b8ecc71,50,50,2734
SPEED_LIMIT_70/69016.jpg,,SPEED_LIMIT_70,train,huggingface_kannanwisen_indian_traffic_sign_classification,CC-BY-4.0 (declared; no author or source named upstream),no,1260ceb2a8cc69b3,50,50,3324
SPEED_LIMIT_70/69020.jpg,,SPEED_LIMIT_70,train,huggingface_kannanwisen_indian_traffic_sign_classification,CC-BY-4.0 (declared; no author or source named upstream),no,cce8cdb1d84dea04,50,50,3224
SPEED_LIMIT_70/69024.jpg,,SPEED_LIMIT_70,train,huggingface_kannanwisen_indian_traffic_sign_classification,CC-BY-4.0 (declared; no author or source named upstream),no,7269ce33ab0e4549,50,50,3518
SPEED_LIMIT_70/69028.jpg,,SPEED_LIMIT_70,train,huggingface_kannanwisen_indian_traffic_sign_classification,CC-BY-4.0 (declared; no author or source named upstream),no,33e3cca0a8cc6932,50,50,3024
SPEED_LIMIT_70/69032.jpg,,SPEED_LIMIT_70,train,huggingface_kannanwisen_indian_traffic_sign_classification,CC-BY-4.0 (declared; no author or source named upstream),no,356dcab0b84eed93,50,50,3500
SPEED_LIMIT_70/69036.jpg,,SPEED_LIMIT_70,train,huggingface_kannanwisen_indian_traffic_sign_classification,CC-BY-4.0 (declared; no author or source named upstream),no,87cc8e92184e2cbb,50,50,3144
SPEED_LIMIT_70/69040.jpg,,SPEED_LIMIT_70,train,huggingface_kannanwisen_indian_traffic_sign_classification,CC-BY-4.0 (declared; no author or source named upstream),no,9ace0e120b0f8fc6,50,50,3260
SPEED_LIMIT_70/69044.jpg,,SPEED_LIMIT_70,train,huggingface_kannanwisen_indian_traffic_sign_classification,CC-BY-4.0 (declared; no author or source named upstream),no,374d1e96184ec923,50,50,3016
SPEED_LIMIT_70/69048.jpg,,SPEED_LIMIT_70,train,huggingface_kannanwisen_indian_traffic_sign_classification,CC-BY-4.0 (declared; no author or source named upstream),no,c38f07338a8fed2b,50,50,3212
SPEED_LIMIT_70/69052.jpg,,SPEED_LIMIT_70,train,huggingface_kannanwisen_indian_traffic_sign_classification,CC-BY-4.0 (declared; no author or source named upstream),no,1a8e2e332b4f4f8e,50,50,3446
SPEED_LIMIT_70/69056.jpg,,SPEED_LIMIT_70,train,huggingface_kannanwisen_indian_traffic_sign_classification,CC-BY-4.0 (declared; no author or source named upstream),no,f1cd97b1290f2923,50,50,3540
SPEED_LIMIT_70/69060.jpg,,SPEED_LIMIT_70,train,huggingface_kannanwisen_indian_traffic_sign_classification,CC-BY-4.0 (declared; no author or source named upstream),no,374f4db39a4eccb2,50,50,3614
SPEED_LIMIT_70/69064.jpg,,SPEED_LIMIT_70,train,huggingface_kannanwisen_indian_traffic_sign_classification,CC-BY-4.0 (declared; no author or source named upstream),no,274cc8b0aa4c2b97,50,50,3468
SPEED_LIMIT_70/69068.jpg,,SPEED_LIMIT_70,train,huggingface_kannanwisen_indian_traffic_sign_classification,CC-BY-4.0 (declared; no author or source named upstream),no,254dccb0b88c4d93,50,50,3396
SPEED_LIMIT_70/69072.jpg,,SPEED_LIMIT_70,train,huggingface_kannanwisen_indian_traffic_sign_classification,CC-BY-4.0 (declared; no author or source named upstream),no,54ae4eb29a8e8d12,50,50,3448
SPEED_LIMIT_70/69076.jpg,,SPEED_LIMIT_70,train,huggingface_kannanwisen_indian_traffic_sign_classification,CC-BY-4.0 (declared; no author or source named upstream),no,e66dceb2b8ceec96,50,50,3486
SPEED_LIMIT_70/69084.jpg,,SPEED_LIMIT_70,train,huggingface_kannanwisen_indian_traffic_sign_classification,CC-BY-4.0 (declared; no author or source named upstream),no,538e8e331b0e4e48,50,50,3138
SPEED_LIMIT_70/69092.jpg,,SPEED_LIMIT_70,train,huggingface_kannanwisen_indian_traffic_sign_classification,CC-BY-4.0 (declared; no author or source named upstream),no,320e06333b4c6db9,50,50,3562
SPEED_LIMIT_70/69096.jpg,,SPEED_LIMIT_70,train,huggingface_kannanwisen_indian_traffic_sign_classification,CC-BY-4.0 (declared; no author or source named upstream),no,170f2f332f2f0f93,50,50,3502
SPEED_LIMIT_70/69100.jpg,,SPEED_LIMIT_70,train,huggingface_kannanwisen_indian_traffic_sign_classification,CC-BY-4.0 (declared; no author or source named upstream),no,23ccae332faeced9,50,50,3286
SPEED_LIMIT_70/69104.jpg,,SPEED_LIMIT_70,train,huggingface_kannanwisen_indian_traffic_sign_classification,CC-BY-4.0 (declared; no author or source named upstream),no,a74f0f333b0f0f86,50,50,2664
SPEED_LIMIT_70/69108.jpg,,SPEED_LIMIT_70,train,huggingface_kannanwisen_indian_traffic_sign_classification,CC-BY-4.0 (declared; no author or source named upstream),no,930f0e333b0f4f9b,50,50,2848
SPEED_LIMIT_70/69112.jpg,,SPEED_LIMIT_70,train,huggingface_kannanwisen_indian_traffic_sign_classification,CC-BY-4.0 (declared; no author or source named upstream),no,0e0f8e332f0e0f0b,50,50,2496
SPEED_LIMIT_70/69116.jpg,,SPEED_LIMIT_70,train,huggingface_kannanwisen_indian_traffic_sign_classification,CC-BY-4.0 (declared; no author or source named upstream),no,a30d8e232f0e0d31,50,50,2580
SPEED_LIMIT_70/69120.jpg,,SPEED_LIMIT_70,train,huggingface_kannanwisen_indian_traffic_sign_classification,CC-BY-4.0 (declared; no author or source named upstream),no,71ecceb2abaaccf0,50,50,3150
SPEED_LIMIT_70/69124.jpg,,SPEED_LIMIT_70,train,huggingface_kannanwisen_indian_traffic_sign_classification,CC-BY-4.0 (declared; no author or source named upstream),no,a24d8e332b0e0d13,50,50,2436
SPEED_LIMIT_70/69128.jpg,,SPEED_LIMIT_70,train,huggingface_kannanwisen_indian_traffic_sign_classification,CC-BY-4.0 (declared; no author or source named upstream),no,0e0f0f2b330f0f07,50,50,2462
SPEED_LIMIT_70/69132.jpg,,SPEED_LIMIT_70,train,huggingface_kannanwisen_indian_traffic_sign_classification,CC-BY-4.0 (declared; no author or source named upstream),no,89cc8e3b2f8eccc4,50,50,2708
SPEED_LIMIT_70/69136.jpg,,SPEED_LIMIT_70,train,huggingface_kannanwisen_indian_traffic_sign_classification,CC-BY-4.0 (declared; no author or source named upstream),no,71ecc6b3afaeccf1,50,50,2984
SPEED_LIMIT_70/69140.jpg,,SPEED_LIMIT_70,train,huggingface_kannanwisen_indian_traffic_sign_classification,CC-BY-4.0 (declared; no author or source named upstream),no,774f8f272f0f4f5f,50,50,2980
SPEED_LIMIT_70/69144.jpg,,SPEED_LIMIT_70,train,huggingface_kannanwisen_indian_traffic_sign_classification,CC-BY-4.0 (declared; no author or source named upstream),no,0b0f8f332b0e0f0b,50,50,2464
SPEED_LIMIT_70/69148.jpg,,SPEED_LIMIT_70,train,huggingface_kannanwisen_indian_traffic_sign_classification,CC-BY-4.0 (declared; no author or source named upstream),no,9a0f8e332b8f0f8e,50,50,2662
SPEED_LIMIT_70/69152.jpg,,SPEED_LIMIT_70,train,huggingface_kannanwisen_indian_traffic_sign_classification,CC-BY-4.0 (declared; no author or source named upstream),no,374f8e332b8ecc70,50,50,3336
SPEED_LIMIT_70/69156.jpg,,SPEED_LIMIT_70,train,huggingface_kannanwisen_indian_traffic_sign_classification,CC-BY-4.0 (declared; no author or source named upstream),no,8e0f0f2b272b0f13,50,50,3870
SPEED_LIMIT_70/69160.jpg,,SPEED_LIMIT_70,train,huggingface_kannanwisen_indian_traffic_sign_classification,CC-BY-4.0 (declared; no author or source named upstream),no,b62d4ea2a28a4c9b,50,50,3860
SPEED_LIMIT_70/69164.jpg,,SPEED_LIMIT_70,train,huggingface_kannanwisen_indian_traffic_sign_classification,CC-BY-4.0 (declared; no author or source named upstream),no,8f4f8e332f8e4f33,50,50,2538
SPEED_LIMIT_70/69168.jpg,,SPEED_LIMIT_70,train,huggingface_kannanwisen_indian_traffic_sign_classification,CC-BY-4.0 (declared; no author or source named upstream),no,8e0f0f2b370f0f86,50,50,2520
SPEED_LIMIT_70/69172.jpg,,SPEED_LIMIT_70,train,huggingface_kannanwisen_indian_traffic_sign_classification,CC-BY-4.0 (declared; no author or source named upstream),no,2b4d0e32a60e0d1f,50,50,3936
SPEED_LIMIT_70/69176.jpg,,SPEED_LIMIT_70,train,huggingface_kannanwisen_indian_traffic_sign_classification,CC-BY-4.0 (declared; no author or source named upstream),no,840f0f333b0f0f0e,50,50,2822
SPEED_LIMIT_70/69180.jpg,,SPEED_LIMIT_70,train,huggingface_kannanwisen_indian_traffic_sign_classification,CC-BY-4.0 (declared; no author or source named upstream),no,170f0f333b0f0f9f,50,50,2568
SPEED_LIMIT_70/69184.jpg,,SPEED_LIMIT_70,train,huggingface_kannanwisen_indian_traffic_sign_classification,CC-BY-4.0 (declared; no author or source named upstream),no,820f07333b8f0f07,50,50,2562
SPEED_LIMIT_70/69188.jpg,,SPEED_LIMIT_70,train,huggingface_kannanwisen_indian_traffic_sign_classification,CC-BY-4.0 (declared; no author or source named upstream),no,71cc8eb2aa8ecc71,50,50,3092
SPEED_LIMIT_70/69192.jpg,,SPEED_LIMIT_70,train,huggingface_kannanwisen_indian_traffic_sign_classification,CC-BY-4.0 (declared; no author or source named upstream),no,0d0f8f332b2f0f0b,50,50,2594
SPEED_LIMIT_70/69196.jpg,,SPEED_LIMIT_70,train,huggingface_kannanwisen_indian_traffic_sign_classification,CC-BY-4.0 (declared; no author or source named upstream),no,71cc8eb3abaeccf0,50,50,3056
SPEED_LIMIT_70/69200.jpg,,SPEED_LIMIT_70,train,huggingface_kannanwisen_indian_traffic_sign_classification,CC-BY-4.0 (declared; no author or source named upstream),no,0f0f0f332f0f0f0f,50,50,2728
SPEED_LIMIT_70/69204.jpg,,SPEED_LIMIT_70,train,huggingface_kannanwisen_indian_traffic_sign_classification,CC-BY-4.0 (declared; no author or source named upstream),no,0e0f0f332b0f0f0f,50,50,2444
SPEED_LIMIT_70/69208.jpg,,SPEED_LIMIT_70,train,huggingface_kannanwisen_indian_traffic_sign_classification,CC-BY-4.0 (declared; no author or source named upstream),no,334d86332b0f0f3b,50,50,2618
SPEED_LIMIT_70/69212.jpg,,SPEED_LIMIT_70,train,huggingface_kannanwisen_indian_traffic_sign_classification,CC-BY-4.0 (declared; no author or source named upstream),no,664cccb0a8ccecd6,50,50,3436
SPEED_LIMIT_80/70000.jpg,maximum_speed_limit_80_km_h,SPEED_LIMIT_80,train,huggingface_kannanwisen_indian_traffic_sign_classification,CC-BY-4.0 (declared; no author or source named upstream),yes,2f0f2e63732f0f13,50,50,3030
SPEED_LIMIT_80/70004.jpg,maximum_speed_limit_80_km_h,SPEED_LIMIT_80,train,huggingface_kannanwisen_indian_traffic_sign_classification,CC-BY-4.0 (declared; no author or source named upstream),yes,334c8e23338f4e39,50,50,2566
SPEED_LIMIT_80/70008.jpg,maximum_speed_limit_80_km_h,SPEED_LIMIT_80,train,huggingface_kannanwisen_indian_traffic_sign_classification,CC-BY-4.0 (declared; no author or source named upstream),yes,8f0f0f23332f0f9e,50,50,2724
SPEED_LIMIT_80/70012.jpg,maximum_speed_limit_80_km_h,SPEED_LIMIT_80,train,huggingface_kannanwisen_indian_traffic_sign_classification,CC-BY-4.0 (declared; no author or source named upstream),yes,870f0723330f0f0f,50,50,2554
SPEED_LIMIT_80/70016.jpg,maximum_speed_limit_80_km_h,SPEED_LIMIT_80,train,huggingface_kannanwisen_indian_traffic_sign_classification,CC-BY-4.0 (declared; no author or source named upstream),yes,ce230e0b33330629,50,50,2454
SPEED_LIMIT_80/70020.jpg,maximum_speed_limit_80_km_h,SPEED_LIMIT_80,train,huggingface_kannanwisen_indian_traffic_sign_classification,CC-BY-4.0 (declared; no author or source named upstream),yes,b2e8cca6a68cc8b2,50,50,3030
SPEED_LIMIT_80/70024.jpg,maximum_speed_limit_80_km_h,SPEED_LIMIT_80,train,huggingface_kannanwisen_indian_traffic_sign_classification,CC-BY-4.0 (declared; no author or source named upstream),yes,31878b33330e0db3,50,50,3274
SPEED_LIMIT_80/70028.jpg,maximum_speed_limit_80_km_h,SPEED_LIMIT_80,train,huggingface_kannanwisen_indian_traffic_sign_classification,CC-BY-4.0 (declared; no author or source named upstream),yes,b261cca8e8ce6431,50,50,2982
SPEED_LIMIT_80/70032.jpg,maximum_speed_limit_80_km_h,SPEED_LIMIT_80,train,huggingface_kannanwisen_indian_traffic_sign_classification,CC-BY-4.0 (declared; no author or source named upstream),yes,3361cca8a0ce6431,50,50,3046
SPEED_LIMIT_80/70036.jpg,maximum_speed_limit_80_km_h,SPEED_LIMIT_80,train,huggingface_kannanwisen_indian_traffic_sign_classification,CC-BY-4.0 (declared; no author or source named upstream),yes,314ccea8a8ce7833,50,50,3086
SPEED_LIMIT_80/70040.jpg,maximum_speed_limit_80_km_h,SPEED_LIMIT_80,train,huggingface_kannanwisen_indian_traffic_sign_classification,CC-BY-4.0 (declared; no author or source named upstream),yes,33e0cca223cce871,50,50,2822
SPEED_LIMIT_80/70044.jpg,maximum_speed_limit_80_km_h,SPEED_LIMIT_80,train,huggingface_kannanwisen_indian_traffic_sign_classification,CC-BY-4.0 (declared; no author or source named upstream),yes,b2e8cce8e8cde1b7,50,50,2914
SPEED_LIMIT_80/70048.jpg,maximum_speed_limit_80_km_h,SPEED_LIMIT_80,train,huggingface_kannanwisen_indian_traffic_sign_classification,CC-BY-4.0 (declared; no author or source named upstream),yes,3271cdb2b4c87132,50,50,2742
SPEED_LIMIT_80/70052.jpg,maximum_speed_limit_80_km_h,SPEED_LIMIT_80,train,huggingface_kannanwisen_indian_traffic_sign_classification,CC-BY-4.0 (declared; no author or source named upstream),yes,73c98caaaaaecc71,50,50,2808
SPEED_LIMIT_80/70056.jpg,maximum_speed_limit_80_km_h,SPEED_LIMIT_80,train,huggingface_kannanwisen_indian_traffic_sign_classification,CC-BY-4.0 (declared; no author or source named upstream),yes,92e0cca2a284c8b1,50,50,2398
SPEED_LIMIT_80/70060.jpg,maximum_speed_limit_80_km_h,SPEED_LIMIT_80,train,huggingface_kannanwisen_indian_traffic_sign_classification,CC-BY-4.0 (declared; no author or source named upstream),yes,f16cc8a2b28cc870,50,50,2566
SPEED_LIMIT_80/70064.jpg,maximum_speed_limit_80_km_h,SPEED_LIMIT_80,train,huggingface_kannanwisen_indian_traffic_sign_classification,CC-BY-4.0 (declared; no author or source named upstream),yes,714c8ee4e8ce6c33,50,50,3276
SPEED_LIMIT_80/70068.jpg,maximum_speed_limit_80_km_h,SPEED_LIMIT_80,train,huggingface_kannanwisen_indian_traffic_sign_classification,CC-BY-4.0 (declared; no author or source named upstream),yes,3144cae0ea8ecc71,50,50,2608
SPEED_LIMIT_80/70072.jpg,maximum_speed_limit_80_km_h,SPEED_LIMIT_80,train,huggingface_kannanwisen_indian_traffic_sign_classification,CC-BY-4.0 (declared; no author or source named upstream),yes,b1eccaa2a3aaccf1,50,50,2124
SPEED_LIMIT_80/70076.jpg,maximum_speed_limit_80_km_h,SPEED_LIMIT_80,train,huggingface_kannanwisen_indian_traffic_sign_classification,CC-BY-4.0 (declared; no author or source named upstream),yes,32c8aca6b6aacc70,50,50,2684
SPEED_LIMIT_80/70080.jpg,maximum_speed_limit_80_km_h,SPEED_LIMIT_80,train,huggingface_kannanwisen_indian_traffic_sign_classification,CC-BY-4.0 (declared; no author or source named upstream),yes,b371ccaab68ecc71,50,50,2640
SPEED_LIMIT_80/70084.jpg,maximum_speed_limit_80_km_h,SPEED_LIMIT_80,train,huggingface_kannanwisen_indian_traffic_sign_classification,CC-BY-4.0 (declared; no author or source named upstream),yes,71ccaaa2b2ca68b0,50,50,2492
SPEED_LIMIT_80/70088.jpg,maximum_speed_limit_80_km_h,SPEED_LIMIT_80,train,huggingface_kannanwisen_indian_traffic_sign_classification,CC-BY-4.0 (declared; no author or source named upstream),yes,73e8aca6b6aacc71,50,50,3276
SPEED_LIMIT_80/70092.jpg,maximum_speed_limit_80_km_h,SPEED_LIMIT_80,train,huggingface_kannanwisen_indian_traffic_sign_classification,CC-BY-4.0 (declared; no author or source named upstream),yes,b36dcca2b68ecc73,50,50,2668
SPEED_LIMIT_80/70096.jpg,maximum_speed_limit_80_km_h,SPEED_LIMIT_80,train,huggingface_kannanwisen_indian_traffic_sign_classification,CC-BY-4.0 (declared; no author or source named upstream),yes,b1cdcdababcde9b3,50,50,3184
SPEED_LIMIT_80/70100.jpg,maximum_speed_limit_80_km_h,SPEED_LIMIT_80,train,huggingface_kannanwisen_indian_traffic_sign_classification,CC-BY-4.0 (declared; no author or source named upstream),yes,3179cce8e08e4d71,50,50,2904
SPEED_LIMIT_80/70104.jpg,maximum_speed_limit_80_km_h,SPEED_LIMIT_80,train,huggingface_kannanwisen_indian_traffic_sign_classification,CC-BY-4.0 (declared; no author or source named upstream),yes,9260cc82b2cc6933,50,50,3082
SPEED_LIMIT_80/70108.jpg,maximum_speed_limit_80_km_h,SPEED_LIMIT_80,train,huggingface_kannanwisen_indian_traffic_sign_classification,CC-BY-4.0 (declared; no author or source named upstream),yes,334dcce8e8cc4d31,50,50,3382
SPEED_LIMIT_80/70112.jpg,maximum_speed_limit_80_km_h,SPEED_LIMIT_80,train,huggingface_kannanwisen_indian_traffic_sign_classification,CC-BY-4.0 (declared; no author or source named upstream),yes,316d4ea3324e6931,50,50,3422
SPEED_LIMIT_80/70116.jpg,maximum_speed_limit_80_km_h,SPEED_LIMIT_80,train,huggingface_kannanwisen_indian_traffic_sign_classification,CC-BY-4.0 (declared; no author or source named upstream),yes,b369ccaaaacc69b2,50,50,3044
SPEED_LIMIT_80/70120.jpg,maximum_speed_limit_80_km_h,SPEED_LIMIT_80,train,huggingface_kannanwisen_indian_traffic_sign_classification,CC-BY-4.0 (declared; no author or source named upstream),yes,32488ceae88acc71,50,50,2408
SPEED_LIMIT_80/70124.jpg,maximum_speed_limit_80_km_h,SPEED_LIMIT_80,train,huggingface_kannanwisen_indian_traffic_sign_classification,CC-BY-4.0 (declared; no author or source named upstream),yes,714c8ee8e88e4c71,50,50,3294
SPEED_LIMIT_80/70128.jpg,maximum_speed_limit_80_km_h,SPEED_LIMIT_80,train,huggingface_kannanwisen_indian_traffic_sign_classification,CC-BY-4.0 (declared; no author or source named upstream),yes,314c9eaab38e4c31,50,50,3332
SPEED_LIMIT_80/70132.jpg,maximum_speed_limit_80_km_h,SPEED_LIMIT_80,train,huggingface_kannanwisen_indian_traffic_sign_classification,CC-BY-4.0 (declared; no author or source named upstream),yes,71cc86a2a28e4d31,50,50,2604
SPEED_LIMIT_80/70136.jpg,maximum_speed_limit_80_km_h,SPEED_LIMIT_80,train,huggingface_kannanwisen_indian_traffic_sign_classification,CC-BY-4.0 (declared; no author or source named upstream),yes,73c8c8a2b2c8cc70,50,50,3026
SPEED_LIMIT_80/70140.jpg,maximum_speed_limit_80_km_h,SPEED_LIMIT_80,train,huggingface_kannanwisen_indian_traffic_sign_classification,CC-BY-4.0 (declared; no author or source named upstream),yes,b2cc8aa2b08accb1,50,50,2546
SPEED_LIMIT_80/70144.jpg,maximum_speed_limit_80_km_h,SPEED_LIMIT_80,train,huggingface_kannanwisen_indian_traffic_sign_classification,CC-BY-4.0 (declared; no author or source named upstream),yes,f168c8a2b0cce9f0,50,50,2590
SPEED_LIMIT_80/70148.jpg,maximum_speed_limit_80_km_h,SPEED_LIMIT_80,train,huggingface_kannanwisen_indian_traffic_sign_classification,CC-BY-4.0 (declared; no author or source named upstream),yes,b0e8ccaaa2cccdb1,50,50,2888
SPEED_LIMIT_80/70152.jpg,maximum_speed_limit_80_km_h,SPEED_LIMIT_80,train,huggingface_kannanwisen_indian_traffic_sign_classification,CC-BY-4.0 (declared; no author or source named upstream),yes,33cceca6b6aacc71,50,50,2670
SPEED_LIMIT_80/70156.jpg,maximum_speed_limit_80_km_h,SPEED_LIMIT_80,train,huggingface_kannanwisen_indian_traffic_sign_classification,CC-BY-4.0 (declared; no author or source named upstream),yes,b2e8cca2b2cced31,50,50,2896
SPEED_LIMIT_80/70160.jpg,maximum_speed_limit_80_km_h,SPEED_LIMIT_80,train,huggingface_kannanwisen_indian_traffic_sign_classification,CC-BY-4.0 (declared; no author or source named upstream),yes,060f0f23230f0f81,50,50,2578
SPEED_LIMIT_80/70164.jpg,maximum_speed_limit_80_km_h,SPEED_LIMIT_80,train,huggingface_kannanwisen_indian_traffic_sign_classification,CC-BY-4.0 (declared; no author or source named upstream),yes,71694cb6b24c6d31,50,50,3470
SPEED_LIMIT_80/70168.jpg,maximum_speed_limit_80_km_h,SPEED_LIMIT_80,train,huggingface_kannanwisen_indian_traffic_sign_classification,CC-BY-4.0 (declared; no author or source named upstream),yes,8e0f0f2b370f0f07,50,50,2626
SPEED_LIMIT_80/70172.jpg,maximum_speed_limit_80_km_h,SPEED_LIMIT_80,train,huggingface_kannanwisen_indian_traffic_sign_classification,CC-BY-4.0 (declared; no author or source named upstream),yes,8f0f0f23330f0f07,50,50,2910
SPEED_LIMIT_80/70176.jpg,maximum_speed_limit_80_km_h,SPEED_LIMIT_80,train,huggingface_kannanwisen_indian_traffic_sign_classification,CC-BY-4.0 (declared; no author or source named upstream),yes,a54f8623338eccb0,50,50,2476
SPEED_LIMIT_80/70180.jpg,maximum_speed_limit_80_km_h,SPEED_LIMIT_80,train,huggingface_kannanwisen_indian_traffic_sign_classification,CC-BY-4.0 (declared; no author or source named upstream),yes,8e0f0f23330f0f8f,50,50,2430
SPEED_LIMIT_80/70184.jpg,maximum_speed_limit_80_km_h,SPEED_LIMIT_80,train,huggingface_kannanwisen_indian_traffic_sign_classification,CC-BY-4.0 (declared; no author or source named upstream),yes,0e070f3333070f81,50,50,2482
SPEED_LIMIT_80/70188.jpg,maximum_speed_limit_80_km_h,SPEED_LIMIT_80,train,huggingface_kannanwisen_indian_traffic_sign_classification,CC-BY-4.0 (declared; no author or source named upstream),yes,71cc8ea233aeccf1,50,50,2894
SPEED_LIMIT_80/70192.jpg,maximum_speed_limit_80_km_h,SPEED_LIMIT_80,train,huggingface_kannanwisen_indian_traffic_sign_classification,CC-BY-4.0 (declared; no author or source named upstream),yes,8e8f0f23230f0f0e,50,50,2744
SPEED_LIMIT_80/70196.jpg,maximum_speed_limit_80_km_h,SPEED_LIMIT_80,train,huggingface_kannanwisen_indian_traffic_sign_classification,CC-BY-4.0 (declared; no author or source named upstream),yes,71ecceaaa38ecc71,50,50,2832
SPEED_LIMIT_80/70200.jpg,maximum_speed_limit_80_km_h,SPEED_LIMIT_80,train,huggingface_kannanwisen_indian_traffic_sign_classification,CC-BY-4.0 (declared; no author or source named upstream),yes,1f0f0f33370f0f2a,50,50,2830
SPEED_LIMIT_80/70204.jpg,maximum_speed_limit_80_km_h,SPEED_LIMIT_80,train,huggingface_kannanwisen_indian_traffic_sign_classification,CC-BY-4.0 (declared; no author or source named upstream),yes,70cc8ea2b78eccf0,50,50,3170
SPEED_LIMIT_80/70208.jpg,maximum_speed_limit_80_km_h,SPEED_LIMIT_80,train,huggingface_kannanwisen_indian_traffic_sign_classification,CC-BY-4.0 (declared; no author or source named upstream),yes,8f0f0f26370f0f0e,50,50,3132
SPEED_LIMIT_80/70212.jpg,maximum_speed_limit_80_km_h,SPEED_LIMIT_80,train,huggingface_kannanwisen_indian_traffic_sign_classification,CC-BY-4.0 (declared; no author or source named upstream),yes,f1cc9e23378eccf0,50,50,2740
SPEED_LIMIT_80/70216.jpg,maximum_speed_limit_80_km_h,SPEED_LIMIT_80,train,huggingface_kannanwisen_indian_traffic_sign_classification,CC-BY-4.0 (declared; no author or source named upstream),yes,8f0f0f2b2b0f0f1a,50,50,2616
SPEED_LIMIT_80/70220.jpg,maximum_speed_limit_80_km_h,SPEED_LIMIT_80,train,huggingface_kannanwisen_indian_traffic_sign_classification,CC-BY-4.0 (declared; no author or source named upstream),yes,304c8e23238e4c14,50,50,3118
SPEED_LIMIT_80/70224.jpg,maximum_speed_limit_80_km_h,SPEED_LIMIT_80,train,huggingface_kannanwisen_indian_traffic_sign_classification,CC-BY-4.0 (declared; no author or source named upstream),yes,0f0f0f2b2b0f0f07,50,50,2550
SPEED_LIMIT_80/70228.jpg,maximum_speed_limit_80_km_h,SPEED_LIMIT_80,train,huggingface_kannanwisen_indian_traffic_sign_classification,CC-BY-4.0 (declared; no author or source named upstream),yes,b34f8f23238f8f3d,50,50,2654
SPEED_LIMIT_80/70232.jpg,maximum_speed_limit_80_km_h,SPEED_LIMIT_80,train,huggingface_kannanwisen_indian_traffic_sign_classification,CC-BY-4.0 (declared; no author or source named upstream),yes,8d0f0f23372d0f87,50,50,2810
SPEED_LIMIT_80/70236.jpg,maximum_speed_limit_80_km_h,SPEED_LIMIT_80,train,huggingface_kannanwisen_indian_traffic_sign_classification,CC-BY-4.0 (declared; no author or source named upstream),yes,71cc8e2b378ecc71,50,50,2416
SPEED_LIMIT_80/70240.jpg,maximum_speed_limit_80_km_h,SPEED_LIMIT_80,train,huggingface_kannanwisen_indian_traffic_sign_classification,CC-BY-4.0 (declared; no author or source named upstream),yes,744f8e2b338f8fef,50,50,2366
SPEED_LIMIT_80/70244.jpg,maximum_speed_limit_80_km_h,SPEED_LIMIT_80,train,huggingface_kannanwisen_indian_traffic_sign_classification,CC-BY-4.0 (declared; no author or source named upstream),yes,bb4d8e23238ecf03,50,50,2380
SPEED_LIMIT_80/70248.jpg,maximum_speed_limit_80_km_h,SPEED_LIMIT_80,train,huggingface_kannanwisen_indian_traffic_sign_classification,CC-BY-4.0 (declared; no author or source named upstream),yes,4e0d0e2b372e0f1e,50,50,2524
SPEED_LIMIT_80/70252.jpg,maximum_speed_limit_80_km_h,SPEED_LIMIT_80,train,huggingface_kannanwisen_indian_traffic_sign_classification,CC-BY-4.0 (declared; no author or source named upstream),yes,330d0e23238e4d72,50,50,2554
STOP/74000.jpg,,STOP,train,huggingface_kannanwisen_indian_traffic_sign_classification,CC-BY-4.0 (declared; no author or source named upstream),no,3369d42323e66933,50,50,2922
STOP/74004.jpg,,STOP,train,huggingface_kannanwisen_indian_traffic_sign_classification,CC-BY-4.0 (declared; no author or source named upstream),no,a960c6e1e7f6fc79,50,50,3540
STOP/74008.jpg,,STOP,train,huggingface_kannanwisen_indian_traffic_sign_classification,CC-BY-4.0 (declared; no author or source named upstream),no,2e39401b23f67193,50,50,2690
STOP/74012.jpg,,STOP,train,huggingface_kannanwisen_indian_traffic_sign_classification,CC-BY-4.0 (declared; no author or source named upstream),no,3369d43327f66913,50,50,3016
STOP/74016.jpg,,STOP,train,huggingface_kannanwisen_indian_traffic_sign_classification,CC-BY-4.0 (declared; no author or source named upstream),no,3161dcb7a1a7f668,50,50,2788
STOP/74020.jpg,,STOP,train,huggingface_kannanwisen_indian_traffic_sign_classification,CC-BY-4.0 (declared; no author or source named upstream),no,5d6944a3a36660b0,50,50,2722
STOP/74024.jpg,,STOP,train,huggingface_kannanwisen_indian_traffic_sign_classification,CC-BY-4.0 (declared; no author or source named upstream),no,79e89652a2b6ec61,50,50,3422
STOP/74028.jpg,,STOP,train,huggingface_kannanwisen_indian_traffic_sign_classification,CC-BY-4.0 (declared; no author or source named upstream),no,71e8c0a2a6e4e13a,50,50,2942
STOP/74032.jpg,,STOP,train,huggingface_kannanwisen_indian_traffic_sign_classification,CC-BY-4.0 (declared; no author or source named upstream),no,1369c01b23a66869,50,50,2992
STOP/74036.jpg,,STOP,train,huggingface_kannanwisen_indian_traffic_sign_classification,CC-BY-4.0 (declared; no author or source named upstream),no,71e8c0d5a6b6f460,50,50,2870
STOP/74040.jpg,,STOP,train,huggingface_kannanwisen_indian_traffic_sign_classification,CC-BY-4.0 (declared; no author or source named upstream),no,3169d441a2e52b93,50,50,3154
STOP/74044.jpg,,STOP,train,huggingface_kannanwisen_indian_traffic_sign_classification,CC-BY-4.0 (declared; no author or source named upstream),no,3669d43326646896,50,50,2884
STOP/74048.jpg,,STOP,train,huggingface_kannanwisen_indian_traffic_sign_classification,CC-BY-4.0 (declared; no author or source named upstream),no,872b515326656b17,50,50,3398
STOP/74052.jpg,,STOP,train,huggingface_kannanwisen_indian_traffic_sign_classification,CC-BY-4.0 (declared; no author or source named upstream),no,0f235c0226646907,50,50,3210
STOP/74056.jpg,,STOP,train,huggingface_kannanwisen_indian_traffic_sign_classification,CC-BY-4.0 (declared; no author or source named upstream),no,3b69dc3b23f64828,50,50,3076
STOP/74064.jpg,,STOP,train,huggingface_kannanwisen_indian_traffic_sign_classification,CC-BY-4.0 (declared; no author or source named upstream),no,70e8d49527b6ec60,50,50,3426
STRAIGHT_PROHIBITED/75000.jpg,,STRAIGHT_PROHIBITED,train,huggingface_kannanwisen_indian_traffic_sign_classification,CC-BY-4.0 (declared; no author or source named upstream),no,71d4b23232b6cc71,50,50,3458
STRAIGHT_PROHIBITED/75004.jpg,,STRAIGHT_PROHIBITED,train,huggingface_kannanwisen_indian_traffic_sign_classification,CC-BY-4.0 (declared; no author or source named upstream),no,704dd6b2b3964c32,50,50,3710
STRAIGHT_PROHIBITED/75008.jpg,,STRAIGHT_PROHIBITED,train,huggingface_kannanwisen_indian_traffic_sign_classification,CC-BY-4.0 (declared; no author or source named upstream),no,706cd2b292964c32,50,50,3822
STRAIGHT_PROHIBITED/75012.jpg,,STRAIGHT_PROHIBITED,train,huggingface_kannanwisen_indian_traffic_sign_classification,CC-BY-4.0 (declared; no author or source named upstream),no,33e9943232b6cc73,50,50,3384
STRAIGHT_PROHIBITED/75016.jpg,,STRAIGHT_PROHIBITED,train,huggingface_kannanwisen_indian_traffic_sign_classification,CC-BY-4.0 (declared; no author or source named upstream),no,84a3d5b696d46195,50,50,3738
STRAIGHT_PROHIBITED/75020.jpg,,STRAIGHT_PROHIBITED,train,huggingface_kannanwisen_indian_traffic_sign_classification,CC-BY-4.0 (declared; no author or source named upstream),no,3249d4b2b2964d33,50,50,3136
STRAIGHT_PROHIBITED/75032.jpg,,STRAIGHT_PROHIBITED,train,huggingface_kannanwisen_indian_traffic_sign_classification,CC-BY-4.0 (declared; no author or source named upstream),no,334d96b2b294c9b2,50,50,3244
STRAIGHT_PROHIBITED/75048.jpg,,STRAIGHT_PROHIBITED,train,huggingface_kannanwisen_indian_traffic_sign_classification,CC-BY-4.0 (declared; no author or source named upstream),no,72d9b6b2b2b4cc73,50,50,3436
STRAIGHT_PROHIBITED/75056.jpg,,STRAIGHT_PROHIBITED,train,huggingface_kannanwisen_indian_traffic_sign_classification,CC-BY-4.0 (declared; no author or source named upstream),no,7669d4b6b6946931,50,50,3560
STRAIGHT_PROHIBITED/75068.jpg,,STRAIGHT_PROHIBITED,train,huggingface_kannanwisen_indian_traffic_sign_classification,CC-BY-4.0 (declared; no author or source named upstream),no,87f3e1f5d5d9f3db,50,50,3368
TURN_RIGHT/80000.jpg,,TURN_RIGHT,train,huggingface_kannanwisen_indian_traffic_sign_classification,CC-BY-4.0 (declared; no author or source named upstream),no,30e4c20b1798dcf8,50,50,2760
TURN_RIGHT/80004.jpg,,TURN_RIGHT,train,huggingface_kannanwisen_indian_traffic_sign_classification,CC-BY-4.0 (declared; no author or source named upstream),no,0f75c2ca96da4727,50,50,3614
TURN_RIGHT/80008.jpg,,TURN_RIGHT,train,huggingface_kannanwisen_indian_traffic_sign_classification,CC-BY-4.0 (declared; no author or source named upstream),no,f1c4c28b97dad8f0,50,50,2980
TURN_RIGHT/80012.jpg,,TURN_RIGHT,train,huggingface_kannanwisen_indian_traffic_sign_classification,CC-BY-4.0 (declared; no author or source named upstream),no,1ee5c783b7bcf9fb,50,50,2680
TURN_RIGHT/80016.jpg,,TURN_RIGHT,train,huggingface_kannanwisen_indian_traffic_sign_classification,CC-BY-4.0 (declared; no author or source named upstream),no,3370e48737343c78,50,50,2594
TURN_RIGHT/80020.jpg,,TURN_RIGHT,train,huggingface_kannanwisen_indian_traffic_sign_classification,CC-BY-4.0 (declared; no author or source named upstream),no,b0e4c28b979adc70,50,50,3128
TURN_RIGHT/80024.jpg,,TURN_RIGHT,train,huggingface_kannanwisen_indian_traffic_sign_classification,CC-BY-4.0 (declared; no author or source named upstream),no,de73c70337b9fb96,50,50,2296
TURN_RIGHT/80028.jpg,,TURN_RIGHT,train,huggingface_kannanwisen_indian_traffic_sign_classification,CC-BY-4.0 (declared; no author or source named upstream),no,78e4c696969adcf1,50,50,2954
TURN_RIGHT/80032.jpg,,TURN_RIGHT,train,huggingface_kannanwisen_indian_traffic_sign_classification,CC-BY-4.0 (declared; no author or source named upstream),no,9231e4ceccecf074,50,50,3552
TURN_RIGHT/80036.jpg,,TURN_RIGHT,train,huggingface_kannanwisen_indian_traffic_sign_classification,CC-BY-4.0 (declared; no author or source named upstream),no,f1e1e6c6cc4c4be3,50,50,3048
TURN_RIGHT/80040.jpg,,TURN_RIGHT,train,huggingface_kannanwisen_indian_traffic_sign_classification,CC-BY-4.0 (declared; no author or source named upstream),no,b370c4c6dcf8f176,50,50,3198
TURN_RIGHT/80044.jpg,,TURN_RIGHT,train,huggingface_kannanwisen_indian_traffic_sign_classification,CC-BY-4.0 (declared; no author or source named upstream),no,916164d6dcc87831,50,50,3634
TURN_RIGHT/80048.jpg,,TURN_RIGHT,train,huggingface_kannanwisen_indian_traffic_sign_classification,CC-BY-4.0 (declared; no author or source named upstream),no,f2f368e4ec697363,50,50,2794
TURN_RIGHT/80052.jpg,,TURN_RIGHT,train,huggingface_kannanwisen_indian_traffic_sign_classification,CC-BY-4.0 (declared; no author or source named upstream),no,c9f4c68296dad811,50,50,3082
TURN_RIGHT/80056.jpg,,TURN_RIGHT,train,huggingface_kannanwisen_indian_traffic_sign_classification,CC-BY-4.0 (declared; no author or source named upstream),no,4e3767464c49baa6,50,50,3074
TURN_RIGHT/80060.jpg,,TURN_RIGHT,train,huggingface_kannanwisen_indian_traffic_sign_classification,CC-BY-4.0 (declared; no author or source named upstream),no,91e1c7c69e9b99cc,50,50,3146
TURN_RIGHT/80064.jpg,,TURN_RIGHT,train,huggingface_kannanwisen_indian_traffic_sign_classification,CC-BY-4.0 (declared; no author or source named upstream),no,b271c4d4dcd87166,50,50,2946
TURN_RIGHT/80068.jpg,,TURN_RIGHT,train,huggingface_kannanwisen_indian_traffic_sign_classification,CC-BY-4.0 (declared; no author or source named upstream),no,4b6364d61590888a,50,50,3152
TURN_RIGHT/80072.jpg,,TURN_RIGHT,train,huggingface_kannanwisen_indian_traffic_sign_classification,CC-BY-4.0 (declared; no author or source named upstream),no,76f4e7cf4b0b9615,50,50,3398
TURN_RIGHT/80076.jpg,,TURN_RIGHT,train,huggingface_kannanwisen_indian_traffic_sign_classification,CC-BY-4.0 (declared; no author or source named upstream),no,b271e4c4dcd8a090,50,50,3048
TURN_RIGHT/80080.jpg,,TURN_RIGHT,train,huggingface_kannanwisen_indian_traffic_sign_classification,CC-BY-4.0 (declared; no author or source named upstream),no,3270c6c2d6dc8dc5,50,50,2894
TURN_RIGHT/80084.jpg,,TURN_RIGHT,train,huggingface_kannanwisen_indian_traffic_sign_classification,CC-BY-4.0 (declared; no author or source named upstream),no,3360c4d4d4dc5876,50,50,3110
TURN_RIGHT/80088.jpg,,TURN_RIGHT,train,huggingface_kannanwisen_indian_traffic_sign_classification,CC-BY-4.0 (declared; no author or source named upstream),no,ba7427074d4b8707,50,50,3408
TURN_RIGHT/80092.jpg,,TURN_RIGHT,train,huggingface_kannanwisen_indian_traffic_sign_classification,CC-BY-4.0 (declared; no author or source named upstream),no,317164c4dcc8d9c9,50,50,3370
TURN_RIGHT/80096.jpg,,TURN_RIGHT,train,huggingface_kannanwisen_indian_traffic_sign_classification,CC-BY-4.0 (declared; no author or source named upstream),no,b771c4c6decc3891,50,50,3252
TURN_RIGHT/80100.jpg,,TURN_RIGHT,train,huggingface_kannanwisen_indian_traffic_sign_classification,CC-BY-4.0 (declared; no author or source named upstream),no,362747cbcbc9cfd6,50,50,3280
TURN_RIGHT/80104.jpg,,TURN_RIGHT,train,huggingface_kannanwisen_indian_traffic_sign_classification,CC-BY-4.0 (declared; no author or source named upstream),no,71f062caca6ce604,50,50,2966
TURN_RIGHT/80108.jpg,,TURN_RIGHT,train,huggingface_kannanwisen_indian_traffic_sign_classification,CC-BY-4.0 (declared; no author or source named upstream),no,3d2647c7dfdbce56,50,50,3300
TURN_RIGHT/80116.jpg,,TURN_RIGHT,train,huggingface_kannanwisen_indian_traffic_sign_classification,CC-BY-4.0 (declared; no author or source named upstream),no,c3b1e4c6dcc8e8b2,50,50,3582
TURN_RIGHT/80124.jpg,,TURN_RIGHT,train,huggingface_kannanwisen_indian_traffic_sign_classification,CC-BY-4.0 (declared; no author or source named upstream),no,d9d0c6420ec88d8c,50,50,3212
U_TURN_PROHIBITED/81000.jpg,,U_TURN_PROHIBITED,train,huggingface_kannanwisen_indian_traffic_sign_classification,CC-BY-4.0 (declared; no author or source named upstream),no,4b0f1733b30f0faf,50,50,3584
U_TURN_PROHIBITED/81004.jpg,,U_TURN_PROHIBITED,train,huggingface_kannanwisen_indian_traffic_sign_classification,CC-BY-4.0 (declared; no author or source named upstream),no,c98f3723221e1cd0,50,50,3536
U_TURN_PROHIBITED/81008.jpg,,U_TURN_PROHIBITED,train,huggingface_kannanwisen_indian_traffic_sign_classification,CC-BY-4.0 (declared; no author or source named upstream),no,4b0f9733b38f0fa9,50,50,3468
U_TURN_PROHIBITED/81012.jpg,,U_TURN_PROHIBITED,train,huggingface_kannanwisen_indian_traffic_sign_classification,CC-BY-4.0 (declared; no author or source named upstream),no,c64d1432328c8b8b,50,50,3366
U_TURN_PROHIBITED/81016.jpg,,U_TURN_PROHIBITED,train,huggingface_kannanwisen_indian_traffic_sign_classification,CC-BY-4.0 (declared; no author or source named upstream),no,7d6f93b3330fcfcb,50,50,3358
U_TURN_PROHIBITED/81040.jpg,,U_TURN_PROHIBITED,train,huggingface_kannanwisen_indian_traffic_sign_classification,CC-BY-4.0 (declared; no author or source named upstream),no,a622717373692f0c,50,50,2948
U_TURN_PROHIBITED/81044.jpg,,U_TURN_PROHIBITED,train,huggingface_kannanwisen_indian_traffic_sign_classification,CC-BY-4.0 (declared; no author or source named upstream),no,0130b4282de44e22,50,50,3156
COMPULSARY_AHEAD/06000.jpg,,COMPULSARY_AHEAD,train,huggingface_kannanwisen_indian_traffic_sign_classification,CC-BY-4.0 (declared; no author or source named upstream),no,136dcc8b2fccec9b,50,50,2562
COMPULSARY_AHEAD/06002.jpg,,COMPULSARY_AHEAD,train,huggingface_kannanwisen_indian_traffic_sign_classification,CC-BY-4.0 (declared; no author or source named upstream),no,0f6d4e0f2f6c2c97,50,50,2792
COMPULSARY_AHEAD/06004.jpg,,COMPULSARY_AHEAD,train,huggingface_kannanwisen_indian_traffic_sign_classification,CC-BY-4.0 (declared; no author or source named upstream),no,4c1f0e0a0b0a0f0d,50,50,3346
COMPULSARY_AHEAD/06005.jpg,,COMPULSARY_AHEAD,train,huggingface_kannanwisen_indian_traffic_sign_classification,CC-BY-4.0 (declared; no author or source named upstream),no,81b8ac4cacae272f,50,50,3470
COMPULSARY_AHEAD/06006.jpg,,COMPULSARY_AHEAD,train,huggingface_kannanwisen_indian_traffic_sign_classification,CC-BY-4.0 (declared; no author or source named upstream),no,19968f0f0a0c260e,50,50,3108
COMPULSARY_AHEAD/06007.jpg,,COMPULSARY_AHEAD,train,huggingface_kannanwisen_indian_traffic_sign_classification,CC-BY-4.0 (declared; no author or source named upstream),no,4c1f0e0a0b0b0f0d,50,50,3336
COMPULSARY_AHEAD/06008.jpg,,COMPULSARY_AHEAD,train,huggingface_kannanwisen_indian_traffic_sign_classification,CC-BY-4.0 (declared; no author or source named upstream),no,81b8ac4ca8ae272f,50,50,3436
COMPULSARY_AHEAD/06011.jpg,,COMPULSARY_AHEAD,train,huggingface_kannanwisen_indian_traffic_sign_classification,CC-BY-4.0 (declared; no author or source named upstream),no,31ecce8badacec70,50,50,3418
COMPULSARY_AHEAD/06013.jpg,,COMPULSARY_AHEAD,train,huggingface_kannanwisen_indian_traffic_sign_classification,CC-BY-4.0 (declared; no author or source named upstream),no,f1e9cc2b2fee4868,50,50,2410
COMPULSARY_AHEAD/06015.jpg,,COMPULSARY_AHEAD,train,huggingface_kannanwisen_indian_traffic_sign_classification,CC-BY-4.0 (declared; no author or source named upstream),no,d3294d9fefcc35b3,50,50,3584
COMPULSARY_AHEAD/06017.jpg,,COMPULSARY_AHEAD,train,huggingface_kannanwisen_indian_traffic_sign_classification,CC-BY-4.0 (declared; no author or source named upstream),no,b1eccc8f2dccecb9,50,50,2286
COMPULSARY_AHEAD/06019.jpg,,COMPULSARY_AHEAD,train,huggingface_kannanwisen_indian_traffic_sign_classification,CC-BY-4.0 (declared; no author or source named upstream),no,70ccce8ead8ecc69,50,50,3408
COMPULSARY_AHEAD/06021.jpg,,COMPULSARY_AHEAD,train,huggingface_kannanwisen_indian_traffic_sign_classification,CC-BY-4.0 (declared; no author or source named upstream),no,c3cdce8ead4c2d17,50,50,2904
COMPULSARY_AHEAD/06023.jpg,,COMPULSARY_AHEAD,train,huggingface_kannanwisen_indian_traffic_sign_classification,CC-BY-4.0 (declared; no author or source named upstream),no,0e4bcd8ecccc4d0f,50,50,3360
COMPULSARY_AHEAD/06024.jpg,,COMPULSARY_AHEAD,train,huggingface_kannanwisen_indian_traffic_sign_classification,CC-BY-4.0 (declared; no author or source named upstream),no,b16ccc8e8cccc80b,50,50,3076
COMPULSARY_AHEAD/06025.jpg,,COMPULSARY_AHEAD,train,huggingface_kannanwisen_indian_traffic_sign_classification,CC-BY-4.0 (declared; no author or source named upstream),no,f0e8ce8eadcccce8,50,50,3058
COMPULSARY_AHEAD/06028.jpg,,COMPULSARY_AHEAD,train,huggingface_kannanwisen_indian_traffic_sign_classification,CC-BY-4.0 (declared; no author or source named upstream),no,97afcc8e8fcccfd3,50,50,2808
COMPULSARY_AHEAD/06030.jpg,,COMPULSARY_AHEAD,train,huggingface_kannanwisen_indian_traffic_sign_classification,CC-BY-4.0 (declared; no author or source named upstream),no,70ecce8f2f6c2d87,50,50,2666
COMPULSARY_AHEAD/06032.jpg,,COMPULSARY_AHEAD,train,huggingface_kannanwisen_indian_traffic_sign_classification,CC-BY-4.0 (declared; no author or source named upstream),no,9bedcc872dcc6c2d,50,50,3048
COMPULSARY_AHEAD/06034.jpg,,COMPULSARY_AHEAD,train,huggingface_kannanwisen_indian_traffic_sign_classification,CC-BY-4.0 (declared; no author or source named upstream),no,b26dce8aadcccdb3,50,50,3530
COMPULSARY_AHEAD/06036.jpg,,COMPULSARY_AHEAD,train,huggingface_kannanwisen_indian_traffic_sign_classification,CC-BY-4.0 (declared; no author or source named upstream),no,174dce8eadcc6d33,50,50,3324
COMPULSARY_AHEAD/06038.jpg,,COMPULSARY_AHEAD,train,huggingface_kannanwisen_indian_traffic_sign_classification,CC-BY-4.0 (declared; no author or source named upstream),no,30e8cc8f2fccecf0,50,50,2664
COMPULSARY_AHEAD_OR_TURN_LEFT/07000.jpg,,COMPULSARY_AHEAD_OR_TURN_LEFT,train,huggingface_kannanwisen_indian_traffic_sign_classification,CC-BY-4.0 (declared; no author or source named upstream),no,5064c6a7afa6e472,50,50,3256
COMPULSARY_AHEAD_OR_TURN_RIGHT/08012.jpg,,COMPULSARY_AHEAD_OR_TURN_RIGHT,train,huggingface_kannanwisen_indian_traffic_sign_classification,CC-BY-4.0 (declared; no author or source named upstream),no,2cb59acb0f59dddc,50,50,3372
COMPULSARY_AHEAD_OR_TURN_RIGHT/08013.jpg,,COMPULSARY_AHEAD_OR_TURN_RIGHT,train,huggingface_kannanwisen_indian_traffic_sign_classification,CC-BY-4.0 (declared; no author or source named upstream),no,cf165a5f474d8b87,50,50,3584
COMPULSARY_AHEAD_OR_TURN_RIGHT/08014.jpg,,COMPULSARY_AHEAD_OR_TURN_RIGHT,train,huggingface_kannanwisen_indian_traffic_sign_classification,CC-BY-4.0 (declared; no author or source named upstream),no,ce9f09ca4acd8907,50,50,3536
COMPULSARY_AHEAD_OR_TURN_RIGHT/08015.jpg,,COMPULSARY_AHEAD_OR_TURN_RIGHT,train,huggingface_kannanwisen_indian_traffic_sign_classification,CC-BY-4.0 (declared; no author or source named upstream),no,ce1b4dca4a488987,50,50,3586
COMPULSARY_AHEAD_OR_TURN_RIGHT/08016.jpg,,COMPULSARY_AHEAD_OR_TURN_RIGHT,train,huggingface_kannanwisen_indian_traffic_sign_classification,CC-BY-4.0 (declared; no author or source named upstream),no,968b4d4acacaa9c3,50,50,3372
COMPULSARY_AHEAD_OR_TURN_RIGHT/08017.jpg,,COMPULSARY_AHEAD_OR_TURN_RIGHT,train,huggingface_kannanwisen_indian_traffic_sign_classification,CC-BY-4.0 (declared; no author or source named upstream),no,4b0a8d4bc24c8987,50,50,3360
COMPULSARY_AHEAD_OR_TURN_RIGHT/08018.jpg,,COMPULSARY_AHEAD_OR_TURN_RIGHT,train,huggingface_kannanwisen_indian_traffic_sign_classification,CC-BY-4.0 (declared; no author or source named upstream),no,4c3b595d46490907,50,50,3336
COMPULSARY_KEEP_LEFT/10025.jpg,,COMPULSARY_KEEP_LEFT,train,huggingface_kannanwisen_indian_traffic_sign_classification,CC-BY-4.0 (declared; no author or source named upstream),no,40a062660e4cb0a0,50,50,3582
COMPULSARY_KEEP_LEFT/10026.jpg,,COMPULSARY_KEEP_LEFT,train,huggingface_kannanwisen_indian_traffic_sign_classification,CC-BY-4.0 (declared; no author or source named upstream),no,e4e0ccc898f06627,50,50,3142
COMPULSARY_KEEP_LEFT/10027.jpg,,COMPULSARY_KEEP_LEFT,train,huggingface_kannanwisen_indian_traffic_sign_classification,CC-BY-4.0 (declared; no author or source named upstream),no,0e1e0627199a2621,50,50,2856
COMPULSARY_KEEP_RIGHT/11000.jpg,,COMPULSARY_KEEP_RIGHT,train,huggingface_kannanwisen_indian_traffic_sign_classification,CC-BY-4.0 (declared; no author or source named upstream),no,7ee29c8e86c6e0f1,50,50,3382
COMPULSARY_KEEP_RIGHT/11001.jpg,,COMPULSARY_KEEP_RIGHT,train,huggingface_kannanwisen_indian_traffic_sign_classification,CC-BY-4.0 (declared; no author or source named upstream),no,3361d49aa7c66973,50,50,2982
COMPULSARY_KEEP_RIGHT/11002.jpg,,COMPULSARY_KEEP_RIGHT,train,huggingface_kannanwisen_indian_traffic_sign_classification,CC-BY-4.0 (declared; no author or source named upstream),no,4f71341a42c6ec33,50,50,3368
COMPULSARY_KEEP_RIGHT/11003.jpg,,COMPULSARY_KEEP_RIGHT,train,huggingface_kannanwisen_indian_traffic_sign_classification,CC-BY-4.0 (declared; no author or source named upstream),no,73cd8e9eb2a6c933,50,50,3196
COMPULSARY_KEEP_RIGHT/11004.jpg,,COMPULSARY_KEEP_RIGHT,train,huggingface_kannanwisen_indian_traffic_sign_classification,CC-BY-4.0 (declared; no author or source named upstream),no,6ce0b49286c6cdf7,50,50,2930
COMPULSARY_KEEP_RIGHT/11005.jpg,,COMPULSARY_KEEP_RIGHT,train,huggingface_kannanwisen_indian_traffic_sign_classification,CC-BY-4.0 (declared; no author or source named upstream),no,bb399ccec6427133,50,50,3102
COMPULSARY_KEEP_RIGHT/11006.jpg,,COMPULSARY_KEEP_RIGHT,train,huggingface_kannanwisen_indian_traffic_sign_classification,CC-BY-4.0 (declared; no author or source named upstream),no,87331d5a42462907,50,50,3112
COMPULSARY_KEEP_RIGHT/11007.jpg,,COMPULSARY_KEEP_RIGHT,train,huggingface_kannanwisen_indian_traffic_sign_classification,CC-BY-4.0 (declared; no author or source named upstream),no,70e0929aa6c66911,50,50,3602
COMPULSARY_KEEP_RIGHT/11008.jpg,,COMPULSARY_KEEP_RIGHT,train,huggingface_kannanwisen_indian_traffic_sign_classification,CC-BY-4.0 (declared; no author or source named upstream),no,71f49a8be3c6dcfa,50,50,2854
COMPULSARY_KEEP_RIGHT/11009.jpg,,COMPULSARY_KEEP_RIGHT,train,huggingface_kannanwisen_indian_traffic_sign_classification,CC-BY-4.0 (declared; no author or source named upstream),no,3361141a274628cc,50,50,2876
COMPULSARY_KEEP_RIGHT/11010.jpg,,COMPULSARY_KEEP_RIGHT,train,huggingface_kannanwisen_indian_traffic_sign_classification,CC-BY-4.0 (declared; no author or source named upstream),no,7369b49a02c64cb1,50,50,3340
COMPULSARY_KEEP_RIGHT/11011.jpg,,COMPULSARY_KEEP_RIGHT,train,huggingface_kannanwisen_indian_traffic_sign_classification,CC-BY-4.0 (declared; no author or source named upstream),no,70e8b29ba3c2cc71,50,50,2882
COMPULSARY_KEEP_RIGHT/11013.jpg,,COMPULSARY_KEEP_RIGHT,train,huggingface_kannanwisen_indian_traffic_sign_classification,CC-BY-4.0 (declared; no author or source named upstream),no,d1c4b01b2786cc70,50,50,3042
COMPULSARY_KEEP_RIGHT/11014.jpg,,COMPULSARY_KEEP_RIGHT,train,huggingface_kannanwisen_indian_traffic_sign_classification,CC-BY-4.0 (declared; no author or source named upstream),no,4470149aa3c64c70,50,50,3174
COMPULSARY_KEEP_RIGHT/11015.jpg,,COMPULSARY_KEEP_RIGHT,train,huggingface_kannanwisen_indian_traffic_sign_classification,CC-BY-4.0 (declared; no author or source named upstream),no,0761b49a06c67133,50,50,3052
COMPULSARY_KEEP_RIGHT/11016.jpg,,COMPULSARY_KEEP_RIGHT,train,huggingface_kannanwisen_indian_traffic_sign_classification,CC-BY-4.0 (declared; no author or source named upstream),no,b3f1bc9ea7c6e079,50,50,2814
COMPULSARY_KEEP_RIGHT/11017.jpg,,COMPULSARY_KEEP_RIGHT,train,huggingface_kannanwisen_indian_traffic_sign_classification,CC-BY-4.0 (declared; no author or source named upstream),no,1361949b23c6ccb3,50,50,2824
COMPULSARY_KEEP_RIGHT/11018.jpg,,COMPULSARY_KEEP_RIGHT,train,huggingface_kannanwisen_indian_traffic_sign_classification,CC-BY-4.0 (declared; no author or source named upstream),no,3b61341b23464d33,50,50,2928
COMPULSARY_KEEP_RIGHT/11019.jpg,,COMPULSARY_KEEP_RIGHT,train,huggingface_kannanwisen_indian_traffic_sign_classification,CC-BY-4.0 (declared; no author or source named upstream),no,3460361687c77216,50,50,3342
COMPULSARY_KEEP_RIGHT/11020.jpg,,COMPULSARY_KEEP_RIGHT,train,huggingface_kannanwisen_indian_traffic_sign_classification,CC-BY-4.0 (declared; no author or source named upstream),no,95191a1a42463193,50,50,2970
COMPULSARY_KEEP_RIGHT/11021.jpg,,COMPULSARY_KEEP_RIGHT,train,huggingface_kannanwisen_indian_traffic_sign_classification,CC-BY-4.0 (declared; no author or source named upstream),no,8e63b49b07c6c8f3,50,50,2672
COMPULSARY_KEEP_RIGHT/11022.jpg,,COMPULSARY_KEEP_RIGHT,train,huggingface_kannanwisen_indian_traffic_sign_classification,CC-BY-4.0 (declared; no author or source named upstream),no,87213412c6476917,50,50,3324
COMPULSARY_KEEP_RIGHT/11023.jpg,,COMPULSARY_KEEP_RIGHT,train,huggingface_kannanwisen_indian_traffic_sign_classification,CC-BY-4.0 (declared; no author or source named upstream),no,77e9b69a82c64d71,50,50,3298
COMPULSARY_KEEP_RIGHT/11024.jpg,,COMPULSARY_KEEP_RIGHT,train,huggingface_kannanwisen_indian_traffic_sign_classification,CC-BY-4.0 (declared; no author or source named upstream),no,8683311b0747293f,50,50,2536
COMPULSARY_KEEP_RIGHT/11025.jpg,,COMPULSARY_KEEP_RIGHT,train,huggingface_kannanwisen_indian_traffic_sign_classification,CC-BY-4.0 (declared; no author or source named upstream),no,29b9b63303d4f773,50,50,2632
COMPULSARY_KEEP_RIGHT/11026.jpg,,COMPULSARY_KEEP_RIGHT,train,huggingface_kannanwisen_indian_traffic_sign_classification,CC-BY-4.0 (declared; no author or source named upstream),no,1f33191b0747630f,50,50,2614
COMPULSARY_KEEP_RIGHT/11027.jpg,,COMPULSARY_KEEP_RIGHT,train,huggingface_kannanwisen_indian_traffic_sign_classification,CC-BY-4.0 (declared; no author or source named upstream),no,c033394d6525b3df,50,50,3426
COMPULSARY_KEEP_RIGHT/11029.jpg,,COMPULSARY_KEEP_RIGHT,train,huggingface_kannanwisen_indian_traffic_sign_classification,CC-BY-4.0 (declared; no author or source named upstream),no,0df0f0cc6464315f,50,50,3242
COMPULSARY_KEEP_RIGHT/11030.jpg,,COMPULSARY_KEEP_RIGHT,train,huggingface_kannanwisen_indian_traffic_sign_classification,CC-BY-4.0 (declared; no author or source named upstream),no,2433716c64753124,50,50,3352
COMPULSARY_KEEP_RIGHT/11032.jpg,,COMPULSARY_KEEP_RIGHT,train,huggingface_kannanwisen_indian_traffic_sign_classification,CC-BY-4.0 (declared; no author or source named upstream),no,ce9699cce666acad,50,50,3550
COMPULSARY_KEEP_RIGHT/11033.jpg,,COMPULSARY_KEEP_RIGHT,train,huggingface_kannanwisen_indian_traffic_sign_classification,CC-BY-4.0 (declared; no author or source named upstream),no,66969b4ce666b6ac,50,50,3470
COMPULSARY_KEEP_RIGHT/11034.jpg,,COMPULSARY_KEEP_RIGHT,train,huggingface_kannanwisen_indian_traffic_sign_classification,CC-BY-4.0 (declared; no author or source named upstream),no,4e36190d07064bc9,50,50,3554
COMPULSARY_KEEP_RIGHT/11036.jpg,,COMPULSARY_KEEP_RIGHT,train,huggingface_kannanwisen_indian_traffic_sign_classification,CC-BY-4.0 (declared; no author or source named upstream),no,6c7098cce6a6898c,50,50,3252
COMPULSARY_KEEP_RIGHT/11037.jpg,,COMPULSARY_KEEP_RIGHT,train,huggingface_kannanwisen_indian_traffic_sign_classification,CC-BY-4.0 (declared; no author or source named upstream),no,ce33794d6665310f,50,50,3218
COMPULSARY_KEEP_RIGHT/11038.jpg,,COMPULSARY_KEEP_RIGHT,train,huggingface_kannanwisen_indian_traffic_sign_classification,CC-BY-4.0 (declared; no author or source named upstream),no,0371595d4665310f,50,50,3318
COMPULSARY_KEEP_RIGHT/11039.jpg,,COMPULSARY_KEEP_RIGHT,train,huggingface_kannanwisen_indian_traffic_sign_classification,CC-BY-4.0 (declared; no author or source named upstream),no,2b61b49cc6c4f1ca,50,50,3434
COMPULSARY_KEEP_RIGHT/11040.jpg,,COMPULSARY_KEEP_RIGHT,train,huggingface_kannanwisen_indian_traffic_sign_classification,CC-BY-4.0 (declared; no author or source named upstream),no,0968b09cc6c4714e,50,50,3426
COMPULSARY_KEEP_RIGHT/11041.jpg,,COMPULSARY_KEEP_RIGHT,train,huggingface_kannanwisen_indian_traffic_sign_classification,CC-BY-4.0 (declared; no author or source named upstream),no,cd1f1b0f27278e8c,50,50,3048
COMPULSARY_KEEP_RIGHT/11042.jpg,,COMPULSARY_KEEP_RIGHT,train,huggingface_kannanwisen_indian_traffic_sign_classification,CC-BY-4.0 (declared; no author or source named upstream),no,1333395d6725330f,50,50,3370
COMPULSARY_KEEP_RIGHT/11043.jpg,,COMPULSARY_KEEP_RIGHT,train,huggingface_kannanwisen_indian_traffic_sign_classification,CC-BY-4.0 (declared; no author or source named upstream),no,3371545a4646710f,50,50,3758
COMPULSARY_KEEP_RIGHT/11044.jpg,,COMPULSARY_KEEP_RIGHT,train,huggingface_kannanwisen_indian_traffic_sign_classification,CC-BY-4.0 (declared; no author or source named upstream),no,833333592525338c,50,50,4142
COMPULSARY_KEEP_RIGHT/11045.jpg,,COMPULSARY_KEEP_RIGHT,train,huggingface_kannanwisen_indian_traffic_sign_classification,CC-BY-4.0 (declared; no author or source named upstream),no,13715d5c4665710f,50,50,3850
COMPULSARY_KEEP_RIGHT/11046.jpg,,COMPULSARY_KEEP_RIGHT,train,huggingface_kannanwisen_indian_traffic_sign_classification,CC-BY-4.0 (declared; no author or source named upstream),no,0171715d45456177,50,50,3468
COMPULSARY_KEEP_RIGHT/11047.jpg,,COMPULSARY_KEEP_RIGHT,train,huggingface_kannanwisen_indian_traffic_sign_classification,CC-BY-4.0 (declared; no author or source named upstream),no,d033394d65212b0c,50,50,3560
COMPULSARY_KEEP_RIGHT/11048.jpg,,COMPULSARY_KEEP_RIGHT,train,huggingface_kannanwisen_indian_traffic_sign_classification,CC-BY-4.0 (declared; no author or source named upstream),no,eb6b735f4767798c,50,50,3160
COMPULSARY_KEEP_RIGHT/11049.jpg,,COMPULSARY_KEEP_RIGHT,train,huggingface_kannanwisen_indian_traffic_sign_classification,CC-BY-4.0 (declared; no author or source named upstream),no,8c96988ca766ceed,50,50,3150
COMPULSARY_KEEP_RIGHT/11050.jpg,,COMPULSARY_KEEP_RIGHT,train,huggingface_kannanwisen_indian_traffic_sign_classification,CC-BY-4.0 (declared; no author or source named upstream),no,d2311d4c66653107,50,50,3104
COMPULSARY_KEEP_RIGHT/11051.jpg,,COMPULSARY_KEEP_RIGHT,train,huggingface_kannanwisen_indian_traffic_sign_classification,CC-BY-4.0 (declared; no author or source named upstream),no,5f7179ddc56133cc,50,50,2946
COMPULSARY_KEEP_RIGHT/11052.jpg,,COMPULSARY_KEEP_RIGHT,train,huggingface_kannanwisen_indian_traffic_sign_classification,CC-BY-4.0 (declared; no author or source named upstream),no,b1e1d5dcc4e5730f,50,50,3182
COMPULSARY_KEEP_RIGHT/11053.jpg,,COMPULSARY_KEEP_RIGHT,train,huggingface_kannanwisen_indian_traffic_sign_classification,CC-BY-4.0 (declared; no author or source named upstream),no,1171d4dcc644712f,50,50,3398
COMPULSARY_KEEP_RIGHT/11054.jpg,,COMPULSARY_KEEP_RIGHT,train,huggingface_kannanwisen_indian_traffic_sign_classification,CC-BY-4.0 (declared; no author or source named upstream),no,b2f1d4dae6c6e1b1,50,50,3346
COMPULSARY_KEEP_RIGHT/11055.jpg,,COMPULSARY_KEEP_RIGHT,train,huggingface_kannanwisen_indian_traffic_sign_classification,CC-BY-4.0 (declared; no author or source named upstream),no,717074cec2f27013,50,50,2844
COMPULSARY_KEEP_RIGHT/11056.jpg,,COMPULSARY_KEEP_RIGHT,train,huggingface_kannanwisen_indian_traffic_sign_classification,CC-BY-4.0 (declared; no author or source named upstream),no,71e8b49ae2c2e071,50,50,2724
COMPULSARY_KEEP_RIGHT/11057.jpg,,COMPULSARY_KEEP_RIGHT,train,huggingface_kannanwisen_indian_traffic_sign_classification,CC-BY-4.0 (declared; no author or source named upstream),no,71715ccc4660310d,50,50,3050
COMPULSARY_KEEP_RIGHT/11058.jpg,,COMPULSARY_KEEP_RIGHT,train,huggingface_kannanwisen_indian_traffic_sign_classification,CC-BY-4.0 (declared; no author or source named upstream),no,7171584c4665710d,50,50,3146
COMPULSARY_KEEP_RIGHT/11059.jpg,,COMPULSARY_KEEP_RIGHT,train,huggingface_kannanwisen_indian_traffic_sign_classification,CC-BY-4.0 (declared; no author or source named upstream),no,7171f0dcc6e47133,50,50,3002
COMPULSARY_KEEP_RIGHT/11060.jpg,,COMPULSARY_KEEP_RIGHT,train,huggingface_kannanwisen_indian_traffic_sign_classification,CC-BY-4.0 (declared; no author or source named upstream),no,3361d5dcc64571bf,50,50,3398
COMPULSARY_KEEP_RIGHT/11061.jpg,,COMPULSARY_KEEP_RIGHT,train,huggingface_kannanwisen_indian_traffic_sign_classification,CC-BY-4.0 (declared; no author or source named upstream),no,bb9b19cfe7c6c9e9,50,50,3128
COMPULSARY_KEEP_RIGHT/11062.jpg,,COMPULSARY_KEEP_RIGHT,train,huggingface_kannanwisen_indian_traffic_sign_classification,CC-BY-4.0 (declared; no author or source named upstream),no,3371d8cce4e47146,50,50,3284
COMPULSARY_KEEP_RIGHT/11063.jpg,,COMPULSARY_KEEP_RIGHT,train,huggingface_kannanwisen_indian_traffic_sign_classification,CC-BY-4.0 (declared; no author or source named upstream),no,3068b41a03c66d9b,50,50,2800
COMPULSARY_KEEP_RIGHT/11064.jpg,,COMPULSARY_KEEP_RIGHT,train,huggingface_kannanwisen_indian_traffic_sign_classification,CC-BY-4.0 (declared; no author or source named upstream),no,1731f43b07c6612b,50,50,2190
COMPULSARY_KEEP_RIGHT/11065.jpg,,COMPULSARY_KEEP_RIGHT,train,huggingface_kannanwisen_indian_traffic_sign_classification,CC-BY-4.0 (declared; no author or source named upstream),no,b9f8d49a26462831,50,50,2922
COMPULSARY_KEEP_RIGHT/11066.jpg,,COMPULSARY_KEEP_RIGHT,train,huggingface_kannanwisen_indian_traffic_sign_classification,CC-BY-4.0 (declared; no author or source named upstream),no,0c60b49a83c6ec70,50,50,3126
COMPULSARY_KEEP_RIGHT/11067.jpg,,COMPULSARY_KEEP_RIGHT,train,huggingface_kannanwisen_indian_traffic_sign_classification,CC-BY-4.0 (declared; no author or source named upstream),no,1960bc9a06c67131,50,50,2788
COMPULSARY_KEEP_RIGHT/11068.jpg,,COMPULSARY_KEEP_RIGHT,train,huggingface_kannanwisen_indian_traffic_sign_classification,CC-BY-4.0 (declared; no author or source named upstream),no,b628b49a27c64c70,50,50,3066
COMPULSARY_KEEP_RIGHT/11069.jpg,,COMPULSARY_KEEP_RIGHT,train,huggingface_kannanwisen_indian_traffic_sign_classification,CC-BY-4.0 (declared; no author or source named upstream),no,0130b09b2786d054,50,50,3216
COMPULSARY_KEEP_RIGHT/11070.jpg,,COMPULSARY_KEEP_RIGHT,train,huggingface_kannanwisen_indian_traffic_sign_classification,CC-BY-4.0 (declared; no author or source named upstream),no,3e61b41b03c66d71,50,50,2686
COMPULSARY_KEEP_RIGHT/11071.jpg,,COMPULSARY_KEEP_RIGHT,train,huggingface_kannanwisen_indian_traffic_sign_classification,CC-BY-4.0 (declared; no author or source named upstream),no,1e27341a23466913,50,50,2944
COMPULSARY_KEEP_RIGHT/11072.jpg,,COMPULSARY_KEEP_RIGHT,train,huggingface_kannanwisen_indian_traffic_sign_classification,CC-BY-4.0 (declared; no author or source named upstream),no,8e33311b47472b0e,50,50,2934
COMPULSARY_KEEP_RIGHT/11073.jpg,,COMPULSARY_KEEP_RIGHT,train,huggingface_kannanwisen_indian_traffic_sign_classification,CC-BY-4.0 (declared; no author or source named upstream),no,8373349a07c6691f,50,50,2852
COMPULSARY_KEEP_RIGHT/11074.jpg,,COMPULSARY_KEEP_RIGHT,train,huggingface_kannanwisen_indian_traffic_sign_classification,CC-BY-4.0 (declared; no author or source named upstream),no,8631941b27c66391,50,50,2436
COMPULSARY_KEEP_RIGHT/11075.jpg,,COMPULSARY_KEEP_RIGHT,train,huggingface_kannanwisen_indian_traffic_sign_classification,CC-BY-4.0 (declared; no author or source named upstream),no,c3f0f4bb0b8c6c71,50,50,2432
COMPULSARY_KEEP_RIGHT/11076.jpg,,COMPULSARY_KEEP_RIGHT,train,huggingface_kannanwisen_indian_traffic_sign_classification,CC-BY-4.0 (declared; no author or source named upstream),no,26e3341307472b8e,50,50,2376
COMPULSARY_KEEP_RIGHT/11077.jpg,,COMPULSARY_KEEP_RIGHT,train,huggingface_kannanwisen_indian_traffic_sign_classification,CC-BY-4.0 (declared; no author or source named upstream),no,52f9b43b27c66470,50,50,2672
COMPULSARY_KEEP_RIGHT/11078.jpg,,COMPULSARY_KEEP_RIGHT,train,huggingface_kannanwisen_indian_traffic_sign_classification,CC-BY-4.0 (declared; no author or source named upstream),no,1329b41b27864c33,50,50,2568
COMPULSARY_KEEP_RIGHT/11079.jpg,,COMPULSARY_KEEP_RIGHT,train,huggingface_kannanwisen_indian_traffic_sign_classification,CC-BY-4.0 (declared; no author or source named upstream),no,0719363226874936,50,50,3502
COMPULSARY_KEEP_RIGHT/11080.jpg,,COMPULSARY_KEEP_RIGHT,train,huggingface_kannanwisen_indian_traffic_sign_classification,CC-BY-4.0 (declared; no author or source named upstream),no,03293c1e07466091,50,50,2880
COMPULSARY_KEEP_RIGHT/11081.jpg,,COMPULSARY_KEEP_RIGHT,train,huggingface_kannanwisen_indian_traffic_sign_classification,CC-BY-4.0 (declared; no author or source named upstream),no,53b09a9aa686c4f3,50,50,3044
COMPULSARY_KEEP_RIGHT/11082.jpg,,COMPULSARY_KEEP_RIGHT,train,huggingface_kannanwisen_indian_traffic_sign_classification,CC-BY-4.0 (declared; no author or source named upstream),no,8669351b07472912,50,50,2572
COMPULSARY_KEEP_RIGHT/11083.jpg,,COMPULSARY_KEEP_RIGHT,train,huggingface_kannanwisen_indian_traffic_sign_classification,CC-BY-4.0 (declared; no author or source named upstream),no,3165b492c6c6e8c4,50,50,3284
COMPULSARY_KEEP_RIGHT/11084.jpg,,COMPULSARY_KEEP_RIGHT,train,huggingface_kannanwisen_indian_traffic_sign_classification,CC-BY-4.0 (declared; no author or source named upstream),no,72e0949aa6c66913,50,50,3288
COMPULSARY_KEEP_RIGHT/11085.jpg,,COMPULSARY_KEEP_RIGHT,train,huggingface_kannanwisen_indian_traffic_sign_classification,CC-BY-4.0 (declared; no author or source named upstream),no,89f1f49a87c6ec71,50,50,2508
COMPULSARY_KEEP_RIGHT/11086.jpg,,COMPULSARY_KEEP_RIGHT,train,huggingface_kannanwisen_indian_traffic_sign_classification,CC-BY-4.0 (declared; no author or source named upstream),no,e3213c9e46c6f173,50,50,3086
COMPULSARY_KEEP_RIGHT/11087.jpg,,COMPULSARY_KEEP_RIGHT,train,huggingface_kannanwisen_indian_traffic_sign_classification,CC-BY-4.0 (declared; no author or source named upstream),no,0321349a23c26d13,50,50,3372
COMPULSARY_KEEP_RIGHT/11104.jpg,,COMPULSARY_KEEP_RIGHT,train,huggingface_kannanwisen_indian_traffic_sign_classification,CC-BY-4.0 (declared; no author or source named upstream),no,b9d919cfe766cded,50,50,3204
COMPULSARY_KEEP_RIGHT/11107.jpg,,COMPULSARY_KEEP_RIGHT,train,huggingface_kannanwisen_indian_traffic_sign_classification,CC-BY-4.0 (declared; no author or source named upstream),no,9e1e9acfe7a6f296,50,50,3408
COMPULSARY_KEEP_RIGHT/11120.jpg,,COMPULSARY_KEEP_RIGHT,train,huggingface_kannanwisen_indian_traffic_sign_classification,CC-BY-4.0 (declared; no author or source named upstream),no,3731594d6765310f,50,50,3368
COMPULSARY_KEEP_RIGHT/11121.jpg,,COMPULSARY_KEEP_RIGHT,train,huggingface_kannanwisen_indian_traffic_sign_classification,CC-BY-4.0 (declared; no author or source named upstream),no,0c26311f66a450e3,50,50,2834
COMPULSARY_KEEP_RIGHT/11122.jpg,,COMPULSARY_KEEP_RIGHT,train,huggingface_kannanwisen_indian_traffic_sign_classification,CC-BY-4.0 (declared; no author or source named upstream),no,8e33114f66a6d8e3,50,50,2908
COMPULSARY_KEEP_RIGHT/11123.jpg,,COMPULSARY_KEEP_RIGHT,train,huggingface_kannanwisen_indian_traffic_sign_classification,CC-BY-4.0 (declared; no author or source named upstream),no,a6041f496564acad,50,50,3198
COMPULSARY_KEEP_RIGHT/11124.jpg,,COMPULSARY_KEEP_RIGHT,train,huggingface_kannanwisen_indian_traffic_sign_classification,CC-BY-4.0 (declared; no author or source named upstream),no,6c9c9659cd6caca9,50,50,3432
COMPULSARY_KEEP_RIGHT/11125.jpg,,COMPULSARY_KEEP_RIGHT,train,huggingface_kannanwisen_indian_traffic_sign_classification,CC-BY-4.0 (declared; no author or source named upstream),no,917150dcc46571cc,50,50,3270
COMPULSARY_KEEP_RIGHT/11126.jpg,,COMPULSARY_KEEP_RIGHT,train,huggingface_kannanwisen_indian_traffic_sign_classification,CC-BY-4.0 (declared; no author or source named upstream),no,b2e0d0dcc6c4f0b2,50,50,2934
COMPULSARY_KEEP_RIGHT/11127.jpg,,COMPULSARY_KEEP_RIGHT,train,huggingface_kannanwisen_indian_traffic_sign_classification,CC-BY-4.0 (declared; no author or source named upstream),no,5cf0f86c64707119,50,50,3148
COMPULSARY_KEEP_RIGHT/11128.jpg,,COMPULSARY_KEEP_RIGHT,train,huggingface_kannanwisen_indian_traffic_sign_classification,CC-BY-4.0 (declared; no author or source named upstream),no,5df0f8c86460721c,50,50,3336
COMPULSARY_KEEP_RIGHT/11129.jpg,,COMPULSARY_KEEP_RIGHT,train,huggingface_kannanwisen_indian_traffic_sign_classification,CC-BY-4.0 (declared; no author or source named upstream),no,5f73794c65757133,50,50,3550
COMPULSARY_KEEP_RIGHT/11130.jpg,,COMPULSARY_KEEP_RIGHT,train,huggingface_kannanwisen_indian_traffic_sign_classification,CC-BY-4.0 (declared; no author or source named upstream),no,07333b2925331bcd,50,50,3490
COMPULSARY_KEEP_RIGHT/11131.jpg,,COMPULSARY_KEEP_RIGHT,train,huggingface_kannanwisen_indian_traffic_sign_classification,CC-BY-4.0 (declared; no author or source named upstream),no,83333b496523338e,50,50,3634
COMPULSARY_KEEP_RIGHT/11132.jpg,,COMPULSARY_KEEP_RIGHT,train,huggingface_kannanwisen_indian_traffic_sign_classification,CC-BY-4.0 (declared; no author or source named upstream),no,4c0c100c6464260d,50,50,2984
COMPULSARY_KEEP_RIGHT/11135.jpg,,COMPULSARY_KEEP_RIGHT,train,huggingface_kannanwisen_indian_traffic_sign_classification,CC-BY-4.0 (declared; no author or source named upstream),no,d5f1d9ddc5e5f3ef,50,50,3210
COMPULSARY_KEEP_RIGHT/11136.jpg,,COMPULSARY_KEEP_RIGHT,train,huggingface_kannanwisen_indian_traffic_sign_classification,CC-BY-4.0 (declared; no author or source named upstream),no,9d23534d6f338e48,50,50,3680
COMPULSARY_KEEP_RIGHT/11139.jpg,,COMPULSARY_KEEP_RIGHT,train,huggingface_kannanwisen_indian_traffic_sign_classification,CC-BY-4.0 (declared; no author or source named upstream),no,8686161f0f070f4d,50,50,3224
COMPULSARY_KEEP_RIGHT/11140.jpg,,COMPULSARY_KEEP_RIGHT,train,huggingface_kannanwisen_indian_traffic_sign_classification,CC-BY-4.0 (declared; no author or source named upstream),no,0ff1f1c969717336,50,50,3264
COMPULSARY_KEEP_RIGHT/11194.jpg,,COMPULSARY_KEEP_RIGHT,train,huggingface_kannanwisen_indian_traffic_sign_classification,CC-BY-4.0 (declared; no author or source named upstream),no,0623311a43472d07,50,50,3002
COMPULSARY_KEEP_RIGHT/11195.jpg,,COMPULSARY_KEEP_RIGHT,train,huggingface_kannanwisen_indian_traffic_sign_classification,CC-BY-4.0 (declared; no author or source named upstream),no,8723351b07c6c871,50,50,2602
COMPULSARY_KEEP_RIGHT/11196.jpg,,COMPULSARY_KEEP_RIGHT,train,huggingface_kannanwisen_indian_traffic_sign_classification,CC-BY-4.0 (declared; no author or source named upstream),no,61e8b29a03c24c33,50,50,3068
COMPULSARY_KEEP_RIGHT/11197.jpg,,COMPULSARY_KEEP_RIGHT,train,huggingface_kannanwisen_indian_traffic_sign_classification,CC-BY-4.0 (declared; no author or source named upstream),no,0068329e27c67212,50,50,3246
COMPULSARY_KEEP_RIGHT/11198.jpg,,COMPULSARY_KEEP_RIGHT,train,huggingface_kannanwisen_indian_traffic_sign_classification,CC-BY-4.0 (declared; no author or source named upstream),no,0130949a23c64631,50,50,3068
COMPULSARY_KEEP_RIGHT/11204.jpg,,COMPULSARY_KEEP_RIGHT,train,huggingface_kannanwisen_indian_traffic_sign_classification,CC-BY-4.0 (declared; no author or source named upstream),no,0661b4b307c66971,50,50,2592
COMPULSARY_KEEP_RIGHT/11205.jpg,,COMPULSARY_KEEP_RIGHT,train,huggingface_kannanwisen_indian_traffic_sign_classification,CC-BY-4.0 (declared; no author or source named upstream),no,1731949aa7c6cc71,50,50,3416
COMPULSARY_KEEP_RIGHT/11206.jpg,,COMPULSARY_KEEP_RIGHT,train,huggingface_kannanwisen_indian_traffic_sign_classification,CC-BY-4.0 (declared; no author or source named upstream),no,0631743207c66937,50,50,2382
COMPULSARY_KEEP_RIGHT/11207.jpg,,COMPULSARY_KEEP_RIGHT,train,huggingface_kannanwisen_indian_traffic_sign_classification,CC-BY-4.0 (declared; no author or source named upstream),no,8f33141b2346239b,50,50,2534
COMPULSARY_KEEP_RIGHT/11208.jpg,,COMPULSARY_KEEP_RIGHT,train,huggingface_kannanwisen_indian_traffic_sign_classification,CC-BY-4.0 (declared; no author or source named upstream),no,61e8b23b0386ed13,50,50,2868
COMPULSARY_KEEP_RIGHT/11209.jpg,,COMPULSARY_KEEP_RIGHT,train,huggingface_kannanwisen_indian_traffic_sign_classification,CC-BY-4.0 (declared; no author or source named upstream),no,8b303c1a2746322e,50,50,2816
COMPULSARY_KEEP_RIGHT/11210.jpg,,COMPULSARY_KEEP_RIGHT,train,huggingface_kannanwisen_indian_traffic_sign_classification,CC-BY-4.0 (declared; no author or source named upstream),no,0f03f19ac6466533,50,50,3040
COMPULSARY_KEEP_RIGHT/11211.jpg,,COMPULSARY_KEEP_RIGHT,train,huggingface_kannanwisen_indian_traffic_sign_classification,CC-BY-4.0 (declared; no author or source named upstream),no,0f23b41b2746380e,50,50,2334
COMPULSARY_KEEP_RIGHT/11212.jpg,,COMPULSARY_KEEP_RIGHT,train,huggingface_kannanwisen_indian_traffic_sign_classification,CC-BY-4.0 (declared; no author or source named upstream),no,c400301b07677f1c,50,50,2570
COMPULSARY_KEEP_RIGHT/11213.jpg,,COMPULSARY_KEEP_RIGHT,train,huggingface_kannanwisen_indian_traffic_sign_classification,CC-BY-4.0 (declared; no author or source named upstream),no,3318584a47c6e6d6,50,50,3006
COMPULSARY_KEEP_RIGHT/11214.jpg,,COMPULSARY_KEEP_RIGHT,train,huggingface_kannanwisen_indian_traffic_sign_classification,CC-BY-4.0 (declared; no author or source named upstream),no,1e61b49b23c6ccf1,50,50,2874
COMPULSARY_KEEP_RIGHT/11215.jpg,,COMPULSARY_KEEP_RIGHT,train,huggingface_kannanwisen_indian_traffic_sign_classification,CC-BY-4.0 (declared; no author or source named upstream),no,9519191246472133,50,50,3062
COMPULSARY_KEEP_RIGHT/11216.jpg,,COMPULSARY_KEEP_RIGHT,train,huggingface_kannanwisen_indian_traffic_sign_classification,CC-BY-4.0 (declared; no author or source named upstream),no,9361b49a82c64c39,50,50,3064
COMPULSARY_KEEP_RIGHT/11217.jpg,,COMPULSARY_KEEP_RIGHT,train,huggingface_kannanwisen_indian_traffic_sign_classification,CC-BY-4.0 (declared; no author or source named upstream),no,3260b49b83c67833,50,50,2640
COMPULSARY_KEEP_RIGHT/11218.jpg,,COMPULSARY_KEEP_RIGHT,train,huggingface_kannanwisen_indian_traffic_sign_classification,CC-BY-4.0 (declared; no author or source named upstream),no,1361b49a26c66917,50,50,3376
COMPULSARY_KEEP_RIGHT/11219.jpg,,COMPULSARY_KEEP_RIGHT,train,huggingface_kannanwisen_indian_traffic_sign_classification,CC-BY-4.0 (declared; no author or source named upstream),no,063174b282c66d33,50,50,3752
COMPULSARY_KEEP_RIGHT/11220.jpg,,COMPULSARY_KEEP_RIGHT,train,huggingface_kannanwisen_indian_traffic_sign_classification,CC-BY-4.0 (declared; no author or source named upstream),no,9149d43203c66d31,50,50,2768
COMPULSARY_KEEP_RIGHT/11221.jpg,,COMPULSARY_KEEP_RIGHT,train,huggingface_kannanwisen_indian_traffic_sign_classification,CC-BY-4.0 (declared; no author or source named upstream),no,12c1b43b2786c8f4,50,50,2732
COMPULSARY_KEEP_RIGHT/11222.jpg,,COMPULSARY_KEEP_RIGHT,train,huggingface_kannanwisen_indian_traffic_sign_classification,CC-BY-4.0 (declared; no author or source named upstream),no,872d321327462d53,50,50,2768
COMPULSARY_KEEP_RIGHT/11223.jpg,,COMPULSARY_KEEP_RIGHT,train,huggingface_kannanwisen_indian_traffic_sign_classification,CC-BY-4.0 (declared; no author or source named upstream),no,0701643607e77813,50,50,2842
COMPULSARY_KEEP_RIGHT/11224.jpg,,COMPULSARY_KEEP_RIGHT,train,huggingface_kannanwisen_indian_traffic_sign_classification,CC-BY-4.0 (declared; no author or source named upstream),no,8f2b349a62466917,50,50,3670
COMPULSARY_KEEP_RIGHT/11225.jpg,,COMPULSARY_KEEP_RIGHT,train,huggingface_kannanwisen_indian_traffic_sign_classification,CC-BY-4.0 (declared; no author or source named upstream),no,0f61341b07c66db3,50,50,2610
COMPULSARY_KEEP_RIGHT/11226.jpg,,COMPULSARY_KEEP_RIGHT,train,huggingface_kannanwisen_indian_traffic_sign_classification,CC-BY-4.0 (declared; no author or source named upstream),no,8e27313707476b32,50,50,2482
COMPULSARY_KEEP_RIGHT/11227.jpg,,COMPULSARY_KEEP_RIGHT,train,huggingface_kannanwisen_indian_traffic_sign_classification,CC-BY-4.0 (declared; no author or source named upstream),no,9b60b41b27462d17,50,50,2870
COMPULSARY_KEEP_RIGHT/11228.jpg,,COMPULSARY_KEEP_RIGHT,train,huggingface_kannanwisen_indian_traffic_sign_classification,CC-BY-4.0 (declared; no author or source named upstream),no,0719580b2786c472,50,50,2724
COMPULSARY_KEEP_RIGHT/11229.jpg,,COMPULSARY_KEEP_RIGHT,train,huggingface_kannanwisen_indian_traffic_sign_classification,CC-BY-4.0 (declared; no author or source named upstream),no,1f71389ec7c77116,50,50,2828
COMPULSARY_KEEP_RIGHT/11230.jpg,,COMPULSARY_KEEP_RIGHT,train,huggingface_kannanwisen_indian_traffic_sign_classification,CC-BY-4.0 (declared; no author or source named upstream),no,8fa1b09aa6c6e464,50,50,2830
COMPULSARY_KEEP_RIGHT/11231.jpg,,COMPULSARY_KEEP_RIGHT,train,huggingface_kannanwisen_indian_traffic_sign_classification,CC-BY-4.0 (declared; no author or source named upstream),no,43311c9ac646610f,50,50,3560
COMPULSARY_KEEP_RIGHT/11232.jpg,,COMPULSARY_KEEP_RIGHT,train,huggingface_kannanwisen_indian_traffic_sign_classification,CC-BY-4.0 (declared; no author or source named upstream),no,7070929aa7c6e470,50,50,2892
COMPULSARY_KEEP_RIGHT/11233.jpg,,COMPULSARY_KEEP_RIGHT,train,huggingface_kannanwisen_indian_traffic_sign_classification,CC-BY-4.0 (declared; no author or source named upstream),no,11689c9a86c6e8b2,50,50,2964
COMPULSARY_KEEP_RIGHT/11234.jpg,,COMPULSARY_KEEP_RIGHT,train,huggingface_kannanwisen_indian_traffic_sign_classification,CC-BY-4.0 (declared; no author or source named upstream),no,cff1b49b03c6ccf2,50,50,2736
COMPULSARY_SOUND_HORN/13012.jpg,,COMPULSARY_SOUND_HORN,train,huggingface_kannanwisen_indian_traffic_sign_classification,CC-BY-4.0 (declared; no author or source named upstream),no,5e87b9978fa50e94,50,50,3184
COMPULSARY_SOUND_HORN/13013.jpg,,COMPULSARY_SOUND_HORN,train,huggingface_kannanwisen_indian_traffic_sign_classification,CC-BY-4.0 (declared; no author or source named upstream),no,1dd2f07d4568710c,50,50,2284
COMPULSARY_SOUND_HORN/13014.jpg,,COMPULSARY_SOUND_HORN,train,huggingface_kannanwisen_indian_traffic_sign_classification,CC-BY-4.0 (declared; no author or source named upstream),no,2671e8d446693909,50,50,3002
COMPULSARY_SOUND_HORN/13015.jpg,,COMPULSARY_SOUND_HORN,train,huggingface_kannanwisen_indian_traffic_sign_classification,CC-BY-4.0 (declared; no author or source named upstream),no,1a71e8d4c5687110,50,50,2780
COMPULSARY_SOUND_HORN/13016.jpg,,COMPULSARY_SOUND_HORN,train,huggingface_kannanwisen_indian_traffic_sign_classification,CC-BY-4.0 (declared; no author or source named upstream),no,99df8b3f178ecca5,50,50,3130
COMPULSARY_SOUND_HORN/13017.jpg,,COMPULSARY_SOUND_HORN,train,huggingface_kannanwisen_indian_traffic_sign_classification,CC-BY-4.0 (declared; no author or source named upstream),no,078b21370346b6bb,50,50,3498
COMPULSARY_SOUND_HORN/13018.jpg,,COMPULSARY_SOUND_HORN,train,huggingface_kannanwisen_indian_traffic_sign_classification,CC-BY-4.0 (declared; no author or source named upstream),no,cad0ec3ed6ccf664,50,50,2826
COMPULSARY_SOUND_HORN/13019.jpg,,COMPULSARY_SOUND_HORN,train,huggingface_kannanwisen_indian_traffic_sign_classification,CC-BY-4.0 (declared; no author or source named upstream),no,b7f7fdfedadffbdb,50,50,3114
COMPULSARY_SOUND_HORN/13020.jpg,,COMPULSARY_SOUND_HORN,train,huggingface_kannanwisen_indian_traffic_sign_classification,CC-BY-4.0 (declared; no author or source named upstream),no,6c38ec3696ccf299,50,50,3126
COMPULSARY_SOUND_HORN/13021.jpg,,COMPULSARY_SOUND_HORN,train,huggingface_kannanwisen_indian_traffic_sign_classification,CC-BY-4.0 (declared; no author or source named upstream),no,e5863316068682c8,50,50,2472
COMPULSARY_SOUND_HORN/13045.jpg,,COMPULSARY_SOUND_HORN,train,huggingface_kannanwisen_indian_traffic_sign_classification,CC-BY-4.0 (declared; no author or source named upstream),no,71d16028c1e6f096,50,50,3212
COMPULSARY_TURN_LEFT/14022.jpg,,COMPULSARY_TURN_LEFT,train,huggingface_kannanwisen_indian_traffic_sign_classification,CC-BY-4.0 (declared; no author or source named upstream),no,71d89c9696f6e479,50,50,3234
COMPULSARY_TURN_LEFT/14025.jpg,,COMPULSARY_TURN_LEFT,train,huggingface_kannanwisen_indian_traffic_sign_classification,CC-BY-4.0 (declared; no author or source named upstream),no,4c9e1f17172717ce,50,50,3654
COMPULSARY_TURN_LEFT/14026.jpg,,COMPULSARY_TURN_LEFT,train,huggingface_kannanwisen_indian_traffic_sign_classification,CC-BY-4.0 (declared; no author or source named upstream),no,0a0c1e8e2686c8ca,50,50,3760
COMPULSARY_TURN_LEFT/14029.jpg,,COMPULSARY_TURN_LEFT,train,huggingface_kannanwisen_indian_traffic_sign_classification,CC-BY-4.0 (declared; no author or source named upstream),no,6c8e1f171727964c,50,50,3610
COMPULSARY_TURN_LEFT/14030.jpg,,COMPULSARY_TURN_LEFT,train,huggingface_kannanwisen_indian_traffic_sign_classification,CC-BY-4.0 (declared; no author or source named upstream),no,8a0e5a1f06a68e4a,50,50,3720
COMPULSARY_TURN_LEFT/14031.jpg,,COMPULSARY_TURN_LEFT,train,huggingface_kannanwisen_indian_traffic_sign_classification,CC-BY-4.0 (declared; no author or source named upstream),no,468f1f171b23934e,50,50,3602
COMPULSARY_TURN_LEFT/14032.jpg,,COMPULSARY_TURN_LEFT,train,huggingface_kannanwisen_indian_traffic_sign_classification,CC-BY-4.0 (declared; no author or source named upstream),no,590f1f17133386cc,50,50,3692
COMPULSARY_TURN_LEFT/14033.jpg,,COMPULSARY_TURN_LEFT,train,huggingface_kannanwisen_indian_traffic_sign_classification,CC-BY-4.0 (declared; no author or source named upstream),no,0f9f1f1717170ead,50,50,3546
COMPULSARY_TURN_LEFT/14034.jpg,,COMPULSARY_TURN_LEFT,train,huggingface_kannanwisen_indian_traffic_sign_classification,CC-BY-4.0 (declared; no author or source named upstream),no,278f9f1713130f2d,50,50,3476
COMPULSARY_TURN_LEFT/14035.jpg,,COMPULSARY_TURN_LEFT,train,huggingface_kannanwisen_indian_traffic_sign_classification,CC-BY-4.0 (declared; no author or source named upstream),no,d8cc9e1e17a68c4b,50,50,2998
CYCLE_CROSSING/19012.jpg,,CYCLE_CROSSING,train,huggingface_kannanwisen_indian_traffic_sign_classification,CC-BY-4.0 (declared; no author or source named upstream),no,1033b16969d4401b,50,50,2366
CYCLE_CROSSING/19013.jpg,,CYCLE_CROSSING,train,huggingface_kannanwisen_indian_traffic_sign_classification,CC-BY-4.0 (declared; no author or source named upstream),no,2952b1696dda4a15,50,50,3092
CYCLE_CROSSING/19014.jpg,,CYCLE_CROSSING,train,huggingface_kannanwisen_indian_traffic_sign_classification,CC-BY-4.0 (declared; no author or source named upstream),no,4833b369eddc4233,50,50,3228
CYCLE_CROSSING/19015.jpg,,CYCLE_CROSSING,train,huggingface_kannanwisen_indian_traffic_sign_classification,CC-BY-4.0 (declared; no author or source named upstream),no,4c12b1696c5c4089,50,50,2404
CYCLE_CROSSING/19016.jpg,,CYCLE_CROSSING,train,huggingface_kannanwisen_indian_traffic_sign_classification,CC-BY-4.0 (declared; no author or source named upstream),no,4412b1696c4c4085,50,50,2384
CYCLE_CROSSING/19017.jpg,,CYCLE_CROSSING,train,huggingface_kannanwisen_indian_traffic_sign_classification,CC-BY-4.0 (declared; no author or source named upstream),no,10b13369d9d4c02b,50,50,2326
CYCLE_CROSSING/19018.jpg,,CYCLE_CROSSING,train,huggingface_kannanwisen_indian_traffic_sign_classification,CC-BY-4.0 (declared; no author or source named upstream),no,1433b369695c4413,50,50,2514
CYCLE_CROSSING/19019.jpg,,CYCLE_CROSSING,train,huggingface_kannanwisen_indian_traffic_sign_classification,CC-BY-4.0 (declared; no author or source named upstream),no,c533336b6944439b,50,50,2616
CYCLE_CROSSING/19020.jpg,,CYCLE_CROSSING,train,huggingface_kannanwisen_indian_traffic_sign_classification,CC-BY-4.0 (declared; no author or source named upstream),no,c91f8e0f07172b8b,50,50,3860
CYCLE_CROSSING/19021.jpg,,CYCLE_CROSSING,train,huggingface_kannanwisen_indian_traffic_sign_classification,CC-BY-4.0 (declared; no author or source named upstream),no,28528e0f071f3bae,50,50,3010
CYCLE_CROSSING/19022.jpg,,CYCLE_CROSSING,train,huggingface_kannanwisen_indian_traffic_sign_classification,CC-BY-4.0 (declared; no author or source named upstream),no,76068e0f071b2b36,50,50,3160
CYCLE_CROSSING/19023.jpg,,CYCLE_CROSSING,train,huggingface_kannanwisen_indian_traffic_sign_classification,CC-BY-4.0 (declared; no author or source named upstream),no,ae8e862f0f1f2ec4,50,50,2664
CYCLE_CROSSING/19024.jpg,,CYCLE_CROSSING,train,huggingface_kannanwisen_indian_traffic_sign_classification,CC-BY-4.0 (declared; no author or source named upstream),no,616473c8d4deb880,50,50,3038
CYCLE_CROSSING/19051.jpg,,CYCLE_CROSSING,train,huggingface_kannanwisen_indian_traffic_sign_classification,CC-BY-4.0 (declared; no author or source named upstream),no,d2d2d2ab6c6c0dcc,50,50,3490
DIRECTION/22001.jpg,,DIRECTION,train,huggingface_kannanwisen_indian_traffic_sign_classification,CC-BY-4.0 (declared; no author or source named upstream),no,46b870e4c4723834,50,50,3276
DIRECTION/22002.jpg,,DIRECTION,train,huggingface_kannanwisen_indian_traffic_sign_classification,CC-BY-4.0 (declared; no author or source named upstream),no,1f3973e7e3b1b993,50,50,3480
DIRECTION/22003.jpg,,DIRECTION,train,huggingface_kannanwisen_indian_traffic_sign_classification,CC-BY-4.0 (declared; no author or source named upstream),no,c8e571393971456b,50,50,3448
DIRECTION/22004.jpg,,DIRECTION,train,huggingface_kannanwisen_indian_traffic_sign_classification,CC-BY-4.0 (declared; no author or source named upstream),no,dcb8f1e2e2f1b89c,50,50,3152
DIRECTION/22005.jpg,,DIRECTION,train,huggingface_kannanwisen_indian_traffic_sign_classification,CC-BY-4.0 (declared; no author or source named upstream),no,dcb832e2e2b1b8ba,50,50,3224
DIRECTION/22006.jpg,,DIRECTION,train,huggingface_kannanwisen_indian_traffic_sign_classification,CC-BY-4.0 (declared; no author or source named upstream),no,1ae4e0b1f9f060f4,50,50,3164
GAP_IN_MEDIAN/25012.jpg,gap_in_median,GAP_IN_MEDIAN,train,huggingface_kannanwisen_indian_traffic_sign_classification,CC-BY-4.0 (declared; no author or source named upstream),yes,b4b47169d4d0b2d4,50,50,3532
GAP_IN_MEDIAN/25014.jpg,gap_in_median,GAP_IN_MEDIAN,train,huggingface_kannanwisen_indian_traffic_sign_classification,CC-BY-4.0 (declared; no author or source named upstream),yes,92b2726b5596b6f2,50,50,3048
GAP_IN_MEDIAN/25016.jpg,gap_in_median,GAP_IN_MEDIAN,train,huggingface_kannanwisen_indian_traffic_sign_classification,CC-BY-4.0 (declared; no author or source named upstream),yes,32b269d596323351,50,50,3220
GIVE_WAY/26016.jpg,give_way,GIVE_WAY,train,huggingface_kannanwisen_indian_traffic_sign_classification,CC-BY-4.0 (declared; no author or source named upstream),yes,640317070f4c444d,50,50,2166
GIVE_WAY/26017.jpg,give_way,GIVE_WAY,train,huggingface_kannanwisen_indian_traffic_sign_classification,CC-BY-4.0 (declared; no author or source named upstream),yes,da2b9e9f8feed3d9,50,50,2680
GIVE_WAY/26018.jpg,give_way,GIVE_WAY,train,huggingface_kannanwisen_indian_traffic_sign_classification,CC-BY-4.0 (declared; no author or source named upstream),yes,88a396174dec3296,50,50,2650
GIVE_WAY/26019.jpg,give_way,GIVE_WAY,train,huggingface_kannanwisen_indian_traffic_sign_classification,CC-BY-4.0 (declared; no author or source named upstream),yes,f2aad6c46c393112,50,50,2996
GIVE_WAY/26020.jpg,give_way,GIVE_WAY,train,huggingface_kannanwisen_indian_traffic_sign_classification,CC-BY-4.0 (declared; no author or source named upstream),yes,f68bd6466ded121b,50,50,2802
GIVE_WAY/26021.jpg,give_way,GIVE_WAY,train,huggingface_kannanwisen_indian_traffic_sign_classification,CC-BY-4.0 (declared; no author or source named upstream),yes,0b2307070ecece4c,50,50,3446
GIVE_WAY/26022.jpg,give_way,GIVE_WAY,train,huggingface_kannanwisen_indian_traffic_sign_classification,CC-BY-4.0 (declared; no author or source named upstream),yes,b617170f0f8f2f6b,50,50,2334
GIVE_WAY/26023.jpg,give_way,GIVE_WAY,train,huggingface_kannanwisen_indian_traffic_sign_classification,CC-BY-4.0 (declared; no author or source named upstream),yes,d82317170f8e8e2c,50,50,2554
GIVE_WAY/26024.jpg,give_way,GIVE_WAY,train,huggingface_kannanwisen_indian_traffic_sign_classification,CC-BY-4.0 (declared; no author or source named upstream),yes,93aa96160d2cb232,50,50,3208
GIVE_WAY/26025.jpg,give_way,GIVE_WAY,train,huggingface_kannanwisen_indian_traffic_sign_classification,CC-BY-4.0 (declared; no author or source named upstream),yes,a69b96074fec7192,50,50,2986
GIVE_WAY/26026.jpg,give_way,GIVE_WAY,train,huggingface_kannanwisen_indian_traffic_sign_classification,CC-BY-4.0 (declared; no author or source named upstream),yes,d8a696d6cce87464,50,50,3614
GIVE_WAY/26027.jpg,give_way,GIVE_WAY,train,huggingface_kannanwisen_indian_traffic_sign_classification,CC-BY-4.0 (declared; no author or source named upstream),yes,f78a96c7ede9f8d8,50,50,3306
GIVE_WAY/26028.jpg,give_way,GIVE_WAY,train,huggingface_kannanwisen_indian_traffic_sign_classification,CC-BY-4.0 (declared; no author or source named upstream),yes,b48a96054dc89192,50,50,3048
GIVE_WAY/26029.jpg,give_way,GIVE_WAY,train,huggingface_kannanwisen_indian_traffic_sign_classification,CC-BY-4.0 (declared; no author or source named upstream),yes,100a16042c383616,50,50,3228
GIVE_WAY/26030.jpg,give_way,GIVE_WAY,train,huggingface_kannanwisen_indian_traffic_sign_classification,CC-BY-4.0 (declared; no author or source named upstream),yes,0c0307070f8ec686,50,50,3282
GIVE_WAY/26031.jpg,give_way,GIVE_WAY,train,huggingface_kannanwisen_indian_traffic_sign_classification,CC-BY-4.0 (declared; no author or source named upstream),yes,c20397070f8f4d2d,50,50,2870
GIVE_WAY/26032.jpg,give_way,GIVE_WAY,train,huggingface_kannanwisen_indian_traffic_sign_classification,CC-BY-4.0 (declared; no author or source named upstream),yes,fea296d4ec69b112,50,50,3068
GIVE_WAY/26033.jpg,give_way,GIVE_WAY,train,huggingface_kannanwisen_indian_traffic_sign_classification,CC-BY-4.0 (declared; no author or source named upstream),yes,f28296070fa83351,50,50,3040
GIVE_WAY/26034.jpg,give_way,GIVE_WAY,train,huggingface_kannanwisen_indian_traffic_sign_classification,CC-BY-4.0 (declared; no author or source named upstream),yes,c28317070f8e474d,50,50,2700
GIVE_WAY/26035.jpg,give_way,GIVE_WAY,train,huggingface_kannanwisen_indian_traffic_sign_classification,CC-BY-4.0 (declared; no author or source named upstream),yes,5883960f0f8c0626,50,50,2312
GIVE_WAY/26036.jpg,give_way,GIVE_WAY,train,huggingface_kannanwisen_indian_traffic_sign_classification,CC-BY-4.0 (declared; no author or source named upstream),yes,38e2c42b2fe8d091,50,50,2292
GIVE_WAY/26037.jpg,give_way,GIVE_WAY,train,huggingface_kannanwisen_indian_traffic_sign_classification,CC-BY-4.0 (declared; no author or source named upstream),yes,4b2b960b0fec3106,50,50,2202
GIVE_WAY/26038.jpg,give_way,GIVE_WAY,train,huggingface_kannanwisen_indian_traffic_sign_classification,CC-BY-4.0 (declared; no author or source named upstream),yes,fd9b970f2feef6f1,50,50,2368
GIVE_WAY/26039.jpg,give_way,GIVE_WAY,train,huggingface_kannanwisen_indian_traffic_sign_classification,CC-BY-4.0 (declared; no author or source named upstream),yes,f7aad6dfed79b39b,50,50,3146
GIVE_WAY/26040.jpg,give_way,GIVE_WAY,train,huggingface_kannanwisen_indian_traffic_sign_classification,CC-BY-4.0 (declared; no author or source named upstream),yes,900a960f0f8e4c0c,50,50,2460
GIVE_WAY/26041.jpg,give_way,GIVE_WAY,train,huggingface_kannanwisen_indian_traffic_sign_classification,CC-BY-4.0 (declared; no author or source named upstream),yes,b4a397070f0d1316,50,50,2824
GIVE_WAY/26042.jpg,give_way,GIVE_WAY,train,huggingface_kannanwisen_indian_traffic_sign_classification,CC-BY-4.0 (declared; no author or source named upstream),yes,980316070fad131b,50,50,2710
GIVE_WAY/26043.jpg,give_way,GIVE_WAY,train,huggingface_kannanwisen_indian_traffic_sign_classification,CC-BY-4.0 (declared; no author or source named upstream),yes,36aa96466d6c1010,50,50,3458
GIVE_WAY/26044.jpg,give_way,GIVE_WAY,train,huggingface_kannanwisen_indian_traffic_sign_classification,CC-BY-4.0 (declared; no author or source named upstream),yes,a20303170f8ec6ce,50,50,3230
GIVE_WAY/26045.jpg,give_way,GIVE_WAY,train,huggingface_kannanwisen_indian_traffic_sign_classification,CC-BY-4.0 (declared; no author or source named upstream),yes,4d8387878f8e8c14,50,50,3260
GIVE_WAY/26046.jpg,give_way,GIVE_WAY,train,huggingface_kannanwisen_indian_traffic_sign_classification,CC-BY-4.0 (declared; no author or source named upstream),yes,7c1f170f0fc72767,50,50,2626
GIVE_WAY/26047.jpg,give_way,GIVE_WAY,train,huggingface_kannanwisen_indian_traffic_sign_classification,CC-BY-4.0 (declared; no author or source named upstream),yes,cc8294c4e8693353,50,50,2952
GIVE_WAY/26048.jpg,give_way,GIVE_WAY,train,huggingface_kannanwisen_indian_traffic_sign_classification,CC-BY-4.0 (declared; no author or source named upstream),yes,2b0f0f0f0f8e8d1c,50,50,2726
GIVE_WAY/26049.jpg,give_way,GIVE_WAY,train,huggingface_kannanwisen_indian_traffic_sign_classification,CC-BY-4.0 (declared; no author or source named upstream),yes,7efe94d44d69b131,50,50,2622
GIVE_WAY/26050.jpg,give_way,GIVE_WAY,train,huggingface_kannanwisen_indian_traffic_sign_classification,CC-BY-4.0 (declared; no author or source named upstream),yes,d4aade5d0f8ed3f3,50,50,2588
GIVE_WAY/26051.jpg,give_way,GIVE_WAY,train,huggingface_kannanwisen_indian_traffic_sign_classification,CC-BY-4.0 (declared; no author or source named upstream),yes,6917170f0d0f1f8c,50,50,2658
GIVE_WAY/26052.jpg,give_way,GIVE_WAY,train,huggingface_kannanwisen_indian_traffic_sign_classification,CC-BY-4.0 (declared; no author or source named upstream),yes,350e1e060d89131b,50,50,3000
GIVE_WAY/26053.jpg,give_way,GIVE_WAY,train,huggingface_kannanwisen_indian_traffic_sign_classification,CC-BY-4.0 (declared; no author or source named upstream),yes,441a0224040e2424,50,50,3236
GIVE_WAY/26054.jpg,give_way,GIVE_WAY,train,huggingface_kannanwisen_indian_traffic_sign_classification,CC-BY-4.0 (declared; no author or source named upstream),yes,e48396466d6d3110,50,50,2600
GIVE_WAY/26055.jpg,give_way,GIVE_WAY,train,huggingface_kannanwisen_indian_traffic_sign_classification,CC-BY-4.0 (declared; no author or source named upstream),yes,749b921f0fcc9216,50,50,2746
GIVE_WAY/26056.jpg,give_way,GIVE_WAY,train,huggingface_kannanwisen_indian_traffic_sign_classification,CC-BY-4.0 (declared; no author or source named upstream),yes,0f0b03070f0f0fcd,50,50,3628
GIVE_WAY/26057.jpg,give_way,GIVE_WAY,train,huggingface_kannanwisen_indian_traffic_sign_classification,CC-BY-4.0 (declared; no author or source named upstream),yes,390b07070f8e4e4f,50,50,3560
GIVE_WAY/26058.jpg,give_way,GIVE_WAY,train,huggingface_kannanwisen_indian_traffic_sign_classification,CC-BY-4.0 (declared; no author or source named upstream),yes,0d1707070f0f4d4d,50,50,3542
GIVE_WAY/26059.jpg,give_way,GIVE_WAY,train,huggingface_kannanwisen_indian_traffic_sign_classification,CC-BY-4.0 (declared; no author or source named upstream),yes,410216060e8c4c8c,50,50,2762
GIVE_WAY/26060.jpg,give_way,GIVE_WAY,train,huggingface_kannanwisen_indian_traffic_sign_classification,CC-BY-4.0 (declared; no author or source named upstream),yes,acab9f164d2d1210,50,50,3062
GIVE_WAY/26061.jpg,give_way,GIVE_WAY,train,huggingface_kannanwisen_indian_traffic_sign_classification,CC-BY-4.0 (declared; no author or source named upstream),yes,3e9a564e6d6bf3f7,50,50,3126
GIVE_WAY/26062.jpg,give_way,GIVE_WAY,train,huggingface_kannanwisen_indian_traffic_sign_classification,CC-BY-4.0 (declared; no author or source named upstream),yes,ffa296c66d69b352,50,50,2932
GIVE_WAY/26063.jpg,give_way,GIVE_WAY,train,huggingface_kannanwisen_indian_traffic_sign_classification,CC-BY-4.0 (declared; no author or source named upstream),yes,f80216c60fccd848,50,50,2848
GIVE_WAY/26064.jpg,give_way,GIVE_WAY,train,huggingface_kannanwisen_indian_traffic_sign_classification,CC-BY-4.0 (declared; no author or source named upstream),yes,4707170f0f8e0f4e,50,50,2366
GIVE_WAY/26065.jpg,give_way,GIVE_WAY,train,huggingface_kannanwisen_indian_traffic_sign_classification,CC-BY-4.0 (declared; no author or source named upstream),yes,50b296c66d0f8626,50,50,2776
GIVE_WAY/26066.jpg,give_way,GIVE_WAY,train,huggingface_kannanwisen_indian_traffic_sign_classification,CC-BY-4.0 (declared; no author or source named upstream),yes,b7ab950d2d8cd6ed,50,50,2550
GIVE_WAY/26067.jpg,give_way,GIVE_WAY,train,huggingface_kannanwisen_indian_traffic_sign_classification,CC-BY-4.0 (declared; no author or source named upstream),yes,9082d65409cb3634,50,50,3028
GIVE_WAY/26068.jpg,give_way,GIVE_WAY,train,huggingface_kannanwisen_indian_traffic_sign_classification,CC-BY-4.0 (declared; no author or source named upstream),yes,4aa396170f8e948d,50,50,2430
GIVE_WAY/26069.jpg,give_way,GIVE_WAY,train,huggingface_kannanwisen_indian_traffic_sign_classification,CC-BY-4.0 (declared; no author or source named upstream),yes,cc82564f6f6a5255,50,50,2712
GIVE_WAY/26070.jpg,give_way,GIVE_WAY,train,huggingface_kannanwisen_indian_traffic_sign_classification,CC-BY-4.0 (declared; no author or source named upstream),yes,4c8397070fced6c6,50,50,2560
GIVE_WAY/26071.jpg,give_way,GIVE_WAY,train,huggingface_kannanwisen_indian_traffic_sign_classification,CC-BY-4.0 (declared; no author or source named upstream),yes,fc83d60f2d6c7474,50,50,2426
GIVE_WAY/26072.jpg,give_way,GIVE_WAY,train,huggingface_kannanwisen_indian_traffic_sign_classification,CC-BY-4.0 (declared; no author or source named upstream),yes,c28e8e0e29697173,50,50,2766
GIVE_WAY/26073.jpg,give_way,GIVE_WAY,train,huggingface_kannanwisen_indian_traffic_sign_classification,CC-BY-4.0 (declared; no author or source named upstream),yes,a2a2c6d4ec693232,50,50,3074
GIVE_WAY/26075.jpg,give_way,GIVE_WAY,train,huggingface_kannanwisen_indian_traffic_sign_classification,CC-BY-4.0 (declared; no author or source named upstream),yes,568207170f8e9e92,50,50,3352
GIVE_WAY/26076.jpg,give_way,GIVE_WAY,train,huggingface_kannanwisen_indian_traffic_sign_classification,CC-BY-4.0 (declared; no author or source named upstream),yes,880307070f8e4646,50,50,3302
GIVE_WAY/26077.jpg,give_way,GIVE_WAY,train,huggingface_kannanwisen_indian_traffic_sign_classification,CC-BY-4.0 (declared; no author or source named upstream),yes,f813170f0f0e568e,50,50,2460
GIVE_WAY/26078.jpg,give_way,GIVE_WAY,train,huggingface_kannanwisen_indian_traffic_sign_classification,CC-BY-4.0 (declared; no author or source named upstream),yes,91bad6d4ccc86970,50,50,3336
GIVE_WAY/26079.jpg,give_way,GIVE_WAY,train,huggingface_kannanwisen_indian_traffic_sign_classification,CC-BY-4.0 (declared; no author or source named upstream),yes,fcba96d46c69b1d2,50,50,2606
GIVE_WAY/26080.jpg,give_way,GIVE_WAY,train,huggingface_kannanwisen_indian_traffic_sign_classification,CC-BY-4.0 (declared; no author or source named upstream),yes,90a2d6c4e86933d7,50,50,2728
GIVE_WAY/26081.jpg,give_way,GIVE_WAY,train,huggingface_kannanwisen_indian_traffic_sign_classification,CC-BY-4.0 (declared; no author or source named upstream),yes,2e8296c664245949,50,50,2712
GIVE_WAY/26082.jpg,give_way,GIVE_WAY,train,huggingface_kannanwisen_indian_traffic_sign_classification,CC-BY-4.0 (declared; no author or source named upstream),yes,90bb96c6cdeb7777,50,50,3230
HORN_PROHIBITED/30002.jpg,,HORN_PROHIBITED,train,huggingface_kannanwisen_indian_traffic_sign_classification,CC-BY-4.0 (declared; no author or source named upstream),no,8a9e2626321e8eca,50,50,3880
HORN_PROHIBITED/30003.jpg,,HORN_PROHIBITED,train,huggingface_kannanwisen_indian_traffic_sign_classification,CC-BY-4.0 (declared; no author or source named upstream),no,4e8e0e26369cdcd8,50,50,3900
HORN_PROHIBITED/30006.jpg,,HORN_PROHIBITED,train,huggingface_kannanwisen_indian_traffic_sign_classification,CC-BY-4.0 (declared; no author or source named upstream),no,8e0f07233b1f1fcd,50,50,3886
HORN_PROHIBITED/30007.jpg,,HORN_PROHIBITED,train,huggingface_kannanwisen_indian_traffic_sign_classification,CC-BY-4.0 (declared; no author or source named upstream),no,6e4e0f27631f4fc3,50,50,3698
HORN_PROHIBITED/30010.jpg,,HORN_PROHIBITED,train,huggingface_kannanwisen_indian_traffic_sign_classification,CC-BY-4.0 (declared; no author or source named upstream),no,010f2733331e8c2c,50,50,3866
HORN_PROHIBITED/30011.jpg,,HORN_PROHIBITED,train,huggingface_kannanwisen_indian_traffic_sign_classification,CC-BY-4.0 (declared; no author or source named upstream),no,068e0632329c8848,50,50,3836
HORN_PROHIBITED/30014.jpg,,HORN_PROHIBITED,train,huggingface_kannanwisen_indian_traffic_sign_classification,CC-BY-4.0 (declared; no author or source named upstream),no,0e0f86a2ba8ea8b1,50,50,3546
HORN_PROHIBITED/30015.jpg,,HORN_PROHIBITED,train,huggingface_kannanwisen_indian_traffic_sign_classification,CC-BY-4.0 (declared; no author or source named upstream),no,0e0f06a2b99e8cb1,50,50,3466
HORN_PROHIBITED/30018.jpg,,HORN_PROHIBITED,train,huggingface_kannanwisen_indian_traffic_sign_classification,CC-BY-4.0 (declared; no author or source named upstream),no,f88e4e623b8e8cec,50,50,3434
HORN_PROHIBITED/30019.jpg,,HORN_PROHIBITED,train,huggingface_kannanwisen_indian_traffic_sign_classification,CC-BY-4.0 (declared; no author or source named upstream),no,f80ece66329a8ce4,50,50,3486
HORN_PROHIBITED/30022.jpg,,HORN_PROHIBITED,train,huggingface_kannanwisen_indian_traffic_sign_classification,CC-BY-4.0 (declared; no author or source named upstream),no,784e4e231b0e4e72,50,50,3558
HORN_PROHIBITED/30023.jpg,,HORN_PROHIBITED,train,huggingface_kannanwisen_indian_traffic_sign_classification,CC-BY-4.0 (declared; no author or source named upstream),no,316cc6b39acd71b0,50,50,3432
HORN_PROHIBITED/30026.jpg,,HORN_PROHIBITED,train,huggingface_kannanwisen_indian_traffic_sign_classification,CC-BY-4.0 (declared; no author or source named upstream),no,1678cce29a0c6961,50,50,3432
HORN_PROHIBITED/30027.jpg,,HORN_PROHIBITED,train,huggingface_kannanwisen_indian_traffic_sign_classification,CC-BY-4.0 (declared; no author or source named upstream),no,86060e339b4f8717,50,50,3772
HORN_PROHIBITED/30028.jpg,,HORN_PROHIBITED,train,huggingface_kannanwisen_indian_traffic_sign_classification,CC-BY-4.0 (declared; no author or source named upstream),no,060c0e23bb8fcf97,50,50,3784
HORN_PROHIBITED/30029.jpg,,HORN_PROHIBITED,train,huggingface_kannanwisen_indian_traffic_sign_classification,CC-BY-4.0 (declared; no author or source named upstream),no,ec4ecfa3bbcf8fcc,50,50,3822
HORN_PROHIBITED/30030.jpg,,HORN_PROHIBITED,train,huggingface_kannanwisen_indian_traffic_sign_classification,CC-BY-4.0 (declared; no author or source named upstream),no,33694de79b4d6933,50,50,3052
HORN_PROHIBITED/30031.jpg,,HORN_PROHIBITED,train,huggingface_kannanwisen_indian_traffic_sign_classification,CC-BY-4.0 (declared; no author or source named upstream),no,f0ccc6e2ba8ccdf3,50,50,3078
HORN_PROHIBITED/30032.jpg,,HORN_PROHIBITED,train,huggingface_kannanwisen_indian_traffic_sign_classification,CC-BY-4.0 (declared; no author or source named upstream),no,714ccea2b99e4471,50,50,2982
HORN_PROHIBITED/30033.jpg,,HORN_PROHIBITED,train,huggingface_kannanwisen_indian_traffic_sign_classification,CC-BY-4.0 (declared; no author or source named upstream),no,3268cca29acc6933,50,50,2884
HORN_PROHIBITED/30034.jpg,,HORN_PROHIBITED,train,huggingface_kannanwisen_indian_traffic_sign_classification,CC-BY-4.0 (declared; no author or source named upstream),no,f0ccc6a2ba8cec33,50,50,2752
HORN_PROHIBITED/30035.jpg,,HORN_PROHIBITED,train,huggingface_kannanwisen_indian_traffic_sign_classification,CC-BY-4.0 (declared; no author or source named upstream),no,b2cccee2ba9ecc71,50,50,2428
HORN_PROHIBITED/30036.jpg,,HORN_PROHIBITED,train,huggingface_kannanwisen_indian_traffic_sign_classification,CC-BY-4.0 (declared; no author or source named upstream),no,3268cce2ba9c4d33,50,50,3078
HORN_PROHIBITED/30037.jpg,,HORN_PROHIBITED,train,huggingface_kannanwisen_indian_traffic_sign_classification,CC-BY-4.0 (declared; no author or source named upstream),no,b369cee2ba9e4c31,50,50,3136
HORN_PROHIBITED/30038.jpg,,HORN_PROHIBITED,train,huggingface_kannanwisen_indian_traffic_sign_classification,CC-BY-4.0 (declared; no author or source named upstream),no,3248cce2ba9c4973,50,50,3008
HORN_PROHIBITED/30039.jpg,,HORN_PROHIBITED,train,huggingface_kannanwisen_indian_traffic_sign_classification,CC-BY-4.0 (declared; no author or source named upstream),no,3369cce2b29c4d33,50,50,3228
HORN_PROHIBITED/30040.jpg,,HORN_PROHIBITED,train,huggingface_kannanwisen_indian_traffic_sign_classification,CC-BY-4.0 (declared; no author or source named upstream),no,334dcee2ba9c6d33,50,50,3182
HORN_PROHIBITED/30041.jpg,,HORN_PROHIBITED,train,huggingface_kannanwisen_indian_traffic_sign_classification,CC-BY-4.0 (declared; no author or source named upstream),no,7349ce62ba9c4d71,50,50,3316
HORN_PROHIBITED/30042.jpg,,HORN_PROHIBITED,train,huggingface_kannanwisen_indian_traffic_sign_classification,CC-BY-4.0 (declared; no author or source named upstream),no,714c86233b9e4c31,50,50,2492
HORN_PROHIBITED/30043.jpg,,HORN_PROHIBITED,train,huggingface_kannanwisen_indian_traffic_sign_classification,CC-BY-4.0 (declared; no author or source named upstream),no,3369cca2b29c6833,50,50,2826
HORN_PROHIBITED/30044.jpg,,HORN_PROHIBITED,train,huggingface_kannanwisen_indian_traffic_sign_classification,CC-BY-4.0 (declared; no author or source named upstream),no,3369cee2329ecd71,50,50,2774
HORN_PROHIBITED/30045.jpg,,HORN_PROHIBITED,train,huggingface_kannanwisen_indian_traffic_sign_classification,CC-BY-4.0 (declared; no author or source named upstream),no,b2c8cee2ba9cccf2,50,50,2840
HORN_PROHIBITED/30046.jpg,,HORN_PROHIBITED,train,huggingface_kannanwisen_indian_traffic_sign_classification,CC-BY-4.0 (declared; no author or source named upstream),no,314ccea3b98e6431,50,50,3050
HORN_PROHIBITED/30047.jpg,,HORN_PROHIBITED,train,huggingface_kannanwisen_indian_traffic_sign_classification,CC-BY-4.0 (declared; no author or source named upstream),no,3268cca6bacc6132,50,50,3068
HORN_PROHIBITED/30048.jpg,,HORN_PROHIBITED,train,huggingface_kannanwisen_indian_traffic_sign_classification,CC-BY-4.0 (declared; no author or source named upstream),no,61cd8662ba8c6d33,50,50,3310
HORN_PROHIBITED/30049.jpg,,HORN_PROHIBITED,train,huggingface_kannanwisen_indian_traffic_sign_classification,CC-BY-4.0 (declared; no author or source named upstream),no,314dc6a2bacc6933,50,50,3228
HORN_PROHIBITED/30050.jpg,,HORN_PROHIBITED,train,huggingface_kannanwisen_indian_traffic_sign_classification,CC-BY-4.0 (declared; no author or source named upstream),no,71cd86623a9ccd71,50,50,3222
HORN_PROHIBITED/30051.jpg,,HORN_PROHIBITED,train,huggingface_kannanwisen_indian_traffic_sign_classification,CC-BY-4.0 (declared; no author or source named upstream),no,71ccce62389ecc71,50,50,3108
HORN_PROHIBITED/30052.jpg,,HORN_PROHIBITED,train,huggingface_kannanwisen_indian_traffic_sign_classification,CC-BY-4.0 (declared; no author or source named upstream),no,314dcee2b29c4d71,50,50,3330
HORN_PROHIBITED/30053.jpg,,HORN_PROHIBITED,train,huggingface_kannanwisen_indian_traffic_sign_classification,CC-BY-4.0 (declared; no author or source named upstream),no,71cdc6e2ba8c4d33,50,50,3574
HORN_PROHIBITED/30054.jpg,,HORN_PROHIBITED,train,huggingface_kannanwisen_indian_traffic_sign_classification,CC-BY-4.0 (declared; no author or source named upstream),no,314dcee2ba8e4d31,50,50,3532
HORN_PROHIBITED/30055.jpg,,HORN_PROHIBITED,train,huggingface_kannanwisen_indian_traffic_sign_classification,CC-BY-4.0 (declared; no author or source named upstream),no,336ccee2ba8eec31,50,50,2846
HORN_PROHIBITED/30056.jpg,,HORN_PROHIBITED,train,huggingface_kannanwisen_indian_traffic_sign_classification,CC-BY-4.0 (declared; no author or source named upstream),no,33cccee2ba8e6c31,50,50,2968
HORN_PROHIBITED/30057.jpg,,HORN_PROHIBITED,train,huggingface_kannanwisen_indian_traffic_sign_classification,CC-BY-4.0 (declared; no author or source named upstream),no,314cc2a19ace6833,50,50,3210
HORN_PROHIBITED/30058.jpg,,HORN_PROHIBITED,train,huggingface_kannanwisen_indian_traffic_sign_classification,CC-BY-4.0 (declared; no author or source named upstream),no,316ccee2ba9ccc73,50,50,2590
HORN_PROHIBITED/30059.jpg,,HORN_PROHIBITED,train,huggingface_kannanwisen_indian_traffic_sign_classification,CC-BY-4.0 (declared; no author or source named upstream),no,3268cee2bacc6c33,50,50,3098
HORN_PROHIBITED/30060.jpg,,HORN_PROHIBITED,train,huggingface_kannanwisen_indian_traffic_sign_classification,CC-BY-4.0 (declared; no author or source named upstream),no,71cccea2da9ccc71,50,50,3302
HORN_PROHIBITED/30061.jpg,,HORN_PROHIBITED,train,huggingface_kannanwisen_indian_traffic_sign_classification,CC-BY-4.0 (declared; no author or source named upstream),no,9268cea2fadc6cb3,50,50,3504
HORN_PROHIBITED/30062.jpg,,HORN_PROHIBITED,train,huggingface_kannanwisen_indian_traffic_sign_classification,CC-BY-4.0 (declared; no author or source named upstream),no,71ccc6e2bacc6932,50,50,3362
HORN_PROHIBITED/30063.jpg,,HORN_PROHIBITED,train,huggingface_kannanwisen_indian_traffic_sign_classification,CC-BY-4.0 (declared; no author or source named upstream),no,734dc6e2bacc6933,50,50,3516
HORN_PROHIBITED/30064.jpg,,HORN_PROHIBITED,train,huggingface_kannanwisen_indian_traffic_sign_classification,CC-BY-4.0 (declared; no author or source named upstream),no,f2c8c6e2ba8cecb2,50,50,2526
HORN_PROHIBITED/30068.jpg,,HORN_PROHIBITED,train,huggingface_kannanwisen_indian_traffic_sign_classification,CC-BY-4.0 (declared; no author or source named upstream),no,9ccccc061e0ca969,50,50,3414
HUMP_OR_ROUGH_ROAD/31012.jpg,road_hump,HUMP_OR_ROUGH_ROAD,train,huggingface_kannanwisen_indian_traffic_sign_classification,CC-BY-4.0 (declared; no author or source named upstream),yes,4a4f8e0f0f93b38f,50,50,2638
HUMP_OR_ROUGH_ROAD/31023.jpg,road_hump,HUMP_OR_ROUGH_ROAD,train,huggingface_kannanwisen_indian_traffic_sign_classification,CC-BY-4.0 (declared; no author or source named upstream),yes,8c4c8bcd4f373361,50,50,3444
HUMP_OR_ROUGH_ROAD/31027.jpg,road_hump,HUMP_OR_ROUGH_ROAD,train,huggingface_kannanwisen_indian_traffic_sign_classification,CC-BY-4.0 (declared; no author or source named upstream),yes,daeece8f17332963,50,50,3474
HUMP_OR_ROUGH_ROAD/31041.jpg,road_hump,HUMP_OR_ROUGH_ROAD,train,huggingface_kannanwisen_indian_traffic_sign_classification,CC-BY-4.0 (declared; no author or source named upstream),yes,9898cc9f3369d1e1,50,50,3674
HUMP_OR_ROUGH_ROAD/31043.jpg,road_hump,HUMP_OR_ROUGH_ROAD,train,huggingface_kannanwisen_indian_traffic_sign_classification,CC-BY-4.0 (declared; no author or source named upstream),yes,1a9b0d8d97273bca,50,50,3938
HUMP_OR_ROUGH_ROAD/31045.jpg,road_hump,HUMP_OR_ROUGH_ROAD,train,huggingface_kannanwisen_indian_traffic_sign_classification,CC-BY-4.0 (declared; no author or source named upstream),yes,820bcc0f17332710,50,50,2606
HUMP_OR_ROUGH_ROAD/31047.jpg,road_hump,HUMP_OR_ROUGH_ROAD,train,huggingface_kannanwisen_indian_traffic_sign_classification,CC-BY-4.0 (declared; no author or source named upstream),yes,011b8c0f17332157,50,50,3034
HUMP_OR_ROUGH_ROAD/31049.jpg,road_hump,HUMP_OR_ROUGH_ROAD,train,huggingface_kannanwisen_indian_traffic_sign_classification,CC-BY-4.0 (declared; no author or source named upstream),yes,246468489cb66aa4,50,50,3578
HUMP_OR_ROUGH_ROAD/31051.jpg,road_hump,HUMP_OR_ROUGH_ROAD,train,huggingface_kannanwisen_indian_traffic_sign_classification,CC-BY-4.0 (declared; no author or source named upstream),yes,e9b6a6273b3361a3,50,50,3284
HUMP_OR_ROUGH_ROAD/31053.jpg,road_hump,HUMP_OR_ROUGH_ROAD,train,huggingface_kannanwisen_indian_traffic_sign_classification,CC-BY-4.0 (declared; no author or source named upstream),yes,8509cf8d17b32bb7,50,50,3228
LEFT_HAND_CURVE/33001.jpg,left_curve_ahead,LEFT_HAND_CURVE,train,huggingface_kannanwisen_indian_traffic_sign_classification,CC-BY-4.0 (declared; no author or source named upstream),yes,898c8c97bb8b2b7b,50,50,3398
LEFT_HAND_CURVE/33002.jpg,left_curve_ahead,LEFT_HAND_CURVE,train,huggingface_kannanwisen_indian_traffic_sign_classification,CC-BY-4.0 (declared; no author or source named upstream),yes,4d75ad0d131d2d19,50,50,3570
LEFT_HAND_CURVE/33003.jpg,left_curve_ahead,LEFT_HAND_CURVE,train,huggingface_kannanwisen_indian_traffic_sign_classification,CC-BY-4.0 (declared; no author or source named upstream),yes,c6648c163b2d0d83,50,50,3582
LEFT_HAND_CURVE/33005.jpg,left_curve_ahead,LEFT_HAND_CURVE,train,huggingface_kannanwisen_indian_traffic_sign_classification,CC-BY-4.0 (declared; no author or source named upstream),yes,9b198d09390d0ec2,50,50,3662
LEFT_HAND_CURVE/33006.jpg,left_curve_ahead,LEFT_HAND_CURVE,train,huggingface_kannanwisen_indian_traffic_sign_classification,CC-BY-4.0 (declared; no author or source named upstream),yes,8da5d81b2d3a2e24,50,50,3408
LEFT_HAND_CURVE/33007.jpg,left_curve_ahead,LEFT_HAND_CURVE,train,huggingface_kannanwisen_indian_traffic_sign_classification,CC-BY-4.0 (declared; no author or source named upstream),yes,b4b2696dd49cb5f7,50,50,3022
LEFT_REVERSE_BEND/34001.jpg,,LEFT_REVERSE_BEND,train,huggingface_kannanwisen_indian_traffic_sign_classification,CC-BY-4.0 (declared; no author or source named upstream),no,ca12292954dbabf7,50,50,3334
LEFT_REVERSE_BEND/34002.jpg,,LEFT_REVERSE_BEND,train,huggingface_kannanwisen_indian_traffic_sign_classification,CC-BY-4.0 (declared; no author or source named upstream),no,488d8e87333b094f,50,50,3430
LEFT_REVERSE_BEND/34003.jpg,,LEFT_REVERSE_BEND,train,huggingface_kannanwisen_indian_traffic_sign_classification,CC-BY-4.0 (declared; no author or source named upstream),no,ee4f0e0e331b0e38,50,50,3120
LEFT_TURN_PROHIBITED/35003.jpg,,LEFT_TURN_PROHIBITED,train,huggingface_kannanwisen_indian_traffic_sign_classification,CC-BY-4.0 (declared; no author or source named upstream),no,b0cce6b29acccc92,50,50,3250
LEFT_TURN_PROHIBITED/35005.jpg,,LEFT_TURN_PROHIBITED,train,huggingface_kannanwisen_indian_traffic_sign_classification,CC-BY-4.0 (declared; no author or source named upstream),no,133b64b29a4c3913,50,50,2794
LEFT_TURN_PROHIBITED/35006.jpg,,LEFT_TURN_PROHIBITED,train,huggingface_kannanwisen_indian_traffic_sign_classification,CC-BY-4.0 (declared; no author or source named upstream),no,133b64f29ac86d1b,50,50,2870
LEFT_TURN_PROHIBITED/35009.jpg,,LEFT_TURN_PROHIBITED,train,huggingface_kannanwisen_indian_traffic_sign_classification,CC-BY-4.0 (declared; no author or source named upstream),no,b370c4e2d8cc71b3,50,50,3036
LEFT_TURN_PROHIBITED/35011.jpg,,LEFT_TURN_PROHIBITED,train,huggingface_kannanwisen_indian_traffic_sign_classification,CC-BY-4.0 (declared; no author or source named upstream),no,3370c4e2b8dc61b2,50,50,2890
LEFT_TURN_PROHIBITED/35013.jpg,,LEFT_TURN_PROHIBITED,train,huggingface_kannanwisen_indian_traffic_sign_classification,CC-BY-4.0 (declared; no author or source named upstream),no,cd8e87a3bb9f8e19,50,50,2156
LEFT_TURN_PROHIBITED/35015.jpg,,LEFT_TURN_PROHIBITED,train,huggingface_kannanwisen_indian_traffic_sign_classification,CC-BY-4.0 (declared; no author or source named upstream),no,930e66321b4c6c70,50,50,3792
LEFT_TURN_PROHIBITED/35034.jpg,,LEFT_TURN_PROHIBITED,train,huggingface_kannanwisen_indian_traffic_sign_classification,CC-BY-4.0 (declared; no author or source named upstream),no,b2cec66a2b9acca2,50,50,3610
LEFT_TURN_PROHIBITED/35037.jpg,,LEFT_TURN_PROHIBITED,train,huggingface_kannanwisen_indian_traffic_sign_classification,CC-BY-4.0 (declared; no author or source named upstream),no,22f1c4e22b99cc71,50,50,3210
LEFT_TURN_PROHIBITED/35038.jpg,,LEFT_TURN_PROHIBITED,train,huggingface_kannanwisen_indian_traffic_sign_classification,CC-BY-4.0 (declared; no author or source named upstream),no,e3c8a46a3b9b4c78,50,50,3414
LEFT_TURN_PROHIBITED/35045.jpg,,LEFT_TURN_PROHIBITED,train,huggingface_kannanwisen_indian_traffic_sign_classification,CC-BY-4.0 (declared; no author or source named upstream),no,8f31e9e0bac9f19d,50,50,3656
LEFT_TURN_PROHIBITED/35069.jpg,,LEFT_TURN_PROHIBITED,train,huggingface_kannanwisen_indian_traffic_sign_classification,CC-BY-4.0 (declared; no author or source named upstream),no,9a8cc4b29a8df39d,50,50,3634
LEFT_TURN_PROHIBITED/35101.jpg,,LEFT_TURN_PROHIBITED,train,huggingface_kannanwisen_indian_traffic_sign_classification,CC-BY-4.0 (declared; no author or source named upstream),no,71cc82eb3bba9ce8,50,50,3618
MEN_AT_WORK/39002.jpg,,MEN_AT_WORK,train,huggingface_kannanwisen_indian_traffic_sign_classification,CC-BY-4.0 (declared; no author or source named upstream),no,33dc8c0c2428bab2,50,50,3820
MEN_AT_WORK/39003.jpg,,MEN_AT_WORK,train,huggingface_kannanwisen_indian_traffic_sign_classification,CC-BY-4.0 (declared; no author or source named upstream),no,cbdfce0f072b3b96,50,50,3474
MEN_AT_WORK/39005.jpg,,MEN_AT_WORK,train,huggingface_kannanwisen_indian_traffic_sign_classification,CC-BY-4.0 (declared; no author or source named upstream),no,beb6af2bb7b6b9b6,50,50,2962
MEN_AT_WORK/39006.jpg,,MEN_AT_WORK,train,huggingface_kannanwisen_indian_traffic_sign_classification,CC-BY-4.0 (declared; no author or source named upstream),no,a5cd842f37171944,50,50,2688
MEN_AT_WORK/39007.jpg,,MEN_AT_WORK,train,huggingface_kannanwisen_indian_traffic_sign_classification,CC-BY-4.0 (declared; no author or source named upstream),no,0092292c540c2bf3,50,50,3170
MEN_AT_WORK/39010.jpg,,MEN_AT_WORK,train,huggingface_kannanwisen_indian_traffic_sign_classification,CC-BY-4.0 (declared; no author or source named upstream),no,cc848c8c14a43ab2,50,50,3262
MEN_AT_WORK/39011.jpg,,MEN_AT_WORK,train,huggingface_kannanwisen_indian_traffic_sign_classification,CC-BY-4.0 (declared; no author or source named upstream),no,8c8d0e8ea7ac3930,50,50,3556
MEN_AT_WORK/39014.jpg,,MEN_AT_WORK,train,huggingface_kannanwisen_indian_traffic_sign_classification,CC-BY-4.0 (declared; no author or source named upstream),no,b5b3680824283a80,50,50,3076
MEN_AT_WORK/39015.jpg,,MEN_AT_WORK,train,huggingface_kannanwisen_indian_traffic_sign_classification,CC-BY-4.0 (declared; no author or source named upstream),no,b4b261e9c4dc9a9a,50,50,2904
MEN_AT_WORK/39018.jpg,,MEN_AT_WORK,train,huggingface_kannanwisen_indian_traffic_sign_classification,CC-BY-4.0 (declared; no author or source named upstream),no,8e06ca0b27aa3b06,50,50,2328
MEN_AT_WORK/39019.jpg,,MEN_AT_WORK,train,huggingface_kannanwisen_indian_traffic_sign_classification,CC-BY-4.0 (declared; no author or source named upstream),no,3124280de7bab8a4,50,50,2674
MEN_AT_WORK/39022.jpg,,MEN_AT_WORK,train,huggingface_kannanwisen_indian_traffic_sign_classification,CC-BY-4.0 (declared; no author or source named upstream),no,a5bdac2f27a739b6,50,50,2628
MEN_AT_WORK/39023.jpg,,MEN_AT_WORK,train,huggingface_kannanwisen_indian_traffic_sign_classification,CC-BY-4.0 (declared; no author or source named upstream),no,81d18c8f97969bc4,50,50,3046
MEN_AT_WORK/39026.jpg,,MEN_AT_WORK,train,huggingface_kannanwisen_indian_traffic_sign_classification,CC-BY-4.0 (declared; no author or source named upstream),no,88918929359c9ad2,50,50,2528
MEN_AT_WORK/39027.jpg,,MEN_AT_WORK,train,huggingface_kannanwisen_indian_traffic_sign_classification,CC-BY-4.0 (declared; no author or source named upstream),no,993deecd161d99e9,50,50,3096
MEN_AT_WORK/39029.jpg,,MEN_AT_WORK,train,huggingface_kannanwisen_indian_traffic_sign_classification,CC-BY-4.0 (declared; no author or source named upstream),no,c32588a835e7b8a6,50,50,3088
MEN_AT_WORK/39030.jpg,,MEN_AT_WORK,train,huggingface_kannanwisen_indian_traffic_sign_classification,CC-BY-4.0 (declared; no author or source named upstream),no,44326a6b251a3b1e,50,50,2766
MEN_AT_WORK/39063.jpg,,MEN_AT_WORK,train,huggingface_kannanwisen_indian_traffic_sign_classification,CC-BY-4.0 (declared; no author or source named upstream),no,ffb02d4697396196,50,50,2436
MEN_AT_WORK/39066.jpg,,MEN_AT_WORK,train,huggingface_kannanwisen_indian_traffic_sign_classification,CC-BY-4.0 (declared; no author or source named upstream),no,fff72ccc969ba054,50,50,2766
NARROW_BRIDGE/40001.jpg,,NARROW_BRIDGE,train,huggingface_kannanwisen_indian_traffic_sign_classification,CC-BY-4.0 (declared; no author or source named upstream),no,3422684cd692bba9,50,50,2562
NARROW_BRIDGE/40002.jpg,,NARROW_BRIDGE,train,huggingface_kannanwisen_indian_traffic_sign_classification,CC-BY-4.0 (declared; no author or source named upstream),no,b5b3ebe8f4b43037,50,50,3398
NARROW_BRIDGE/40003.jpg,,NARROW_BRIDGE,train,huggingface_kannanwisen_indian_traffic_sign_classification,CC-BY-4.0 (declared; no author or source named upstream),no,e7e472e8f4d6bef8,50,50,3246
NARROW_ROAD_AHEAD/41001.jpg,,NARROW_ROAD_AHEAD,train,huggingface_kannanwisen_indian_traffic_sign_classification,CC-BY-4.0 (declared; no author or source named upstream),no,2d35264b57933b95,50,50,3142
NARROW_ROAD_AHEAD/41002.jpg,,NARROW_ROAD_AHEAD,train,huggingface_kannanwisen_indian_traffic_sign_classification,CC-BY-4.0 (declared; no author or source named upstream),no,1131ad0f17923b13,50,50,2572
NARROW_ROAD_AHEAD/41003.jpg,,NARROW_ROAD_AHEAD,train,huggingface_kannanwisen_indian_traffic_sign_classification,CC-BY-4.0 (declared; no author or source named upstream),no,63776e0f17933341,50,50,2624
NO_ENTRY/42001.jpg,no_entry,NO_ENTRY,train,huggingface_kannanwisen_indian_traffic_sign_classification,CC-BY-4.0 (declared; no author or source named upstream),yes,e0d884232fccf0c4,50,50,2862
NO_ENTRY/42002.jpg,no_entry,NO_ENTRY,train,huggingface_kannanwisen_indian_traffic_sign_classification,CC-BY-4.0 (declared; no author or source named upstream),yes,1e0f371f073e1f00,50,50,2524
NO_ENTRY/42005.jpg,no_entry,NO_ENTRY,train,huggingface_kannanwisen_indian_traffic_sign_classification,CC-BY-4.0 (declared; no author or source named upstream),yes,1733607003643113,50,50,2938
NO_ENTRY/42006.jpg,no_entry,NO_ENTRY,train,huggingface_kannanwisen_indian_traffic_sign_classification,CC-BY-4.0 (declared; no author or source named upstream),yes,8e3f69454959378e,50,50,2854
NO_ENTRY/42007.jpg,no_entry,NO_ENTRY,train,huggingface_kannanwisen_indian_traffic_sign_classification,CC-BY-4.0 (declared; no author or source named upstream),yes,8938602b83ccd8f2,50,50,2606
NO_ENTRY/42009.jpg,no_entry,NO_ENTRY,train,huggingface_kannanwisen_indian_traffic_sign_classification,CC-BY-4.0 (declared; no author or source named upstream),yes,e6f1e0232f4c6d2f,50,50,2556
NO_ENTRY/42010.jpg,no_entry,NO_ENTRY,train,huggingface_kannanwisen_indian_traffic_sign_classification,CC-BY-4.0 (declared; no author or source named upstream),yes,3371c4232fc46137,50,50,2426
NO_ENTRY/42011.jpg,no_entry,NO_ENTRY,train,huggingface_kannanwisen_indian_traffic_sign_classification,CC-BY-4.0 (declared; no author or source named upstream),yes,8f31cc233fdce1f2,50,50,2530
NO_ENTRY/42013.jpg,no_entry,NO_ENTRY,train,huggingface_kannanwisen_indian_traffic_sign_classification,CC-BY-4.0 (declared; no author or source named upstream),yes,8f31c42b2fc061b7,50,50,2632
NO_ENTRY/42014.jpg,no_entry,NO_ENTRY,train,huggingface_kannanwisen_indian_traffic_sign_classification,CC-BY-4.0 (declared; no author or source named upstream),yes,0f133325212b170f,50,50,2732
NO_ENTRY/42015.jpg,no_entry,NO_ENTRY,train,huggingface_kannanwisen_indian_traffic_sign_classification,CC-BY-4.0 (declared; no author or source named upstream),yes,0e3369416d69330e,50,50,2786
NO_ENTRY/42018.jpg,no_entry,NO_ENTRY,train,huggingface_kannanwisen_indian_traffic_sign_classification,CC-BY-4.0 (declared; no author or source named upstream),yes,9260cc2b2fcc6116,50,50,2386
NO_ENTRY/42019.jpg,no_entry,NO_ENTRY,train,huggingface_kannanwisen_indian_traffic_sign_classification,CC-BY-4.0 (declared; no author or source named upstream),yes,3c78da2121c06076,50,50,2944
NO_ENTRY/42022.jpg,no_entry,NO_ENTRY,train,huggingface_kannanwisen_indian_traffic_sign_classification,CC-BY-4.0 (declared; no author or source named upstream),yes,0631ec2b2f68338f,50,50,2366
NO_ENTRY/42023.jpg,no_entry,NO_ENTRY,train,huggingface_kannanwisen_indian_traffic_sign_classification,CC-BY-4.0 (declared; no author or source named upstream),yes,963344232f4ce1ff,50,50,2444
NO_ENTRY/42026.jpg,no_entry,NO_ENTRY,train,huggingface_kannanwisen_indian_traffic_sign_classification,CC-BY-4.0 (declared; no author or source named upstream),yes,4f7154644051714f,50,50,3420
NO_ENTRY/42027.jpg,no_entry,NO_ENTRY,train,huggingface_kannanwisen_indian_traffic_sign_classification,CC-BY-4.0 (declared; no author or source named upstream),yes,f0e0c43b3bccf070,50,50,2232
NO_ENTRY/42043.jpg,no_entry,NO_ENTRY,train,huggingface_kannanwisen_indian_traffic_sign_classification,CC-BY-4.0 (declared; no author or source named upstream),yes,e68323039b87ccc4,50,50,3616
NO_ENTRY/42045.jpg,no_entry,NO_ENTRY,train,huggingface_kannanwisen_indian_traffic_sign_classification,CC-BY-4.0 (declared; no author or source named upstream),yes,33724b2723d28c29,50,50,3402
NO_ENTRY/42047.jpg,no_entry,NO_ENTRY,train,huggingface_kannanwisen_indian_traffic_sign_classification,CC-BY-4.0 (declared; no author or source named upstream),yes,484e5f130347452a,50,50,3386
NO_ENTRY/42049.jpg,no_entry,NO_ENTRY,train,huggingface_kannanwisen_indian_traffic_sign_classification,CC-BY-4.0 (declared; no author or source named upstream),yes,242e1b070763a9a9,50,50,3468
NO_ENTRY/42051.jpg,no_entry,NO_ENTRY,train,huggingface_kannanwisen_indian_traffic_sign_classification,CC-BY-4.0 (declared; no author or source named upstream),yes,6e26f39797f3cced,50,50,3152
NO_ENTRY/42054.jpg,no_entry,NO_ENTRY,train,huggingface_kannanwisen_indian_traffic_sign_classification,CC-BY-4.0 (declared; no author or source named upstream),yes,90be2323b62cb93b,50,50,3592
NO_ENTRY/42055.jpg,no_entry,NO_ENTRY,train,huggingface_kannanwisen_indian_traffic_sign_classification,CC-BY-4.0 (declared; no author or source named upstream),yes,fdc4e19aa22c9d19,50,50,3718
NO_ENTRY/42057.jpg,no_entry,NO_ENTRY,train,huggingface_kannanwisen_indian_traffic_sign_classification,CC-BY-4.0 (declared; no author or source named upstream),yes,8c3429171f280a4c,50,50,2844
NO_ENTRY/42059.jpg,no_entry,NO_ENTRY,train,huggingface_kannanwisen_indian_traffic_sign_classification,CC-BY-4.0 (declared; no author or source named upstream),yes,1929632f3f63d85b,50,50,2762
NO_ENTRY/42061.jpg,no_entry,NO_ENTRY,train,huggingface_kannanwisen_indian_traffic_sign_classification,CC-BY-4.0 (declared; no author or source named upstream),yes,3014223e166032e8,50,50,2870
NO_ENTRY/42062.jpg,no_entry,NO_ENTRY,train,huggingface_kannanwisen_indian_traffic_sign_classification,CC-BY-4.0 (declared; no author or source named upstream),yes,f6d6f9d3dbeb761e,50,50,3298
NO_ENTRY/42066.jpg,no_entry,NO_ENTRY,train,huggingface_kannanwisen_indian_traffic_sign_classification,CC-BY-4.0 (declared; no author or source named upstream),yes,b271c82694e871cc,50,50,3092
NO_ENTRY/42067.jpg,no_entry,NO_ENTRY,train,huggingface_kannanwisen_indian_traffic_sign_classification,CC-BY-4.0 (declared; no author or source named upstream),yes,c98e9696969e4c48,50,50,2726
NO_ENTRY/42069.jpg,no_entry,NO_ENTRY,train,huggingface_kannanwisen_indian_traffic_sign_classification,CC-BY-4.0 (declared; no author or source named upstream),yes,e08c9e16169e4848,50,50,2672
NO_ENTRY/42073.jpg,no_entry,NO_ENTRY,train,huggingface_kannanwisen_indian_traffic_sign_classification,CC-BY-4.0 (declared; no author or source named upstream),yes,693169dd7972e64e,50,50,3324
NO_ENTRY/42074.jpg,no_entry,NO_ENTRY,train,huggingface_kannanwisen_indian_traffic_sign_classification,CC-BY-4.0 (declared; no author or source named upstream),yes,453079d5dd69f2ce,50,50,3262
NO_ENTRY/42078.jpg,no_entry,NO_ENTRY,train,huggingface_kannanwisen_indian_traffic_sign_classification,CC-BY-4.0 (declared; no author or source named upstream),yes,457169d5f970e2ee,50,50,3238
NO_ENTRY/42079.jpg,no_entry,NO_ENTRY,train,huggingface_kannanwisen_indian_traffic_sign_classification,CC-BY-4.0 (declared; no author or source named upstream),yes,6434786cde6cfaea,50,50,3158
NO_ENTRY/42082.jpg,no_entry,NO_ENTRY,train,huggingface_kannanwisen_indian_traffic_sign_classification,CC-BY-4.0 (declared; no author or source named upstream),yes,9773e9d4dce937cf,50,50,3086
NO_ENTRY/42083.jpg,no_entry,NO_ENTRY,train,huggingface_kannanwisen_indian_traffic_sign_classification,CC-BY-4.0 (declared; no author or source named upstream),yes,137169c4dce933cf,50,50,3256
NO_ENTRY/42087.jpg,no_entry,NO_ENTRY,train,huggingface_kannanwisen_indian_traffic_sign_classification,CC-BY-4.0 (declared; no author or source named upstream),yes,d3d676ceded78f96,50,50,3904
NO_ENTRY/42089.jpg,no_entry,NO_ENTRY,train,huggingface_kannanwisen_indian_traffic_sign_classification,CC-BY-4.0 (declared; no author or source named upstream),yes,7030618696710c4c,50,50,3120
NO_ENTRY/42090.jpg,no_entry,NO_ENTRY,train,huggingface_kannanwisen_indian_traffic_sign_classification,CC-BY-4.0 (declared; no author or source named upstream),yes,32e1c9a7bfc9e326,50,50,2840
NO_ENTRY/42093.jpg,no_entry,NO_ENTRY,train,huggingface_kannanwisen_indian_traffic_sign_classification,CC-BY-4.0 (declared; no author or source named upstream),yes,4b6164c44c303c2d,50,50,3688
NO_ENTRY/42094.jpg,no_entry,NO_ENTRY,train,huggingface_kannanwisen_indian_traffic_sign_classification,CC-BY-4.0 (declared; no author or source named upstream),yes,c361e9d5f9a12327,50,50,3718
NO_ENTRY/42097.jpg,no_entry,NO_ENTRY,train,huggingface_kannanwisen_indian_traffic_sign_classification,CC-BY-4.0 (declared; no author or source named upstream),yes,c9e3ec9696974ecc,50,50,3244
NO_ENTRY/42098.jpg,no_entry,NO_ENTRY,train,huggingface_kannanwisen_indian_traffic_sign_classification,CC-BY-4.0 (declared; no author or source named upstream),yes,c8e3ec9696974ece,50,50,3250
NO_ENTRY/42102.jpg,no_entry,NO_ENTRY,train,huggingface_kannanwisen_indian_traffic_sign_classification,CC-BY-4.0 (declared; no author or source named upstream),yes,197262decb73ae8c,50,50,3390
NO_ENTRY/42103.jpg,no_entry,NO_ENTRY,train,huggingface_kannanwisen_indian_traffic_sign_classification,CC-BY-4.0 (declared; no author or source named upstream),yes,cf31e1839e81b53d,50,50,3428
NO_ENTRY/42129.jpg,no_entry,NO_ENTRY,train,huggingface_kannanwisen_indian_traffic_sign_classification,CC-BY-4.0 (declared; no author or source named upstream),yes,79696964ccf0ac2c,50,50,3046
NO_ENTRY/42201.jpg,no_entry,NO_ENTRY,train,huggingface_kannanwisen_indian_traffic_sign_classification,CC-BY-4.0 (declared; no author or source named upstream),yes,242121063f332626,50,50,2884
NO_PARKING/43001.jpg,,NO_PARKING,train,huggingface_kannanwisen_indian_traffic_sign_classification,CC-BY-4.0 (declared; no author or source named upstream),no,61d5aa2b23264c71,50,50,3684
NO_PARKING/43003.jpg,,NO_PARKING,train,huggingface_kannanwisen_indian_traffic_sign_classification,CC-BY-4.0 (declared; no author or source named upstream),no,860f2b2b23274f1e,50,50,3090
NO_PARKING/43005.jpg,,NO_PARKING,train,huggingface_kannanwisen_indian_traffic_sign_classification,CC-BY-4.0 (declared; no author or source named upstream),no,deb6a42d21230787,50,50,3722
NO_PARKING/43007.jpg,,NO_PARKING,train,huggingface_kannanwisen_indian_traffic_sign_classification,CC-BY-4.0 (declared; no author or source named upstream),no,c18c30382123070e,50,50,3298
NO_STOPPING_OR_STANDING/44006.jpg,,NO_STOPPING_OR_STANDING,train,huggingface_kannanwisen_indian_traffic_sign_classification,CC-BY-4.0 (declared; no author or source named upstream),no,73e0b0cccdb4f071,50,50,2932
NO_STOPPING_OR_STANDING/44010.jpg,,NO_STOPPING_OR_STANDING,train,huggingface_kannanwisen_indian_traffic_sign_classification,CC-BY-4.0 (declared; no author or source named upstream),no,336171cccc557131,50,50,3884
NO_STOPPING_OR_STANDING/44014.jpg,,NO_STOPPING_OR_STANDING,train,huggingface_kannanwisen_indian_traffic_sign_classification,CC-BY-4.0 (declared; no author or source named upstream),no,0e1b31544d51338e,50,50,3344
NO_STOPPING_OR_STANDING/44018.jpg,,NO_STOPPING_OR_STANDING,train,huggingface_kannanwisen_indian_traffic_sign_classification,CC-BY-4.0 (declared; no author or source named upstream),no,72f0c4ccccd1e2e5,50,50,2884
NO_STOPPING_OR_STANDING/44026.jpg,,NO_STOPPING_OR_STANDING,train,huggingface_kannanwisen_indian_traffic_sign_classification,CC-BY-4.0 (declared; no author or source named upstream),no,9e3379cc6cf1b3fe,50,50,3146
NO_STOPPING_OR_STANDING/44027.jpg,,NO_STOPPING_OR_STANDING,train,huggingface_kannanwisen_indian_traffic_sign_classification,CC-BY-4.0 (declared; no author or source named upstream),no,3431296464683236,50,50,4172
NO_STOPPING_OR_STANDING/44030.jpg,,NO_STOPPING_OR_STANDING,train,huggingface_kannanwisen_indian_traffic_sign_classification,CC-BY-4.0 (declared; no author or source named upstream),no,4a72e8e0acc8f0ac,50,50,3444
NO_STOPPING_OR_STANDING/44050.jpg,,NO_STOPPING_OR_STANDING,train,huggingface_kannanwisen_indian_traffic_sign_classification,CC-BY-4.0 (declared; no author or source named upstream),no,8c92b8afadb292cc,50,50,3042
NO_STOPPING_OR_STANDING/44051.jpg,,NO_STOPPING_OR_STANDING,train,huggingface_kannanwisen_indian_traffic_sign_classification,CC-BY-4.0 (declared; no author or source named upstream),no,cc92b02b2de0b286,50,50,2824
NO_STOPPING_OR_STANDING/44053.jpg,,NO_STOPPING_OR_STANDING,train,huggingface_kannanwisen_indian_traffic_sign_classification,CC-BY-4.0 (declared; no author or source named upstream),no,99d80403960e2640,50,50,3116
NO_STOPPING_OR_STANDING/44054.jpg,,NO_STOPPING_OR_STANDING,train,huggingface_kannanwisen_indian_traffic_sign_classification,CC-BY-4.0 (declared; no author or source named upstream),no,c7d73b3dcab03637,50,50,3758
NO_STOPPING_OR_STANDING/44057.jpg,,NO_STOPPING_OR_STANDING,train,huggingface_kannanwisen_indian_traffic_sign_classification,CC-BY-4.0 (declared; no author or source named upstream),no,c99f3bbdb5ba8313,50,50,3666
NO_STOPPING_OR_STANDING/44058.jpg,,NO_STOPPING_OR_STANDING,train,huggingface_kannanwisen_indian_traffic_sign_classification,CC-BY-4.0 (declared; no author or source named upstream),no,dadeb33dd6d9c38b,50,50,3604
NO_STOPPING_OR_STANDING/44061.jpg,,NO_STOPPING_OR_STANDING,train,huggingface_kannanwisen_indian_traffic_sign_classification,CC-BY-4.0 (declared; no author or source named upstream),no,c6962f272f4b3b7a,50,50,3558
NO_STOPPING_OR_STANDING/44062.jpg,,NO_STOPPING_OR_STANDING,train,huggingface_kannanwisen_indian_traffic_sign_classification,CC-BY-4.0 (declared; no author or source named upstream),no,084c92292d92062d,50,50,3382
NO_STOPPING_OR_STANDING/44065.jpg,,NO_STOPPING_OR_STANDING,train,huggingface_kannanwisen_indian_traffic_sign_classification,CC-BY-4.0 (declared; no author or source named upstream),no,4378f4ecedf8713a,50,50,3724
NO_STOPPING_OR_STANDING/44066.jpg,,NO_STOPPING_OR_STANDING,train,huggingface_kannanwisen_indian_traffic_sign_classification,CC-BY-4.0 (declared; no author or source named upstream),no,6379f4eced71733c,50,50,3580
NO_STOPPING_OR_STANDING/44069.jpg,,NO_STOPPING_OR_STANDING,train,huggingface_kannanwisen_indian_traffic_sign_classification,CC-BY-4.0 (declared; no author or source named upstream),no,0f0e031b231e3636,50,50,3084
NO_STOPPING_OR_STANDING/44070.jpg,,NO_STOPPING_OR_STANDING,train,huggingface_kannanwisen_indian_traffic_sign_classification,CC-BY-4.0 (declared; no author or source named upstream),no,ab0f0b2d33131733,50,50,3168
NO_STOPPING_OR_STANDING/44073.jpg,,NO_STOPPING_OR_STANDING,train,huggingface_kannanwisen_indian_traffic_sign_classification,CC-BY-4.0 (declared; no author or source named upstream),no,420c2b131305879b,50,50,3384
NO_STOPPING_OR_STANDING/44074.jpg,,NO_STOPPING_OR_STANDING,train,huggingface_kannanwisen_indian_traffic_sign_classification,CC-BY-4.0 (declared; no author or source named upstream),no,465a4b37250d839b,50,50,3394
NO_STOPPING_OR_STANDING/44077.jpg,,NO_STOPPING_OR_STANDING,train,huggingface_kannanwisen_indian_traffic_sign_classification,CC-BY-4.0 (declared; no author or source named upstream),no,8693394d45338fed,50,50,2690
NO_STOPPING_OR_STANDING/44081.jpg,,NO_STOPPING_OR_STANDING,train,huggingface_kannanwisen_indian_traffic_sign_classification,CC-BY-4.0 (declared; no author or source named upstream),no,5b316d5dfdb99bad,50,50,3316
NO_STOPPING_OR_STANDING/44082.jpg,,NO_STOPPING_OR_STANDING,train,huggingface_kannanwisen_indian_traffic_sign_classification,CC-BY-4.0 (declared; no author or source named upstream),no,d37369ddd9f1c56d,50,50,3342
NO_STOPPING_OR_STANDING/44083.jpg,,NO_STOPPING_OR_STANDING,train,huggingface_kannanwisen_indian_traffic_sign_classification,CC-BY-4.0 (declared; no author or source named upstream),no,2b313c6c6c64b3ae,50,50,3412
NO_STOPPING_OR_STANDING/44085.jpg,,NO_STOPPING_OR_STANDING,train,huggingface_kannanwisen_indian_traffic_sign_classification,CC-BY-4.0 (declared; no author or source named upstream),no,c4961b032393ceae,50,50,3222
NO_STOPPING_OR_STANDING/44086.jpg,,NO_STOPPING_OR_STANDING,train,huggingface_kannanwisen_indian_traffic_sign_classification,CC-BY-4.0 (declared; no author or source named upstream),no,95b1e9d0d169717d,50,50,3236
NO_STOPPING_OR_STANDING/44089.jpg,,NO_STOPPING_OR_STANDING,train,huggingface_kannanwisen_indian_traffic_sign_classification,CC-BY-4.0 (declared; no author or source named upstream),no,8f87072fe3673739,50,50,3578
NO_STOPPING_OR_STANDING/44090.jpg,,NO_STOPPING_OR_STANDING,train,huggingface_kannanwisen_indian_traffic_sign_classification,CC-BY-4.0 (declared; no author or source named upstream),no,0e8f3b1b1f0f5e6e,50,50,3662
NO_STOPPING_OR_STANDING/44093.jpg,,NO_STOPPING_OR_STANDING,train,huggingface_kannanwisen_indian_traffic_sign_classification,CC-BY-4.0 (declared; no author or source named upstream),no,2e362f6b6b636f6c,50,50,3478
NO_STOPPING_OR_STANDING/44094.jpg,,NO_STOPPING_OR_STANDING,train,huggingface_kannanwisen_indian_traffic_sign_classification,CC-BY-4.0 (declared; no author or source named upstream),no,3e3f2b6d6d6b676c,50,50,3464
NO_STOPPING_OR_STANDING/44097.jpg,,NO_STOPPING_OR_STANDING,train,huggingface_kannanwisen_indian_traffic_sign_classification,CC-BY-4.0 (declared; no author or source named upstream),no,ce8faf2f3b2f6f4a,50,50,2724
NO_STOPPING_OR_STANDING/44098.jpg,,NO_STOPPING_OR_STANDING,train,huggingface_kannanwisen_indian_traffic_sign_classification,CC-BY-4.0 (declared; no author or source named upstream),no,cfcfad253f3f6d6c,50,50,2880
NO_STOPPING_OR_STANDING/44135.jpg,,NO_STOPPING_OR_STANDING,train,huggingface_kannanwisen_indian_traffic_sign_classification,CC-BY-4.0 (declared; no author or source named upstream),no,1c33b96d5c61352d,50,50,3610
NO_STOPPING_OR_STANDING/44138.jpg,,NO_STOPPING_OR_STANDING,train,huggingface_kannanwisen_indian_traffic_sign_classification,CC-BY-4.0 (declared; no author or source named upstream),no,0e47b3690123320c,50,50,3308
NO_STOPPING_OR_STANDING/44139.jpg,,NO_STOPPING_OR_STANDING,train,huggingface_kannanwisen_indian_traffic_sign_classification,CC-BY-4.0 (declared; no author or source named upstream),no,0f4f332bab938c2c,50,50,3376
NO_STOPPING_OR_STANDING/44142.jpg,,NO_STOPPING_OR_STANDING,train,huggingface_kannanwisen_indian_traffic_sign_classification,CC-BY-4.0 (declared; no author or source named upstream),no,8e8eb32b2b930eaf,50,50,3022
NO_STOPPING_OR_STANDING/44143.jpg,,NO_STOPPING_OR_STANDING,train,huggingface_kannanwisen_indian_traffic_sign_classification,CC-BY-4.0 (declared; no author or source named upstream),no,0e8e932f2f332e6f,50,50,3066
NO_STOPPING_OR_STANDING/44146.jpg,,NO_STOPPING_OR_STANDING,train,huggingface_kannanwisen_indian_traffic_sign_classification,CC-BY-4.0 (declared; no author or source named upstream),no,0c26230b23368d0d,50,50,2396
NO_STOPPING_OR_STANDING/44147.jpg,,NO_STOPPING_OR_STANDING,train,huggingface_kannanwisen_indian_traffic_sign_classification,CC-BY-4.0 (declared; no author or source named upstream),no,95b3766ded7131bf,50,50,3534
NO_STOPPING_OR_STANDING/44150.jpg,,NO_STOPPING_OR_STANDING,train,huggingface_kannanwisen_indian_traffic_sign_classification,CC-BY-4.0 (declared; no author or source named upstream),no,92f878ccc4f07096,50,50,3472
NO_STOPPING_OR_STANDING/44153.jpg,,NO_STOPPING_OR_STANDING,train,huggingface_kannanwisen_indian_traffic_sign_classification,CC-BY-4.0 (declared; no author or source named upstream),no,3171c9ccd961f2e9,50,50,3222
NO_STOPPING_OR_STANDING/44154.jpg,,NO_STOPPING_OR_STANDING,train,huggingface_kannanwisen_indian_traffic_sign_classification,CC-BY-4.0 (declared; no author or source named upstream),no,aaf0604848607272,50,50,3710
NO_STOPPING_OR_STANDING/44157.jpg,,NO_STOPPING_OR_STANDING,train,huggingface_kannanwisen_indian_traffic_sign_classification,CC-BY-4.0 (declared; no author or source named upstream),no,4fc3c19969106f0f,50,50,3554
NO_STOPPING_OR_STANDING/44158.jpg,,NO_STOPPING_OR_STANDING,train,huggingface_kannanwisen_indian_traffic_sign_classification,CC-BY-4.0 (declared; no author or source named upstream),no,bcf8f34a46f4ec0e,50,50,3616
NO_STOPPING_OR_STANDING/44161.jpg,,NO_STOPPING_OR_STANDING,train,huggingface_kannanwisen_indian_traffic_sign_classification,CC-BY-4.0 (declared; no author or source named upstream),no,8181984c6c797266,50,50,3464
NO_STOPPING_OR_STANDING/44162.jpg,,NO_STOPPING_OR_STANDING,train,huggingface_kannanwisen_indian_traffic_sign_classification,CC-BY-4.0 (declared; no author or source named upstream),no,4b7369d9d1497133,50,50,3002
NO_STOPPING_OR_STANDING/44165.jpg,,NO_STOPPING_OR_STANDING,train,huggingface_kannanwisen_indian_traffic_sign_classification,CC-BY-4.0 (declared; no author or source named upstream),no,82b0e0c0cae4b0b2,50,50,2310
NO_STOPPING_OR_STANDING/44167.jpg,,NO_STOPPING_OR_STANDING,train,huggingface_kannanwisen_indian_traffic_sign_classification,CC-BY-4.0 (declared; no author or source named upstream),no,3371f9cdd9f1b3bd,50,50,2762
NO_STOPPING_OR_STANDING/44169.jpg,,NO_STOPPING_OR_STANDING,train,huggingface_kannanwisen_indian_traffic_sign_classification,CC-BY-4.0 (declared; no author or source named upstream),no,317164cc5c647131,50,50,3394
NO_STOPPING_OR_STANDING/44170.jpg,,NO_STOPPING_OR_STANDING,train,huggingface_kannanwisen_indian_traffic_sign_classification,CC-BY-4.0 (declared; no author or source named upstream),no,337169cd6d693329,50,50,3256
NO_STOPPING_OR_STANDING/44171.jpg,,NO_STOPPING_OR_STANDING,train,huggingface_kannanwisen_indian_traffic_sign_classification,CC-BY-4.0 (declared; no author or source named upstream),no,3371f0ccc4f47131,50,50,3060
NO_STOPPING_OR_STANDING/44173.jpg,,NO_STOPPING_OR_STANDING,train,huggingface_kannanwisen_indian_traffic_sign_classification,CC-BY-4.0 (declared; no author or source named upstream),no,3171d4ccc4d47173,50,50,2110
PASS_EITHER_SIDE/46003.jpg,pass_either_side,PASS_EITHER_SIDE,train,huggingface_kannanwisen_indian_traffic_sign_classification,CC-BY-4.0 (declared; no author or source named upstream),yes,b192d213392ddba5,50,50,2948
PASS_EITHER_SIDE/46005.jpg,pass_either_side,PASS_EITHER_SIDE,train,huggingface_kannanwisen_indian_traffic_sign_classification,CC-BY-4.0 (declared; no author or source named upstream),yes,23f8d6922b68d021,50,50,3372
PASS_EITHER_SIDE/46007.jpg,pass_either_side,PASS_EITHER_SIDE,train,huggingface_kannanwisen_indian_traffic_sign_classification,CC-BY-4.0 (declared; no author or source named upstream),yes,03071637333333df,50,50,2674
PEDESTRIAN_CROSSING/47002.jpg,pedestrian_crossing_ahead,PEDESTRIAN_CROSSING,train,huggingface_kannanwisen_indian_traffic_sign_classification,CC-BY-4.0 (declared; no author or source named upstream),yes,6930327169f4cd8f,50,50,2598
PEDESTRIAN_CROSSING/47005.jpg,pedestrian_crossing_ahead,PEDESTRIAN_CROSSING,train,huggingface_kannanwisen_indian_traffic_sign_classification,CC-BY-4.0 (declared; no author or source named upstream),yes,0d52b26954d4d011,50,50,2820
PEDESTRIAN_CROSSING/47006.jpg,pedestrian_crossing_ahead,PEDESTRIAN_CROSSING,train,huggingface_kannanwisen_indian_traffic_sign_classification,CC-BY-4.0 (declared; no author or source named upstream),yes,efd2b2f9f4d4c0e2,50,50,2496
PEDESTRIAN_CROSSING/47007.jpg,pedestrian_crossing_ahead,PEDESTRIAN_CROSSING,train,huggingface_kannanwisen_indian_traffic_sign_classification,CC-BY-4.0 (declared; no author or source named upstream),yes,c8f0f2f9f1d5cde2,50,50,2486
PEDESTRIAN_CROSSING/47010.jpg,pedestrian_crossing_ahead,PEDESTRIAN_CROSSING,train,huggingface_kannanwisen_indian_traffic_sign_classification,CC-BY-4.0 (declared; no author or source named upstream),yes,9b9d9d8c56575713,50,50,3376
PEDESTRIAN_CROSSING/47013.jpg,pedestrian_crossing_ahead,PEDESTRIAN_CROSSING,train,huggingface_kannanwisen_indian_traffic_sign_classification,CC-BY-4.0 (declared; no author or source named upstream),yes,bc94c84054d8eac9,50,50,3668
PEDESTRIAN_CROSSING/47015.jpg,pedestrian_crossing_ahead,PEDESTRIAN_CROSSING,train,huggingface_kannanwisen_indian_traffic_sign_classification,CC-BY-4.0 (declared; no author or source named upstream),yes,62f0f8ec5454c869,50,50,3580
PEDESTRIAN_CROSSING/47017.jpg,pedestrian_crossing_ahead,PEDESTRIAN_CROSSING,train,huggingface_kannanwisen_indian_traffic_sign_classification,CC-BY-4.0 (declared; no author or source named upstream),yes,c6e1e9e4d454c8e9,50,50,3610
PEDESTRIAN_CROSSING/47019.jpg,pedestrian_crossing_ahead,PEDESTRIAN_CROSSING,train,huggingface_kannanwisen_indian_traffic_sign_classification,CC-BY-4.0 (declared; no author or source named upstream),yes,d918ccccd6969672,50,50,3268
PEDESTRIAN_CROSSING/47021.jpg,pedestrian_crossing_ahead,PEDESTRIAN_CROSSING,train,huggingface_kannanwisen_indian_traffic_sign_classification,CC-BY-4.0 (declared; no author or source named upstream),yes,c57333b9f1f4e0e9,50,50,2960
PEDESTRIAN_CROSSING/47022.jpg,pedestrian_crossing_ahead,PEDESTRIAN_CROSSING,train,huggingface_kannanwisen_indian_traffic_sign_classification,CC-BY-4.0 (declared; no author or source named upstream),yes,bdb1b1f9f5d4c5b1,50,50,2616
PEDESTRIAN_CROSSING/47023.jpg,pedestrian_crossing_ahead,PEDESTRIAN_CROSSING,train,huggingface_kannanwisen_indian_traffic_sign_classification,CC-BY-4.0 (declared; no author or source named upstream),yes,1b33332b7151330e,50,50,3004
PEDESTRIAN_CROSSING/47025.jpg,pedestrian_crossing_ahead,PEDESTRIAN_CROSSING,train,huggingface_kannanwisen_indian_traffic_sign_classification,CC-BY-4.0 (declared; no author or source named upstream),yes,8dc5cd46565b4a67,50,50,3406
PEDESTRIAN_CROSSING/47026.jpg,pedestrian_crossing_ahead,PEDESTRIAN_CROSSING,train,huggingface_kannanwisen_indian_traffic_sign_classification,CC-BY-4.0 (declared; no author or source named upstream),yes,9b131b1396d6d333,50,50,3550
PEDESTRIAN_CROSSING/47027.jpg,pedestrian_crossing_ahead,PEDESTRIAN_CROSSING,train,huggingface_kannanwisen_indian_traffic_sign_classification,CC-BY-4.0 (declared; no author or source named upstream),yes,f4d0f0f8f0d4c0dc,50,50,3082
PEDESTRIAN_CROSSING/47029.jpg,pedestrian_crossing_ahead,PEDESTRIAN_CROSSING,train,huggingface_kannanwisen_indian_traffic_sign_classification,CC-BY-4.0 (declared; no author or source named upstream),yes,b092b2a8f4d0ca96,50,50,3144
PEDESTRIAN_CROSSING/47030.jpg,pedestrian_crossing_ahead,PEDESTRIAN_CROSSING,train,huggingface_kannanwisen_indian_traffic_sign_classification,CC-BY-4.0 (declared; no author or source named upstream),yes,ac92b2b970d4c40b,50,50,2446
PEDESTRIAN_CROSSING/47031.jpg,pedestrian_crossing_ahead,PEDESTRIAN_CROSSING,train,huggingface_kannanwisen_indian_traffic_sign_classification,CC-BY-4.0 (declared; no author or source named upstream),yes,34b2e269d5d4c45b,50,50,2782
PEDESTRIAN_CROSSING/47033.jpg,pedestrian_crossing_ahead,PEDESTRIAN_CROSSING,train,huggingface_kannanwisen_indian_traffic_sign_classification,CC-BY-4.0 (declared; no author or source named upstream),yes,89b5b3e971d544c3,50,50,2236
PEDESTRIAN_CROSSING/47034.jpg,pedestrian_crossing_ahead,PEDESTRIAN_CROSSING,train,huggingface_kannanwisen_indian_traffic_sign_classification,CC-BY-4.0 (declared; no author or source named upstream),yes,ff90b3e971544080,50,50,2106
PEDESTRIAN_CROSSING/47035.jpg,pedestrian_crossing_ahead,PEDESTRIAN_CROSSING,train,huggingface_kannanwisen_indian_traffic_sign_classification,CC-BY-4.0 (declared; no author or source named upstream),yes,89b5b369d1d4c003,50,50,2206
PEDESTRIAN_CROSSING/47037.jpg,pedestrian_crossing_ahead,PEDESTRIAN_CROSSING,train,huggingface_kannanwisen_indian_traffic_sign_classification,CC-BY-4.0 (declared; no author or source named upstream),yes,12b2b961d4d2a280,50,50,2550
PEDESTRIAN_CROSSING/47039.jpg,pedestrian_crossing_ahead,PEDESTRIAN_CROSSING,train,huggingface_kannanwisen_indian_traffic_sign_classification,CC-BY-4.0 (declared; no author or source named upstream),yes,8d13306174d4c069,50,50,2474
PEDESTRIAN_CROSSING/47041.jpg,pedestrian_crossing_ahead,PEDESTRIAN_CROSSING,train,huggingface_kannanwisen_indian_traffic_sign_classification,CC-BY-4.0 (declared; no author or source named upstream),yes,6e52b26971d4d013,50,50,2692
PEDESTRIAN_CROSSING/47043.jpg,pedestrian_crossing_ahead,PEDESTRIAN_CROSSING,train,huggingface_kannanwisen_indian_traffic_sign_classification,CC-BY-4.0 (declared; no author or source named upstream),yes,0036736951d5a441,50,50,3358
PEDESTRIAN_CROSSING/47045.jpg,pedestrian_crossing_ahead,PEDESTRIAN_CROSSING,train,huggingface_kannanwisen_indian_traffic_sign_classification,CC-BY-4.0 (declared; no author or source named upstream),yes,9333337371d5c933,50,50,3040
PEDESTRIAN_CROSSING/47047.jpg,pedestrian_crossing_ahead,PEDESTRIAN_CROSSING,train,huggingface_kannanwisen_indian_traffic_sign_classification,CC-BY-4.0 (declared; no author or source named upstream),yes,8d11337171d5cd35,50,50,3164
PEDESTRIAN_CROSSING/47049.jpg,pedestrian_crossing_ahead,PEDESTRIAN_CROSSING,train,huggingface_kannanwisen_indian_traffic_sign_classification,CC-BY-4.0 (declared; no author or source named upstream),yes,8c32326955d5c432,50,50,3078
PEDESTRIAN_CROSSING/47050.jpg,pedestrian_crossing_ahead,PEDESTRIAN_CROSSING,train,huggingface_kannanwisen_indian_traffic_sign_classification,CC-BY-4.0 (declared; no author or source named upstream),yes,8a94b4bc9491b9b9,50,50,4422
PEDESTRIAN_CROSSING/47051.jpg,pedestrian_crossing_ahead,PEDESTRIAN_CROSSING,train,huggingface_kannanwisen_indian_traffic_sign_classification,CC-BY-4.0 (declared; no author or source named upstream),yes,0852316954f4a443,50,50,3116
PEDESTRIAN_CROSSING/47053.jpg,pedestrian_crossing_ahead,PEDESTRIAN_CROSSING,train,huggingface_kannanwisen_indian_traffic_sign_classification,CC-BY-4.0 (declared; no author or source named upstream),yes,8c12326974d4c005,50,50,2320
PEDESTRIAN_CROSSING/47055.jpg,pedestrian_crossing_ahead,PEDESTRIAN_CROSSING,train,huggingface_kannanwisen_indian_traffic_sign_classification,CC-BY-4.0 (declared; no author or source named upstream),yes,0c52326970d4d426,50,50,2318
PEDESTRIAN_CROSSING/47057.jpg,pedestrian_crossing_ahead,PEDESTRIAN_CROSSING,train,huggingface_kannanwisen_indian_traffic_sign_classification,CC-BY-4.0 (declared; no author or source named upstream),yes,14b26269d4f4a481,50,50,2408
PEDESTRIAN_CROSSING/47058.jpg,pedestrian_crossing_ahead,PEDESTRIAN_CROSSING,train,huggingface_kannanwisen_indian_traffic_sign_classification,CC-BY-4.0 (declared; no author or source named upstream),yes,52b32975d4dac03b,50,50,2662
PEDESTRIAN_CROSSING/47061.jpg,pedestrian_crossing_ahead,PEDESTRIAN_CROSSING,train,huggingface_kannanwisen_indian_traffic_sign_classification,CC-BY-4.0 (declared; no author or source named upstream),yes,31346d7554d4ce6e,50,50,3430
PEDESTRIAN_CROSSING/47062.jpg,pedestrian_crossing_ahead,PEDESTRIAN_CROSSING,train,huggingface_kannanwisen_indian_traffic_sign_classification,CC-BY-4.0 (declared; no author or source named upstream),yes,55332b6955f4ec05,50,50,3470
PEDESTRIAN_CROSSING/47065.jpg,pedestrian_crossing_ahead,PEDESTRIAN_CROSSING,train,huggingface_kannanwisen_indian_traffic_sign_classification,CC-BY-4.0 (declared; no author or source named upstream),yes,3cb0c848d4f4e4bb,50,50,3438
PEDESTRIAN_CROSSING/47082.jpg,pedestrian_crossing_ahead,PEDESTRIAN_CROSSING,train,huggingface_kannanwisen_indian_traffic_sign_classification,CC-BY-4.0 (declared; no author or source named upstream),yes,ffb3b3f3f3dbf3b3,50,50,2866
PEDESTRIAN_CROSSING/47083.jpg,pedestrian_crossing_ahead,PEDESTRIAN_CROSSING,train,huggingface_kannanwisen_indian_traffic_sign_classification,CC-BY-4.0 (declared; no author or source named upstream),yes,ffd7cccdc6d6ccce,50,50,3010
PEDESTRIAN_CROSSING/47101.jpg,pedestrian_crossing_ahead,PEDESTRIAN_CROSSING,train,huggingface_kannanwisen_indian_traffic_sign_classification,CC-BY-4.0 (declared; no author or source named upstream),yes,92960a8f95d59795,50,50,4572
PEDESTRIAN_CROSSING/47122.jpg,pedestrian_crossing_ahead,PEDESTRIAN_CROSSING,train,huggingface_kannanwisen_indian_traffic_sign_classification,CC-BY-4.0 (declared; no author or source named upstream),yes,a892b2b971d4c05b,50,50,2424
PEDESTRIAN_CROSSING/47123.jpg,pedestrian_crossing_ahead,PEDESTRIAN_CROSSING,train,huggingface_kannanwisen_indian_traffic_sign_classification,CC-BY-4.0 (declared; no author or source named upstream),yes,4c523269f4d4801b,50,50,2450
PEDESTRIAN_CROSSING/47126.jpg,pedestrian_crossing_ahead,PEDESTRIAN_CROSSING,train,huggingface_kannanwisen_indian_traffic_sign_classification,CC-BY-4.0 (declared; no author or source named upstream),yes,5252386974d48002,50,50,2380
PEDESTRIAN_CROSSING/47127.jpg,pedestrian_crossing_ahead,PEDESTRIAN_CROSSING,train,huggingface_kannanwisen_indian_traffic_sign_classification,CC-BY-4.0 (declared; no author or source named upstream),yes,055a396974d48202,50,50,2418
PEDESTRIAN_CROSSING/47151.jpg,pedestrian_crossing_ahead,PEDESTRIAN_CROSSING,train,huggingface_kannanwisen_indian_traffic_sign_classification,CC-BY-4.0 (declared; no author or source named upstream),yes,7e6ece5616324040,50,50,3550
PEDESTRIAN_CROSSING/47153.jpg,pedestrian_crossing_ahead,PEDESTRIAN_CROSSING,train,huggingface_kannanwisen_indian_traffic_sign_classification,CC-BY-4.0 (declared; no author or source named upstream),yes,4c342c4452126008,50,50,3098
PEDESTRIAN_CROSSING/47154.jpg,pedestrian_crossing_ahead,PEDESTRIAN_CROSSING,train,huggingface_kannanwisen_indian_traffic_sign_classification,CC-BY-4.0 (declared; no author or source named upstream),yes,f7624bd717b36b17,50,50,4092
PEDESTRIAN_CROSSING/47155.jpg,pedestrian_crossing_ahead,PEDESTRIAN_CROSSING,train,huggingface_kannanwisen_indian_traffic_sign_classification,CC-BY-4.0 (declared; no author or source named upstream),yes,8e8e8e0f17b2239c,50,50,2882
RIGHT_HAND_CURVE/53001.jpg,right_curve_ahead,RIGHT_HAND_CURVE,train,huggingface_kannanwisen_indian_traffic_sign_classification,CC-BY-4.0 (declared; no author or source named upstream),yes,75e7cf17060b3367,50,50,3700
RIGHT_HAND_CURVE/53002.jpg,right_curve_ahead,RIGHT_HAND_CURVE,train,huggingface_kannanwisen_indian_traffic_sign_classification,CC-BY-4.0 (declared; no author or source named upstream),yes,c094988815040e49,50,50,3532
RIGHT_HAND_CURVE/53003.jpg,right_curve_ahead,RIGHT_HAND_CURVE,train,huggingface_kannanwisen_indian_traffic_sign_classification,CC-BY-4.0 (declared; no author or source named upstream),yes,f4c8cccd95b78fab,50,50,3780
RIGHT_HAND_CURVE/53005.jpg,right_curve_ahead,RIGHT_HAND_CURVE,train,huggingface_kannanwisen_indian_traffic_sign_classification,CC-BY-4.0 (declared; no author or source named upstream),yes,88b4a2e9d4ceb6b5,50,50,3372
RIGHT_HAND_CURVE/53006.jpg,right_curve_ahead,RIGHT_HAND_CURVE,train,huggingface_kannanwisen_indian_traffic_sign_classification,CC-BY-4.0 (declared; no author or source named upstream),yes,34b46848d4c6cab4,50,50,3380
RIGHT_HAND_CURVE/53007.jpg,right_curve_ahead,RIGHT_HAND_CURVE,train,huggingface_kannanwisen_indian_traffic_sign_classification,CC-BY-4.0 (declared; no author or source named upstream),yes,d3b3697944ceb236,50,50,3464
RIGHT_TURN_PROHIBITED/55001.jpg,no_right_turn,RIGHT_TURN_PROHIBITED,train,huggingface_kannanwisen_indian_traffic_sign_classification,CC-BY-4.0 (declared; no author or source named upstream),yes,f0c9cabaaaaccd31,50,50,3406
RIGHT_TURN_PROHIBITED/55005.jpg,no_right_turn,RIGHT_TURN_PROHIBITED,train,huggingface_kannanwisen_indian_traffic_sign_classification,CC-BY-4.0 (declared; no author or source named upstream),yes,937168d8f0ec72b2,50,50,2940
RIGHT_TURN_PROHIBITED/55006.jpg,no_right_turn,RIGHT_TURN_PROHIBITED,train,huggingface_kannanwisen_indian_traffic_sign_classification,CC-BY-4.0 (declared; no author or source named upstream),yes,b371c8f0e4ec7292,50,50,3082
RIGHT_TURN_PROHIBITED/55009.jpg,no_right_turn,RIGHT_TURN_PROHIBITED,train,huggingface_kannanwisen_indian_traffic_sign_classification,CC-BY-4.0 (declared; no author or source named upstream),yes,9f82c8b2a64b131d,50,50,3440
RIGHT_TURN_PROHIBITED/55010.jpg,no_right_turn,RIGHT_TURN_PROHIBITED,train,huggingface_kannanwisen_indian_traffic_sign_classification,CC-BY-4.0 (declared; no author or source named upstream),yes,fc8e0a222a0e0e69,50,50,2598
RIGHT_TURN_PROHIBITED/55014.jpg,no_right_turn,RIGHT_TURN_PROHIBITED,train,huggingface_kannanwisen_indian_traffic_sign_classification,CC-BY-4.0 (declared; no author or source named upstream),yes,8f8e0b3b2b2f8d8d,50,50,3422
RIGHT_TURN_PROHIBITED/55017.jpg,no_right_turn,RIGHT_TURN_PROHIBITED,train,huggingface_kannanwisen_indian_traffic_sign_classification,CC-BY-4.0 (declared; no author or source named upstream),yes,e0c9dabaaaacc931,50,50,3376
RIGHT_TURN_PROHIBITED/55018.jpg,no_right_turn,RIGHT_TURN_PROHIBITED,train,huggingface_kannanwisen_indian_traffic_sign_classification,CC-BY-4.0 (declared; no author or source named upstream),yes,191ea8322e8ccccf,50,50,4020
RIGHT_TURN_PROHIBITED/55021.jpg,no_right_turn,RIGHT_TURN_PROHIBITED,train,huggingface_kannanwisen_indian_traffic_sign_classification,CC-BY-4.0 (declared; no author or source named upstream),yes,9671c8f0e4c87132,50,50,2770
RIGHT_TURN_PROHIBITED/55022.jpg,no_right_turn,RIGHT_TURN_PROHIBITED,train,huggingface_kannanwisen_indian_traffic_sign_classification,CC-BY-4.0 (declared; no author or source named upstream),yes,b178ccfaeac46831,50,50,2900
ROUNDABOUT/57001.jpg,,ROUNDABOUT,train,huggingface_kannanwisen_indian_traffic_sign_classification,CC-BY-4.0 (declared; no author or source named upstream),no,79d4b6a31996c470,50,50,3368
ROUNDABOUT/57005.jpg,,ROUNDABOUT,train,huggingface_kannanwisen_indian_traffic_sign_classification,CC-BY-4.0 (declared; no author or source named upstream),no,0e2f6632ac336527,50,50,3378
ROUNDABOUT/57041.jpg,,ROUNDABOUT,train,huggingface_kannanwisen_indian_traffic_sign_classification,CC-BY-4.0 (declared; no author or source named upstream),no,70c490ab2b92d971,50,50,2758
ROUNDABOUT/57045.jpg,,ROUNDABOUT,train,huggingface_kannanwisen_indian_traffic_sign_classification,CC-BY-4.0 (declared; no author or source named upstream),no,0f1313707047038f,50,50,3244
ROUNDABOUT/57051.jpg,,ROUNDABOUT,train,huggingface_kannanwisen_indian_traffic_sign_classification,CC-BY-4.0 (declared; no author or source named upstream),no,124a0d1f0b2b3332,50,50,3320
ROUNDABOUT/57054.jpg,,ROUNDABOUT,train,huggingface_kannanwisen_indian_traffic_sign_classification,CC-BY-4.0 (declared; no author or source named upstream),no,26675bc98caa26b0,50,50,3002
ROUNDABOUT/57055.jpg,,ROUNDABOUT,train,huggingface_kannanwisen_indian_traffic_sign_classification,CC-BY-4.0 (declared; no author or source named upstream),no,848c8c160f2a3aa0,50,50,3360
ROUNDABOUT/57057.jpg,,ROUNDABOUT,train,huggingface_kannanwisen_indian_traffic_sign_classification,CC-BY-4.0 (declared; no author or source named upstream),no,b5f2686bcdb232b0,50,50,3246
SCHOOL_AHEAD/58050.jpg,school_ahead,SCHOOL_AHEAD,train,huggingface_kannanwisen_indian_traffic_sign_classification,CC-BY-4.0 (declared; no author or source named upstream),yes,37b3f030684cd29b,50,50,3446
SCHOOL_AHEAD/58051.jpg,school_ahead,SCHOOL_AHEAD,train,huggingface_kannanwisen_indian_traffic_sign_classification,CC-BY-4.0 (declared; no author or source named upstream),yes,8c0cce9637276706,50,50,3544
SIDE_ROAD_LEFT/59001.jpg,,SIDE_ROAD_LEFT,train,huggingface_kannanwisen_indian_traffic_sign_classification,CC-BY-4.0 (declared; no author or source named upstream),no,ccadcb8c14464871,50,50,3058
SIDE_ROAD_LEFT/59003.jpg,,SIDE_ROAD_LEFT,train,huggingface_kannanwisen_indian_traffic_sign_classification,CC-BY-4.0 (declared; no author or source named upstream),no,4c5b538a14949d18,50,50,3072
SIDE_ROAD_LEFT/59005.jpg,,SIDE_ROAD_LEFT,train,huggingface_kannanwisen_indian_traffic_sign_classification,CC-BY-4.0 (declared; no author or source named upstream),no,9b999c1e56131b5d,50,50,3436
SIDE_ROAD_LEFT/59006.jpg,,SIDE_ROAD_LEFT,train,huggingface_kannanwisen_indian_traffic_sign_classification,CC-BY-4.0 (declared; no author or source named upstream),no,ad93b17975d4f2da,50,50,3166
SIDE_ROAD_LEFT/59007.jpg,,SIDE_ROAD_LEFT,train,huggingface_kannanwisen_indian_traffic_sign_classification,CC-BY-4.0 (declared; no author or source named upstream),no,ef91b3b9f1e5e4fa,50,50,3138
SIDE_ROAD_LEFT/59009.jpg,,SIDE_ROAD_LEFT,train,huggingface_kannanwisen_indian_traffic_sign_classification,CC-BY-4.0 (declared; no author or source named upstream),no,8092b1e9f492b280,50,50,2380
SIDE_ROAD_LEFT/59011.jpg,,SIDE_ROAD_LEFT,train,huggingface_kannanwisen_indian_traffic_sign_classification,CC-BY-4.0 (declared; no author or source named upstream),no,91b2b2e9f4d484a2,50,50,2328
SIDE_ROAD_LEFT/59013.jpg,,SIDE_ROAD_LEFT,train,huggingface_kannanwisen_indian_traffic_sign_classification,CC-BY-4.0 (declared; no author or source named upstream),no,10e8f2f1f9e9e8ec,50,50,2360
SIDE_ROAD_LEFT/59015.jpg,,SIDE_ROAD_LEFT,train,huggingface_kannanwisen_indian_traffic_sign_classification,CC-BY-4.0 (declared; no author or source named upstream),no,6f17323279690600,50,50,2522
SIDE_ROAD_LEFT/59042.jpg,,SIDE_ROAD_LEFT,train,huggingface_kannanwisen_indian_traffic_sign_classification,CC-BY-4.0 (declared; no author or source named upstream),no,b78d8d97333333ce,50,50,4014
SIDE_ROAD_LEFT/59046.jpg,,SIDE_ROAD_LEFT,train,huggingface_kannanwisen_indian_traffic_sign_classification,CC-BY-4.0 (declared; no author or source named upstream),no,77574957373327f7,50,50,3918
SPEED_LIMIT_15/63001.jpg,,SPEED_LIMIT_15,train,huggingface_kannanwisen_indian_traffic_sign_classification,CC-BY-4.0 (declared; no author or source named upstream),no,0e4a939191c1c389,50,50,2976
SPEED_LIMIT_15/63005.jpg,,SPEED_LIMIT_15,train,huggingface_kannanwisen_indian_traffic_sign_classification,CC-BY-4.0 (declared; no author or source named upstream),no,92ce92939a8cbb9e,50,50,3036
SPEED_LIMIT_15/63007.jpg,,SPEED_LIMIT_15,train,huggingface_kannanwisen_indian_traffic_sign_classification,CC-BY-4.0 (declared; no author or source named upstream),no,2d313930313f3f3f,50,50,2770
SPEED_LIMIT_15/63009.jpg,,SPEED_LIMIT_15,train,huggingface_kannanwisen_indian_traffic_sign_classification,CC-BY-4.0 (declared; no author or source named upstream),no,133979f070697cd8,50,50,2768
SPEED_LIMIT_15/63011.jpg,,SPEED_LIMIT_15,train,huggingface_kannanwisen_indian_traffic_sign_classification,CC-BY-4.0 (declared; no author or source named upstream),no,1673e1f1f168f8d9,50,50,2778
SPEED_LIMIT_15/63013.jpg,,SPEED_LIMIT_15,train,huggingface_kannanwisen_indian_traffic_sign_classification,CC-BY-4.0 (declared; no author or source named upstream),no,163169f0f07978d8,50,50,2728
SPEED_LIMIT_15/63014.jpg,,SPEED_LIMIT_15,train,huggingface_kannanwisen_indian_traffic_sign_classification,CC-BY-4.0 (declared; no author or source named upstream),no,f5634cb5a1d56bc3,50,50,3550
SPEED_LIMIT_15/63015.jpg,,SPEED_LIMIT_15,train,huggingface_kannanwisen_indian_traffic_sign_classification,CC-BY-4.0 (declared; no author or source named upstream),no,163361f0f068f8c8,50,50,2756
SPEED_LIMIT_15/63017.jpg,,SPEED_LIMIT_15,train,huggingface_kannanwisen_indian_traffic_sign_classification,CC-BY-4.0 (declared; no author or source named upstream),no,311f8fbbbb8f0fdb,50,50,3112
SPEED_LIMIT_15/63018.jpg,,SPEED_LIMIT_15,train,huggingface_kannanwisen_indian_traffic_sign_classification,CC-BY-4.0 (declared; no author or source named upstream),no,6dcd1f332b9b8e04,50,50,4126
SPEED_LIMIT_15/63019.jpg,,SPEED_LIMIT_15,train,huggingface_kannanwisen_indian_traffic_sign_classification,CC-BY-4.0 (declared; no author or source named upstream),no,3775cf13b31b4606,50,50,4018
SPEED_LIMIT_15/63021.jpg,,SPEED_LIMIT_15,train,huggingface_kannanwisen_indian_traffic_sign_classification,CC-BY-4.0 (declared; no author or source named upstream),no,e0ee8bb31b8fcecc,50,50,3948
SPEED_LIMIT_15/63022.jpg,,SPEED_LIMIT_15,train,huggingface_kannanwisen_indian_traffic_sign_classification,CC-BY-4.0 (declared; no author or source named upstream),no,60e68fbb1b9f8ecc,50,50,3936
SPEED_LIMIT_15/63023.jpg,,SPEED_LIMIT_15,train,huggingface_kannanwisen_indian_traffic_sign_classification,CC-BY-4.0 (declared; no author or source named upstream),no,e0eb8fbb1b9fce6c,50,50,3998
SPEED_LIMIT_15/63025.jpg,,SPEED_LIMIT_15,train,huggingface_kannanwisen_indian_traffic_sign_classification,CC-BY-4.0 (declared; no author or source named upstream),no,e0ee8bb39bce4cac,50,50,3964
SPEED_LIMIT_15/63027.jpg,,SPEED_LIMIT_15,train,huggingface_kannanwisen_indian_traffic_sign_classification,CC-BY-4.0 (declared; no author or source named upstream),no,ddf6ee9adbcc6c8e,50,50,3674
SPEED_LIMIT_20/64001.jpg,,SPEED_LIMIT_20,train,huggingface_kannanwisen_indian_traffic_sign_classification,CC-BY-4.0 (declared; no author or source named upstream),no,79cd8eb32b8ecd75,50,50,3236
SPEED_LIMIT_20/64005.jpg,,SPEED_LIMIT_20,train,huggingface_kannanwisen_indian_traffic_sign_classification,CC-BY-4.0 (declared; no author or source named upstream),no,71cc8ab3abaacce8,50,50,3606
SPEED_LIMIT_20/64009.jpg,,SPEED_LIMIT_20,train,huggingface_kannanwisen_indian_traffic_sign_classification,CC-BY-4.0 (declared; no author or source named upstream),no,50e9ceaa2b2a8cf1,50,50,3108
SPEED_LIMIT_30/65001.jpg,maximum_speed_limit_30_km_h,SPEED_LIMIT_30,train,huggingface_kannanwisen_indian_traffic_sign_classification,CC-BY-4.0 (declared; no author or source named upstream),yes,9f050e2b332a0f17,50,50,4016
SPEED_LIMIT_30/65005.jpg,maximum_speed_limit_30_km_h,SPEED_LIMIT_30,train,huggingface_kannanwisen_indian_traffic_sign_classification,CC-BY-4.0 (declared; no author or source named upstream),yes,0f0f0e2b37270f37,50,50,4028
SPEED_LIMIT_30/65007.jpg,maximum_speed_limit_30_km_h,SPEED_LIMIT_30,train,huggingface_kannanwisen_indian_traffic_sign_classification,CC-BY-4.0 (declared; no author or source named upstream),yes,6aeaced6da8e644c,50,50,2820
SPEED_LIMIT_30/65011.jpg,maximum_speed_limit_30_km_h,SPEED_LIMIT_30,train,huggingface_kannanwisen_indian_traffic_sign_classification,CC-BY-4.0 (declared; no author or source named upstream),yes,0bcec79bba8e8e4c,50,50,2392
SPEED_LIMIT_30/65013.jpg,maximum_speed_limit_30_km_h,SPEED_LIMIT_30,train,huggingface_kannanwisen_indian_traffic_sign_classification,CC-BY-4.0 (declared; no author or source named upstream),yes,34198d31138cccc4,50,50,4150
SPEED_LIMIT_30/65015.jpg,maximum_speed_limit_30_km_h,SPEED_LIMIT_30,train,huggingface_kannanwisen_indian_traffic_sign_classification,CC-BY-4.0 (declared; no author or source named upstream),yes,cab88999938dcdc1,50,50,3954
SPEED_LIMIT_30/65017.jpg,maximum_speed_limit_30_km_h,SPEED_LIMIT_30,train,huggingface_kannanwisen_indian_traffic_sign_classification,CC-BY-4.0 (declared; no author or source named upstream),yes,18ac8d1b138fcfee,50,50,4068
SPEED_LIMIT_30/65019.jpg,maximum_speed_limit_30_km_h,SPEED_LIMIT_30,train,huggingface_kannanwisen_indian_traffic_sign_classification,CC-BY-4.0 (declared; no author or source named upstream),yes,56560c50d4687112,50,50,2958
SPEED_LIMIT_30/65021.jpg,maximum_speed_limit_30_km_h,SPEED_LIMIT_30,train,huggingface_kannanwisen_indian_traffic_sign_classification,CC-BY-4.0 (declared; no author or source named upstream),yes,06c628716869b332,50,50,3008
SPEED_LIMIT_30/65023.jpg,maximum_speed_limit_30_km_h,SPEED_LIMIT_30,train,huggingface_kannanwisen_indian_traffic_sign_classification,CC-BY-4.0 (declared; no author or source named upstream),yes,565a0cd0d4687116,50,50,2952
SPEED_LIMIT_30/65025.jpg,maximum_speed_limit_30_km_h,SPEED_LIMIT_30,train,huggingface_kannanwisen_indian_traffic_sign_classification,CC-BY-4.0 (declared; no author or source named upstream),yes,06c628716871b2b2,50,50,2964
SPEED_LIMIT_30/65027.jpg,maximum_speed_limit_30_km_h,SPEED_LIMIT_30,train,huggingface_kannanwisen_indian_traffic_sign_classification,CC-BY-4.0 (declared; no author or source named upstream),yes,86166f97974f6696,50,50,3284
SPEED_LIMIT_30/65029.jpg,maximum_speed_limit_30_km_h,SPEED_LIMIT_30,train,huggingface_kannanwisen_indian_traffic_sign_classification,CC-BY-4.0 (declared; no author or source named upstream),yes,8656cf97976f9496,50,50,3352
SPEED_LIMIT_30/65031.jpg,maximum_speed_limit_30_km_h,SPEED_LIMIT_30,train,huggingface_kannanwisen_indian_traffic_sign_classification,CC-BY-4.0 (declared; no author or source named upstream),yes,8e1cce97974e9d95,50,50,3328
SPEED_LIMIT_30/65033.jpg,maximum_speed_limit_30_km_h,SPEED_LIMIT_30,train,huggingface_kannanwisen_indian_traffic_sign_classification,CC-BY-4.0 (declared; no author or source named upstream),yes,b3baecd616cecc48,50,50,3052
SPEED_LIMIT_30/65035.jpg,maximum_speed_limit_30_km_h,SPEED_LIMIT_30,train,huggingface_kannanwisen_indian_traffic_sign_classification,CC-BY-4.0 (declared; no author or source named upstream),yes,b36a4cf695ce8e58,50,50,3120
SPEED_LIMIT_30/65037.jpg,maximum_speed_limit_30_km_h,SPEED_LIMIT_30,train,huggingface_kannanwisen_indian_traffic_sign_classification,CC-BY-4.0 (declared; no author or source named upstream),yes,d3baacd6d5cece48,50,50,2964
SPEED_LIMIT_30/65039.jpg,maximum_speed_limit_30_km_h,SPEED_LIMIT_30,train,huggingface_kannanwisen_indian_traffic_sign_classification,CC-BY-4.0 (declared; no author or source named upstream),yes,3dc68e93164eac06,50,50,4158
SPEED_LIMIT_30/65041.jpg,maximum_speed_limit_30_km_h,SPEED_LIMIT_30,train,huggingface_kannanwisen_indian_traffic_sign_classification,CC-BY-4.0 (declared; no author or source named upstream),yes,1c658e97170e4e8c,50,50,4122
SPEED_LIMIT_30/65043.jpg,maximum_speed_limit_30_km_h,SPEED_LIMIT_30,train,huggingface_kannanwisen_indian_traffic_sign_classification,CC-BY-4.0 (declared; no author or source named upstream),yes,e5cfcdd2466c787a,50,50,2704
SPEED_LIMIT_30/65045.jpg,maximum_speed_limit_30_km_h,SPEED_LIMIT_30,train,huggingface_kannanwisen_indian_traffic_sign_classification,CC-BY-4.0 (declared; no author or source named upstream),yes,73f16dd6d46d7e6c,50,50,3468
SPEED_LIMIT_30/65047.jpg,maximum_speed_limit_30_km_h,SPEED_LIMIT_30,train,huggingface_kannanwisen_indian_traffic_sign_classification,CC-BY-4.0 (declared; no author or source named upstream),yes,e7f3c9f4f4c9f2fc,50,50,3372
SPEED_LIMIT_30/65049.jpg,maximum_speed_limit_30_km_h,SPEED_LIMIT_30,train,huggingface_kannanwisen_indian_traffic_sign_classification,CC-BY-4.0 (declared; no author or source named upstream),yes,43694955156d2626,50,50,3440
SPEED_LIMIT_30/65051.jpg,maximum_speed_limit_30_km_h,SPEED_LIMIT_30,train,huggingface_kannanwisen_indian_traffic_sign_classification,CC-BY-4.0 (declared; no author or source named upstream),yes,786fcef7f7cfcfdf,50,50,3212
SPEED_LIMIT_30/65053.jpg,maximum_speed_limit_30_km_h,SPEED_LIMIT_30,train,huggingface_kannanwisen_indian_traffic_sign_classification,CC-BY-4.0 (declared; no author or source named upstream),yes,9671e9d5f7cd7330,50,50,2748
SPEED_LIMIT_30/65054.jpg,maximum_speed_limit_30_km_h,SPEED_LIMIT_30,train,huggingface_kannanwisen_indian_traffic_sign_classification,CC-BY-4.0 (declared; no author or source named upstream),yes,3b69ced3dbce7db1,50,50,2908
SPEED_LIMIT_30/65057.jpg,maximum_speed_limit_30_km_h,SPEED_LIMIT_30,train,huggingface_kannanwisen_indian_traffic_sign_classification,CC-BY-4.0 (declared; no author or source named upstream),yes,9671cde9b3cde972,50,50,2852
SPEED_LIMIT_30/65059.jpg,maximum_speed_limit_30_km_h,SPEED_LIMIT_30,train,huggingface_kannanwisen_indian_traffic_sign_classification,CC-BY-4.0 (declared; no author or source named upstream),yes,9771e9edb3cd7132,50,50,2982
SPEED_LIMIT_30/65110.jpg,maximum_speed_limit_30_km_h,SPEED_LIMIT_30,train,huggingface_kannanwisen_indian_traffic_sign_classification,CC-BY-4.0 (declared; no author or source named upstream),yes,8e0f0f2337af4f83,50,50,2740
SPEED_LIMIT_30/65113.jpg,maximum_speed_limit_30_km_h,SPEED_LIMIT_30,train,huggingface_kannanwisen_indian_traffic_sign_classification,CC-BY-4.0 (declared; no author or source named upstream),yes,e1cc8eab37ae4c71,50,50,3330
SPEED_LIMIT_30/65117.jpg,maximum_speed_limit_30_km_h,SPEED_LIMIT_30,train,huggingface_kannanwisen_indian_traffic_sign_classification,CC-BY-4.0 (declared; no author or source named upstream),yes,b34f8e33338e4f19,50,50,2524
SPEED_LIMIT_30/65121.jpg,maximum_speed_limit_30_km_h,SPEED_LIMIT_30,train,huggingface_kannanwisen_indian_traffic_sign_classification,CC-BY-4.0 (declared; no author or source named upstream),yes,b34d8e2b3b8e4d32,50,50,2764
SPEED_LIMIT_30/65125.jpg,maximum_speed_limit_30_km_h,SPEED_LIMIT_30,train,huggingface_kannanwisen_indian_traffic_sign_classification,CC-BY-4.0 (declared; no author or source named upstream),yes,870f0f33330f0f8f,50,50,2516
SPEED_LIMIT_30/65130.jpg,maximum_speed_limit_30_km_h,SPEED_LIMIT_30,train,huggingface_kannanwisen_indian_traffic_sign_classification,CC-BY-4.0 (declared; no author or source named upstream),yes,0e0d0eaa330a4f25,50,50,3478
SPEED_LIMIT_30/65133.jpg,maximum_speed_limit_30_km_h,SPEED_LIMIT_30,train,huggingface_kannanwisen_indian_traffic_sign_classification,CC-BY-4.0 (declared; no author or source named upstream),yes,3c2c462733334e6c,50,50,3176
SPEED_LIMIT_30/65137.jpg,maximum_speed_limit_30_km_h,SPEED_LIMIT_30,train,huggingface_kannanwisen_indian_traffic_sign_classification,CC-BY-4.0 (declared; no author or source named upstream),yes,300c0e31352e0e38,50,50,3034
SPEED_LIMIT_30/65141.jpg,maximum_speed_limit_30_km_h,SPEED_LIMIT_30,train,huggingface_kannanwisen_indian_traffic_sign_classification,CC-BY-4.0 (declared; no author or source named upstream),yes,70e8ccb2b3cecd71,50,50,2800
SPEED_LIMIT_30/65145.jpg,maximum_speed_limit_30_km_h,SPEED_LIMIT_30,train,huggingface_kannanwisen_indian_traffic_sign_classification,CC-BY-4.0 (declared; no author or source named upstream),yes,914c8e33278ecc48,50,50,2740
SPEED_LIMIT_30/65150.jpg,maximum_speed_limit_30_km_h,SPEED_LIMIT_30,train,huggingface_kannanwisen_indian_traffic_sign_classification,CC-BY-4.0 (declared; no author or source named upstream),yes,71ccaa3337aa8cf0,50,50,3152
SPEED_LIMIT_30/65153.jpg,maximum_speed_limit_30_km_h,SPEED_LIMIT_30,train,huggingface_kannanwisen_indian_traffic_sign_classification,CC-BY-4.0 (declared; no author or source named upstream),yes,70cc8e2b37aa8ef8,50,50,2946
SPEED_LIMIT_30/65157.jpg,maximum_speed_limit_30_km_h,SPEED_LIMIT_30,train,huggingface_kannanwisen_indian_traffic_sign_classification,CC-BY-4.0 (declared; no author or source named upstream),yes,71cc8e32238ecc71,50,50,3070
SPEED_LIMIT_30/65161.jpg,maximum_speed_limit_30_km_h,SPEED_LIMIT_30,train,huggingface_kannanwisen_indian_traffic_sign_classification,CC-BY-4.0 (declared; no author or source named upstream),yes,b20d0f2b372b0f29,50,50,3552
SPEED_LIMIT_30/65165.jpg,maximum_speed_limit_30_km_h,SPEED_LIMIT_30,train,huggingface_kannanwisen_indian_traffic_sign_classification,CC-BY-4.0 (declared; no author or source named upstream),yes,314cae3337aacc79,50,50,3458
SPEED_LIMIT_30/65170.jpg,maximum_speed_limit_30_km_h,SPEED_LIMIT_30,train,huggingface_kannanwisen_indian_traffic_sign_classification,CC-BY-4.0 (declared; no author or source named upstream),yes,7b0f0f37330f0f8e,50,50,2926
SPEED_LIMIT_30/65173.jpg,maximum_speed_limit_30_km_h,SPEED_LIMIT_30,train,huggingface_kannanwisen_indian_traffic_sign_classification,CC-BY-4.0 (declared; no author or source named upstream),yes,91cc8eabb3aacef9,50,50,3002
SPEED_LIMIT_30/65177.jpg,maximum_speed_limit_30_km_h,SPEED_LIMIT_30,train,huggingface_kannanwisen_indian_traffic_sign_classification,CC-BY-4.0 (declared; no author or source named upstream),yes,71cc8a2331aecef0,50,50,3280
SPEED_LIMIT_30/65181.jpg,maximum_speed_limit_30_km_h,SPEED_LIMIT_30,train,huggingface_kannanwisen_indian_traffic_sign_classification,CC-BY-4.0 (declared; no author or source named upstream),yes,bbcfcebbb3cfcf97,50,50,2736
SPEED_LIMIT_30/65185.jpg,maximum_speed_limit_30_km_h,SPEED_LIMIT_30,train,huggingface_kannanwisen_indian_traffic_sign_classification,CC-BY-4.0 (declared; no author or source named upstream),yes,0e4d8e2337ae0d2b,50,50,3112
SPEED_LIMIT_30/65190.jpg,maximum_speed_limit_30_km_h,SPEED_LIMIT_30,train,huggingface_kannanwisen_indian_traffic_sign_classification,CC-BY-4.0 (declared; no author or source named upstream),yes,c6cdcea2338ecdd3,50,50,2880
SPEED_LIMIT_30/65193.jpg,maximum_speed_limit_30_km_h,SPEED_LIMIT_30,train,huggingface_kannanwisen_indian_traffic_sign_classification,CC-BY-4.0 (declared; no author or source named upstream),yes,70cc8e33378ece36,50,50,2660
SPEED_LIMIT_30/65197.jpg,maximum_speed_limit_30_km_h,SPEED_LIMIT_30,train,huggingface_kannanwisen_indian_traffic_sign_classification,CC-BY-4.0 (declared; no author or source named upstream),yes,724fceab37aece71,50,50,2712
SPEED_LIMIT_30/65201.jpg,maximum_speed_limit_30_km_h,SPEED_LIMIT_30,train,huggingface_kannanwisen_indian_traffic_sign_classification,CC-BY-4.0 (declared; no author or source named upstream),yes,becc8e2337abcef2,50,50,2432
SPEED_LIMIT_30/65205.jpg,maximum_speed_limit_30_km_h,SPEED_LIMIT_30,train,huggingface_kannanwisen_indian_traffic_sign_classification,CC-BY-4.0 (declared; no author or source named upstream),yes,61dcaea333aecc70,50,50,3290
SPEED_LIMIT_30/65210.jpg,maximum_speed_limit_30_km_h,SPEED_LIMIT_30,train,huggingface_kannanwisen_indian_traffic_sign_classification,CC-BY-4.0 (declared; no author or source named upstream),yes,070f0f2b372f0f1b,50,50,2958
SPEED_LIMIT_30/65213.jpg,maximum_speed_limit_30_km_h,SPEED_LIMIT_30,train,huggingface_kannanwisen_indian_traffic_sign_classification,CC-BY-4.0 (declared; no author or source named upstream),yes,0f0f0f23332f0f0f,50,50,2872
SPEED_LIMIT_30/65217.jpg,maximum_speed_limit_30_km_h,SPEED_LIMIT_30,train,huggingface_kannanwisen_indian_traffic_sign_classification,CC-BY-4.0 (declared; no author or source named upstream),yes,8e0f0f2b332f0d4b,50,50,2938
SPEED_LIMIT_30/65221.jpg,maximum_speed_limit_30_km_h,SPEED_LIMIT_30,train,huggingface_kannanwisen_indian_traffic_sign_classification,CC-BY-4.0 (declared; no author or source named upstream),yes,72cc8a2b37aa8ee9,50,50,3320
SPEED_LIMIT_30/65225.jpg,maximum_speed_limit_30_km_h,SPEED_LIMIT_30,train,huggingface_kannanwisen_indian_traffic_sign_classification,CC-BY-4.0 (declared; no author or source named upstream),yes,b3cc8a2336aecffc,50,50,3334
SPEED_LIMIT_30/65230.jpg,maximum_speed_limit_30_km_h,SPEED_LIMIT_30,train,huggingface_kannanwisen_indian_traffic_sign_classification,CC-BY-4.0 (declared; no author or source named upstream),yes,f1c98eab2b8ecd70,50,50,2550
SPEED_LIMIT_30/65233.jpg,maximum_speed_limit_30_km_h,SPEED_LIMIT_30,train,huggingface_kannanwisen_indian_traffic_sign_classification,CC-BY-4.0 (declared; no author or source named upstream),yes,870f0e2a320f4f0f,50,50,3518
SPEED_LIMIT_30/65237.jpg,maximum_speed_limit_30_km_h,SPEED_LIMIT_30,train,huggingface_kannanwisen_indian_traffic_sign_classification,CC-BY-4.0 (declared; no author or source named upstream),yes,31c9ce23378eccf3,50,50,2564
SPEED_LIMIT_30/65241.jpg,maximum_speed_limit_30_km_h,SPEED_LIMIT_30,train,huggingface_kannanwisen_indian_traffic_sign_classification,CC-BY-4.0 (declared; no author or source named upstream),yes,170f0f27372f0f07,50,50,3086
SPEED_LIMIT_30/65245.jpg,maximum_speed_limit_30_km_h,SPEED_LIMIT_30,train,huggingface_kannanwisen_indian_traffic_sign_classification,CC-BY-4.0 (declared; no author or source named upstream),yes,0e870f3b330f0f86,50,50,2716
SPEED_LIMIT_30/65250.jpg,maximum_speed_limit_30_km_h,SPEED_LIMIT_30,train,huggingface_kannanwisen_indian_traffic_sign_classification,CC-BY-4.0 (declared; no author or source named upstream),yes,1e2d4e2b338e0e17,50,50,2856
SPEED_LIMIT_30/65253.jpg,maximum_speed_limit_30_km_h,SPEED_LIMIT_30,train,huggingface_kannanwisen_indian_traffic_sign_classification,CC-BY-4.0 (declared; no author or source named upstream),yes,0f0f0f23370f0f0f,50,50,3484
SPEED_LIMIT_30/65257.jpg,maximum_speed_limit_30_km_h,SPEED_LIMIT_30,train,huggingface_kannanwisen_indian_traffic_sign_classification,CC-BY-4.0 (declared; no author or source named upstream),yes,644c8b33313b96e9,50,50,3166
SPEED_LIMIT_30/65261.jpg,maximum_speed_limit_30_km_h,SPEED_LIMIT_30,train,huggingface_kannanwisen_indian_traffic_sign_classification,CC-BY-4.0 (declared; no author or source named upstream),yes,31eccea3b7aece70,50,50,2914
SPEED_LIMIT_30/65262.jpg,maximum_speed_limit_30_km_h,SPEED_LIMIT_30,train,huggingface_kannanwisen_indian_traffic_sign_classification,CC-BY-4.0 (declared; no author or source named upstream),yes,0e4d8e2337ae4f29,50,50,3076
SPEED_LIMIT_30/65263.jpg,maximum_speed_limit_30_km_h,SPEED_LIMIT_30,train,huggingface_kannanwisen_indian_traffic_sign_classification,CC-BY-4.0 (declared; no author or source named upstream),yes,71e4ceb3b38ace70,50,50,1972
SPEED_LIMIT_30/65265.jpg,maximum_speed_limit_30_km_h,SPEED_LIMIT_30,train,huggingface_kannanwisen_indian_traffic_sign_classification,CC-BY-4.0 (declared; no author or source named upstream),yes,93a98f9397870f83,50,50,3116
SPEED_LIMIT_30/65266.jpg,maximum_speed_limit_30_km_h,SPEED_LIMIT_30,train,huggingface_kannanwisen_indian_traffic_sign_classification,CC-BY-4.0 (declared; no author or source named upstream),yes,734d8eb7b7aece71,50,50,2464
SPEED_LIMIT_30/65267.jpg,maximum_speed_limit_30_km_h,SPEED_LIMIT_30,train,huggingface_kannanwisen_indian_traffic_sign_classification,CC-BY-4.0 (declared; no author or source named upstream),yes,c7c5ce8ab38ecdc1,50,50,2792
SPEED_LIMIT_30/65269.jpg,maximum_speed_limit_30_km_h,SPEED_LIMIT_30,train,huggingface_kannanwisen_indian_traffic_sign_classification,CC-BY-4.0 (declared; no author or source named upstream),yes,36fece2a362ac4f4,50,50,2788
SPEED_LIMIT_30/65270.jpg,maximum_speed_limit_30_km_h,SPEED_LIMIT_30,train,huggingface_kannanwisen_indian_traffic_sign_classification,CC-BY-4.0 (declared; no author or source named upstream),yes,9bc7cfdb93dfc7c7,50,50,2552
SPEED_LIMIT_30/65271.jpg,maximum_speed_limit_30_km_h,SPEED_LIMIT_30,train,huggingface_kannanwisen_indian_traffic_sign_classification,CC-BY-4.0 (declared; no author or source named upstream),yes,bb478b2737274799,50,50,3606
SPEED_LIMIT_30/65273.jpg,maximum_speed_limit_30_km_h,SPEED_LIMIT_30,train,huggingface_kannanwisen_indian_traffic_sign_classification,CC-BY-4.0 (declared; no author or source named upstream),yes,d34c8ea337aace63,50,50,4104
SPEED_LIMIT_30/65275.jpg,maximum_speed_limit_30_km_h,SPEED_LIMIT_30,train,huggingface_kannanwisen_indian_traffic_sign_classification,CC-BY-4.0 (declared; no author or source named upstream),yes,70cc8eb1b3afcee9,50,50,2900
SPEED_LIMIT_30/65277.jpg,maximum_speed_limit_30_km_h,SPEED_LIMIT_30,train,huggingface_kannanwisen_indian_traffic_sign_classification,CC-BY-4.0 (declared; no author or source named upstream),yes,346cceaab7aece68,50,50,2814
SPEED_LIMIT_30/65278.jpg,maximum_speed_limit_30_km_h,SPEED_LIMIT_30,train,huggingface_kannanwisen_indian_traffic_sign_classification,CC-BY-4.0 (declared; no author or source named upstream),yes,71cc8a2535aece70,50,50,3296
SPEED_LIMIT_30/65279.jpg,maximum_speed_limit_30_km_h,SPEED_LIMIT_30,train,huggingface_kannanwisen_indian_traffic_sign_classification,CC-BY-4.0 (declared; no author or source named upstream),yes,710f0f37370f0f8f,50,50,2804
SPEED_LIMIT_30/65281.jpg,maximum_speed_limit_30_km_h,SPEED_LIMIT_30,train,huggingface_kannanwisen_indian_traffic_sign_classification,CC-BY-4.0 (declared; no author or source named upstream),yes,5878c6d693c3ce71,50,50,2584
SPEED_LIMIT_30/65282.jpg,maximum_speed_limit_30_km_h,SPEED_LIMIT_30,train,huggingface_kannanwisen_indian_traffic_sign_classification,CC-BY-4.0 (declared; no author or source named upstream),yes,71e8ceaab38ecc73,50,50,2658
SPEED_LIMIT_30/65283.jpg,maximum_speed_limit_30_km_h,SPEED_LIMIT_30,train,huggingface_kannanwisen_indian_traffic_sign_classification,CC-BY-4.0 (declared; no author or source named upstream),yes,304c8e2b37af8e28,50,50,3482
SPEED_LIMIT_30/65285.jpg,maximum_speed_limit_30_km_h,SPEED_LIMIT_30,train,huggingface_kannanwisen_indian_traffic_sign_classification,CC-BY-4.0 (declared; no author or source named upstream),yes,7bec8ea337afcee0,50,50,3688
SPEED_LIMIT_30/65286.jpg,maximum_speed_limit_30_km_h,SPEED_LIMIT_30,train,huggingface_kannanwisen_indian_traffic_sign_classification,CC-BY-4.0 (declared; no author or source named upstream),yes,f3cd8ea3378bcf6b,50,50,2992
SPEED_LIMIT_30/65287.jpg,maximum_speed_limit_30_km_h,SPEED_LIMIT_30,train,huggingface_kannanwisen_indian_traffic_sign_classification,CC-BY-4.0 (declared; no author or source named upstream),yes,66070f17b3074f36,50,50,2214
SPEED_LIMIT_30/65289.jpg,maximum_speed_limit_30_km_h,SPEED_LIMIT_30,train,huggingface_kannanwisen_indian_traffic_sign_classification,CC-BY-4.0 (declared; no author or source named upstream),yes,71cc8eb3b78ece70,50,50,3046
SPEED_LIMIT_30/65290.jpg,maximum_speed_limit_30_km_h,SPEED_LIMIT_30,train,huggingface_kannanwisen_indian_traffic_sign_classification,CC-BY-4.0 (declared; no author or source named upstream),yes,062d4e9bb3134e25,50,50,3340
SPEED_LIMIT_30/65291.jpg,maximum_speed_limit_30_km_h,SPEED_LIMIT_30,train,huggingface_kannanwisen_indian_traffic_sign_classification,CC-BY-4.0 (declared; no author or source named upstream),yes,b36d8eabbbab4e31,50,50,2608
SPEED_LIMIT_30/65293.jpg,maximum_speed_limit_30_km_h,SPEED_LIMIT_30,train,huggingface_kannanwisen_indian_traffic_sign_classification,CC-BY-4.0 (declared; no author or source named upstream),yes,07870715130f0787,50,50,2270
SPEED_LIMIT_30/65294.jpg,maximum_speed_limit_30_km_h,SPEED_LIMIT_30,train,huggingface_kannanwisen_indian_traffic_sign_classification,CC-BY-4.0 (declared; no author or source named upstream),yes,060f0717130f0f13,50,50,2322
SPEED_LIMIT_30/65295.jpg,maximum_speed_limit_30_km_h,SPEED_LIMIT_30,train,huggingface_kannanwisen_indian_traffic_sign_classification,CC-BY-4.0 (declared; no author or source named upstream),yes,71ecc6b3b58b8eb0,50,50,2460
SPEED_LIMIT_30/65297.jpg,maximum_speed_limit_30_km_h,SPEED_LIMIT_30,train,huggingface_kannanwisen_indian_traffic_sign_classification,CC-BY-4.0 (declared; no author or source named upstream),yes,3c3c468793934e64,50,50,3038
SPEED_LIMIT_30/65298.jpg,maximum_speed_limit_30_km_h,SPEED_LIMIT_30,train,huggingface_kannanwisen_indian_traffic_sign_classification,CC-BY-4.0 (declared; no author or source named upstream),yes,73ce8e27378e4c71,50,50,2796
SPEED_LIMIT_30/65301.jpg,maximum_speed_limit_30_km_h,SPEED_LIMIT_30,train,huggingface_kannanwisen_indian_traffic_sign_classification,CC-BY-4.0 (declared; no author or source named upstream),yes,0f0f0e2337274f37,50,50,4116
SPEED_LIMIT_30/65302.jpg,maximum_speed_limit_30_km_h,SPEED_LIMIT_30,train,huggingface_kannanwisen_indian_traffic_sign_classification,CC-BY-4.0 (declared; no author or source named upstream),yes,714e0f21b1afcf6b,50,50,2830
SPEED_LIMIT_30/65303.jpg,maximum_speed_limit_30_km_h,SPEED_LIMIT_30,train,huggingface_kannanwisen_indian_traffic_sign_classification,CC-BY-4.0 (declared; no author or source named upstream),yes,e5cc8eabb7af4e78,50,50,3138
SPEED_LIMIT_30/65305.jpg,maximum_speed_limit_30_km_h,SPEED_LIMIT_30,train,huggingface_kannanwisen_indian_traffic_sign_classification,CC-BY-4.0 (declared; no author or source named upstream),yes,9b4d4fb393074639,50,50,2268
SPEED_LIMIT_30/65306.jpg,maximum_speed_limit_30_km_h,SPEED_LIMIT_30,train,huggingface_kannanwisen_indian_traffic_sign_classification,CC-BY-4.0 (declared; no author or source named upstream),yes,ce0f0f3333274f83,50,50,2540
SPEED_LIMIT_30/65307.jpg,maximum_speed_limit_30_km_h,SPEED_LIMIT_30,train,huggingface_kannanwisen_indian_traffic_sign_classification,CC-BY-4.0 (declared; no author or source named upstream),yes,330c0e23332f0cb0,50,50,2660
SPEED_LIMIT_30/65309.jpg,maximum_speed_limit_30_km_h,SPEED_LIMIT_30,train,huggingface_kannanwisen_indian_traffic_sign_classification,CC-BY-4.0 (declared; no author or source named upstream),yes,9f050e23332a0f17,50,50,4140
SPEED_LIMIT_30/65311.jpg,maximum_speed_limit_30_km_h,SPEED_LIMIT_30,train,huggingface_kannanwisen_indian_traffic_sign_classification,CC-BY-4.0 (declared; no author or source named upstream),yes,8f0f0e37370e0f3b,50,50,3496
SPEED_LIMIT_30/65313.jpg,maximum_speed_limit_30_km_h,SPEED_LIMIT_30,train,huggingface_kannanwisen_indian_traffic_sign_classification,CC-BY-4.0 (declared; no author or source named upstream),yes,8f070f1713070f83,50,50,2666
SPEED_LIMIT_30/65314.jpg,maximum_speed_limit_30_km_h,SPEED_LIMIT_30,train,huggingface_kannanwisen_indian_traffic_sign_classification,CC-BY-4.0 (declared; no author or source named upstream),yes,ce0f0f2f333f0d0f,50,50,2776
SPEED_LIMIT_30/65315.jpg,maximum_speed_limit_30_km_h,SPEED_LIMIT_30,train,huggingface_kannanwisen_indian_traffic_sign_classification,CC-BY-4.0 (declared; no author or source named upstream),yes,72cc8eabb7adcecd,50,50,3260
SPEED_LIMIT_30/65317.jpg,maximum_speed_limit_30_km_h,SPEED_LIMIT_30,train,huggingface_kannanwisen_indian_traffic_sign_classification,CC-BY-4.0 (declared; no author or source named upstream),yes,71c4ae2535a9ce78,50,50,3254
SPEED_LIMIT_40/66002.jpg,maximum_speed_limit_40_km_h,SPEED_LIMIT_40,train,huggingface_kannanwisen_indian_traffic_sign_classification,CC-BY-4.0 (declared; no author or source named upstream),yes,f269d9b6754931d5,50,50,2876
SPEED_LIMIT_40/66003.jpg,maximum_speed_limit_40_km_h,SPEED_LIMIT_40,train,huggingface_kannanwisen_indian_traffic_sign_classification,CC-BY-4.0 (declared; no author or source named upstream),yes,de3369f6642931c5,50,50,2854
SPEED_LIMIT_40/66006.jpg,maximum_speed_limit_40_km_h,SPEED_LIMIT_40,train,huggingface_kannanwisen_indian_traffic_sign_classification,CC-BY-4.0 (declared; no author or source named upstream),yes,be73dba4ea5967cf,50,50,2894
SPEED_LIMIT_40/66007.jpg,maximum_speed_limit_40_km_h,SPEED_LIMIT_40,train,huggingface_kannanwisen_indian_traffic_sign_classification,CC-BY-4.0 (declared; no author or source named upstream),yes,ff71c9f6742931e5,50,50,2944
SPEED_LIMIT_40/66009.jpg,maximum_speed_limit_40_km_h,SPEED_LIMIT_40,train,huggingface_kannanwisen_indian_traffic_sign_classification,CC-BY-4.0 (declared; no author or source named upstream),yes,96ce8ea2a38e8e9e,50,50,2916
SPEED_LIMIT_40/66010.jpg,maximum_speed_limit_40_km_h,SPEED_LIMIT_40,train,huggingface_kannanwisen_indian_traffic_sign_classification,CC-BY-4.0 (declared; no author or source named upstream),yes,12304cd3556c3112,50,50,2710
SPEED_LIMIT_40/66011.jpg,maximum_speed_limit_40_km_h,SPEED_LIMIT_40,train,huggingface_kannanwisen_indian_traffic_sign_classification,CC-BY-4.0 (declared; no author or source named upstream),yes,9271ccaaaacc6132,50,50,2662
SPEED_LIMIT_40/66013.jpg,maximum_speed_limit_40_km_h,SPEED_LIMIT_40,train,huggingface_kannanwisen_indian_traffic_sign_classification,CC-BY-4.0 (declared; no author or source named upstream),yes,d0614cf2e2cce993,50,50,3034
SPEED_LIMIT_40/66014.jpg,maximum_speed_limit_40_km_h,SPEED_LIMIT_40,train,huggingface_kannanwisen_indian_traffic_sign_classification,CC-BY-4.0 (declared; no author or source named upstream),yes,304c8eaaaacc6913,50,50,2948
SPEED_LIMIT_40/66017.jpg,maximum_speed_limit_40_km_h,SPEED_LIMIT_40,train,huggingface_kannanwisen_indian_traffic_sign_classification,CC-BY-4.0 (declared; no author or source named upstream),yes,314c9ea7b39e4d33,50,50,2584
SPEED_LIMIT_40/66018.jpg,maximum_speed_limit_40_km_h,SPEED_LIMIT_40,train,huggingface_kannanwisen_indian_traffic_sign_classification,CC-BY-4.0 (declared; no author or source named upstream),yes,b360ceaaa2ce6c33,50,50,2744
SPEED_LIMIT_40/66019.jpg,maximum_speed_limit_40_km_h,SPEED_LIMIT_40,train,huggingface_kannanwisen_indian_traffic_sign_classification,CC-BY-4.0 (declared; no author or source named upstream),yes,3269ccaba4cc6136,50,50,2598
SPEED_LIMIT_40/66021.jpg,maximum_speed_limit_40_km_h,SPEED_LIMIT_40,train,huggingface_kannanwisen_indian_traffic_sign_classification,CC-BY-4.0 (declared; no author or source named upstream),yes,b16cceb2b2cc69b3,50,50,2988
SPEED_LIMIT_40/66022.jpg,maximum_speed_limit_40_km_h,SPEED_LIMIT_40,train,huggingface_kannanwisen_indian_traffic_sign_classification,CC-BY-4.0 (declared; no author or source named upstream),yes,0e31cc8ae2cc6112,50,50,2608
SPEED_LIMIT_40/66023.jpg,maximum_speed_limit_40_km_h,SPEED_LIMIT_40,train,huggingface_kannanwisen_indian_traffic_sign_classification,CC-BY-4.0 (declared; no author or source named upstream),yes,1271ccaae2cc6133,50,50,2574
SPEED_LIMIT_40/66025.jpg,maximum_speed_limit_40_km_h,SPEED_LIMIT_40,train,huggingface_kannanwisen_indian_traffic_sign_classification,CC-BY-4.0 (declared; no author or source named upstream),yes,3269cda7e54c71c5,50,50,3256
SPEED_LIMIT_40/66027.jpg,maximum_speed_limit_40_km_h,SPEED_LIMIT_40,train,huggingface_kannanwisen_indian_traffic_sign_classification,CC-BY-4.0 (declared; no author or source named upstream),yes,9e71c9b6e54d31c5,50,50,3472
SPEED_LIMIT_40/66029.jpg,maximum_speed_limit_40_km_h,SPEED_LIMIT_40,train,huggingface_kannanwisen_indian_traffic_sign_classification,CC-BY-4.0 (declared; no author or source named upstream),yes,5bb06cd2d24c3112,50,50,2982
SPEED_LIMIT_40/66031.jpg,maximum_speed_limit_40_km_h,SPEED_LIMIT_40,train,huggingface_kannanwisen_indian_traffic_sign_classification,CC-BY-4.0 (declared; no author or source named upstream),yes,13694c32724c6933,50,50,3442
SPEED_LIMIT_40/66033.jpg,maximum_speed_limit_40_km_h,SPEED_LIMIT_40,train,huggingface_kannanwisen_indian_traffic_sign_classification,CC-BY-4.0 (declared; no author or source named upstream),yes,9261cda929cc69b2,50,50,2888
SPEED_LIMIT_40/66034.jpg,maximum_speed_limit_40_km_h,SPEED_LIMIT_40,train,huggingface_kannanwisen_indian_traffic_sign_classification,CC-BY-4.0 (declared; no author or source named upstream),yes,04f14d39294d7197,50,50,3088
SPEED_LIMIT_40/66035.jpg,maximum_speed_limit_40_km_h,SPEED_LIMIT_40,train,huggingface_kannanwisen_indian_traffic_sign_classification,CC-BY-4.0 (declared; no author or source named upstream),yes,06f1ccb9284c6192,50,50,2990
SPEED_LIMIT_40/66037.jpg,maximum_speed_limit_40_km_h,SPEED_LIMIT_40,train,huggingface_kannanwisen_indian_traffic_sign_classification,CC-BY-4.0 (declared; no author or source named upstream),yes,53794c28684c7113,50,50,3420
SPEED_LIMIT_40/66038.jpg,maximum_speed_limit_40_km_h,SPEED_LIMIT_40,train,huggingface_kannanwisen_indian_traffic_sign_classification,CC-BY-4.0 (declared; no author or source named upstream),yes,13714ca8284c6933,50,50,3394
SPEED_LIMIT_40/66039.jpg,maximum_speed_limit_40_km_h,SPEED_LIMIT_40,train,huggingface_kannanwisen_indian_traffic_sign_classification,CC-BY-4.0 (declared; no author or source named upstream),yes,92714c32b24d7155,50,50,3752
SPEED_LIMIT_40/66041.jpg,maximum_speed_limit_40_km_h,SPEED_LIMIT_40,train,huggingface_kannanwisen_indian_traffic_sign_classification,CC-BY-4.0 (declared; no author or source named upstream),yes,b269ccabe7cc69f3,50,50,2852
SPEED_LIMIT_40/66042.jpg,maximum_speed_limit_40_km_h,SPEED_LIMIT_40,train,huggingface_kannanwisen_indian_traffic_sign_classification,CC-BY-4.0 (declared; no author or source named upstream),yes,33694d71714d7131,50,50,3596
SPEED_LIMIT_40/66043.jpg,maximum_speed_limit_40_km_h,SPEED_LIMIT_40,train,huggingface_kannanwisen_indian_traffic_sign_classification,CC-BY-4.0 (declared; no author or source named upstream),yes,5f395d50714d7931,50,50,3420
SPEED_LIMIT_40/66045.jpg,maximum_speed_limit_40_km_h,SPEED_LIMIT_40,train,huggingface_kannanwisen_indian_traffic_sign_classification,CC-BY-4.0 (declared; no author or source named upstream),yes,93658eb3a38e4d33,50,50,2568
SPEED_LIMIT_40/66047.jpg,maximum_speed_limit_40_km_h,SPEED_LIMIT_40,train,huggingface_kannanwisen_indian_traffic_sign_classification,CC-BY-4.0 (declared; no author or source named upstream),yes,714d8a272b9e4d33,50,50,2648
SPEED_LIMIT_40/66049.jpg,maximum_speed_limit_40_km_h,SPEED_LIMIT_40,train,huggingface_kannanwisen_indian_traffic_sign_classification,CC-BY-4.0 (declared; no author or source named upstream),yes,1270cceac64c71f1,50,50,2730
SPEED_LIMIT_40/66050.jpg,maximum_speed_limit_40_km_h,SPEED_LIMIT_40,train,huggingface_kannanwisen_indian_traffic_sign_classification,CC-BY-4.0 (declared; no author or source named upstream),yes,b3e9cca2a2dcecb3,50,50,2760
SPEED_LIMIT_40/66051.jpg,maximum_speed_limit_40_km_h,SPEED_LIMIT_40,train,huggingface_kannanwisen_indian_traffic_sign_classification,CC-BY-4.0 (declared; no author or source named upstream),yes,b3e9ccb2a2daecb1,50,50,2552
SPEED_LIMIT_40/66053.jpg,maximum_speed_limit_40_km_h,SPEED_LIMIT_40,train,huggingface_kannanwisen_indian_traffic_sign_classification,CC-BY-4.0 (declared; no author or source named upstream),yes,314ccea2e2cc6833,50,50,2794
SPEED_LIMIT_40/66054.jpg,maximum_speed_limit_40_km_h,SPEED_LIMIT_40,train,huggingface_kannanwisen_indian_traffic_sign_classification,CC-BY-4.0 (declared; no author or source named upstream),yes,9271ccaaa2cc6932,50,50,2668
SPEED_LIMIT_40/66055.jpg,maximum_speed_limit_40_km_h,SPEED_LIMIT_40,train,huggingface_kannanwisen_indian_traffic_sign_classification,CC-BY-4.0 (declared; no author or source named upstream),yes,f96cc4a2e24428b3,50,50,2574
SPEED_LIMIT_40/66057.jpg,maximum_speed_limit_40_km_h,SPEED_LIMIT_40,train,huggingface_kannanwisen_indian_traffic_sign_classification,CC-BY-4.0 (declared; no author or source named upstream),yes,316ccca2e2cc68b3,50,50,2358
SPEED_LIMIT_40/66065.jpg,maximum_speed_limit_40_km_h,SPEED_LIMIT_40,train,huggingface_kannanwisen_indian_traffic_sign_classification,CC-BY-4.0 (declared; no author or source named upstream),yes,31ecaca3e24c70b3,50,50,2406
SPEED_LIMIT_40/66067.jpg,maximum_speed_limit_40_km_h,SPEED_LIMIT_40,train,huggingface_kannanwisen_indian_traffic_sign_classification,CC-BY-4.0 (declared; no author or source named upstream),yes,3369ccabe3cc6c31,50,50,2552
SPEED_LIMIT_40/66070.jpg,maximum_speed_limit_40_km_h,SPEED_LIMIT_40,train,huggingface_kannanwisen_indian_traffic_sign_classification,CC-BY-4.0 (declared; no author or source named upstream),yes,b269cc96d64c2993,50,50,2954
SPEED_LIMIT_40/66071.jpg,maximum_speed_limit_40_km_h,SPEED_LIMIT_40,train,huggingface_kannanwisen_indian_traffic_sign_classification,CC-BY-4.0 (declared; no author or source named upstream),yes,b269ccb4d44c3197,50,50,2814
SPEED_LIMIT_40/66074.jpg,maximum_speed_limit_40_km_h,SPEED_LIMIT_40,train,huggingface_kannanwisen_indian_traffic_sign_classification,CC-BY-4.0 (declared; no author or source named upstream),yes,d4cfce9696cecd80,50,50,2936
SPEED_LIMIT_40/66075.jpg,maximum_speed_limit_40_km_h,SPEED_LIMIT_40,train,huggingface_kannanwisen_indian_traffic_sign_classification,CC-BY-4.0 (declared; no author or source named upstream),yes,a48f8fbbab8f8e88,50,50,3012
SPEED_LIMIT_40/66078.jpg,maximum_speed_limit_40_km_h,SPEED_LIMIT_40,train,huggingface_kannanwisen_indian_traffic_sign_classification,CC-BY-4.0 (declared; no author or source named upstream),yes,a88e9fb3a38e8ef0,50,50,3214
SPEED_LIMIT_40/66079.jpg,maximum_speed_limit_40_km_h,SPEED_LIMIT_40,train,huggingface_kannanwisen_indian_traffic_sign_classification,CC-BY-4.0 (declared; no author or source named upstream),yes,8e8f9fb1ab8f8f80,50,50,3198
SPEED_LIMIT_40/66081.jpg,maximum_speed_limit_40_km_h,SPEED_LIMIT_40,train,huggingface_kannanwisen_indian_traffic_sign_classification,CC-BY-4.0 (declared; no author or source named upstream),yes,9361cce2cc6c31cc,50,50,2572
SPEED_LIMIT_40/66082.jpg,maximum_speed_limit_40_km_h,SPEED_LIMIT_40,train,huggingface_kannanwisen_indian_traffic_sign_classification,CC-BY-4.0 (declared; no author or source named upstream),yes,b269ccd6d64c3197,50,50,2764
SPEED_LIMIT_40/66083.jpg,maximum_speed_limit_40_km_h,SPEED_LIMIT_40,train,huggingface_kannanwisen_indian_traffic_sign_classification,CC-BY-4.0 (declared; no author or source named upstream),yes,b36cdcb2d24c3993,50,50,2820
SPEED_LIMIT_40/66085.jpg,maximum_speed_limit_40_km_h,SPEED_LIMIT_40,train,huggingface_kannanwisen_indian_traffic_sign_classification,CC-BY-4.0 (declared; no author or source named upstream),yes,55614d27235d6933,50,50,3566
SPEED_LIMIT_40/66086.jpg,maximum_speed_limit_40_km_h,SPEED_LIMIT_40,train,huggingface_kannanwisen_indian_traffic_sign_classification,CC-BY-4.0 (declared; no author or source named upstream),yes,71694d37134d6931,50,50,3718
SPEED_LIMIT_40/66087.jpg,maximum_speed_limit_40_km_h,SPEED_LIMIT_40,train,huggingface_kannanwisen_indian_traffic_sign_classification,CC-BY-4.0 (declared; no author or source named upstream),yes,93794ce5c44c3196,50,50,2710
SPEED_LIMIT_40/66089.jpg,maximum_speed_limit_40_km_h,SPEED_LIMIT_40,train,huggingface_kannanwisen_indian_traffic_sign_classification,CC-BY-4.0 (declared; no author or source named upstream),yes,3964ceaae2cc6832,50,50,2544
SPEED_LIMIT_40/66091.jpg,maximum_speed_limit_40_km_h,SPEED_LIMIT_40,train,huggingface_kannanwisen_indian_traffic_sign_classification,CC-BY-4.0 (declared; no author or source named upstream),yes,9671e9d3f1ed79b3,50,50,2928
SPEED_LIMIT_40/66093.jpg,maximum_speed_limit_40_km_h,SPEED_LIMIT_40,train,huggingface_kannanwisen_indian_traffic_sign_classification,CC-BY-4.0 (declared; no author or source named upstream),yes,316cdeb2b2dc6c33,50,50,2686
SPEED_LIMIT_40/66094.jpg,maximum_speed_limit_40_km_h,SPEED_LIMIT_40,train,huggingface_kannanwisen_indian_traffic_sign_classification,CC-BY-4.0 (declared; no author or source named upstream),yes,3269d4b6d44c7186,50,50,2556
SPEED_LIMIT_40/66095.jpg,maximum_speed_limit_40_km_h,SPEED_LIMIT_40,train,huggingface_kannanwisen_indian_traffic_sign_classification,CC-BY-4.0 (declared; no author or source named upstream),yes,9269ccb2f64c6112,50,50,2404
SPEED_LIMIT_40/66097.jpg,maximum_speed_limit_40_km_h,SPEED_LIMIT_40,train,huggingface_kannanwisen_indian_traffic_sign_classification,CC-BY-4.0 (declared; no author or source named upstream),yes,9671e9d3f1cd79b3,50,50,2964
SPEED_LIMIT_40/66098.jpg,maximum_speed_limit_40_km_h,SPEED_LIMIT_40,train,huggingface_kannanwisen_indian_traffic_sign_classification,CC-BY-4.0 (declared; no author or source named upstream),yes,dcccccd2f2ccc8d6,50,50,3586
SPEED_LIMIT_40/66099.jpg,maximum_speed_limit_40_km_h,SPEED_LIMIT_40,train,huggingface_kannanwisen_indian_traffic_sign_classification,CC-BY-4.0 (declared; no author or source named upstream),yes,b379edd3f16c79bb,50,50,2974
SPEED_LIMIT_40/66101.jpg,maximum_speed_limit_40_km_h,SPEED_LIMIT_40,train,huggingface_kannanwisen_indian_traffic_sign_classification,CC-BY-4.0 (declared; no author or source named upstream),yes,b36c9eaa2b8ec8f1,50,50,3330
SPEED_LIMIT_40/66102.jpg,maximum_speed_limit_40_km_h,SPEED_LIMIT_40,train,huggingface_kannanwisen_indian_traffic_sign_classification,CC-BY-4.0 (declared; no author or source named upstream),yes,8eb1e9d6a4c8d9c4,50,50,3392
SPEED_LIMIT_40/66103.jpg,maximum_speed_limit_40_km_h,SPEED_LIMIT_40,train,huggingface_kannanwisen_indian_traffic_sign_classification,CC-BY-4.0 (declared; no author or source named upstream),yes,f8b96d75ed6bfbeb,50,50,3238
SPEED_LIMIT_40/66105.jpg,maximum_speed_limit_40_km_h,SPEED_LIMIT_40,train,huggingface_kannanwisen_indian_traffic_sign_classification,CC-BY-4.0 (declared; no author or source named upstream),yes,b6a84df3e34e7171,50,50,3082
SPEED_LIMIT_40/66106.jpg,maximum_speed_limit_40_km_h,SPEED_LIMIT_40,train,huggingface_kannanwisen_indian_traffic_sign_classification,CC-BY-4.0 (declared; no author or source named upstream),yes,7772ccb9e1cfed31,50,50,3660
SPEED_LIMIT_40/66107.jpg,maximum_speed_limit_40_km_h,SPEED_LIMIT_40,train,huggingface_kannanwisen_indian_traffic_sign_classification,CC-BY-4.0 (declared; no author or source named upstream),yes,2d67ccb6a2cf7b67,50,50,3230
SPEED_LIMIT_40/66109.jpg,maximum_speed_limit_40_km_h,SPEED_LIMIT_40,train,huggingface_kannanwisen_indian_traffic_sign_classification,CC-BY-4.0 (declared; no author or source named upstream),yes,f9fdce9b974f686b,50,50,3464
SPEED_LIMIT_40/66110.jpg,maximum_speed_limit_40_km_h,SPEED_LIMIT_40,train,huggingface_kannanwisen_indian_traffic_sign_classification,CC-BY-4.0 (declared; no author or source named upstream),yes,cc060fa3a30f2253,50,50,3630
SPEED_LIMIT_40/66111.jpg,maximum_speed_limit_40_km_h,SPEED_LIMIT_40,train,huggingface_kannanwisen_indian_traffic_sign_classification,CC-BY-4.0 (declared; no author or source named upstream),yes,4c0e0e2b260f0f66,50,50,3862
SPEED_LIMIT_40/66113.jpg,maximum_speed_limit_40_km_h,SPEED_LIMIT_40,train,huggingface_kannanwisen_indian_traffic_sign_classification,CC-BY-4.0 (declared; no author or source named upstream),yes,6b0d1d32361ccce9,50,50,3254
SPEED_LIMIT_40/66114.jpg,maximum_speed_limit_40_km_h,SPEED_LIMIT_40,train,huggingface_kannanwisen_indian_traffic_sign_classification,CC-BY-4.0 (declared; no author or source named upstream),yes,0e860f92968fcbd1,50,50,3906
SPEED_LIMIT_40/66115.jpg,maximum_speed_limit_40_km_h,SPEED_LIMIT_40,train,huggingface_kannanwisen_indian_traffic_sign_classification,CC-BY-4.0 (declared; no author or source named upstream),yes,0c0e0f96968ec2d1,50,50,3900
SPEED_LIMIT_40/66117.jpg,maximum_speed_limit_40_km_h,SPEED_LIMIT_40,train,huggingface_kannanwisen_indian_traffic_sign_classification,CC-BY-4.0 (declared; no author or source named upstream),yes,cdc6ddf135086366,50,50,3724
SPEED_LIMIT_40/66118.jpg,maximum_speed_limit_40_km_h,SPEED_LIMIT_40,train,huggingface_kannanwisen_indian_traffic_sign_classification,CC-BY-4.0 (declared; no author or source named upstream),yes,4c060fa3230f0d23,50,50,3718
SPEED_LIMIT_40/66119.jpg,maximum_speed_limit_40_km_h,SPEED_LIMIT_40,train,huggingface_kannanwisen_indian_traffic_sign_classification,CC-BY-4.0 (declared; no author or source named upstream),yes,1c0e1f272e0e4793,50,50,3548
SPEED_LIMIT_40/66122.jpg,maximum_speed_limit_40_km_h,SPEED_LIMIT_40,train,huggingface_kannanwisen_indian_traffic_sign_classification,CC-BY-4.0 (declared; no author or source named upstream),yes,460e0e26270e8e9e,50,50,3344
SPEED_LIMIT_40/66123.jpg,maximum_speed_limit_40_km_h,SPEED_LIMIT_40,train,huggingface_kannanwisen_indian_traffic_sign_classification,CC-BY-4.0 (declared; no author or source named upstream),yes,460f0e32230f8e9e,50,50,3284
SPEED_LIMIT_40/66125.jpg,maximum_speed_limit_40_km_h,SPEED_LIMIT_40,train,huggingface_kannanwisen_indian_traffic_sign_classification,CC-BY-4.0 (declared; no author or source named upstream),yes,620e0e36230e8e97,50,50,3150
SPEED_LIMIT_40/66126.jpg,maximum_speed_limit_40_km_h,SPEED_LIMIT_40,train,huggingface_kannanwisen_indian_traffic_sign_classification,CC-BY-4.0 (declared; no author or source named upstream),yes,4d8f0f2b230f0f06,50,50,2898
SPEED_LIMIT_40/66127.jpg,maximum_speed_limit_40_km_h,SPEED_LIMIT_40,train,huggingface_kannanwisen_indian_traffic_sign_classification,CC-BY-4.0 (declared; no author or source named upstream),yes,498f8f13238f0f06,50,50,2706
SPEED_LIMIT_40/66129.jpg,maximum_speed_limit_40_km_h,SPEED_LIMIT_40,train,huggingface_kannanwisen_indian_traffic_sign_classification,CC-BY-4.0 (declared; no author or source named upstream),yes,6b4e8f93968eed73,50,50,3064
SPEED_LIMIT_40/66202.jpg,maximum_speed_limit_40_km_h,SPEED_LIMIT_40,train,huggingface_kannanwisen_indian_traffic_sign_classification,CC-BY-4.0 (declared; no author or source named upstream),yes,33658ea3a3ce6133,50,50,2568
SPEED_LIMIT_40/66213.jpg,maximum_speed_limit_40_km_h,SPEED_LIMIT_40,train,huggingface_kannanwisen_indian_traffic_sign_classification,CC-BY-4.0 (declared; no author or source named upstream),yes,534d8ea3a38e4db3,50,50,2814
SPEED_LIMIT_40/66214.jpg,maximum_speed_limit_40_km_h,SPEED_LIMIT_40,train,huggingface_kannanwisen_indian_traffic_sign_classification,CC-BY-4.0 (declared; no author or source named upstream),yes,33694c3a2a4c6832,50,50,3120
SPEED_LIMIT_40/66215.jpg,maximum_speed_limit_40_km_h,SPEED_LIMIT_40,train,huggingface_kannanwisen_indian_traffic_sign_classification,CC-BY-4.0 (declared; no author or source named upstream),yes,32684d2a2b4d6933,50,50,3244
SPEED_LIMIT_40/66221.jpg,maximum_speed_limit_40_km_h,SPEED_LIMIT_40,train,huggingface_kannanwisen_indian_traffic_sign_classification,CC-BY-4.0 (declared; no author or source named upstream),yes,e89e2d6a6d8ef071,50,50,3960
SPEED_LIMIT_5/62001.jpg,,SPEED_LIMIT_5,train,huggingface_kannanwisen_indian_traffic_sign_classification,CC-BY-4.0 (declared; no author or source named upstream),no,8f1b3333ab93cd4b,50,50,2850
SPEED_LIMIT_5/62005.jpg,,SPEED_LIMIT_5,train,huggingface_kannanwisen_indian_traffic_sign_classification,CC-BY-4.0 (declared; no author or source named upstream),no,df9fb3b3abb2d4e9,50,50,2918
SPEED_LIMIT_5/62007.jpg,,SPEED_LIMIT_5,train,huggingface_kannanwisen_indian_traffic_sign_classification,CC-BY-4.0 (declared; no author or source named upstream),no,cfcff393bbd2edef,50,50,2998
SPEED_LIMIT_5/62009.jpg,,SPEED_LIMIT_5,train,huggingface_kannanwisen_indian_traffic_sign_classification,CC-BY-4.0 (declared; no author or source named upstream),no,630e17121a120e4a,50,50,3776
SPEED_LIMIT_5/62010.jpg,,SPEED_LIMIT_5,train,huggingface_kannanwisen_indian_traffic_sign_classification,CC-BY-4.0 (declared; no author or source named upstream),no,240e17323a554c4a,50,50,3252
SPEED_LIMIT_5/62011.jpg,,SPEED_LIMIT_5,train,huggingface_kannanwisen_indian_traffic_sign_classification,CC-BY-4.0 (declared; no author or source named upstream),no,631e163632360eca,50,50,3794
SPEED_LIMIT_5/62013.jpg,,SPEED_LIMIT_5,train,huggingface_kannanwisen_indian_traffic_sign_classification,CC-BY-4.0 (declared; no author or source named upstream),no,710f1e121a120e8a,50,50,3830
SPEED_LIMIT_5/62014.jpg,,SPEED_LIMIT_5,train,huggingface_kannanwisen_indian_traffic_sign_classification,CC-BY-4.0 (declared; no author or source named upstream),no,b34f8f96964e0c8e,50,50,2868
SPEED_LIMIT_5/62015.jpg,,SPEED_LIMIT_5,train,huggingface_kannanwisen_indian_traffic_sign_classification,CC-BY-4.0 (declared; no author or source named upstream),no,730e16121a164e0e,50,50,3836
SPEED_LIMIT_5/62017.jpg,,SPEED_LIMIT_5,train,huggingface_kannanwisen_indian_traffic_sign_classification,CC-BY-4.0 (declared; no author or source named upstream),no,b68e96131b178ece,50,50,3534
SPEED_LIMIT_5/62018.jpg,,SPEED_LIMIT_5,train,huggingface_kannanwisen_indian_traffic_sign_classification,CC-BY-4.0 (declared; no author or source named upstream),no,99895776169ece9e,50,50,3202
SPEED_LIMIT_5/62019.jpg,,SPEED_LIMIT_5,train,huggingface_kannanwisen_indian_traffic_sign_classification,CC-BY-4.0 (declared; no author or source named upstream),no,948e96939b168ece,50,50,3654
SPEED_LIMIT_5/62021.jpg,,SPEED_LIMIT_5,train,huggingface_kannanwisen_indian_traffic_sign_classification,CC-BY-4.0 (declared; no author or source named upstream),no,d0ce96929296c863,50,50,3256
SPEED_LIMIT_5/62022.jpg,,SPEED_LIMIT_5,train,huggingface_kannanwisen_indian_traffic_sign_classification,CC-BY-4.0 (declared; no author or source named upstream),no,d0e04c97978dca72,50,50,3098
SPEED_LIMIT_5/62025.jpg,,SPEED_LIMIT_5,train,huggingface_kannanwisen_indian_traffic_sign_classification,CC-BY-4.0 (declared; no author or source named upstream),no,6169d4b2bad06970,50,50,2910
SPEED_LIMIT_5/62026.jpg,,SPEED_LIMIT_5,train,huggingface_kannanwisen_indian_traffic_sign_classification,CC-BY-4.0 (declared; no author or source named upstream),no,616dd2b3bbda6471,50,50,3062
SPEED_LIMIT_5/62029.jpg,,SPEED_LIMIT_5,train,huggingface_kannanwisen_indian_traffic_sign_classification,CC-BY-4.0 (declared; no author or source named upstream),no,f0ce9696968ce272,50,50,3148
SPEED_LIMIT_5/62031.jpg,,SPEED_LIMIT_5,train,huggingface_kannanwisen_indian_traffic_sign_classification,CC-BY-4.0 (declared; no author or source named upstream),no,920a17331b1346ca,50,50,3814
SPEED_LIMIT_5/62033.jpg,,SPEED_LIMIT_5,train,huggingface_kannanwisen_indian_traffic_sign_classification,CC-BY-4.0 (declared; no author or source named upstream),no,337954125a522c4f,50,50,3610
SPEED_LIMIT_5/62035.jpg,,SPEED_LIMIT_5,train,huggingface_kannanwisen_indian_traffic_sign_classification,CC-BY-4.0 (declared; no author or source named upstream),no,315856125a522ec7,50,50,3590
SPEED_LIMIT_5/62037.jpg,,SPEED_LIMIT_5,train,huggingface_kannanwisen_indian_traffic_sign_classification,CC-BY-4.0 (declared; no author or source named upstream),no,e18e96b29a964c70,50,50,3486
SPEED_LIMIT_5/62039.jpg,,SPEED_LIMIT_5,train,huggingface_kannanwisen_indian_traffic_sign_classification,CC-BY-4.0 (declared; no author or source named upstream),no,9a8e17b3b396cce1,50,50,3620
SPEED_LIMIT_5/62041.jpg,,SPEED_LIMIT_5,train,huggingface_kannanwisen_indian_traffic_sign_classification,CC-BY-4.0 (declared; no author or source named upstream),no,2a22ca9695d56d39,50,50,3506
SPEED_LIMIT_5/62042.jpg,,SPEED_LIMIT_5,train,huggingface_kannanwisen_indian_traffic_sign_classification,CC-BY-4.0 (declared; no author or source named upstream),no,3b4cf2b2baf0e9b2,50,50,3112
SPEED_LIMIT_5/62043.jpg,,SPEED_LIMIT_5,train,huggingface_kannanwisen_indian_traffic_sign_classification,CC-BY-4.0 (declared; no author or source named upstream),no,b34cd2b2babaf4b3,50,50,3372
SPEED_LIMIT_5/62045.jpg,,SPEED_LIMIT_5,train,huggingface_kannanwisen_indian_traffic_sign_classification,CC-BY-4.0 (declared; no author or source named upstream),no,dffbf6f2faf4d1d4,50,50,3120
SPEED_LIMIT_5/62071.jpg,,SPEED_LIMIT_5,train,huggingface_kannanwisen_indian_traffic_sign_classification,CC-BY-4.0 (declared; no author or source named upstream),no,6169d4b29a546970,50,50,2880
SPEED_LIMIT_5/62085.jpg,,SPEED_LIMIT_5,train,huggingface_kannanwisen_indian_traffic_sign_classification,CC-BY-4.0 (declared; no author or source named upstream),no,4c431114104152d0,50,50,3406
SPEED_LIMIT_5/62086.jpg,,SPEED_LIMIT_5,train,huggingface_kannanwisen_indian_traffic_sign_classification,CC-BY-4.0 (declared; no author or source named upstream),no,d1f1f1f59419bace,50,50,3494
SPEED_LIMIT_5/62090.jpg,,SPEED_LIMIT_5,train,huggingface_kannanwisen_indian_traffic_sign_classification,CC-BY-4.0 (declared; no author or source named upstream),no,737955d5d56d795d,50,50,3432
SPEED_LIMIT_5/62093.jpg,,SPEED_LIMIT_5,train,huggingface_kannanwisen_indian_traffic_sign_classification,CC-BY-4.0 (declared; no author or source named upstream),no,6f4b0d1717174d4d,50,50,3514
SPEED_LIMIT_5/62095.jpg,,SPEED_LIMIT_5,train,huggingface_kannanwisen_indian_traffic_sign_classification,CC-BY-4.0 (declared; no author or source named upstream),no,334dcd97970f4c4c,50,50,3492
SPEED_LIMIT_5/62097.jpg,,SPEED_LIMIT_5,train,huggingface_kannanwisen_indian_traffic_sign_classification,CC-BY-4.0 (declared; no author or source named upstream),no,933375525b753153,50,50,3016
SPEED_LIMIT_5/62099.jpg,,SPEED_LIMIT_5,train,huggingface_kannanwisen_indian_traffic_sign_classification,CC-BY-4.0 (declared; no author or source named upstream),no,b73373d652723232,50,50,2974
SPEED_LIMIT_5/62101.jpg,,SPEED_LIMIT_5,train,huggingface_kannanwisen_indian_traffic_sign_classification,CC-BY-4.0 (declared; no author or source named upstream),no,322ad6d6d4ec3db9,50,50,3492
SPEED_LIMIT_50/67002.jpg,,SPEED_LIMIT_50,train,huggingface_kannanwisen_indian_traffic_sign_classification,CC-BY-4.0 (declared; no author or source named upstream),no,f0cc8f2b338e4c70,50,50,3042
SPEED_LIMIT_50/67005.jpg,,SPEED_LIMIT_50,train,huggingface_kannanwisen_indian_traffic_sign_classification,CC-BY-4.0 (declared; no author or source named upstream),no,534dce2b37ae0c31,50,50,2574
SPEED_LIMIT_50/67006.jpg,,SPEED_LIMIT_50,train,huggingface_kannanwisen_indian_traffic_sign_classification,CC-BY-4.0 (declared; no author or source named upstream),no,534d8fab33ae0c31,50,50,2368
SPEED_LIMIT_50/67007.jpg,,SPEED_LIMIT_50,train,huggingface_kannanwisen_indian_traffic_sign_classification,CC-BY-4.0 (declared; no author or source named upstream),no,0e0f0f2a320e0d0f,50,50,3620
SPEED_LIMIT_50/67010.jpg,,SPEED_LIMIT_50,train,huggingface_kannanwisen_indian_traffic_sign_classification,CC-BY-4.0 (declared; no author or source named upstream),no,00c10caab20c0961,50,50,3530
SPEED_LIMIT_50/67011.jpg,,SPEED_LIMIT_50,train,huggingface_kannanwisen_indian_traffic_sign_classification,CC-BY-4.0 (declared; no author or source named upstream),no,80c00cbb9a860d75,50,50,3542
SPEED_LIMIT_50/67013.jpg,,SPEED_LIMIT_50,train,huggingface_kannanwisen_indian_traffic_sign_classification,CC-BY-4.0 (declared; no author or source named upstream),no,376bccebb30e3c34,50,50,3288
SPEED_LIMIT_50/67015.jpg,,SPEED_LIMIT_50,train,huggingface_kannanwisen_indian_traffic_sign_classification,CC-BY-4.0 (declared; no author or source named upstream),no,74ecccaab2ceccf4,50,50,3236
SPEED_LIMIT_50/67017.jpg,,SPEED_LIMIT_50,train,huggingface_kannanwisen_indian_traffic_sign_classification,CC-BY-4.0 (declared; no author or source named upstream),no,13010f2bb08f4d79,50,50,3616
SPEED_LIMIT_50/67019.jpg,,SPEED_LIMIT_50,train,huggingface_kannanwisen_indian_traffic_sign_classification,CC-BY-4.0 (declared; no author or source named upstream),no,92120f2bb28f4b39,50,50,3552
SPEED_LIMIT_50/67021.jpg,,SPEED_LIMIT_50,train,huggingface_kannanwisen_indian_traffic_sign_classification,CC-BY-4.0 (declared; no author or source named upstream),no,b3f04ca898c6edd9,50,50,3290
SPEED_LIMIT_50/67022.jpg,,SPEED_LIMIT_50,train,huggingface_kannanwisen_indian_traffic_sign_classification,CC-BY-4.0 (declared; no author or source named upstream),no,80800eabb00e0969,50,50,3624
SPEED_LIMIT_50/67023.jpg,,SPEED_LIMIT_50,train,huggingface_kannanwisen_indian_traffic_sign_classification,CC-BY-4.0 (declared; no author or source named upstream),no,f3f1ccf2126e6878,50,50,3246
SPEED_LIMIT_50/67025.jpg,,SPEED_LIMIT_50,train,huggingface_kannanwisen_indian_traffic_sign_classification,CC-BY-4.0 (declared; no author or source named upstream),no,b46cceaa92c6ecea,50,50,3248
SPEED_LIMIT_50/67026.jpg,,SPEED_LIMIT_50,train,huggingface_kannanwisen_indian_traffic_sign_classification,CC-BY-4.0 (declared; no author or source named upstream),no,367148f494c8fa7c,50,50,3146
SPEED_LIMIT_50/67027.jpg,,SPEED_LIMIT_50,train,huggingface_kannanwisen_indian_traffic_sign_classification,CC-BY-4.0 (declared; no author or source named upstream),no,b6f149a8b0cc7af8,50,50,3140
SPEED_LIMIT_50/67029.jpg,,SPEED_LIMIT_50,train,huggingface_kannanwisen_indian_traffic_sign_classification,CC-BY-4.0 (declared; no author or source named upstream),no,b3e88c2ab08ecdb9,50,50,3310
SPEED_LIMIT_50/67030.jpg,,SPEED_LIMIT_50,train,huggingface_kannanwisen_indian_traffic_sign_classification,CC-BY-4.0 (declared; no author or source named upstream),no,3b794de2f26d7536,50,50,3662
SPEED_LIMIT_50/67031.jpg,,SPEED_LIMIT_50,train,huggingface_kannanwisen_indian_traffic_sign_classification,CC-BY-4.0 (declared; no author or source named upstream),no,8c8c8f9b938e849b,50,50,3790
SPEED_LIMIT_50/67033.jpg,,SPEED_LIMIT_50,train,huggingface_kannanwisen_indian_traffic_sign_classification,CC-BY-4.0 (declared; no author or source named upstream),no,24a0cde8b0ccf8bc,50,50,3018
SPEED_LIMIT_50/67035.jpg,,SPEED_LIMIT_50,train,huggingface_kannanwisen_indian_traffic_sign_classification,CC-BY-4.0 (declared; no author or source named upstream),no,33914c78d04d595c,50,50,3510
SPEED_LIMIT_50/67037.jpg,,SPEED_LIMIT_50,train,huggingface_kannanwisen_indian_traffic_sign_classification,CC-BY-4.0 (declared; no author or source named upstream),no,cb8f9fa6378f1c64,50,50,3072
SPEED_LIMIT_50/67039.jpg,,SPEED_LIMIT_50,train,huggingface_kannanwisen_indian_traffic_sign_classification,CC-BY-4.0 (declared; no author or source named upstream),no,33396e62d2ecf4b6,50,50,3620
SPEED_LIMIT_50/67042.jpg,,SPEED_LIMIT_50,train,huggingface_kannanwisen_indian_traffic_sign_classification,CC-BY-4.0 (declared; no author or source named upstream),no,0c1d0f2b338e0c13,50,50,3872
SPEED_LIMIT_50/67043.jpg,,SPEED_LIMIT_50,train,huggingface_kannanwisen_indian_traffic_sign_classification,CC-BY-4.0 (declared; no author or source named upstream),no,b769ccaab28d7afc,50,50,2808
SPEED_LIMIT_50/67045.jpg,,SPEED_LIMIT_50,train,huggingface_kannanwisen_indian_traffic_sign_classification,CC-BY-4.0 (declared; no author or source named upstream),no,37314c9a9a4d68dc,50,50,2778
SPEED_LIMIT_50/67046.jpg,,SPEED_LIMIT_50,train,huggingface_kannanwisen_indian_traffic_sign_classification,CC-BY-4.0 (declared; no author or source named upstream),no,3fcf0f27370f4f0d,50,50,3286
SPEED_LIMIT_50/67047.jpg,,SPEED_LIMIT_50,train,huggingface_kannanwisen_indian_traffic_sign_classification,CC-BY-4.0 (declared; no author or source named upstream),no,1fcf0f37130f4b29,50,50,3272
SPEED_LIMIT_50/67049.jpg,,SPEED_LIMIT_50,train,huggingface_kannanwisen_indian_traffic_sign_classification,CC-BY-4.0 (declared; no author or source named upstream),no,1e968fa3330e4d92,50,50,3520
SPEED_LIMIT_50/67082.jpg,,SPEED_LIMIT_50,train,huggingface_kannanwisen_indian_traffic_sign_classification,CC-BY-4.0 (declared; no author or source named upstream),no,f1b88cb6dc2cae4d,50,50,3560
SPEED_LIMIT_50/67083.jpg,,SPEED_LIMIT_50,train,huggingface_kannanwisen_indian_traffic_sign_classification,CC-BY-4.0 (declared; no author or source named upstream),no,b88d0babb28e8d12,50,50,3870
SPEED_LIMIT_50/67085.jpg,,SPEED_LIMIT_50,train,huggingface_kannanwisen_indian_traffic_sign_classification,CC-BY-4.0 (declared; no author or source named upstream),no,6d4b8eabb38fcf92,50,50,2846
SPEED_LIMIT_50/67087.jpg,,SPEED_LIMIT_50,train,huggingface_kannanwisen_indian_traffic_sign_classification,CC-BY-4.0 (declared; no author or source named upstream),no,6b4f8fabb38ecf96,50,50,2566
SPEED_LIMIT_50/67106.jpg,,SPEED_LIMIT_50,train,huggingface_kannanwisen_indian_traffic_sign_classification,CC-BY-4.0 (declared; no author or source named upstream),no,8f0f0f2b372e0f0b,50,50,3784
SPEED_LIMIT_50/67107.jpg,,SPEED_LIMIT_50,train,huggingface_kannanwisen_indian_traffic_sign_classification,CC-BY-4.0 (declared; no author or source named upstream),no,8f0f0e2b372e0f0b,50,50,3938
SPEED_LIMIT_50/67110.jpg,,SPEED_LIMIT_50,train,huggingface_kannanwisen_indian_traffic_sign_classification,CC-BY-4.0 (declared; no author or source named upstream),no,cc0f0f2b33070f87,50,50,2586
SPEED_LIMIT_50/67114.jpg,,SPEED_LIMIT_50,train,huggingface_kannanwisen_indian_traffic_sign_classification,CC-BY-4.0 (declared; no author or source named upstream),no,53cd8eab33aacc63,50,50,3160
SPEED_LIMIT_50/67118.jpg,,SPEED_LIMIT_50,train,huggingface_kannanwisen_indian_traffic_sign_classification,CC-BY-4.0 (declared; no author or source named upstream),no,960f2f2b370f0f1e,50,50,2928
SPEED_LIMIT_50/67122.jpg,,SPEED_LIMIT_50,train,huggingface_kannanwisen_indian_traffic_sign_classification,CC-BY-4.0 (declared; no author or source named upstream),no,9f0f0f2b330f0f07,50,50,3246
SPEED_LIMIT_50/67123.jpg,,SPEED_LIMIT_50,train,huggingface_kannanwisen_indian_traffic_sign_classification,CC-BY-4.0 (declared; no author or source named upstream),no,8f0f072b370f0f87,50,50,3106
SPEED_LIMIT_50/67125.jpg,,SPEED_LIMIT_50,train,huggingface_kannanwisen_indian_traffic_sign_classification,CC-BY-4.0 (declared; no author or source named upstream),no,800c0e2b372a0cb4,50,50,3128
SPEED_LIMIT_50/67126.jpg,,SPEED_LIMIT_50,train,huggingface_kannanwisen_indian_traffic_sign_classification,CC-BY-4.0 (declared; no author or source named upstream),no,3a0f2f2b372f0f1b,50,50,3350
SPEED_LIMIT_50/67127.jpg,,SPEED_LIMIT_50,train,huggingface_kannanwisen_indian_traffic_sign_classification,CC-BY-4.0 (declared; no author or source named upstream),no,3a0faf2b372f0f1b,50,50,3382
SPEED_LIMIT_50/67130.jpg,,SPEED_LIMIT_50,train,huggingface_kannanwisen_indian_traffic_sign_classification,CC-BY-4.0 (declared; no author or source named upstream),no,8e0f0f2b330f0f0e,50,50,2652
SPEED_LIMIT_50/67134.jpg,,SPEED_LIMIT_50,train,huggingface_kannanwisen_indian_traffic_sign_classification,CC-BY-4.0 (declared; no author or source named upstream),no,1b2747231b170613,50,50,2774
SPEED_LIMIT_50/67138.jpg,,SPEED_LIMIT_50,train,huggingface_kannanwisen_indian_traffic_sign_classification,CC-BY-4.0 (declared; no author or source named upstream),no,c80c0e2b372e0e29,50,50,3374
SPEED_LIMIT_50/67142.jpg,,SPEED_LIMIT_50,train,huggingface_kannanwisen_indian_traffic_sign_classification,CC-BY-4.0 (declared; no author or source named upstream),no,34f7ceaa37aeccf0,50,50,3012
SPEED_LIMIT_50/67146.jpg,,SPEED_LIMIT_50,train,huggingface_kannanwisen_indian_traffic_sign_classification,CC-BY-4.0 (declared; no author or source named upstream),no,b16dce2b338e4d13,50,50,2494
SPEED_LIMIT_50/67150.jpg,,SPEED_LIMIT_50,train,huggingface_kannanwisen_indian_traffic_sign_classification,CC-BY-4.0 (declared; no author or source named upstream),no,814c8e2b338e4d39,50,50,2902
SPEED_LIMIT_50/67154.jpg,,SPEED_LIMIT_50,train,huggingface_kannanwisen_indian_traffic_sign_classification,CC-BY-4.0 (declared; no author or source named upstream),no,870f072b37060f0f,50,50,3028
SPEED_LIMIT_50/67158.jpg,,SPEED_LIMIT_50,train,huggingface_kannanwisen_indian_traffic_sign_classification,CC-BY-4.0 (declared; no author or source named upstream),no,0e0f0f2b370f0f9e,50,50,3204
SPEED_LIMIT_50/67162.jpg,,SPEED_LIMIT_50,train,huggingface_kannanwisen_indian_traffic_sign_classification,CC-BY-4.0 (declared; no author or source named upstream),no,71cc8eaab2aeccf0,50,50,3098
SPEED_LIMIT_50/67166.jpg,,SPEED_LIMIT_50,train,huggingface_kannanwisen_indian_traffic_sign_classification,CC-BY-4.0 (declared; no author or source named upstream),no,334d0e2b330e0d23,50,50,2820
SPEED_LIMIT_50/67170.jpg,,SPEED_LIMIT_50,train,huggingface_kannanwisen_indian_traffic_sign_classification,CC-BY-4.0 (declared; no author or source named upstream),no,f9cc8e2b338eccf4,50,50,3048
SPEED_LIMIT_50/67174.jpg,,SPEED_LIMIT_50,train,huggingface_kannanwisen_indian_traffic_sign_classification,CC-BY-4.0 (declared; no author or source named upstream),no,1f4d8e2b338ecd13,50,50,3014
SPEED_LIMIT_50/67178.jpg,,SPEED_LIMIT_50,train,huggingface_kannanwisen_indian_traffic_sign_classification,CC-BY-4.0 (declared; no author or source named upstream),no,8f0f062f332f0f0b,50,50,2646
SPEED_LIMIT_50/67186.jpg,,SPEED_LIMIT_50,train,huggingface_kannanwisen_indian_traffic_sign_classification,CC-BY-4.0 (declared; no author or source named upstream),no,234f8e2b3327473e,50,50,2674
SPEED_LIMIT_50/67190.jpg,,SPEED_LIMIT_50,train,huggingface_kannanwisen_indian_traffic_sign_classification,CC-BY-4.0 (declared; no author or source named upstream),no,724f8e2b338e4d8a,50,50,2598
SPEED_LIMIT_50/67194.jpg,,SPEED_LIMIT_50,train,huggingface_kannanwisen_indian_traffic_sign_classification,CC-BY-4.0 (declared; no author or source named upstream),no,1f0f0f23330f0f0f,50,50,2998
SPEED_LIMIT_50/67198.jpg,,SPEED_LIMIT_50,train,huggingface_kannanwisen_indian_traffic_sign_classification,CC-BY-4.0 (declared; no author or source named upstream),no,71cc8eab37aacef9,50,50,2970
SPEED_LIMIT_50/67202.jpg,,SPEED_LIMIT_50,train,huggingface_kannanwisen_indian_traffic_sign_classification,CC-BY-4.0 (declared; no author or source named upstream),no,0f0f0e2b332e0f0f,50,50,3738
SPEED_LIMIT_50/67206.jpg,,SPEED_LIMIT_50,train,huggingface_kannanwisen_indian_traffic_sign_classification,CC-BY-4.0 (declared; no author or source named upstream),no,2b4c8e2b33ae4e38,50,50,3460
SPEED_LIMIT_50/67210.jpg,,SPEED_LIMIT_50,train,huggingface_kannanwisen_indian_traffic_sign_classification,CC-BY-4.0 (declared; no author or source named upstream),no,370f2f2b372e0f0f,50,50,3112
SPEED_LIMIT_50/67214.jpg,,SPEED_LIMIT_50,train,huggingface_kannanwisen_indian_traffic_sign_classification,CC-BY-4.0 (declared; no author or source named upstream),no,be0f8f2b332f4f6f,50,50,2910
SPEED_LIMIT_50/67218.jpg,,SPEED_LIMIT_50,train,huggingface_kannanwisen_indian_traffic_sign_classification,CC-BY-4.0 (declared; no author or source named upstream),no,970d0e2a32060d06,50,50,3526
SPEED_LIMIT_50/67222.jpg,,SPEED_LIMIT_50,train,huggingface_kannanwisen_indian_traffic_sign_classification,CC-BY-4.0 (declared; no author or source named upstream),no,190d0e2a330a4c30,50,50,3374
SPEED_LIMIT_50/67226.jpg,,SPEED_LIMIT_50,train,huggingface_kannanwisen_indian_traffic_sign_classification,CC-BY-4.0 (declared; no author or source named upstream),no,3b4f8f2b378e0c32,50,50,2580
SPEED_LIMIT_50/67230.jpg,,SPEED_LIMIT_50,train,huggingface_kannanwisen_indian_traffic_sign_classification,CC-BY-4.0 (declared; no author or source named upstream),no,930d0e2b332f0f93,50,50,2906
SPEED_LIMIT_50/67234.jpg,,SPEED_LIMIT_50,train,huggingface_kannanwisen_indian_traffic_sign_classification,CC-BY-4.0 (declared; no author or source named upstream),no,834c8e2b332e4c71,50,50,3164
SPEED_LIMIT_50/67238.jpg,,SPEED_LIMIT_50,train,huggingface_kannanwisen_indian_traffic_sign_classification,CC-BY-4.0 (declared; no author or source named upstream),no,f0cc8a2233aecc70,50,50,3126
SPEED_LIMIT_50/67242.jpg,,SPEED_LIMIT_50,train,huggingface_kannanwisen_indian_traffic_sign_classification,CC-BY-4.0 (declared; no author or source named upstream),no,070f0f2b330f0f07,50,50,2738
SPEED_LIMIT_50/67246.jpg,,SPEED_LIMIT_50,train,huggingface_kannanwisen_indian_traffic_sign_classification,CC-BY-4.0 (declared; no author or source named upstream),no,71cf8fabb7afcfe9,50,50,3476
SPEED_LIMIT_50/67265.jpg,,SPEED_LIMIT_50,train,huggingface_kannanwisen_indian_traffic_sign_classification,CC-BY-4.0 (declared; no author or source named upstream),no,2b4d0e2b33af4f33,50,50,3686
SPEED_LIMIT_60/68001.jpg,,SPEED_LIMIT_60,train,huggingface_kannanwisen_indian_traffic_sign_classification,CC-BY-4.0 (declared; no author or source named upstream),no,1e0f0f2b270f0f0f,50,50,2476
SPEED_LIMIT_60/68005.jpg,,SPEED_LIMIT_60,train,huggingface_kannanwisen_indian_traffic_sign_classification,CC-BY-4.0 (declared; no author or source named upstream),no,73cd8e2b37aecc70,50,50,2756
SPEED_LIMIT_60/68010.jpg,,SPEED_LIMIT_60,train,huggingface_kannanwisen_indian_traffic_sign_classification,CC-BY-4.0 (declared; no author or source named upstream),no,71e8ceaab7caec70,50,50,3128
SPEED_LIMIT_60/68014.jpg,,SPEED_LIMIT_60,train,huggingface_kannanwisen_indian_traffic_sign_classification,CC-BY-4.0 (declared; no author or source named upstream),no,0f0f0f2b230f0f0b,50,50,3060
SPEED_LIMIT_60/68018.jpg,,SPEED_LIMIT_60,train,huggingface_kannanwisen_indian_traffic_sign_classification,CC-BY-4.0 (declared; no author or source named upstream),no,2b4d8e2b378accf1,50,50,2538
SPEED_LIMIT_60/68021.jpg,,SPEED_LIMIT_60,train,huggingface_kannanwisen_indian_traffic_sign_classification,CC-BY-4.0 (declared; no author or source named upstream),no,4f8e0f2b2b0f8e8e,50,50,3288
SPEED_LIMIT_60/68022.jpg,,SPEED_LIMIT_60,train,huggingface_kannanwisen_indian_traffic_sign_classification,CC-BY-4.0 (declared; no author or source named upstream),no,5c4cdeb2b24ced98,50,50,3278
SPEED_LIMIT_60/68023.jpg,,SPEED_LIMIT_60,train,huggingface_kannanwisen_indian_traffic_sign_classification,CC-BY-4.0 (declared; no author or source named upstream),no,5c7c4e9ab24cec18,50,50,3464
SPEED_LIMIT_60/68025.jpg,,SPEED_LIMIT_60,train,huggingface_kannanwisen_indian_traffic_sign_classification,CC-BY-4.0 (declared; no author or source named upstream),no,b84c9eb2b28e4c98,50,50,3256
SPEED_LIMIT_60/68026.jpg,,SPEED_LIMIT_60,train,huggingface_kannanwisen_indian_traffic_sign_classification,CC-BY-4.0 (declared; no author or source named upstream),no,986ccebab28e4c98,50,50,3196
SPEED_LIMIT_60/68031.jpg,,SPEED_LIMIT_60,train,huggingface_kannanwisen_indian_traffic_sign_classification,CC-BY-4.0 (declared; no author or source named upstream),no,4c8f0f2b238f8e06,50,50,3316
SPEED_LIMIT_60/68033.jpg,,SPEED_LIMIT_60,train,huggingface_kannanwisen_indian_traffic_sign_classification,CC-BY-4.0 (declared; no author or source named upstream),no,6dcf8f2ba38f0e96,50,50,3192
SPEED_LIMIT_60/68034.jpg,,SPEED_LIMIT_60,train,huggingface_kannanwisen_indian_traffic_sign_classification,CC-BY-4.0 (declared; no author or source named upstream),no,8f8f8faba3cfcfed,50,50,3448
SPEED_LIMIT_60/68035.jpg,,SPEED_LIMIT_60,train,huggingface_kannanwisen_indian_traffic_sign_classification,CC-BY-4.0 (declared; no author or source named upstream),no,8f8f0faba3cecde9,50,50,3488
SPEED_LIMIT_60/68037.jpg,,SPEED_LIMIT_60,train,huggingface_kannanwisen_indian_traffic_sign_classification,CC-BY-4.0 (declared; no author or source named upstream),no,3f6fcfabe3cf6f6b,50,50,3386
SPEED_LIMIT_60/68038.jpg,,SPEED_LIMIT_60,train,huggingface_kannanwisen_indian_traffic_sign_classification,CC-BY-4.0 (declared; no author or source named upstream),no,eeef8bebebcfefed,50,50,3324
SPEED_LIMIT_60/68039.jpg,,SPEED_LIMIT_60,train,huggingface_kannanwisen_indian_traffic_sign_classification,CC-BY-4.0 (declared; no author or source named upstream),no,9aab4fabaa0e4d93,50,50,3912
SPEED_LIMIT_60/68041.jpg,,SPEED_LIMIT_60,train,huggingface_kannanwisen_indian_traffic_sign_classification,CC-BY-4.0 (declared; no author or source named upstream),no,eb66caabab8eccdb,50,50,3852
SPEED_LIMIT_60/68042.jpg,,SPEED_LIMIT_60,train,huggingface_kannanwisen_indian_traffic_sign_classification,CC-BY-4.0 (declared; no author or source named upstream),no,736f8eabab8fcd33,50,50,3256
SPEED_LIMIT_60/68070.jpg,,SPEED_LIMIT_60,train,huggingface_kannanwisen_indian_traffic_sign_classification,CC-BY-4.0 (declared; no author or source named upstream),no,734d8e2b2fae8fb3,50,50,2552
SPEED_LIMIT_60/68074.jpg,,SPEED_LIMIT_60,train,huggingface_kannanwisen_indian_traffic_sign_classification,CC-BY-4.0 (declared; no author or source named upstream),no,868e8f2b230f0d86,50,50,2760
SPEED_LIMIT_60/68078.jpg,,SPEED_LIMIT_60,train,huggingface_kannanwisen_indian_traffic_sign_classification,CC-BY-4.0 (declared; no author or source named upstream),no,78068a2b238e4e30,50,50,2710
SPEED_LIMIT_60/68081.jpg,,SPEED_LIMIT_60,train,huggingface_kannanwisen_indian_traffic_sign_classification,CC-BY-4.0 (declared; no author or source named upstream),no,71cd8e2b37eace18,50,50,2592
SPEED_LIMIT_60/68085.jpg,,SPEED_LIMIT_60,train,huggingface_kannanwisen_indian_traffic_sign_classification,CC-BY-4.0 (declared; no author or source named upstream),no,f0cc8a2b37aa8c68,50,50,3214
SPEED_LIMIT_60/68090.jpg,,SPEED_LIMIT_60,train,huggingface_kannanwisen_indian_traffic_sign_classification,CC-BY-4.0 (declared; no author or source named upstream),no,3369ccaaa68c4c71,50,50,2648
SPEED_LIMIT_60/68093.jpg,,SPEED_LIMIT_60,train,huggingface_kannanwisen_indian_traffic_sign_classification,CC-BY-4.0 (declared; no author or source named upstream),no,73c98caae28cc973,50,50,3106
SPEED_LIMIT_60/68094.jpg,,SPEED_LIMIT_60,train,huggingface_kannanwisen_indian_traffic_sign_classification,CC-BY-4.0 (declared; no author or source named upstream),no,f1cc9ab696cce8b3,50,50,2778
SPEED_LIMIT_60/68095.jpg,,SPEED_LIMIT_60,train,huggingface_kannanwisen_indian_traffic_sign_classification,CC-BY-4.0 (declared; no author or source named upstream),no,f271ceb296cce9f5,50,50,2886
SPEED_LIMIT_60/68097.jpg,,SPEED_LIMIT_60,train,huggingface_kannanwisen_indian_traffic_sign_classification,CC-BY-4.0 (declared; no author or source named upstream),no,f1e9ccb296dce9b1,50,50,2784
SPEED_LIMIT_60/68099.jpg,,SPEED_LIMIT_60,train,huggingface_kannanwisen_indian_traffic_sign_classification,CC-BY-4.0 (declared; no author or source named upstream),no,316cccaaa64c6032,50,50,2448
SPEED_LIMIT_60/68101.jpg,,SPEED_LIMIT_60,train,huggingface_kannanwisen_indian_traffic_sign_classification,CC-BY-4.0 (declared; no author or source named upstream),no,314c8aa6ea8cc973,50,50,2666
SPEED_LIMIT_60/68103.jpg,,SPEED_LIMIT_60,train,huggingface_kannanwisen_indian_traffic_sign_classification,CC-BY-4.0 (declared; no author or source named upstream),no,f2c8acaaa2cce8b2,50,50,2426
SPEED_LIMIT_60/68105.jpg,,SPEED_LIMIT_60,train,huggingface_kannanwisen_indian_traffic_sign_classification,CC-BY-4.0 (declared; no author or source named upstream),no,33cc8aa2b28e4c31,50,50,2744
SPEED_LIMIT_60/68107.jpg,,SPEED_LIMIT_60,train,huggingface_kannanwisen_indian_traffic_sign_classification,CC-BY-4.0 (declared; no author or source named upstream),no,3269ccaaa2aacd71,50,50,3122
SPEED_LIMIT_60/68109.jpg,,SPEED_LIMIT_60,train,huggingface_kannanwisen_indian_traffic_sign_classification,CC-BY-4.0 (declared; no author or source named upstream),no,b16cc8aab2c8c8f0,50,50,3058
SPEED_LIMIT_60/68110.jpg,,SPEED_LIMIT_60,train,huggingface_kannanwisen_indian_traffic_sign_classification,CC-BY-4.0 (declared; no author or source named upstream),no,b1ede9bbf1edb1a1,50,50,2702
SPEED_LIMIT_60/68111.jpg,,SPEED_LIMIT_60,train,huggingface_kannanwisen_indian_traffic_sign_classification,CC-BY-4.0 (declared; no author or source named upstream),no,3369dda8a0cc6933,50,50,2998
SPEED_LIMIT_60/68113.jpg,,SPEED_LIMIT_60,train,huggingface_kannanwisen_indian_traffic_sign_classification,CC-BY-4.0 (declared; no author or source named upstream),no,314c8aa8aa8ecd73,50,50,3360
SPEED_LIMIT_60/68114.jpg,,SPEED_LIMIT_60,train,huggingface_kannanwisen_indian_traffic_sign_classification,CC-BY-4.0 (declared; no author or source named upstream),no,316d8ea8e88e4c71,50,50,3428
SPEED_LIMIT_60/68115.jpg,,SPEED_LIMIT_60,train,huggingface_kannanwisen_indian_traffic_sign_classification,CC-BY-4.0 (declared; no author or source named upstream),no,714d8ea8e88c4d71,50,50,3428
SPEED_LIMIT_60/68117.jpg,,SPEED_LIMIT_60,train,huggingface_kannanwisen_indian_traffic_sign_classification,CC-BY-4.0 (declared; no author or source named upstream),no,f44c9e26168e4cd4,50,50,2288
SPEED_LIMIT_60/68118.jpg,,SPEED_LIMIT_60,train,huggingface_kannanwisen_indian_traffic_sign_classification,CC-BY-4.0 (declared; no author or source named upstream),no,220c1e23330e4cb4,50,50,2210
SPEED_LIMIT_60/68121.jpg,,SPEED_LIMIT_60,train,huggingface_kannanwisen_indian_traffic_sign_classification,CC-BY-4.0 (declared; no author or source named upstream),no,3f678e2b372f0f33,50,50,2976
SPEED_LIMIT_60/68122.jpg,,SPEED_LIMIT_60,train,huggingface_kannanwisen_indian_traffic_sign_classification,CC-BY-4.0 (declared; no author or source named upstream),no,0a4d0e2b230e4d32,50,50,2444
SPEED_LIMIT_60/68126.jpg,,SPEED_LIMIT_60,train,huggingface_kannanwisen_indian_traffic_sign_classification,CC-BY-4.0 (declared; no author or source named upstream),no,4f0f8f2b2b0f8e8f,50,50,3582
SPEED_LIMIT_60/68130.jpg,,SPEED_LIMIT_60,train,huggingface_kannanwisen_indian_traffic_sign_classification,CC-BY-4.0 (declared; no author or source named upstream),no,b1e1c9aba3a9e9e1,50,50,2722
SPEED_LIMIT_60/68131.jpg,,SPEED_LIMIT_60,train,huggingface_kannanwisen_indian_traffic_sign_classification,CC-BY-4.0 (declared; no author or source named upstream),no,b1ccaaa9a1a8ecf1,50,50,2370
SPEED_LIMIT_60/68134.jpg,,SPEED_LIMIT_60,train,huggingface_kannanwisen_indian_traffic_sign_classification,CC-BY-4.0 (declared; no author or source named upstream),no,b1e9e8abb3e8e9f1,50,50,2422
SPEED_LIMIT_60/68135.jpg,,SPEED_LIMIT_60,train,huggingface_kannanwisen_indian_traffic_sign_classification,CC-BY-4.0 (declared; no author or source named upstream),no,71ccaa6b62aacdf1,50,50,2522
SPEED_LIMIT_60/68137.jpg,,SPEED_LIMIT_60,train,huggingface_kannanwisen_indian_traffic_sign_classification,CC-BY-4.0 (declared; no author or source named upstream),no,b1ede8aba3e9e9f1,50,50,2306
SPEED_LIMIT_60/68138.jpg,,SPEED_LIMIT_60,train,huggingface_kannanwisen_indian_traffic_sign_classification,CC-BY-4.0 (declared; no author or source named upstream),no,f1cdababa3e9f9e1,50,50,2450
SPEED_LIMIT_60/68142.jpg,,SPEED_LIMIT_60,train,huggingface_kannanwisen_indian_traffic_sign_classification,CC-BY-4.0 (declared; no author or source named upstream),no,b8a84c12164de8d8,50,50,3188
SPEED_LIMIT_60/68146.jpg,,SPEED_LIMIT_60,train,huggingface_kannanwisen_indian_traffic_sign_classification,CC-BY-4.0 (declared; no author or source named upstream),no,9a499cb2b2cc49f9,50,50,3234
SPEED_LIMIT_60/68154.jpg,,SPEED_LIMIT_60,train,huggingface_kannanwisen_indian_traffic_sign_classification,CC-BY-4.0 (declared; no author or source named upstream),no,9ae84c92920ce9f9,50,50,3328
SPEED_LIMIT_60/68179.jpg,,SPEED_LIMIT_60,train,huggingface_kannanwisen_indian_traffic_sign_classification,CC-BY-4.0 (declared; no author or source named upstream),no,1b4c4ea30c4c5a58,50,50,4000
SPEED_LIMIT_60/68190.jpg,,SPEED_LIMIT_60,train,huggingface_kannanwisen_indian_traffic_sign_classification,CC-BY-4.0 (declared; no author or source named upstream),no,d6cccf2b238fcfcf,50,50,3308
SPEED_LIMIT_60/68191.jpg,,SPEED_LIMIT_60,train,huggingface_kannanwisen_indian_traffic_sign_classification,CC-BY-4.0 (declared; no author or source named upstream),no,baacccaba3cea89a,50,50,3982
SPEED_LIMIT_60/68193.jpg,,SPEED_LIMIT_60,train,huggingface_kannanwisen_indian_traffic_sign_classification,CC-BY-4.0 (declared; no author or source named upstream),no,0a4e0b2b2b0f8e93,50,50,3636
SPEED_LIMIT_60/68194.jpg,,SPEED_LIMIT_60,train,huggingface_kannanwisen_indian_traffic_sign_classification,CC-BY-4.0 (declared; no author or source named upstream),no,9e868b2b2b2e0f83,50,50,3822
SPEED_LIMIT_60/68195.jpg,,SPEED_LIMIT_60,train,huggingface_kannanwisen_indian_traffic_sign_classification,CC-BY-4.0 (declared; no author or source named upstream),no,6f070f2b2b0f0f8e,50,50,3538
SPEED_LIMIT_60/68197.jpg,,SPEED_LIMIT_60,train,huggingface_kannanwisen_indian_traffic_sign_classification,CC-BY-4.0 (declared; no author or source named upstream),no,eb474f2b234f4f36,50,50,3792
SPEED_LIMIT_60/68198.jpg,,SPEED_LIMIT_60,train,huggingface_kannanwisen_indian_traffic_sign_classification,CC-BY-4.0 (declared; no author or source named upstream),no,c7670f2b230f6f3f,50,50,3738
SPEED_LIMIT_60/68199.jpg,,SPEED_LIMIT_60,train,huggingface_kannanwisen_indian_traffic_sign_classification,CC-BY-4.0 (declared; no author or source named upstream),no,e7474f2b234f4f3f,50,50,3824
SPEED_LIMIT_60/68201.jpg,,SPEED_LIMIT_60,train,huggingface_kannanwisen_indian_traffic_sign_classification,CC-BY-4.0 (declared; no author or source named upstream),no,564ccfab238fcecf,50,50,3222
SPEED_LIMIT_60/68202.jpg,,SPEED_LIMIT_60,train,huggingface_kannanwisen_indian_traffic_sign_classification,CC-BY-4.0 (declared; no author or source named upstream),no,52cecf2b238fcfce,50,50,3434
SPEED_LIMIT_60/68203.jpg,,SPEED_LIMIT_60,train,huggingface_kannanwisen_indian_traffic_sign_classification,CC-BY-4.0 (declared; no author or source named upstream),no,cf8f1f2f270e1c4e,50,50,3828
SPEED_LIMIT_60/68205.jpg,,SPEED_LIMIT_60,train,huggingface_kannanwisen_indian_traffic_sign_classification,CC-BY-4.0 (declared; no author or source named upstream),no,eecf9fbbb29c3a13,50,50,3626
SPEED_LIMIT_60/68206.jpg,,SPEED_LIMIT_60,train,huggingface_kannanwisen_indian_traffic_sign_classification,CC-BY-4.0 (declared; no author or source named upstream),no,eecf9fbbba9c781b,50,50,3692
SPEED_LIMIT_60/68207.jpg,,SPEED_LIMIT_60,train,huggingface_kannanwisen_indian_traffic_sign_classification,CC-BY-4.0 (declared; no author or source named upstream),no,14704c28a04c6830,50,50,2768
SPEED_LIMIT_60/68209.jpg,,SPEED_LIMIT_60,train,huggingface_kannanwisen_indian_traffic_sign_classification,CC-BY-4.0 (declared; no author or source named upstream),no,f1e9cdbbb9cdf1e5,50,50,3078
SPEED_LIMIT_60/68211.jpg,,SPEED_LIMIT_60,train,huggingface_kannanwisen_indian_traffic_sign_classification,CC-BY-4.0 (declared; no author or source named upstream),no,334d8eaba38e4cb1,50,50,2422
SPEED_LIMIT_60/68213.jpg,,SPEED_LIMIT_60,train,huggingface_kannanwisen_indian_traffic_sign_classification,CC-BY-4.0 (declared; no author or source named upstream),no,b2e8cca694c8e8b2,50,50,2670
SPEED_LIMIT_60/68214.jpg,,SPEED_LIMIT_60,train,huggingface_kannanwisen_indian_traffic_sign_classification,CC-BY-4.0 (declared; no author or source named upstream),no,d2714cfaf2cc6833,50,50,3120
SPEED_LIMIT_60/68215.jpg,,SPEED_LIMIT_60,train,huggingface_kannanwisen_indian_traffic_sign_classification,CC-BY-4.0 (declared; no author or source named upstream),no,cf316c5c704c6c33,50,50,3066
SPEED_LIMIT_60/68217.jpg,,SPEED_LIMIT_60,train,huggingface_kannanwisen_indian_traffic_sign_classification,CC-BY-4.0 (declared; no author or source named upstream),no,b368cea8a1c66c31,50,50,2882
SPEED_LIMIT_60/68218.jpg,,SPEED_LIMIT_60,train,huggingface_kannanwisen_indian_traffic_sign_classification,CC-BY-4.0 (declared; no author or source named upstream),no,71ccaa6978aecc71,50,50,2972
SPEED_LIMIT_70/69002.jpg,,SPEED_LIMIT_70,train,huggingface_kannanwisen_indian_traffic_sign_classification,CC-BY-4.0 (declared; no author or source named upstream),no,b14cce332faaccb1,50,50,2864
SPEED_LIMIT_70/69006.jpg,,SPEED_LIMIT_70,train,huggingface_kannanwisen_indian_traffic_sign_classification,CC-BY-4.0 (declared; no author or source named upstream),no,362f0622aa0e4d27,50,50,3474
SPEED_LIMIT_70/69010.jpg,,SPEED_LIMIT_70,train,huggingface_kannanwisen_indian_traffic_sign_classification,CC-BY-4.0 (declared; no author or source named upstream),no,8a0f0f13130f0fcf,50,50,2588
SPEED_LIMIT_70/69011.jpg,,SPEED_LIMIT_70,train,huggingface_kannanwisen_indian_traffic_sign_classification,CC-BY-4.0 (declared; no author or source named upstream),no,264e0e322ad96973,50,50,3498
SPEED_LIMIT_70/69014.jpg,,SPEED_LIMIT_70,train,huggingface_kannanwisen_indian_traffic_sign_classification,CC-BY-4.0 (declared; no author or source named upstream),no,304cce333b8ecca9,50,50,2374
SPEED_LIMIT_70/69017.jpg,,SPEED_LIMIT_70,train,huggingface_kannanwisen_indian_traffic_sign_classification,CC-BY-4.0 (declared; no author or source named upstream),no,8e0f0e33332b0f2f,50,50,2808
SPEED_LIMIT_70/69025.jpg,,SPEED_LIMIT_70,train,huggingface_kannanwisen_indian_traffic_sign_classification,CC-BY-4.0 (declared; no author or source named upstream),no,b04caeb0a8cc71b2,50,50,3192
SPEED_LIMIT_70/69026.jpg,,SPEED_LIMIT_70,train,huggingface_kannanwisen_indian_traffic_sign_classification,CC-BY-4.0 (declared; no author or source named upstream),no,374f4db39a0accb4,50,50,3540
SPEED_LIMIT_70/69027.jpg,,SPEED_LIMIT_70,train,huggingface_kannanwisen_indian_traffic_sign_classification,CC-BY-4.0 (declared; no author or source named upstream),no,f3cb4fb2a84c4d52,50,50,3314
SPEED_LIMIT_70/69029.jpg,,SPEED_LIMIT_70,train,huggingface_kannanwisen_indian_traffic_sign_classification,CC-BY-4.0 (declared; no author or source named upstream),no,adcdceb79f8dc947,50,50,3284
SPEED_LIMIT_70/69030.jpg,,SPEED_LIMIT_70,train,huggingface_kannanwisen_indian_traffic_sign_classification,CC-BY-4.0 (declared; no author or source named upstream),no,50ae4eb2ba8e0c13,50,50,3480
SPEED_LIMIT_70/69031.jpg,,SPEED_LIMIT_70,train,huggingface_kannanwisen_indian_traffic_sign_classification,CC-BY-4.0 (declared; no author or source named upstream),no,40a6ce929a8c8d13,50,50,3432
SPEED_LIMIT_70/69033.jpg,,SPEED_LIMIT_70,train,huggingface_kannanwisen_indian_traffic_sign_classification,CC-BY-4.0 (declared; no author or source named upstream),no,256dccb0b8cc6d97,50,50,3354
SPEED_LIMIT_70/69034.jpg,,SPEED_LIMIT_70,train,huggingface_kannanwisen_indian_traffic_sign_classification,CC-BY-4.0 (declared; no author or source named upstream),no,2769ccb0b88c4db3,50,50,3394
SPEED_LIMIT_70/69038.jpg,,SPEED_LIMIT_70,train,huggingface_kannanwisen_indian_traffic_sign_classification,CC-BY-4.0 (declared; no author or source named upstream),no,aabaccf2bacc6832,50,50,3858
SPEED_LIMIT_70/69041.jpg,,SPEED_LIMIT_70,train,huggingface_kannanwisen_indian_traffic_sign_classification,CC-BY-4.0 (declared; no author or source named upstream),no,c18f0f332b8fcf2b,50,50,3234
SPEED_LIMIT_70/69042.jpg,,SPEED_LIMIT_70,train,huggingface_kannanwisen_indian_traffic_sign_classification,CC-BY-4.0 (declared; no author or source named upstream),no,376d4e96980d8b52,50,50,3002
SPEED_LIMIT_70/69043.jpg,,SPEED_LIMIT_70,train,huggingface_kannanwisen_indian_traffic_sign_classification,CC-BY-4.0 (declared; no author or source named upstream),no,898e0f332b0f8fcb,50,50,3444
SPEED_LIMIT_70/69045.jpg,,SPEED_LIMIT_70,train,huggingface_kannanwisen_indian_traffic_sign_classification,CC-BY-4.0 (declared; no author or source named upstream),no,664cccb0a8ce4c72,50,50,3584
SPEED_LIMIT_70/69046.jpg,,SPEED_LIMIT_70,train,huggingface_kannanwisen_indian_traffic_sign_classification,CC-BY-4.0 (declared; no author or source named upstream),no,7326ced0dc4eac5a,50,50,3252
SPEED_LIMIT_70/69047.jpg,,SPEED_LIMIT_70,train,huggingface_kannanwisen_indian_traffic_sign_classification,CC-BY-4.0 (declared; no author or source named upstream),no,810f0f332b8fcf2b,50,50,3206
SPEED_LIMIT_70/69049.jpg,,SPEED_LIMIT_70,train,huggingface_kannanwisen_indian_traffic_sign_classification,CC-BY-4.0 (declared; no author or source named upstream),no,129c0e263e0e8fce,50,50,2700
SPEED_LIMIT_70/69053.jpg,,SPEED_LIMIT_70,train,huggingface_kannanwisen_indian_traffic_sign_classification,CC-BY-4.0 (declared; no author or source named upstream),no,188e2e332b8f4f8f,50,50,3412
SPEED_LIMIT_70/69055.jpg,,SPEED_LIMIT_70,train,huggingface_kannanwisen_indian_traffic_sign_classification,CC-BY-4.0 (declared; no author or source named upstream),no,f5cd8fb32b0f4b63,50,50,3484
SPEED_LIMIT_70/69083.jpg,,SPEED_LIMIT_70,train,huggingface_kannanwisen_indian_traffic_sign_classification,CC-BY-4.0 (declared; no author or source named upstream),no,d3cf87131bcfe5b3,50,50,3220
SPEED_LIMIT_70/69090.jpg,,SPEED_LIMIT_70,train,huggingface_kannanwisen_indian_traffic_sign_classification,CC-BY-4.0 (declared; no author or source named upstream),no,930f0e3333ab4f21,50,50,2794
SPEED_LIMIT_70/69094.jpg,,SPEED_LIMIT_70,train,huggingface_kannanwisen_indian_traffic_sign_classification,CC-BY-4.0 (declared; no author or source named upstream),no,0b0f0f37370f0f13,50,50,2806
SPEED_LIMIT_70/69098.jpg,,SPEED_LIMIT_70,train,huggingface_kannanwisen_indian_traffic_sign_classification,CC-BY-4.0 (declared; no author or source named upstream),no,31cc8e3337aac4f4,50,50,2918
SPEED_LIMIT_70/69102.jpg,,SPEED_LIMIT_70,train,huggingface_kannanwisen_indian_traffic_sign_classification,CC-BY-4.0 (declared; no author or source named upstream),no,f0cc8e232faf8eb8,50,50,3210
SPEED_LIMIT_70/69106.jpg,,SPEED_LIMIT_70,train,huggingface_kannanwisen_indian_traffic_sign_classification,CC-BY-4.0 (declared; no author or source named upstream),no,c70f0f131b0f0f87,50,50,2624
SPEED_LIMIT_70/69110.jpg,,SPEED_LIMIT_70,train,huggingface_kannanwisen_indian_traffic_sign_classification,CC-BY-4.0 (declared; no author or source named upstream),no,2a0f8a2b2b0f0f87,50,50,2248
SPEED_LIMIT_70/69114.jpg,,SPEED_LIMIT_70,train,huggingface_kannanwisen_indian_traffic_sign_classification,CC-BY-4.0 (declared; no author or source named upstream),no,382c8e333f8eccf0,50,50,2712
SPEED_LIMIT_70/69118.jpg,,SPEED_LIMIT_70,train,huggingface_kannanwisen_indian_traffic_sign_classification,CC-BY-4.0 (declared; no author or source named upstream),no,920fce2b3f8e0f07,50,50,2190
SPEED_LIMIT_70/69122.jpg,,SPEED_LIMIT_70,train,huggingface_kannanwisen_indian_traffic_sign_classification,CC-BY-4.0 (declared; no author or source named upstream),no,320d8e332b8e4d33,50,50,2392
SPEED_LIMIT_70/69126.jpg,,SPEED_LIMIT_70,train,huggingface_kannanwisen_indian_traffic_sign_classification,CC-BY-4.0 (declared; no author or source named upstream),no,370f0f332f0f0f07,50,50,2404
SPEED_LIMIT_70/69130.jpg,,SPEED_LIMIT_70,train,huggingface_kannanwisen_indian_traffic_sign_classification,CC-BY-4.0 (declared; no author or source named upstream),no,e9cd8eb32b8ecd63,50,50,2638
SPEED_LIMIT_70/69134.jpg,,SPEED_LIMIT_70,train,huggingface_kannanwisen_indian_traffic_sign_classification,CC-BY-4.0 (declared; no author or source named upstream),no,264fc63b378e0f23,50,50,2364
SPEED_LIMIT_70/69138.jpg,,SPEED_LIMIT_70,train,huggingface_kannanwisen_indian_traffic_sign_classification,CC-BY-4.0 (declared; no author or source named upstream),no,120f0f333b0f0f07,50,50,2382
SPEED_LIMIT_70/69142.jpg,,SPEED_LIMIT_70,train,huggingface_kannanwisen_indian_traffic_sign_classification,CC-BY-4.0 (declared; no author or source named upstream),no,2a0e8e332f8e4f22,50,50,2426
SPEED_LIMIT_70/69146.jpg,,SPEED_LIMIT_70,train,huggingface_kannanwisen_indian_traffic_sign_classification,CC-BY-4.0 (declared; no author or source named upstream),no,310c0e332b8e4529,50,50,2770
SPEED_LIMIT_70/69150.jpg,,SPEED_LIMIT_70,train,huggingface_kannanwisen_indian_traffic_sign_classification,CC-BY-4.0 (declared; no author or source named upstream),no,2ecf8e232f8bcf53,50,50,2238
SPEED_LIMIT_70/69154.jpg,,SPEED_LIMIT_70,train,huggingface_kannanwisen_indian_traffic_sign_classification,CC-BY-4.0 (declared; no author or source named upstream),no,9b2d4e3b370e4d13,50,50,3502
SPEED_LIMIT_70/69158.jpg,,SPEED_LIMIT_70,train,huggingface_kannanwisen_indian_traffic_sign_classification,CC-BY-4.0 (declared; no author or source named upstream),no,71e8c6baaf8acc70,50,50,3068
SPEED_LIMIT_70/69162.jpg,,SPEED_LIMIT_70,train,huggingface_kannanwisen_indian_traffic_sign_classification,CC-BY-4.0 (declared; no author or source named upstream),no,8b4f8f33a72b0d0f,50,50,4080
SPEED_LIMIT_70/69166.jpg,,SPEED_LIMIT_70,train,huggingface_kannanwisen_indian_traffic_sign_classification,CC-BY-4.0 (declared; no author or source named upstream),no,8f8e0e333f8ecfc8,50,50,2950
SPEED_LIMIT_70/69170.jpg,,SPEED_LIMIT_70,train,huggingface_kannanwisen_indian_traffic_sign_classification,CC-BY-4.0 (declared; no author or source named upstream),no,0f0f0e32226a2f17,50,50,3524
SPEED_LIMIT_70/69174.jpg,,SPEED_LIMIT_70,train,huggingface_kannanwisen_indian_traffic_sign_classification,CC-BY-4.0 (declared; no author or source named upstream),no,704c0f33330f0f1f,50,50,2794
SPEED_LIMIT_70/69178.jpg,,SPEED_LIMIT_70,train,huggingface_kannanwisen_indian_traffic_sign_classification,CC-BY-4.0 (declared; no author or source named upstream),no,0e0f0f333b0f0f1f,50,50,2710
SPEED_LIMIT_70/69182.jpg,,SPEED_LIMIT_70,train,huggingface_kannanwisen_indian_traffic_sign_classification,CC-BY-4.0 (declared; no author or source named upstream),no,904cc6b3370a0e88,50,50,3250
SPEED_LIMIT_70/69186.jpg,,SPEED_LIMIT_70,train,huggingface_kannanwisen_indian_traffic_sign_classification,CC-BY-4.0 (declared; no author or source named upstream),no,67490e232f0f0e20,50,50,2606
SPEED_LIMIT_70/69190.jpg,,SPEED_LIMIT_70,train,huggingface_kannanwisen_indian_traffic_sign_classification,CC-BY-4.0 (declared; no author or source named upstream),no,ce0e0f33170f0f8f,50,50,2498
SPEED_LIMIT_70/69194.jpg,,SPEED_LIMIT_70,train,huggingface_kannanwisen_indian_traffic_sign_classification,CC-BY-4.0 (declared; no author or source named upstream),no,0f0f0f2b2b0f0f0f,50,50,3208
SPEED_LIMIT_70/69198.jpg,,SPEED_LIMIT_70,train,huggingface_kannanwisen_indian_traffic_sign_classification,CC-BY-4.0 (declared; no author or source named upstream),no,cf0f07332b0f0f5b,50,50,2554
SPEED_LIMIT_70/69202.jpg,,SPEED_LIMIT_70,train,huggingface_kannanwisen_indian_traffic_sign_classification,CC-BY-4.0 (declared; no author or source named upstream),no,4f0f0f133b0f0f0f,50,50,2456
SPEED_LIMIT_70/69206.jpg,,SPEED_LIMIT_70,train,huggingface_kannanwisen_indian_traffic_sign_classification,CC-BY-4.0 (declared; no author or source named upstream),no,3b4f8e332f8e4d2b,50,50,2552
SPEED_LIMIT_80/70002.jpg,maximum_speed_limit_80_km_h,SPEED_LIMIT_80,train,huggingface_kannanwisen_indian_traffic_sign_classification,CC-BY-4.0 (declared; no author or source named upstream),yes,71cc8ea3a38ecc33,50,50,2768
SPEED_LIMIT_80/70006.jpg,maximum_speed_limit_80_km_h,SPEED_LIMIT_80,train,huggingface_kannanwisen_indian_traffic_sign_classification,CC-BY-4.0 (declared; no author or source named upstream),yes,0f0f0f33230f0f0f,50,50,2644
SPEED_LIMIT_80/70011.jpg,maximum_speed_limit_80_km_h,SPEED_LIMIT_80,train,huggingface_kannanwisen_indian_traffic_sign_classification,CC-BY-4.0 (declared; no author or source named upstream),yes,316dcdabab4d6933,50,50,3038
SPEED_LIMIT_80/70014.jpg,maximum_speed_limit_80_km_h,SPEED_LIMIT_80,train,huggingface_kannanwisen_indian_traffic_sign_classification,CC-BY-4.0 (declared; no author or source named upstream),yes,8b0f0723330f0f8f,50,50,2662
SPEED_LIMIT_80/70018.jpg,maximum_speed_limit_80_km_h,SPEED_LIMIT_80,train,huggingface_kannanwisen_indian_traffic_sign_classification,CC-BY-4.0 (declared; no author or source named upstream),yes,a2498ca2a28e4c30,50,50,2840
SPEED_LIMIT_80/70021.jpg,maximum_speed_limit_80_km_h,SPEED_LIMIT_80,train,huggingface_kannanwisen_indian_traffic_sign_classification,CC-BY-4.0 (declared; no author or source named upstream),yes,324c9ea2b2cc6933,50,50,2946
SPEED_LIMIT_80/70022.jpg,maximum_speed_limit_80_km_h,SPEED_LIMIT_80,train,huggingface_kannanwisen_indian_traffic_sign_classification,CC-BY-4.0 (declared; no author or source named upstream),yes,336cceb2b2cc69b3,50,50,2654
SPEED_LIMIT_80/70023.jpg,maximum_speed_limit_80_km_h,SPEED_LIMIT_80,train,huggingface_kannanwisen_indian_traffic_sign_classification,CC-BY-4.0 (declared; no author or source named upstream),yes,3369cca2a2caec33,50,50,2750
SPEED_LIMIT_80/70025.jpg,maximum_speed_limit_80_km_h,SPEED_LIMIT_80,train,huggingface_kannanwisen_indian_traffic_sign_classification,CC-BY-4.0 (declared; no author or source named upstream),yes,4e8f9b33330f0f28,50,50,3092
SPEED_LIMIT_80/70026.jpg,maximum_speed_limit_80_km_h,SPEED_LIMIT_80,train,huggingface_kannanwisen_indian_traffic_sign_classification,CC-BY-4.0 (declared; no author or source named upstream),yes,8d8e0b33330e0e39,50,50,3296
SPEED_LIMIT_80/70027.jpg,maximum_speed_limit_80_km_h,SPEED_LIMIT_80,train,huggingface_kannanwisen_indian_traffic_sign_classification,CC-BY-4.0 (declared; no author or source named upstream),yes,73518ce8e8ce6433,50,50,3040
SPEED_LIMIT_80/70030.jpg,maximum_speed_limit_80_km_h,SPEED_LIMIT_80,train,huggingface_kannanwisen_indian_traffic_sign_classification,CC-BY-4.0 (declared; no author or source named upstream),yes,b369ccaaa28e4d31,50,50,3350
SPEED_LIMIT_80/70033.jpg,maximum_speed_limit_80_km_h,SPEED_LIMIT_80,train,huggingface_kannanwisen_indian_traffic_sign_classification,CC-BY-4.0 (declared; no author or source named upstream),yes,22626a748c388d65,50,50,3248
SPEED_LIMIT_80/70034.jpg,maximum_speed_limit_80_km_h,SPEED_LIMIT_80,train,huggingface_kannanwisen_indian_traffic_sign_classification,CC-BY-4.0 (declared; no author or source named upstream),yes,3369cca8a8ce6431,50,50,3172
SPEED_LIMIT_80/70035.jpg,maximum_speed_limit_80_km_h,SPEED_LIMIT_80,train,huggingface_kannanwisen_indian_traffic_sign_classification,CC-BY-4.0 (declared; no author or source named upstream),yes,314dcca8a8ce6431,50,50,3146
SPEED_LIMIT_80/70038.jpg,maximum_speed_limit_80_km_h,SPEED_LIMIT_80,train,huggingface_kannanwisen_indian_traffic_sign_classification,CC-BY-4.0 (declared; no author or source named upstream),yes,71dd8a48688ecd71,50,50,3078
SPEED_LIMIT_80/70039.jpg,maximum_speed_limit_80_km_h,SPEED_LIMIT_80,train,huggingface_kannanwisen_indian_traffic_sign_classification,CC-BY-4.0 (declared; no author or source named upstream),yes,314d8ea2a28c4931,50,50,3206
SPEED_LIMIT_80/70042.jpg,maximum_speed_limit_80_km_h,SPEED_LIMIT_80,train,huggingface_kannanwisen_indian_traffic_sign_classification,CC-BY-4.0 (declared; no author or source named upstream),yes,33cdcce8e8cc6d33,50,50,3234
SPEED_LIMIT_80/70046.jpg,maximum_speed_limit_80_km_h,SPEED_LIMIT_80,train,huggingface_kannanwisen_indian_traffic_sign_classification,CC-BY-4.0 (declared; no author or source named upstream),yes,714c8aa3b38e4c31,50,50,3548
SPEED_LIMIT_80/70049.jpg,maximum_speed_limit_80_km_h,SPEED_LIMIT_80,train,huggingface_kannanwisen_indian_traffic_sign_classification,CC-BY-4.0 (declared; no author or source named upstream),yes,3671d9a6b5c97136,50,50,2646
SPEED_LIMIT_80/70050.jpg,maximum_speed_limit_80_km_h,SPEED_LIMIT_80,train,huggingface_kannanwisen_indian_traffic_sign_classification,CC-BY-4.0 (declared; no author or source named upstream),yes,f0e8cca2b2c8ecf0,50,50,2958
SPEED_LIMIT_80/70053.jpg,maximum_speed_limit_80_km_h,SPEED_LIMIT_80,train,huggingface_kannanwisen_indian_traffic_sign_classification,CC-BY-4.0 (declared; no author or source named upstream),yes,3369ccaaaacc6db2,50,50,2872
SPEED_LIMIT_80/70054.jpg,maximum_speed_limit_80_km_h,SPEED_LIMIT_80,train,huggingface_kannanwisen_indian_traffic_sign_classification,CC-BY-4.0 (declared; no author or source named upstream),yes,32684ceaea4c7131,50,50,2380
SPEED_LIMIT_80/70058.jpg,maximum_speed_limit_80_km_h,SPEED_LIMIT_80,train,huggingface_kannanwisen_indian_traffic_sign_classification,CC-BY-4.0 (declared; no author or source named upstream),yes,71cd8e22a28e4d31,50,50,2534
SPEED_LIMIT_80/70059.jpg,maximum_speed_limit_80_km_h,SPEED_LIMIT_80,train,huggingface_kannanwisen_indian_traffic_sign_classification,CC-BY-4.0 (declared; no author or source named upstream),yes,f268ccb2b2cc68f0,50,50,2918
SPEED_LIMIT_80/70061.jpg,maximum_speed_limit_80_km_h,SPEED_LIMIT_80,train,huggingface_kannanwisen_indian_traffic_sign_classification,CC-BY-4.0 (declared; no author or source named upstream),yes,b2c88aa2b2cce8b2,50,50,2298
SPEED_LIMIT_80/70062.jpg,maximum_speed_limit_80_km_h,SPEED_LIMIT_80,train,huggingface_kannanwisen_indian_traffic_sign_classification,CC-BY-4.0 (declared; no author or source named upstream),yes,33c8c8a2b2c86cf0,50,50,2966
SPEED_LIMIT_80/70063.jpg,maximum_speed_limit_80_km_h,SPEED_LIMIT_80,train,huggingface_kannanwisen_indian_traffic_sign_classification,CC-BY-4.0 (declared; no author or source named upstream),yes,b473cde8e8cc3193,50,50,3284
SPEED_LIMIT_80/70065.jpg,maximum_speed_limit_80_km_h,SPEED_LIMIT_80,train,huggingface_kannanwisen_indian_traffic_sign_classification,CC-BY-4.0 (declared; no author or source named upstream),yes,735dccece8ce6933,50,50,3282
SPEED_LIMIT_80/70066.jpg,maximum_speed_limit_80_km_h,SPEED_LIMIT_80,train,huggingface_kannanwisen_indian_traffic_sign_classification,CC-BY-4.0 (declared; no author or source named upstream),yes,314dcea8e4ce6431,50,50,3190
SPEED_LIMIT_80/70067.jpg,maximum_speed_limit_80_km_h,SPEED_LIMIT_80,train,huggingface_kannanwisen_indian_traffic_sign_classification,CC-BY-4.0 (declared; no author or source named upstream),yes,3369cca2b2c8ecf1,50,50,3074
SPEED_LIMIT_80/70070.jpg,maximum_speed_limit_80_km_h,SPEED_LIMIT_80,train,huggingface_kannanwisen_indian_traffic_sign_classification,CC-BY-4.0 (declared; no author or source named upstream),yes,22e0cca2a6acc973,50,50,2998
SPEED_LIMIT_80/70074.jpg,maximum_speed_limit_80_km_h,SPEED_LIMIT_80,train,huggingface_kannanwisen_indian_traffic_sign_classification,CC-BY-4.0 (declared; no author or source named upstream),yes,f2cc8ea2a28ccdf1,50,50,2690
SPEED_LIMIT_80/70078.jpg,maximum_speed_limit_80_km_h,SPEED_LIMIT_80,train,huggingface_kannanwisen_indian_traffic_sign_classification,CC-BY-4.0 (declared; no author or source named upstream),yes,22c8aca6b6c8ecb2,50,50,2912
SPEED_LIMIT_80/70079.jpg,maximum_speed_limit_80_km_h,SPEED_LIMIT_80,train,huggingface_kannanwisen_indian_traffic_sign_classification,CC-BY-4.0 (declared; no author or source named upstream),yes,83e8aca6b4cacc30,50,50,2776
SPEED_LIMIT_80/70081.jpg,maximum_speed_limit_80_km_h,SPEED_LIMIT_80,train,huggingface_kannanwisen_indian_traffic_sign_classification,CC-BY-4.0 (declared; no author or source named upstream),yes,b36dcca2b6cc6d33,50,50,2376
SPEED_LIMIT_80/70082.jpg,maximum_speed_limit_80_km_h,SPEED_LIMIT_80,train,huggingface_kannanwisen_indian_traffic_sign_classification,CC-BY-4.0 (declared; no author or source named upstream),yes,71ccaaa6b6aacc71,50,50,2574
SPEED_LIMIT_80/70083.jpg,maximum_speed_limit_80_km_h,SPEED_LIMIT_80,train,huggingface_kannanwisen_indian_traffic_sign_classification,CC-BY-4.0 (declared; no author or source named upstream),yes,b0e8c8a2b2cc69b4,50,50,2798
SPEED_LIMIT_80/70085.jpg,maximum_speed_limit_80_km_h,SPEED_LIMIT_80,train,huggingface_kannanwisen_indian_traffic_sign_classification,CC-BY-4.0 (declared; no author or source named upstream),yes,b0eccea3a2cce9b3,50,50,3114
SPEED_LIMIT_80/70086.jpg,maximum_speed_limit_80_km_h,SPEED_LIMIT_80,train,huggingface_kannanwisen_indian_traffic_sign_classification,CC-BY-4.0 (declared; no author or source named upstream),yes,b1cc8ea1a1caccb1,50,50,3024
SPEED_LIMIT_80/70087.jpg,maximum_speed_limit_80_km_h,SPEED_LIMIT_80,train,huggingface_kannanwisen_indian_traffic_sign_classification,CC-BY-4.0 (declared; no author or source named upstream),yes,f169cca6b6accd31,50,50,3422
SPEED_LIMIT_80/70093.jpg,maximum_speed_limit_80_km_h,SPEED_LIMIT_80,train,huggingface_kannanwisen_indian_traffic_sign_classification,CC-BY-4.0 (declared; no author or source named upstream),yes,33edcca6b6cc6933,50,50,2320
SPEED_LIMIT_80/70094.jpg,maximum_speed_limit_80_km_h,SPEED_LIMIT_80,train,huggingface_kannanwisen_indian_traffic_sign_classification,CC-BY-4.0 (declared; no author or source named upstream),yes,3369cca6b6cced33,50,50,2628
SPEED_LIMIT_80/70170.jpg,maximum_speed_limit_80_km_h,SPEED_LIMIT_80,train,huggingface_kannanwisen_indian_traffic_sign_classification,CC-BY-4.0 (declared; no author or source named upstream),yes,70cc8a23378a8c60,50,50,2998
SPEED_LIMIT_80/70174.jpg,maximum_speed_limit_80_km_h,SPEED_LIMIT_80,train,huggingface_kannanwisen_indian_traffic_sign_classification,CC-BY-4.0 (declared; no author or source named upstream),yes,060f0e2b270f0f1e,50,50,2398
SPEED_LIMIT_80/70178.jpg,maximum_speed_limit_80_km_h,SPEED_LIMIT_80,train,huggingface_kannanwisen_indian_traffic_sign_classification,CC-BY-4.0 (declared; no author or source named upstream),yes,834d8e2b3187462b,50,50,2718
SPEED_LIMIT_80/70182.jpg,maximum_speed_limit_80_km_h,SPEED_LIMIT_80,train,huggingface_kannanwisen_indian_traffic_sign_classification,CC-BY-4.0 (declared; no author or source named upstream),yes,4d4f8e2b330f0f03,50,50,2278
SPEED_LIMIT_80/70186.jpg,maximum_speed_limit_80_km_h,SPEED_LIMIT_80,train,huggingface_kannanwisen_indian_traffic_sign_classification,CC-BY-4.0 (declared; no author or source named upstream),yes,70488c2b37aeccf0,50,50,2710
SPEED_LIMIT_80/70190.jpg,maximum_speed_limit_80_km_h,SPEED_LIMIT_80,train,huggingface_kannanwisen_indian_traffic_sign_classification,CC-BY-4.0 (declared; no author or source named upstream),yes,f0cc8eab338accf0,50,50,2862
SPEED_LIMIT_80/70194.jpg,maximum_speed_limit_80_km_h,SPEED_LIMIT_80,train,huggingface_kannanwisen_indian_traffic_sign_classification,CC-BY-4.0 (declared; no author or source named upstream),yes,71cc96ab2b82ccfb,50,50,2658
SPEED_LIMIT_80/70198.jpg,maximum_speed_limit_80_km_h,SPEED_LIMIT_80,train,huggingface_kannanwisen_indian_traffic_sign_classification,CC-BY-4.0 (declared; no author or source named upstream),yes,0f0f0f23338ece30,50,50,2568
SPEED_LIMIT_80/70202.jpg,maximum_speed_limit_80_km_h,SPEED_LIMIT_80,train,huggingface_kannanwisen_indian_traffic_sign_classification,CC-BY-4.0 (declared; no author or source named upstream),yes,71cc8ea2a38ecc70,50,50,2986
SPEED_LIMIT_80/70206.jpg,maximum_speed_limit_80_km_h,SPEED_LIMIT_80,train,huggingface_kannanwisen_indian_traffic_sign_classification,CC-BY-4.0 (declared; no author or source named upstream),yes,78cc8ea7378eccf0,50,50,3338
SPEED_LIMIT_80/70214.jpg,maximum_speed_limit_80_km_h,SPEED_LIMIT_80,train,huggingface_kannanwisen_indian_traffic_sign_classification,CC-BY-4.0 (declared; no author or source named upstream),yes,9c8c8f23338f0c9c,50,50,3016
SPEED_LIMIT_80/70218.jpg,maximum_speed_limit_80_km_h,SPEED_LIMIT_80,train,huggingface_kannanwisen_indian_traffic_sign_classification,CC-BY-4.0 (declared; no author or source named upstream),yes,70cc8e2b2b8eccf1,50,50,2830
SPEED_LIMIT_80/70222.jpg,maximum_speed_limit_80_km_h,SPEED_LIMIT_80,train,huggingface_kannanwisen_indian_traffic_sign_classification,CC-BY-4.0 (declared; no author or source named upstream),yes,70cc8eaaaa8eccf0,50,50,3052
SPEED_LIMIT_80/70226.jpg,maximum_speed_limit_80_km_h,SPEED_LIMIT_80,train,huggingface_kannanwisen_indian_traffic_sign_classification,CC-BY-4.0 (declared; no author or source named upstream),yes,330d0e27238e0d72,50,50,2572
SPEED_LIMIT_80/70230.jpg,maximum_speed_limit_80_km_h,SPEED_LIMIT_80,train,huggingface_kannanwisen_indian_traffic_sign_classification,CC-BY-4.0 (declared; no author or source named upstream),yes,8f0f0f3333070f97,50,50,2594
SPEED_LIMIT_80/70234.jpg,maximum_speed_limit_80_km_h,SPEED_LIMIT_80,train,huggingface_kannanwisen_indian_traffic_sign_classification,CC-BY-4.0 (declared; no author or source named upstream),yes,2f0f0e23330f0f2f,50,50,3014
SPEED_LIMIT_80/70238.jpg,maximum_speed_limit_80_km_h,SPEED_LIMIT_80,train,huggingface_kannanwisen_indian_traffic_sign_classification,CC-BY-4.0 (declared; no author or source named upstream),yes,334d8e23338e0e21,50,50,2394
SPEED_LIMIT_80/70242.jpg,maximum_speed_limit_80_km_h,SPEED_LIMIT_80,train,huggingface_kannanwisen_indian_traffic_sign_classification,CC-BY-4.0 (declared; no author or source named upstream),yes,8e0f0f2b230f0f1b,50,50,2512
SPEED_LIMIT_80/70246.jpg,maximum_speed_limit_80_km_h,SPEED_LIMIT_80,train,huggingface_kannanwisen_indian_traffic_sign_classification,CC-BY-4.0 (declared; no author or source named upstream),yes,c38f8f2b330f0f13,50,50,2316
SPEED_LIMIT_80/70250.jpg,maximum_speed_limit_80_km_h,SPEED_LIMIT_80,train,huggingface_kannanwisen_indian_traffic_sign_classification,CC-BY-4.0 (declared; no author or source named upstream),yes,8f0f0f23330b0f0f,50,50,2700
STOP/74001.jpg,,STOP,train,huggingface_kannanwisen_indian_traffic_sign_classification,CC-BY-4.0 (declared; no author or source named upstream),no,6128e48227e4188a,50,50,3354
STOP/74002.jpg,,STOP,train,huggingface_kannanwisen_indian_traffic_sign_classification,CC-BY-4.0 (declared; no author or source named upstream),no,6381902830914306,50,50,3348
STOP/74003.jpg,,STOP,train,huggingface_kannanwisen_indian_traffic_sign_classification,CC-BY-4.0 (declared; no author or source named upstream),no,8b29d81326546971,50,50,3572
STOP/74005.jpg,,STOP,train,huggingface_kannanwisen_indian_traffic_sign_classification,CC-BY-4.0 (declared; no author or source named upstream),no,8d61c011a7b6fc61,50,50,3298
STOP/74007.jpg,,STOP,train,huggingface_kannanwisen_indian_traffic_sign_classification,CC-BY-4.0 (declared; no author or source named upstream),no,3368d4b3a2a6e860,50,50,3532
STOP/74010.jpg,,STOP,train,huggingface_kannanwisen_indian_traffic_sign_classification,CC-BY-4.0 (declared; no author or source named upstream),no,70e894a3a3e66869,50,50,3060
STOP/74014.jpg,,STOP,train,huggingface_kannanwisen_indian_traffic_sign_classification,CC-BY-4.0 (declared; no author or source named upstream),no,91e8c2a3a7b4e926,50,50,3340
STOP/74018.jpg,,STOP,train,huggingface_kannanwisen_indian_traffic_sign_classification,CC-BY-4.0 (declared; no author or source named upstream),no,71e994b5a7c6ece9,50,50,3100
STOP/74022.jpg,,STOP,train,huggingface_kannanwisen_indian_traffic_sign_classification,CC-BY-4.0 (declared; no author or source named upstream),no,70e4d63327c6ece0,50,50,2692
STOP/74026.jpg,,STOP,train,huggingface_kannanwisen_indian_traffic_sign_classification,CC-BY-4.0 (declared; no author or source named upstream),no,1b79d05326f66921,50,50,3878
STOP/74030.jpg,,STOP,train,huggingface_kannanwisen_indian_traffic_sign_classification,CC-BY-4.0 (declared; no author or source named upstream),no,9671442b27643397,50,50,2358
STOP/74034.jpg,,STOP,train,huggingface_kannanwisen_indian_traffic_sign_classification,CC-BY-4.0 (declared; no author or source named upstream),no,0769c01327646903,50,50,2720
STOP/74038.jpg,,STOP,train,huggingface_kannanwisen_indian_traffic_sign_classification,CC-BY-4.0 (declared; no author or source named upstream),no,78f8dcd5b7eeec71,50,50,3020
STOP/74046.jpg,,STOP,train,huggingface_kannanwisen_indian_traffic_sign_classification,CC-BY-4.0 (declared; no author or source named upstream),no,3b69d493a2b6ece1,50,50,3232
STOP/74050.jpg,,STOP,train,huggingface_kannanwisen_indian_traffic_sign_classification,CC-BY-4.0 (declared; no author or source named upstream),no,2669dcb3a3f66cb1,50,50,3460
STOP/74054.jpg,,STOP,train,huggingface_kannanwisen_indian_traffic_sign_classification,CC-BY-4.0 (declared; no author or source named upstream),no,8b61dc0326646927,50,50,3052
STOP/74058.jpg,,STOP,train,huggingface_kannanwisen_indian_traffic_sign_classification,CC-BY-4.0 (declared; no author or source named upstream),no,6068d42323f66cb0,50,50,3020
STOP/74062.jpg,,STOP,train,huggingface_kannanwisen_indian_traffic_sign_classification,CC-BY-4.0 (declared; no author or source named upstream),no,972944032664319f,50,50,2882
STRAIGHT_PROHIBITED/75002.jpg,,STRAIGHT_PROHIBITED,train,huggingface_kannanwisen_indian_traffic_sign_classification,CC-BY-4.0 (declared; no author or source named upstream),no,336d13b313574e3a,50,50,2890
STRAIGHT_PROHIBITED/75005.jpg,,STRAIGHT_PROHIBITED,train,huggingface_kannanwisen_indian_traffic_sign_classification,CC-BY-4.0 (declared; no author or source named upstream),no,7169565292566cb0,50,50,3780
STRAIGHT_PROHIBITED/75006.jpg,,STRAIGHT_PROHIBITED,train,huggingface_kannanwisen_indian_traffic_sign_classification,CC-BY-4.0 (declared; no author or source named upstream),no,336d17b313564e1a,50,50,2910
STRAIGHT_PROHIBITED/75009.jpg,,STRAIGHT_PROHIBITED,train,huggingface_kannanwisen_indian_traffic_sign_classification,CC-BY-4.0 (declared; no author or source named upstream),no,2e0f372333370f2d,50,50,3136
TURN_RIGHT/80002.jpg,,TURN_RIGHT,train,huggingface_kannanwisen_indian_traffic_sign_classification,CC-BY-4.0 (declared; no author or source named upstream),no,9f70c683b6b47073,50,50,3162
TURN_RIGHT/80006.jpg,,TURN_RIGHT,train,huggingface_kannanwisen_indian_traffic_sign_classification,CC-BY-4.0 (declared; no author or source named upstream),no,31e4c69337b2f1f7,50,50,2700
TURN_RIGHT/80010.jpg,,TURN_RIGHT,train,huggingface_kannanwisen_indian_traffic_sign_classification,CC-BY-4.0 (declared; no author or source named upstream),no,7365c793b6b4310f,50,50,2872
TURN_RIGHT/80014.jpg,,TURN_RIGHT,train,huggingface_kannanwisen_indian_traffic_sign_classification,CC-BY-4.0 (declared; no author or source named upstream),no,3164c29296da4cad,50,50,3636
TURN_RIGHT/80018.jpg,,TURN_RIGHT,train,huggingface_kannanwisen_indian_traffic_sign_classification,CC-BY-4.0 (declared; no author or source named upstream),no,1974c69337b23231,50,50,3088
TURN_RIGHT/80022.jpg,,TURN_RIGHT,train,huggingface_kannanwisen_indian_traffic_sign_classification,CC-BY-4.0 (declared; no author or source named upstream),no,9334c20b1bdad8f0,50,50,3036
TURN_RIGHT/80026.jpg,,TURN_RIGHT,train,huggingface_kannanwisen_indian_traffic_sign_classification,CC-BY-4.0 (declared; no author or source named upstream),no,63e5c6031fd8d973,50,50,2586
TURN_RIGHT/80030.jpg,,TURN_RIGHT,train,huggingface_kannanwisen_indian_traffic_sign_classification,CC-BY-4.0 (declared; no author or source named upstream),no,ece4c7c3dbcbcfcf,50,50,3200
TURN_RIGHT/80031.jpg,,TURN_RIGHT,train,huggingface_kannanwisen_indian_traffic_sign_classification,CC-BY-4.0 (declared; no author or source named upstream),no,3670e4c65c587036,50,50,3700
TURN_RIGHT/80033.jpg,,TURN_RIGHT,train,huggingface_kannanwisen_indian_traffic_sign_classification,CC-BY-4.0 (declared; no author or source named upstream),no,1260c6d6d4d8f933,50,50,3446
TURN_RIGHT/80034.jpg,,TURN_RIGHT,train,huggingface_kannanwisen_indian_traffic_sign_classification,CC-BY-4.0 (declared; no author or source named upstream),no,1230c6c6dc4d611b,50,50,3560
TURN_RIGHT/80035.jpg,,TURN_RIGHT,train,huggingface_kannanwisen_indian_traffic_sign_classification,CC-BY-4.0 (declared; no author or source named upstream),no,b4f1e4c6cc4ceb63,50,50,3122
TURN_RIGHT/80037.jpg,,TURN_RIGHT,train,huggingface_kannanwisen_indian_traffic_sign_classification,CC-BY-4.0 (declared; no author or source named upstream),no,33f1e4c6cc4c6bc3,50,50,3110
TURN_RIGHT/80039.jpg,,TURN_RIGHT,train,huggingface_kannanwisen_indian_traffic_sign_classification,CC-BY-4.0 (declared; no author or source named upstream),no,b373c7c7dfdbce8e,50,50,3162
TURN_RIGHT/80041.jpg,,TURN_RIGHT,train,huggingface_kannanwisen_indian_traffic_sign_classification,CC-BY-4.0 (declared; no author or source named upstream),no,3271c4d6dcdc8dc5,50,50,2856
TURN_RIGHT/80042.jpg,,TURN_RIGHT,train,huggingface_kannanwisen_indian_traffic_sign_classification,CC-BY-4.0 (declared; no author or source named upstream),no,b060c6d2ded9d6c4,50,50,2718
TURN_RIGHT/80046.jpg,,TURN_RIGHT,train,huggingface_kannanwisen_indian_traffic_sign_classification,CC-BY-4.0 (declared; no author or source named upstream),no,317164c6ccccb9d9,50,50,3372
TURN_RIGHT/80047.jpg,,TURN_RIGHT,train,huggingface_kannanwisen_indian_traffic_sign_classification,CC-BY-4.0 (declared; no author or source named upstream),no,323168c4dc6c3013,50,50,2708
TURN_RIGHT/80053.jpg,,TURN_RIGHT,train,huggingface_kannanwisen_indian_traffic_sign_classification,CC-BY-4.0 (declared; no author or source named upstream),no,d9f0e4c69c9b9b89,50,50,3234
TURN_RIGHT/80057.jpg,,TURN_RIGHT,train,huggingface_kannanwisen_indian_traffic_sign_classification,CC-BY-4.0 (declared; no author or source named upstream),no,ce5c2647ce4acac4,50,50,3216
TURN_RIGHT/80058.jpg,,TURN_RIGHT,train,huggingface_kannanwisen_indian_traffic_sign_classification,CC-BY-4.0 (declared; no author or source named upstream),no,cc5446475d48cd6d,50,50,2996
TURN_RIGHT/80059.jpg,,TURN_RIGHT,train,huggingface_kannanwisen_indian_traffic_sign_classification,CC-BY-4.0 (declared; no author or source named upstream),no,2325a6464a6d7152,50,50,3622
TURN_RIGHT/80061.jpg,,TURN_RIGHT,train,huggingface_kannanwisen_indian_traffic_sign_classification,CC-BY-4.0 (declared; no author or source named upstream),no,2d6647d7d7db8e56,50,50,3260
TURN_RIGHT/80063.jpg,,TURN_RIGHT,train,huggingface_kannanwisen_indian_traffic_sign_classification,CC-BY-4.0 (declared; no author or source named upstream),no,927164c4dcf86063,50,50,2996
TURN_RIGHT/80065.jpg,,TURN_RIGHT,train,huggingface_kannanwisen_indian_traffic_sign_classification,CC-BY-4.0 (declared; no author or source named upstream),no,488f071797970e2c,50,50,3280
TURN_RIGHT/80066.jpg,,TURN_RIGHT,train,huggingface_kannanwisen_indian_traffic_sign_classification,CC-BY-4.0 (declared; no author or source named upstream),no,2b2166461c584dcd,50,50,3052
TURN_RIGHT/80067.jpg,,TURN_RIGHT,train,huggingface_kannanwisen_indian_traffic_sign_classification,CC-BY-4.0 (declared; no author or source named upstream),no,696446561498b18d,50,50,2916
TURN_RIGHT/80069.jpg,,TURN_RIGHT,train,huggingface_kannanwisen_indian_traffic_sign_classification,CC-BY-4.0 (declared; no author or source named upstream),no,536144961590f189,50,50,3032
TURN_RIGHT/80070.jpg,,TURN_RIGHT,train,huggingface_kannanwisen_indian_traffic_sign_classification,CC-BY-4.0 (declared; no author or source named upstream),no,97310646d4584c99,50,50,2562
TURN_RIGHT/80071.jpg,,TURN_RIGHT,train,huggingface_kannanwisen_indian_traffic_sign_classification,CC-BY-4.0 (declared; no author or source named upstream),no,3771c5c7d5d97137,50,50,3124
TURN_RIGHT/80075.jpg,,TURN_RIGHT,train,huggingface_kannanwisen_indian_traffic_sign_classification,CC-BY-4.0 (declared; no author or source named upstream),no,327164c4dc58b091,50,50,3002
TURN_RIGHT/80077.jpg,,TURN_RIGHT,train,huggingface_kannanwisen_indian_traffic_sign_classification,CC-BY-4.0 (declared; no author or source named upstream),no,b3f1e4c6d4dc8488,50,50,3074
TURN_RIGHT/80079.jpg,,TURN_RIGHT,train,huggingface_kannanwisen_indian_traffic_sign_classification,CC-BY-4.0 (declared; no author or source named upstream),no,73e1c4c6dcdd440c,50,50,2920
TURN_RIGHT/80087.jpg,,TURN_RIGHT,train,huggingface_kannanwisen_indian_traffic_sign_classification,CC-BY-4.0 (declared; no author or source named upstream),no,3676c7d7dd5b0c0d,50,50,3234
TURN_RIGHT/80098.jpg,,TURN_RIGHT,train,huggingface_kannanwisen_indian_traffic_sign_classification,CC-BY-4.0 (declared; no author or source named upstream),no,3371c4d4d4dce1c4,50,50,2976
TURN_RIGHT/80107.jpg,,TURN_RIGHT,train,huggingface_kannanwisen_indian_traffic_sign_classification,CC-BY-4.0 (declared; no author or source named upstream),no,907446065cc98818,50,50,2792
U_TURN_PROHIBITED/81001.jpg,,U_TURN_PROHIBITED,train,huggingface_kannanwisen_indian_traffic_sign_classification,CC-BY-4.0 (declared; no author or source named upstream),no,ee8f1723338f0e6f,50,50,3276
U_TURN_PROHIBITED/81002.jpg,,U_TURN_PROHIBITED,train,huggingface_kannanwisen_indian_traffic_sign_classification,CC-BY-4.0 (declared; no author or source named upstream),no,4dc79393920e4ec8,50,50,3406
U_TURN_PROHIBITED/81005.jpg,,U_TURN_PROHIBITED,train,huggingface_kannanwisen_indian_traffic_sign_classification,CC-BY-4.0 (declared; no author or source named upstream),no,7a6fb7b3330fceca,50,50,3384
U_TURN_PROHIBITED/81007.jpg,,U_TURN_PROHIBITED,train,huggingface_kannanwisen_indian_traffic_sign_classification,CC-BY-4.0 (declared; no author or source named upstream),no,3defb3ab232b4fcb,50,50,3386
U_TURN_PROHIBITED/81009.jpg,,U_TURN_PROHIBITED,train,huggingface_kannanwisen_indian_traffic_sign_classification,CC-BY-4.0 (declared; no author or source named upstream),no,490f133b33af0da9,50,50,3572
U_TURN_PROHIBITED/81042.jpg,,U_TURN_PROHIBITED,train,huggingface_kannanwisen_indian_traffic_sign_classification,CC-BY-4.0 (declared; no author or source named upstream),no,4896a9292b2f8fc6,50,50,3218
U_TURN_PROHIBITED/81043.jpg,,U_TURN_PROHIBITED,train,huggingface_kannanwisen_indian_traffic_sign_classification,CC-BY-4.0 (declared; no author or source named upstream),no,7379f1ebe9ed4973,50,50,2420
