mapillary_image_id,map_feature_id,all_linked_map_feature_ids,exact_mapillary_taxonomy_label,project_class,sequence_id,capture_timestamp_utc,captured_at_epoch_ms,contributor_id,contributor_name,latitude,longitude,geographic_evidence_india,city_search_area,source_reference,api_retrieval_timestamp_utc,taxonomy_mapping_confidence,independence_group_id,review_status,approved_photograph,discovery_source,search_box_id,search_type,r07_independence_group_id
1321058109654571,1466020801860156,1466020801860156,regulatory--maximum-speed-limit-50--g1,maximum_speed_limit_50_km_h,ikmyOLC9WsRH0zgZQBxwGb,2025-04-02T01:44:55+00:00,1743558295115,1291069248478728,AliAba,19.0357470,73.0293824,"Curated interior coordinate centred on Navi Mumbai, India",Navi Mumbai,https://www.mapillary.com/app/?pKey=1321058109654571,2026-09-01T17:31:29+00:00,high_exact_semantic_taxonomy_prefix,mapillary_india_group_00009,metadata_only_not_reviewed,no,expanded_20260901,additional_city_055,additional_city_or_town,
199758078782161,281940363697534,281940363697534,regulatory--maximum-speed-limit-50--g1,maximum_speed_limit_50_km_h,PMo7KhJ3HSQOUNxTrmZCa6,2021-08-03T03:41:03+00:00,1627962063735,138886808313564,muruligowda,12.9669638,77.5950433,"Map feature coordinate returned inside curated Bengaluru, India search box",Bengaluru,https://www.mapillary.com/app/?pKey=199758078782161,2026-09-01T15:58:36+00:00,high_exact_semantic_taxonomy_prefix,mapillary_india_group_00020,metadata_only_not_reviewed,no,r07,r07_city_centre,r07_city_centre,mapillary_india_group_00006
367657988059556,281940363697534,281940363697534,regulatory--maximum-speed-limit-50--g1,maximum_speed_limit_50_km_h,PMo7KhJ3HSQOUNxTrmZCa6,2021-08-03T03:41:01+00:00,1627962061750,138886808313564,muruligowda,12.9670714,77.5950296,"Map feature coordinate returned inside curated Bengaluru, India search box",Bengaluru,https://www.mapillary.com/app/?pKey=367657988059556,2026-09-01T15:58:36+00:00,high_exact_semantic_taxonomy_prefix,mapillary_india_group_00020,metadata_only_not_reviewed,no,r07,r07_city_centre,r07_city_centre,mapillary_india_group_00006
410980760350121,281940363697534,281940363697534,regulatory--maximum-speed-limit-50--g1,maximum_speed_limit_50_km_h,PMo7KhJ3HSQOUNxTrmZCa6,2021-08-03T03:41:02+00:00,1627962062645,138886808313564,muruligowda,12.9670225,77.5950367,"Map feature coordinate returned inside curated Bengaluru, India search box",Bengaluru,https://www.mapillary.com/app/?pKey=410980760350121,2026-09-01T15:58:36+00:00,high_exact_semantic_taxonomy_prefix,mapillary_india_group_00020,metadata_only_not_reviewed,no,r07,r07_city_centre,r07_city_centre,mapillary_india_group_00006
669503669501719,1466020801860156,1466020801860156,regulatory--maximum-speed-limit-50--g1,maximum_speed_limit_50_km_h,ikmyOLC9WsRH0zgZQBxwGb,2025-04-02T01:44:54+00:00,1743558294103,1291069248478728,AliAba,19.0358796,73.0293606,"Curated interior coordinate centred on Navi Mumbai, India",Navi Mumbai,https://www.mapillary.com/app/?pKey=669503669501719,2026-09-01T17:31:29+00:00,high_exact_semantic_taxonomy_prefix,mapillary_india_group_00009,metadata_only_not_reviewed,no,expanded_20260901,additional_city_055,additional_city_or_town,
670001549450545,1466020808526822,1466020808526822,regulatory--maximum-speed-limit-50--g1,maximum_speed_limit_50_km_h,ikmyOLC9WsRH0zgZQBxwGb,2025-04-02T01:45:05+00:00,1743558305106,1291069248478728,AliAba,19.0343816,73.0295817,"Curated interior coordinate centred on Navi Mumbai, India",Navi Mumbai,https://www.mapillary.com/app/?pKey=670001549450545,2026-09-01T17:31:29+00:00,high_exact_semantic_taxonomy_prefix,mapillary_india_group_00010,metadata_only_not_reviewed,no,expanded_20260901,additional_city_055,additional_city_or_town,
802704766262426,1466020808526822,1466020808526822,regulatory--maximum-speed-limit-50--g1,maximum_speed_limit_50_km_h,ikmyOLC9WsRH0zgZQBxwGb,2025-04-02T01:45:04+00:00,1743558304105,1291069248478728,AliAba,19.0345274,73.0295606,"Curated interior coordinate centred on Navi Mumbai, India",Navi Mumbai,https://www.mapillary.com/app/?pKey=802704766262426,2026-09-01T17:31:29+00:00,high_exact_semantic_taxonomy_prefix,mapillary_india_group_00010,metadata_only_not_reviewed,no,expanded_20260901,additional_city_055,additional_city_or_town,
957713598342524,281940363697534,281940363697534,regulatory--maximum-speed-limit-50--g1,maximum_speed_limit_50_km_h,PMo7KhJ3HSQOUNxTrmZCa6,2021-08-03T03:41:00+00:00,1627962060639,138886808313564,muruligowda,12.9671325,77.5950183,"Map feature coordinate returned inside curated Bengaluru, India search box",Bengaluru,https://www.mapillary.com/app/?pKey=957713598342524,2026-09-01T15:58:36+00:00,high_exact_semantic_taxonomy_prefix,mapillary_india_group_00020,metadata_only_not_reviewed,no,r07,r07_city_centre,r07_city_centre,mapillary_india_group_00006
1010314836169389,759766354581786,759766354581786,regulatory--no-left-turn--g1,no_left_turn,2HnX078mwqyLP6D5yvXfLA,2017-12-26T06:34:52+00:00,1514270092136,107202001513219,planemad,12.9864252,77.5953881,"Non-overlapping outer urban tile around Bengaluru, India; excludes the r07 centre box",Bengaluru outer tile,https://www.mapillary.com/app/?pKey=1010314836169389,2026-09-01T17:31:29+00:00,high_exact_semantic_taxonomy_prefix,mapillary_india_group_00047,metadata_only_not_reviewed,no,expanded_20260901,major_city_ring_023,non_overlapping_major_city_ring,
1015322711177208,1419110073233719,1419110073233719,regulatory--no-left-turn--g2,no_left_turn,9S8hvLpg4m1X2aFjIBy7WY,2026-05-02T04:48:07+00:00,1777697287642,106724622478113,WPStan,19.0587654,72.8635033,"Non-overlapping outer urban tile around Mumbai, India; excludes the r07 centre box",Mumbai outer tile,https://www.mapillary.com/app/?pKey=1015322711177208,2026-09-01T17:31:29+00:00,high_exact_semantic_taxonomy_prefix,mapillary_india_group_00007,metadata_only_not_reviewed,no,expanded_20260901,major_city_ring_009,non_overlapping_major_city_ring,
1020321605375740,3042103269344975,3042103269344975,regulatory--no-left-turn--g2,no_left_turn,ch52hegpjzj6pcekys95no,2021-02-10T03:18:29+00:00,1612927109324,101743165404889,pradeepbv,12.9704648,77.6050799,"Non-overlapping outer urban tile around Bengaluru, India; excludes the r07 centre box",Bengaluru outer tile,https://www.mapillary.com/app/?pKey=1020321605375740,2026-09-01T17:31:29+00:00,high_exact_semantic_taxonomy_prefix,mapillary_india_group_00024,metadata_only_not_reviewed,no,expanded_20260901,major_city_ring_021,non_overlapping_major_city_ring,
1092070914618486,3042103269344975,3042103269344975,regulatory--no-left-turn--g2,no_left_turn,a9pt8oxognj1lq2wibq3kg,2020-02-23T03:18:46+00:00,1582427926687,109910087910218,jayp,12.9703826,77.6050934,"Non-overlapping outer urban tile around Bengaluru, India; excludes the r07 centre box",Bengaluru outer tile,https://www.mapillary.com/app/?pKey=1092070914618486,2026-09-01T17:31:29+00:00,high_exact_semantic_taxonomy_prefix,mapillary_india_group_00024,metadata_only_not_reviewed,no,expanded_20260901,major_city_ring_021,non_overlapping_major_city_ring,
1108846602935898,922865035176255,922865035176255,regulatory--no-left-turn--g2,no_left_turn,i64k97df2hnxaqdee6uush,2021-01-06T02:46:00+00:00,1609901160881,101743165404889,pradeepbv,12.9866491,77.5911709,"Non-overlapping outer urban tile around Bengaluru, India; excludes the r07 centre box",Bengaluru outer tile,https://www.mapillary.com/app/?pKey=1108846602935898,2026-09-01T17:31:29+00:00,high_exact_semantic_taxonomy_prefix,mapillary_india_group_00011,metadata_only_not_reviewed,no,expanded_20260901,major_city_ring_023,non_overlapping_major_city_ring,
1109175796243238,3042103269344975,3042103269344975,regulatory--no-left-turn--g2,no_left_turn,a9pt8oxognj1lq2wibq3kg,2020-02-23T03:18:51+00:00,1582427931646,109910087910218,jayp,12.9704772,77.6050454,"Non-overlapping outer urban tile around Bengaluru, India; excludes the r07 centre box",Bengaluru outer tile,https://www.mapillary.com/app/?pKey=1109175796243238,2026-09-01T17:31:29+00:00,high_exact_semantic_taxonomy_prefix,mapillary_india_group_00024,metadata_only_not_reviewed,no,expanded_20260901,major_city_ring_021,non_overlapping_major_city_ring,
1154762481693925,806821263333316,806821263333316,regulatory--no-left-turn--g2,no_left_turn,xYUgFLOmHp5ozthGiRKC6j,2021-08-03T03:19:43+00:00,1627960783778,138886808313564,muruligowda,12.9743775,77.6077257,"Non-overlapping outer urban tile around Bengaluru, India; excludes the r07 centre box",Bengaluru outer tile,https://www.mapillary.com/app/?pKey=1154762481693925,2026-09-01T17:31:29+00:00,high_exact_semantic_taxonomy_prefix,mapillary_india_group_00050,metadata_only_not_reviewed,no,expanded_20260901,major_city_ring_021,non_overlapping_major_city_ring,
1176267326167191,5497045990337630,5497045990337630,regulatory--no-left-turn--g2,no_left_turn,txkh1nrfypy0961xas7ofa,2021-01-08T03:07:43+00:00,1610075263009,101743165404889,pradeepbv,12.9707956,77.6045445,"Non-overlapping outer urban tile around Bengaluru, India; excludes the r07 centre box",Bengaluru outer tile,https://www.mapillary.com/app/?pKey=1176267326167191,2026-09-01T17:31:29+00:00,high_exact_semantic_taxonomy_prefix,mapillary_india_group_00043,metadata_only_not_reviewed,no,expanded_20260901,major_city_ring_021,non_overlapping_major_city_ring,
1191289044645232,550066459716261,550066459716261,regulatory--no-left-turn--g2,no_left_turn,pAC8TLte_Q7TCzinUS7g6w,2016-04-28T06:33:33+00:00,1461825213639,109606001268498,srividya,12.9743907,77.5753486,"Non-overlapping outer urban tile around Bengaluru, India; excludes the r07 centre box",Bengaluru outer tile,https://www.mapillary.com/app/?pKey=1191289044645232,2026-09-01T17:31:29+00:00,high_exact_semantic_taxonomy_prefix,mapillary_india_group_00044,metadata_only_not_reviewed,no,expanded_20260901,major_city_ring_020,non_overlapping_major_city_ring,
1206652373229189,1678484082539159,1678484082539159,regulatory--no-left-turn--g2,no_left_turn,mil7xUJesud3AWybVvGoX1,2022-08-29T12:09:28+00:00,1661774968169,109037777999283,olily,12.9539833,77.5910638,"Non-overlapping outer urban tile around Bengaluru, India; excludes the r07 centre box",Bengaluru outer tile,https://www.mapillary.com/app/?pKey=1206652373229189,2026-09-01T17:31:29+00:00,high_exact_semantic_taxonomy_prefix,mapillary_india_group_00014,metadata_only_not_reviewed,no,expanded_20260901,major_city_ring_018,non_overlapping_major_city_ring,
1274391294499041,2056217061838679,2056217061838679,regulatory--no-left-turn--g2,no_left_turn,doXFjK0Shsn1tHWPvOaIM2,2026-01-19T05:57:22+00:00,1768802242025,1390940191591088,Absawant,18.5073023,73.8537229,"Non-overlapping outer urban tile around Pune, India; excludes the r07 centre box",Pune outer tile,https://www.mapillary.com/app/?pKey=1274391294499041,2026-09-01T17:31:29+00:00,high_exact_semantic_taxonomy_prefix,mapillary_india_group_00017,metadata_only_not_reviewed,no,expanded_20260901,major_city_ring_050,non_overlapping_major_city_ring,
134224235413504,3042103269344975,3042103269344975,regulatory--no-left-turn--g2,no_left_turn,qaxdkpmhfpui83slyu4c6q,2021-01-08T03:15:09+00:00,1610075709008,101743165404889,pradeepbv,12.9705795,77.6049920,"Non-overlapping outer urban tile around Bengaluru, India; excludes the r07 centre box",Bengaluru outer tile,https://www.mapillary.com/app/?pKey=134224235413504,2026-09-01T17:31:29+00:00,high_exact_semantic_taxonomy_prefix,mapillary_india_group_00024,metadata_only_not_reviewed,no,expanded_20260901,major_city_ring_021,non_overlapping_major_city_ring,
1372363850768134,2056217061838679,2056217061838679,regulatory--no-left-turn--g2,no_left_turn,doXFjK0Shsn1tHWPvOaIM2,2026-01-19T05:57:25+00:00,1768802245030,1390940191591088,Absawant,18.5075230,73.8537257,"Non-overlapping outer urban tile around Pune, India; excludes the r07 centre box",Pune outer tile,https://www.mapillary.com/app/?pKey=1372363850768134,2026-09-01T17:31:29+00:00,high_exact_semantic_taxonomy_prefix,mapillary_india_group_00017,metadata_only_not_reviewed,no,expanded_20260901,major_city_ring_050,non_overlapping_major_city_ring,
137596028398009,5497045990337630,5497045990337630,regulatory--no-left-turn--g2,no_left_turn,y3lytz9wvfkp438mpkugzx,2021-01-06T02:55:21+00:00,1609901721801,101743165404889,pradeepbv,12.9707155,77.6043148,"Non-overlapping outer urban tile around Bengaluru, India; excludes the r07 centre box",Bengaluru outer tile,https://www.mapillary.com/app/?pKey=137596028398009,2026-09-01T17:31:29+00:00,high_exact_semantic_taxonomy_prefix,mapillary_india_group_00043,metadata_only_not_reviewed,no,expanded_20260901,major_city_ring_021,non_overlapping_major_city_ring,
1410241999323439,499018107959474,499018107959474,regulatory--no-left-turn--g1,no_left_turn,SO0ZDIFZIW7TOzTvk4d39A,2017-11-19T06:35:48+00:00,1511073348644,107887898114051,aditisarwate,18.5188354,73.8600204,"Map feature coordinate returned inside curated Pune, India search box",Pune,https://www.mapillary.com/app/?pKey=1410241999323439,2026-09-01T15:58:36+00:00,high_exact_semantic_taxonomy_prefix,mapillary_india_group_00041,metadata_only_not_reviewed,no,r07,r07_city_centre,r07_city_centre,mapillary_india_group_00013
1412111865832689,491103788900157,491103788900157;491865632157306,regulatory--no-left-turn--g2,no_left_turn,8fgD0NWLQY62CnBcPf6UiQ,2018-09-24T07:19:39+00:00,1537773579120,109909584575154,prtksxna,15.4972318,73.8323486,"Curated interior coordinate centred on Panaji, India",Panaji,https://www.mapillary.com/app/?pKey=1412111865832689,2026-09-01T17:31:29+00:00,high_exact_semantic_taxonomy_prefix,mapillary_india_group_00039,metadata_only_not_reviewed,no,expanded_20260901,additional_city_061,additional_city_or_town,
1425254547810878,1678484082539159,1678484082539159,regulatory--no-left-turn--g2,no_left_turn,nFaPdZQ_9ggWLGfDoYlNWQ,2018-01-23T16:27:10+00:00,1516724830000,101235428790074,venkanna37,12.9539931,77.5910864,"Non-overlapping outer urban tile around Bengaluru, India; excludes the r07 centre box",Bengaluru outer tile,https://www.mapillary.com/app/?pKey=1425254547810878,2026-09-01T17:31:29+00:00,high_exact_semantic_taxonomy_prefix,mapillary_india_group_00014,metadata_only_not_reviewed,no,expanded_20260901,major_city_ring_018,non_overlapping_major_city_ring,
1437519573284002,832190607406523,832190607406523,regulatory--no-left-turn--g2,no_left_turn,pfw46nzk51m0gonja5k1zp,2019-10-08T07:36:24+00:00,1570520184696,109910087910218,jayp,12.9743024,77.6112996,"Non-overlapping outer urban tile around Bengaluru, India; excludes the r07 centre box",Bengaluru outer tile,https://www.mapillary.com/app/?pKey=1437519573284002,2026-09-01T17:31:29+00:00,high_exact_semantic_taxonomy_prefix,mapillary_india_group_00002,metadata_only_not_reviewed,no,expanded_20260901,major_city_ring_021,non_overlapping_major_city_ring,
1437748266577509,1383642135341383,1383642135341383,regulatory--no-left-turn--g2,no_left_turn,w3bp4nFQUetEP4HIOtceiA,2018-01-24T09:19:51+00:00,1516785591000,104012591840371,ranjithjoy,12.9749297,77.6085964,"Non-overlapping outer urban tile around Bengaluru, India; excludes the r07 centre box",Bengaluru outer tile,https://www.mapillary.com/app/?pKey=1437748266577509,2026-09-01T17:31:29+00:00,high_exact_semantic_taxonomy_prefix,mapillary_india_group_00005,metadata_only_not_reviewed,no,expanded_20260901,major_city_ring_021,non_overlapping_major_city_ring,
1441914436223469,395035038634629,395035038634629,regulatory--no-left-turn--g1,no_left_turn,h3OW90tlPkYjmfIbQVJTGB,2021-08-03T02:37:08+00:00,1627958228275,107354604835874,ibigroupgoa,12.9867314,77.5952059,"Non-overlapping outer urban tile around Bengaluru, India; excludes the r07 centre box",Bengaluru outer tile,https://www.mapillary.com/app/?pKey=1441914436223469,2026-09-01T17:31:29+00:00,high_exact_semantic_taxonomy_prefix,mapillary_india_group_00030,metadata_only_not_reviewed,no,expanded_20260901,major_city_ring_023,non_overlapping_major_city_ring,
1442379296117219,5497045990337630,5497045990337630,regulatory--no-left-turn--g2,no_left_turn,q3qu0bd18g0somctzuue7t,2021-01-19T06:27:58+00:00,1611037678079,101743165404889,pradeepbv,12.9707700,77.6045301,"Non-overlapping outer urban tile around Bengaluru, India; excludes the r07 centre box",Bengaluru outer tile,https://www.mapillary.com/app/?pKey=1442379296117219,2026-09-01T17:31:29+00:00,high_exact_semantic_taxonomy_prefix,mapillary_india_group_00043,metadata_only_not_reviewed,no,expanded_20260901,major_city_ring_021,non_overlapping_major_city_ring,
1442405566100745,1678484082539159,1678484082539159,regulatory--no-left-turn--g2,no_left_turn,_3I_0tvJhM7lB7DOKfGxdA,2018-02-04T04:07:02+00:00,1517717222095,109833741245768,richlv,12.9537510,77.5912449,"Non-overlapping outer urban tile around Bengaluru, India; excludes the r07 centre box",Bengaluru outer tile,https://www.mapillary.com/app/?pKey=1442405566100745,2026-09-01T17:31:29+00:00,high_exact_semantic_taxonomy_prefix,mapillary_india_group_00014,metadata_only_not_reviewed,no,expanded_20260901,major_city_ring_018,non_overlapping_major_city_ring,
1442697389406915,832190607406523,832190607406523,regulatory--no-left-turn--g2,no_left_turn,UgDdD_DIt5OOqMdPj0yzIw,2017-09-28T09:04:05+00:00,1506589445134,107202001513219,planemad,12.9740733,77.6110594,"Non-overlapping outer urban tile around Bengaluru, India; excludes the r07 centre box",Bengaluru outer tile,https://www.mapillary.com/app/?pKey=1442697389406915,2026-09-01T17:31:29+00:00,high_exact_semantic_taxonomy_prefix,mapillary_india_group_00002,metadata_only_not_reviewed,no,expanded_20260901,major_city_ring_021,non_overlapping_major_city_ring,
1450000702023214,3042103269344975,3042103269344975,regulatory--no-left-turn--g2,no_left_turn,qaxdkpmhfpui83slyu4c6q,2021-01-08T03:15:06+00:00,1610075706912,101743165404889,pradeepbv,12.9704973,77.6050306,"Non-overlapping outer urban tile around Bengaluru, India; excludes the r07 centre box",Bengaluru outer tile,https://www.mapillary.com/app/?pKey=1450000702023214,2026-09-01T17:31:29+00:00,high_exact_semantic_taxonomy_prefix,mapillary_india_group_00024,metadata_only_not_reviewed,no,expanded_20260901,major_city_ring_021,non_overlapping_major_city_ring,
1453203125025815,309588187317586,309588187317586,regulatory--no-left-turn--g2,no_left_turn,OdQ63PFoy8hSUE2I0G2mug,2017-10-29T07:57:06+00:00,1509263826481,108469318050957,yogi,12.9548362,77.5800010,"Non-overlapping outer urban tile around Bengaluru, India; excludes the r07 centre box",Bengaluru outer tile,https://www.mapillary.com/app/?pKey=1453203125025815,2026-09-01T17:31:29+00:00,high_exact_semantic_taxonomy_prefix,mapillary_india_group_00026,metadata_only_not_reviewed,no,expanded_20260901,major_city_ring_017,non_overlapping_major_city_ring,
1454115821591827,146715147422922,146715147422922,regulatory--no-left-turn--g2,no_left_turn,i64k97df2hnxaqdee6uush,2021-01-06T02:46:06+00:00,1609901166712,101743165404889,pradeepbv,12.9865020,77.5915045,"Non-overlapping outer urban tile around Bengaluru, India; excludes the r07 centre box",Bengaluru outer tile,https://www.mapillary.com/app/?pKey=1454115821591827,2026-09-01T17:31:29+00:00,high_exact_semantic_taxonomy_prefix,mapillary_india_group_00011,metadata_only_not_reviewed,no,expanded_20260901,major_city_ring_023,non_overlapping_major_city_ring,
1454958011514324,3042103269344975,3042103269344975,regulatory--no-left-turn--g2,no_left_turn,pwqw9fx44b6noshu359eyi,2021-02-10T09:18:21+00:00,1612948701851,101743165404889,pradeepbv,12.9705922,77.6049247,"Non-overlapping outer urban tile around Bengaluru, India; excludes the r07 centre box",Bengaluru outer tile,https://www.mapillary.com/app/?pKey=1454958011514324,2026-09-01T17:31:29+00:00,high_exact_semantic_taxonomy_prefix,mapillary_india_group_00024,metadata_only_not_reviewed,no,expanded_20260901,major_city_ring_021,non_overlapping_major_city_ring,
145859010888840,5497045990337630,5497045990337630,regulatory--no-left-turn--g2,no_left_turn,y3lytz9wvfkp438mpkugzx,2021-01-06T02:55:19+00:00,1609901719709,101743165404889,pradeepbv,12.9706664,77.6042079,"Non-overlapping outer urban tile around Bengaluru, India; excludes the r07 centre box",Bengaluru outer tile,https://www.mapillary.com/app/?pKey=145859010888840,2026-09-01T17:31:29+00:00,high_exact_semantic_taxonomy_prefix,mapillary_india_group_00043,metadata_only_not_reviewed,no,expanded_20260901,major_city_ring_021,non_overlapping_major_city_ring,
148821053869070,1064859994007298,1064859994007298,regulatory--no-left-turn--g1,no_left_turn,IxX3LSpSCAysokbuZMYp_A,2017-12-29T04:59:25+00:00,1514523565904,108127371422794,indusanthosh,10.5236300,76.2097538,"Curated interior coordinate centred on Thrissur, India",Thrissur,https://www.mapillary.com/app/?pKey=148821053869070,2026-09-01T17:31:29+00:00,high_exact_semantic_taxonomy_prefix,mapillary_india_group_00001,metadata_only_not_reviewed,no,expanded_20260901,additional_city_063,additional_city_or_town,
149760337277273,1383642135341383,1383642135341383,regulatory--no-left-turn--g2,no_left_turn,wjoUBHtAzqGCeWF82TdKng,2021-08-03T03:06:47+00:00,1627960007690,107354604835874,ibigroupgoa,12.9748665,77.6086709,"Non-overlapping outer urban tile around Bengaluru, India; excludes the r07 centre box",Bengaluru outer tile,https://www.mapillary.com/app/?pKey=149760337277273,2026-09-01T17:31:29+00:00,high_exact_semantic_taxonomy_prefix,mapillary_india_group_00005,metadata_only_not_reviewed,no,expanded_20260901,major_city_ring_021,non_overlapping_major_city_ring,
1515767605452392,1383642135341383,1383642135341383,regulatory--no-left-turn--g2,no_left_turn,wjoUBHtAzqGCeWF82TdKng,2021-08-03T03:06:46+00:00,1627960006975,107354604835874,ibigroupgoa,12.9748438,77.6087615,"Non-overlapping outer urban tile around Bengaluru, India; excludes the r07 centre box",Bengaluru outer tile,https://www.mapillary.com/app/?pKey=1515767605452392,2026-09-01T17:31:29+00:00,high_exact_semantic_taxonomy_prefix,mapillary_india_group_00005,metadata_only_not_reviewed,no,expanded_20260901,major_city_ring_021,non_overlapping_major_city_ring,
152647416870588,5497045990337630,5497045990337630,regulatory--no-left-turn--g2,no_left_turn,eom7w3f68b0llws7m7gdv2,2021-01-11T03:14:37+00:00,1610334877972,101743165404889,pradeepbv,12.9706961,77.6043359,"Non-overlapping outer urban tile around Bengaluru, India; excludes the r07 centre box",Bengaluru outer tile,https://www.mapillary.com/app/?pKey=152647416870588,2026-09-01T17:31:29+00:00,high_exact_semantic_taxonomy_prefix,mapillary_india_group_00043,metadata_only_not_reviewed,no,expanded_20260901,major_city_ring_021,non_overlapping_major_city_ring,
152673973458502,475628470339776,475628470339776,regulatory--no-left-turn--g2,no_left_turn,8EBl674rvo7cbCMfJIhKwg,2017-01-23T04:40:58+00:00,1485146458057,108469318050957,yogi,12.9705461,77.6098227,"Non-overlapping outer urban tile around Bengaluru, India; excludes the r07 centre box",Bengaluru outer tile,https://www.mapillary.com/app/?pKey=152673973458502,2026-09-01T17:31:29+00:00,high_exact_semantic_taxonomy_prefix,mapillary_india_group_00034,metadata_only_not_reviewed,no,expanded_20260901,major_city_ring_021,non_overlapping_major_city_ring,
152907964047871,1678484082539159,1678484082539159,regulatory--no-left-turn--g2,no_left_turn,mil7xUJesud3AWybVvGoX1,2022-08-29T12:09:29+00:00,1661774969121,109037777999283,olily,12.9539625,77.5911331,"Non-overlapping outer urban tile around Bengaluru, India; excludes the r07 centre box",Bengaluru outer tile,https://www.mapillary.com/app/?pKey=152907964047871,2026-09-01T17:31:29+00:00,high_exact_semantic_taxonomy_prefix,mapillary_india_group_00014,metadata_only_not_reviewed,no,expanded_20260901,major_city_ring_018,non_overlapping_major_city_ring,
154740486610158,3042103269344975,3042103269344975,regulatory--no-left-turn--g2,no_left_turn,mbehi1l7xuxryzaflpczz5,2021-01-19T08:44:12+00:00,1611045852031,101743165404889,pradeepbv,12.9703246,77.6051185,"Non-overlapping outer urban tile around Bengaluru, India; excludes the r07 centre box",Bengaluru outer tile,https://www.mapillary.com/app/?pKey=154740486610158,2026-09-01T17:31:29+00:00,high_exact_semantic_taxonomy_prefix,mapillary_india_group_00024,metadata_only_not_reviewed,no,expanded_20260901,major_city_ring_021,non_overlapping_major_city_ring,
154786146612907,1508384892703449,1508384892703449,regulatory--no-left-turn--g2,no_left_turn,pfw46nzk51m0gonja5k1zp,2019-10-08T07:24:00+00:00,1570519440906,109910087910218,jayp,12.9833625,77.5952975,"Non-overlapping outer urban tile around Bengaluru, India; excludes the r07 centre box",Bengaluru outer tile,https://www.mapillary.com/app/?pKey=154786146612907,2026-09-01T17:31:29+00:00,high_exact_semantic_taxonomy_prefix,mapillary_india_group_00013,metadata_only_not_reviewed,no,expanded_20260901,major_city_ring_023,non_overlapping_major_city_ring,
156465226433771,3042103269344975,3042103269344975,regulatory--no-left-turn--g2,no_left_turn,ukdjdp9u2px2nhu1v24rgh,2021-01-06T10:03:51+00:00,1609927431195,101743165404889,pradeepbv,12.9705414,77.6050566,"Non-overlapping outer urban tile around Bengaluru, India; excludes the r07 centre box",Bengaluru outer tile,https://www.mapillary.com/app/?pKey=156465226433771,2026-09-01T17:31:29+00:00,high_exact_semantic_taxonomy_prefix,mapillary_india_group_00024,metadata_only_not_reviewed,no,expanded_20260901,major_city_ring_021,non_overlapping_major_city_ring,
1588326584692791,1678484082539159,1678484082539159,regulatory--no-left-turn--g2,no_left_turn,_3I_0tvJhM7lB7DOKfGxdA,2018-02-04T04:06:56+00:00,1517717216100,109833741245768,richlv,12.9536882,77.5912273,"Non-overlapping outer urban tile around Bengaluru, India; excludes the r07 centre box",Bengaluru outer tile,https://www.mapillary.com/app/?pKey=1588326584692791,2026-09-01T17:31:29+00:00,high_exact_semantic_taxonomy_prefix,mapillary_india_group_00014,metadata_only_not_reviewed,no,expanded_20260901,major_city_ring_018,non_overlapping_major_city_ring,
159139460052642,1678484082539159,1678484082539159,regulatory--no-left-turn--g2,no_left_turn,mil7xUJesud3AWybVvGoX1,2022-08-29T12:09:26+00:00,1661774966097,109037777999283,olily,12.9540318,77.5908962,"Non-overlapping outer urban tile around Bengaluru, India; excludes the r07 centre box",Bengaluru outer tile,https://www.mapillary.com/app/?pKey=159139460052642,2026-09-01T17:31:29+00:00,high_exact_semantic_taxonomy_prefix,mapillary_india_group_00014,metadata_only_not_reviewed,no,expanded_20260901,major_city_ring_018,non_overlapping_major_city_ring,
1595197807350159,3042103269344975,3042103269344975,regulatory--no-left-turn--g2,no_left_turn,mbehi1l7xuxryzaflpczz5,2021-01-19T08:44:11+00:00,1611045851120,101743165404889,pradeepbv,12.9702816,77.6051441,"Non-overlapping outer urban tile around Bengaluru, India; excludes the r07 centre box",Bengaluru outer tile,https://www.mapillary.com/app/?pKey=1595197807350159,2026-09-01T17:31:29+00:00,high_exact_semantic_taxonomy_prefix,mapillary_india_group_00024,metadata_only_not_reviewed,no,expanded_20260901,major_city_ring_021,non_overlapping_major_city_ring,
1640507566996065,1419110073233719,1419110073233719,regulatory--no-left-turn--g2,no_left_turn,9S8hvLpg4m1X2aFjIBy7WY,2026-05-02T04:48:03+00:00,1777697283671,106724622478113,WPStan,19.0587634,72.8634424,"Non-overlapping outer urban tile around Mumbai, India; excludes the r07 centre box",Mumbai outer tile,https://www.mapillary.com/app/?pKey=1640507566996065,2026-09-01T17:31:29+00:00,high_exact_semantic_taxonomy_prefix,mapillary_india_group_00007,metadata_only_not_reviewed,no,expanded_20260901,major_city_ring_009,non_overlapping_major_city_ring,
1670608077694340,1419110073233719,1419110073233719,regulatory--no-left-turn--g2,no_left_turn,9S8hvLpg4m1X2aFjIBy7WY,2026-05-02T04:47:58+00:00,1777697278648,106724622478113,WPStan,19.0587670,72.8633833,"Non-overlapping outer urban tile around Mumbai, India; excludes the r07 centre box",Mumbai outer tile,https://www.mapillary.com/app/?pKey=1670608077694340,2026-09-01T17:31:29+00:00,high_exact_semantic_taxonomy_prefix,mapillary_india_group_00007,metadata_only_not_reviewed,no,expanded_20260901,major_city_ring_009,non_overlapping_major_city_ring,
167279441994539,3042103269344975,3042103269344975,regulatory--no-left-turn--g2,no_left_turn,mbehi1l7xuxryzaflpczz5,2021-01-19T08:44:15+00:00,1611045855075,101743165404889,pradeepbv,12.9704136,77.6050626,"Non-overlapping outer urban tile around Bengaluru, India; excludes the r07 centre box",Bengaluru outer tile,https://www.mapillary.com/app/?pKey=167279441994539,2026-09-01T17:31:29+00:00,high_exact_semantic_taxonomy_prefix,mapillary_india_group_00024,metadata_only_not_reviewed,no,expanded_20260901,major_city_ring_021,non_overlapping_major_city_ring,
1684866191693218,196759908934304,196759908934304,regulatory--no-left-turn--g2,no_left_turn,HbJ1OaxQLLjmjZ7tUixLbA,2018-01-23T16:15:37+00:00,1516724137000,101235428790074,venkanna37,12.9564381,77.5769247,"Non-overlapping outer urban tile around Bengaluru, India; excludes the r07 centre box",Bengaluru outer tile,https://www.mapillary.com/app/?pKey=1684866191693218,2026-09-01T17:31:29+00:00,high_exact_semantic_taxonomy_prefix,mapillary_india_group_00016,metadata_only_not_reviewed,no,expanded_20260901,major_city_ring_017,non_overlapping_major_city_ring,
1711667658994281,3042103269344975,3042103269344975,regulatory--no-left-turn--g2,no_left_turn,qaxdkpmhfpui83slyu4c6q,2021-01-08T03:15:04+00:00,1610075704817,101743165404889,pradeepbv,12.9704283,77.6050594,"Non-overlapping outer urban tile around Bengaluru, India; excludes the r07 centre box",Bengaluru outer tile,https://www.mapillary.com/app/?pKey=1711667658994281,2026-09-01T17:31:29+00:00,high_exact_semantic_taxonomy_prefix,mapillary_india_group_00024,metadata_only_not_reviewed,no,expanded_20260901,major_city_ring_021,non_overlapping_major_city_ring,
173120494680434,3878718328843471,3878718328843471,regulatory--no-left-turn--g2,no_left_turn,zA5s5_mFfn4C1CSPmAuvPw,2015-09-06T11:06:27+00:00,1441537587631,109606001268498,srividya,28.6317503,77.1987804,"Non-overlapping outer urban tile around Delhi, India; excludes the r07 centre box",Delhi outer tile,https://www.mapillary.com/app/?pKey=173120494680434,2026-09-01T17:31:29+00:00,high_exact_semantic_taxonomy_prefix,mapillary_india_group_00029,metadata_only_not_reviewed,no,expanded_20260901,major_city_ring_006,non_overlapping_major_city_ring,
174860931095104,832190607406523,832190607406523,regulatory--no-left-turn--g2,no_left_turn,UgDdD_DIt5OOqMdPj0yzIw,2017-09-28T09:04:03+00:00,1506589443136,107202001513219,planemad,12.9740343,77.6110561,"Non-overlapping outer urban tile around Bengaluru, India; excludes the r07 centre box",Bengaluru outer tile,https://www.mapillary.com/app/?pKey=174860931095104,2026-09-01T17:31:29+00:00,high_exact_semantic_taxonomy_prefix,mapillary_india_group_00002,metadata_only_not_reviewed,no,expanded_20260901,major_city_ring_021,non_overlapping_major_city_ring,
174873057890387,1383642135341383,1383642135341383,regulatory--no-left-turn--g2,no_left_turn,452z4au5glvoflg0f8smw0,2019-10-08T07:38:13+00:00,1570520293727,109910087910218,jayp,12.9749261,77.6083119,"Non-overlapping outer urban tile around Bengaluru, India; excludes the r07 centre box",Bengaluru outer tile,https://www.mapillary.com/app/?pKey=174873057890387,2026-09-01T17:31:29+00:00,high_exact_semantic_taxonomy_prefix,mapillary_india_group_00005,metadata_only_not_reviewed,no,expanded_20260901,major_city_ring_021,non_overlapping_major_city_ring,
1754512588069437,395035038634629,395035038634629,regulatory--no-left-turn--g1,no_left_turn,h3OW90tlPkYjmfIbQVJTGB,2021-08-03T02:37:07+00:00,1627958227272,107354604835874,ibigroupgoa,12.9866646,77.5952635,"Non-overlapping outer urban tile around Bengaluru, India; excludes the r07 centre box",Bengaluru outer tile,https://www.mapillary.com/app/?pKey=1754512588069437,2026-09-01T17:31:29+00:00,high_exact_semantic_taxonomy_prefix,mapillary_india_group_00030,metadata_only_not_reviewed,no,expanded_20260901,major_city_ring_023,non_overlapping_major_city_ring,
176255517704143,1508384892703449,1508384892703449,regulatory--no-left-turn--g2,no_left_turn,QYWOvBbxU3de1I48bzu9rw,2015-05-09T09:16:17+00:00,1431162977182,100389518872733,lxbarth,12.9833080,77.5954650,"Non-overlapping outer urban tile around Bengaluru, India; excludes the r07 centre box",Bengaluru outer tile,https://www.mapillary.com/app/?pKey=176255517704143,2026-09-01T17:31:29+00:00,high_exact_semantic_taxonomy_prefix,mapillary_india_group_00013,metadata_only_not_reviewed,no,expanded_20260901,major_city_ring_023,non_overlapping_major_city_ring,
176925284340021,3042103269344975,3042103269344975,regulatory--no-left-turn--g2,no_left_turn,pwqw9fx44b6noshu359eyi,2021-02-10T09:18:18+00:00,1612948698946,101743165404889,pradeepbv,12.9704662,77.6049932,"Non-overlapping outer urban tile around Bengaluru, India; excludes the r07 centre box",Bengaluru outer tile,https://www.mapillary.com/app/?pKey=176925284340021,2026-09-01T17:31:29+00:00,high_exact_semantic_taxonomy_prefix,mapillary_india_group_00024,metadata_only_not_reviewed,no,expanded_20260901,major_city_ring_021,non_overlapping_major_city_ring,
1780592205955032,2056217061838679,2056217061838679,regulatory--no-left-turn--g2,no_left_turn,doXFjK0Shsn1tHWPvOaIM2,2026-01-19T05:57:24+00:00,1768802244028,1390940191591088,Absawant,18.5074478,73.8537304,"Non-overlapping outer urban tile around Pune, India; excludes the r07 centre box",Pune outer tile,https://www.mapillary.com/app/?pKey=1780592205955032,2026-09-01T17:31:29+00:00,high_exact_semantic_taxonomy_prefix,mapillary_india_group_00017,metadata_only_not_reviewed,no,expanded_20260901,major_city_ring_050,non_overlapping_major_city_ring,
178549157487156,3042103269344975,3042103269344975,regulatory--no-left-turn--g2,no_left_turn,qaxdkpmhfpui83slyu4c6q,2021-01-08T03:14:37+00:00,1610075677992,101743165404889,pradeepbv,12.9702906,77.6051352,"Non-overlapping outer urban tile around Bengaluru, India; excludes the r07 centre box",Bengaluru outer tile,https://www.mapillary.com/app/?pKey=178549157487156,2026-09-01T17:31:29+00:00,high_exact_semantic_taxonomy_prefix,mapillary_india_group_00024,metadata_only_not_reviewed,no,expanded_20260901,major_city_ring_021,non_overlapping_major_city_ring,
179968547311381,1383642135341383,1383642135341383,regulatory--no-left-turn--g2,no_left_turn,yBKYRQK5NkQJ41V8cSHxHQ,2015-02-25T08:29:50+00:00,1424852990000,100389518872733,lxbarth,12.9748840,77.6085320,"Non-overlapping outer urban tile around Bengaluru, India; excludes the r07 centre box",Bengaluru outer tile,https://www.mapillary.com/app/?pKey=179968547311381,2026-09-01T17:31:29+00:00,high_exact_semantic_taxonomy_prefix,mapillary_india_group_00005,metadata_only_not_reviewed,no,expanded_20260901,major_city_ring_021,non_overlapping_major_city_ring,
180915077231618,922865035176255,922865035176255,regulatory--no-left-turn--g2,no_left_turn,a7adwir86js8zsvr8rl4a3,2021-02-10T08:54:24+00:00,1612947264787,101743165404889,pradeepbv,12.9867036,77.5911160,"Non-overlapping outer urban tile around Bengaluru, India; excludes the r07 centre box",Bengaluru outer tile,https://www.mapillary.com/app/?pKey=180915077231618,2026-09-01T17:31:29+00:00,high_exact_semantic_taxonomy_prefix,mapillary_india_group_00011,metadata_only_not_reviewed,no,expanded_20260901,major_city_ring_023,non_overlapping_major_city_ring,
180955070460059,482293629758113,482293629758113,regulatory--no-left-turn--g2,no_left_turn,yAp9gFhya1IGeXvi2lzvzw,2018-02-04T05:18:14+00:00,1517721494153,109833741245768,richlv,12.9540055,77.5917867,"Non-overlapping outer urban tile around Bengaluru, India; excludes the r07 centre box",Bengaluru outer tile,https://www.mapillary.com/app/?pKey=180955070460059,2026-09-01T17:31:29+00:00,high_exact_semantic_taxonomy_prefix,mapillary_india_group_00036,metadata_only_not_reviewed,no,expanded_20260901,major_city_ring_018,non_overlapping_major_city_ring,
181571340625137,1383642135341383,1383642135341383,regulatory--no-left-turn--g2,no_left_turn,wjoUBHtAzqGCeWF82TdKng,2021-08-03T03:06:48+00:00,1627960008799,107354604835874,ibigroupgoa,12.9748899,77.6085802,"Non-overlapping outer urban tile around Bengaluru, India; excludes the r07 centre box",Bengaluru outer tile,https://www.mapillary.com/app/?pKey=181571340625137,2026-09-01T17:31:29+00:00,high_exact_semantic_taxonomy_prefix,mapillary_india_group_00005,metadata_only_not_reviewed,no,expanded_20260901,major_city_ring_021,non_overlapping_major_city_ring,
1822203902499494,1211117807761377,1211117807761377,regulatory--no-left-turn--g2,no_left_turn,1zJ6y0KrLbwIc87gjYXqQP,2026-04-01T06:02:58+00:00,1775023378087,1226028326356068,jegadeeshcumta,13.0787380,80.2519609,"Non-overlapping outer urban tile around Chennai, India; excludes the r07 centre box",Chennai outer tile,https://www.mapillary.com/app/?pKey=1822203902499494,2026-09-01T17:31:29+00:00,high_exact_semantic_taxonomy_prefix,mapillary_india_group_00003,metadata_only_not_reviewed,no,expanded_20260901,major_city_ring_028,non_overlapping_major_city_ring,
1852296841599201,5497045990337630,5497045990337630,regulatory--no-left-turn--g2,no_left_turn,uith6u0f8aqvn06awi8nwb,2021-01-11T09:45:25+00:00,1610358325328,101743165404889,pradeepbv,12.9707388,77.6043934,"Non-overlapping outer urban tile around Bengaluru, India; excludes the r07 centre box",Bengaluru outer tile,https://www.mapillary.com/app/?pKey=1852296841599201,2026-09-01T17:31:29+00:00,high_exact_semantic_taxonomy_prefix,mapillary_india_group_00043,metadata_only_not_reviewed,no,expanded_20260901,major_city_ring_021,non_overlapping_major_city_ring,
193738912570545,146715147422922,146715147422922,regulatory--no-left-turn--g2,no_left_turn,i64k97df2hnxaqdee6uush,2021-01-06T02:46:01+00:00,1609901161715,101743165404889,pradeepbv,12.9866193,77.5912356,"Non-overlapping outer urban tile around Bengaluru, India; excludes the r07 centre box",Bengaluru outer tile,https://www.mapillary.com/app/?pKey=193738912570545,2026-09-01T17:31:29+00:00,high_exact_semantic_taxonomy_prefix,mapillary_india_group_00011,metadata_only_not_reviewed,no,expanded_20260901,major_city_ring_023,non_overlapping_major_city_ring,
194847259127759,146715147422922,146715147422922,regulatory--no-left-turn--g2,no_left_turn,a7adwir86js8zsvr8rl4a3,2021-02-10T08:54:25+00:00,1612947265938,101743165404889,pradeepbv,12.9866693,77.5912163,"Non-overlapping outer urban tile around Bengaluru, India; excludes the r07 centre box",Bengaluru outer tile,https://www.mapillary.com/app/?pKey=194847259127759,2026-09-01T17:31:29+00:00,high_exact_semantic_taxonomy_prefix,mapillary_india_group_00011,metadata_only_not_reviewed,no,expanded_20260901,major_city_ring_023,non_overlapping_major_city_ring,
204183511514647,771362733563703,771362733563703,regulatory--no-left-turn--g2,no_left_turn,zpM4PDHQ47ZRDFtSrYX9Eg,2016-01-02T11:32:19+00:00,1451734339228,106868151546426,shravan91,12.9909682,77.6132909,"Non-overlapping outer urban tile around Bengaluru, India; excludes the r07 centre box",Bengaluru outer tile,https://www.mapillary.com/app/?pKey=204183511514647,2026-09-01T17:31:29+00:00,high_exact_semantic_taxonomy_prefix,mapillary_india_group_00048,metadata_only_not_reviewed,no,expanded_20260901,major_city_ring_024,non_overlapping_major_city_ring,
207916684206368,1678484082539159,1678484082539159,regulatory--no-left-turn--g2,no_left_turn,_3I_0tvJhM7lB7DOKfGxdA,2018-02-04T04:06:54+00:00,1517717214034,109833741245768,richlv,12.9536695,77.5912166,"Non-overlapping outer urban tile around Bengaluru, India; excludes the r07 centre box",Bengaluru outer tile,https://www.mapillary.com/app/?pKey=207916684206368,2026-09-01T17:31:29+00:00,high_exact_semantic_taxonomy_prefix,mapillary_india_group_00014,metadata_only_not_reviewed,no,expanded_20260901,major_city_ring_018,non_overlapping_major_city_ring,
209817750739923,5497045990337630,5497045990337630,regulatory--no-left-turn--g2,no_left_turn,uith6u0f8aqvn06awi8nwb,2021-01-11T09:45:29+00:00,1610358329076,101743165404889,pradeepbv,12.9707725,77.6044836,"Non-overlapping outer urban tile around Bengaluru, India; excludes the r07 centre box",Bengaluru outer tile,https://www.mapillary.com/app/?pKey=209817750739923,2026-09-01T17:31:29+00:00,high_exact_semantic_taxonomy_prefix,mapillary_india_group_00043,metadata_only_not_reviewed,no,expanded_20260901,major_city_ring_021,non_overlapping_major_city_ring,
212043264262087,806821263333316,806821263333316,regulatory--no-left-turn--g2,no_left_turn,xYUgFLOmHp5ozthGiRKC6j,2021-08-03T03:19:38+00:00,1627960778784,138886808313564,muruligowda,12.9744633,77.6077292,"Non-overlapping outer urban tile around Bengaluru, India; excludes the r07 centre box",Bengaluru outer tile,https://www.mapillary.com/app/?pKey=212043264262087,2026-09-01T17:31:29+00:00,high_exact_semantic_taxonomy_prefix,mapillary_india_group_00050,metadata_only_not_reviewed,no,expanded_20260901,major_city_ring_021,non_overlapping_major_city_ring,
218310969652069,1678484082539159,1678484082539159,regulatory--no-left-turn--g2,no_left_turn,_3I_0tvJhM7lB7DOKfGxdA,2018-02-04T04:07:04+00:00,1517717224119,109833741245768,richlv,12.9537707,77.5912484,"Non-overlapping outer urban tile around Bengaluru, India; excludes the r07 centre box",Bengaluru outer tile,https://www.mapillary.com/app/?pKey=218310969652069,2026-09-01T17:31:29+00:00,high_exact_semantic_taxonomy_prefix,mapillary_india_group_00014,metadata_only_not_reviewed,no,expanded_20260901,major_city_ring_018,non_overlapping_major_city_ring,
219147619656071,2915265565416738,2915265565416738,regulatory--no-left-turn--g2,no_left_turn,Ic3Bfxv0BvMEclPYcIE1IA,2018-02-14T04:52:36+00:00,1518583956635,109833741245768,richlv,12.9713910,77.5804299,"Non-overlapping outer urban tile around Bengaluru, India; excludes the r07 centre box",Bengaluru outer tile,https://www.mapillary.com/app/?pKey=219147619656071,2026-09-01T17:31:29+00:00,high_exact_semantic_taxonomy_prefix,mapillary_india_group_00021,metadata_only_not_reviewed,no,expanded_20260901,major_city_ring_020,non_overlapping_major_city_ring,
2259373357526825,1678484082539159,1678484082539159,regulatory--no-left-turn--g2,no_left_turn,_3I_0tvJhM7lB7DOKfGxdA,2018-02-04T04:07:00+00:00,1517717220104,109833741245768,richlv,12.9537283,77.5912404,"Non-overlapping outer urban tile around Bengaluru, India; excludes the r07 centre box",Bengaluru outer tile,https://www.mapillary.com/app/?pKey=2259373357526825,2026-09-01T17:31:29+00:00,high_exact_semantic_taxonomy_prefix,mapillary_india_group_00014,metadata_only_not_reviewed,no,expanded_20260901,major_city_ring_018,non_overlapping_major_city_ring,
229885072267704,5497045990337630,5497045990337630,regulatory--no-left-turn--g2,no_left_turn,a7adwir86js8zsvr8rl4a3,2021-02-10T09:10:37+00:00,1612948237817,101743165404889,pradeepbv,12.9708149,77.6045413,"Non-overlapping outer urban tile around Bengaluru, India; excludes the r07 centre box",Bengaluru outer tile,https://www.mapillary.com/app/?pKey=229885072267704,2026-09-01T17:31:29+00:00,high_exact_semantic_taxonomy_prefix,mapillary_india_group_00043,metadata_only_not_reviewed,no,expanded_20260901,major_city_ring_021,non_overlapping_major_city_ring,
239039161305286,794355408172361,794355408172361,regulatory--no-left-turn--g2,no_left_turn,T--mvkfLlcgYp6JdeWJwMg,2015-03-04T14:30:35+00:00,1425479435000,109214254640685,sashazykov,11.9410675,79.8082426,"Curated interior coordinate centred on Puducherry, India",Puducherry,https://www.mapillary.com/app/?pKey=239039161305286,2026-09-01T17:31:29+00:00,high_exact_semantic_taxonomy_prefix,mapillary_india_group_00049,metadata_only_not_reviewed,no,expanded_20260901,additional_city_066,additional_city_or_town,
254610023121793,1678484082539159,1678484082539159,regulatory--no-left-turn--g2,no_left_turn,_3I_0tvJhM7lB7DOKfGxdA,2018-02-04T04:07:14+00:00,1517717234672,109833741245768,richlv,12.9538666,77.5911945,"Non-overlapping outer urban tile around Bengaluru, India; excludes the r07 centre box",Bengaluru outer tile,https://www.mapillary.com/app/?pKey=254610023121793,2026-09-01T17:31:29+00:00,high_exact_semantic_taxonomy_prefix,mapillary_india_group_00014,metadata_only_not_reviewed,no,expanded_20260901,major_city_ring_018,non_overlapping_major_city_ring,
2579753505504003,3042103269344975,3042103269344975,regulatory--no-left-turn--g2,no_left_turn,mbehi1l7xuxryzaflpczz5,2021-01-19T08:44:13+00:00,1611045853181,101743165404889,pradeepbv,12.9703680,77.6050930,"Non-overlapping outer urban tile around Bengaluru, India; excludes the r07 centre box",Bengaluru outer tile,https://www.mapillary.com/app/?pKey=2579753505504003,2026-09-01T17:31:29+00:00,high_exact_semantic_taxonomy_prefix,mapillary_india_group_00024,metadata_only_not_reviewed,no,expanded_20260901,major_city_ring_021,non_overlapping_major_city_ring,
266903121465390,1383642135341383,1383642135341383,regulatory--no-left-turn--g2,no_left_turn,wjoUBHtAzqGCeWF82TdKng,2021-08-03T03:06:51+00:00,1627960011771,107354604835874,ibigroupgoa,12.9749434,77.6083436,"Non-overlapping outer urban tile around Bengaluru, India; excludes the r07 centre box",Bengaluru outer tile,https://www.mapillary.com/app/?pKey=266903121465390,2026-09-01T17:31:29+00:00,high_exact_semantic_taxonomy_prefix,mapillary_india_group_00005,metadata_only_not_reviewed,no,expanded_20260901,major_city_ring_021,non_overlapping_major_city_ring,
2753256321653696,196759908934304,196759908934304,regulatory--no-left-turn--g2,no_left_turn,HbJ1OaxQLLjmjZ7tUixLbA,2018-01-23T16:15:35+00:00,1516724135000,101235428790074,venkanna37,12.9564581,77.5768131,"Non-overlapping outer urban tile around Bengaluru, India; excludes the r07 centre box",Bengaluru outer tile,https://www.mapillary.com/app/?pKey=2753256321653696,2026-09-01T17:31:29+00:00,high_exact_semantic_taxonomy_prefix,mapillary_india_group_00016,metadata_only_not_reviewed,no,expanded_20260901,major_city_ring_017,non_overlapping_major_city_ring,
2836734659877838,3042103269344975,3042103269344975,regulatory--no-left-turn--g2,no_left_turn,1XvKaaQynAnN0NnYRoGw1A,2016-12-17T05:13:47+00:00,1481951627395,108469318050957,yogi,12.9705269,77.6049398,"Non-overlapping outer urban tile around Bengaluru, India; excludes the r07 centre box",Bengaluru outer tile,https://www.mapillary.com/app/?pKey=2836734659877838,2026-09-01T17:31:29+00:00,high_exact_semantic_taxonomy_prefix,mapillary_india_group_00024,metadata_only_not_reviewed,no,expanded_20260901,major_city_ring_021,non_overlapping_major_city_ring,
286211339888206,5497045990337630,5497045990337630,regulatory--no-left-turn--g2,no_left_turn,txkh1nrfypy0961xas7ofa,2021-01-08T03:07:38+00:00,1610075258816,101743165404889,pradeepbv,12.9707403,77.6043814,"Non-overlapping outer urban tile around Bengaluru, India; excludes the r07 centre box",Bengaluru outer tile,https://www.mapillary.com/app/?pKey=286211339888206,2026-09-01T17:31:29+00:00,high_exact_semantic_taxonomy_prefix,mapillary_india_group_00043,metadata_only_not_reviewed,no,expanded_20260901,major_city_ring_021,non_overlapping_major_city_ring,
2887767828105249,1678484082539159,1678484082539159,regulatory--no-left-turn--g2,no_left_turn,_3I_0tvJhM7lB7DOKfGxdA,2018-02-04T04:07:08+00:00,1517717228947,109833741245768,richlv,12.9538195,77.5912333,"Non-overlapping outer urban tile around Bengaluru, India; excludes the r07 centre box",Bengaluru outer tile,https://www.mapillary.com/app/?pKey=2887767828105249,2026-09-01T17:31:29+00:00,high_exact_semantic_taxonomy_prefix,mapillary_india_group_00014,metadata_only_not_reviewed,no,expanded_20260901,major_city_ring_018,non_overlapping_major_city_ring,
2897560097153972,3042103269344975,3042103269344975,regulatory--no-left-turn--g2,no_left_turn,pwqw9fx44b6noshu359eyi,2021-02-10T09:18:20+00:00,1612948700944,101743165404889,pradeepbv,12.9705526,77.6049460,"Non-overlapping outer urban tile around Bengaluru, India; excludes the r07 centre box",Bengaluru outer tile,https://www.mapillary.com/app/?pKey=2897560097153972,2026-09-01T17:31:29+00:00,high_exact_semantic_taxonomy_prefix,mapillary_india_group_00024,metadata_only_not_reviewed,no,expanded_20260901,major_city_ring_021,non_overlapping_major_city_ring,
2898463293760843,3042103269344975,3042103269344975,regulatory--no-left-turn--g2,no_left_turn,pwqw9fx44b6noshu359eyi,2021-02-10T09:18:22+00:00,1612948702662,101743165404889,pradeepbv,12.9706280,77.6049053,"Non-overlapping outer urban tile around Bengaluru, India; excludes the r07 centre box",Bengaluru outer tile,https://www.mapillary.com/app/?pKey=2898463293760843,2026-09-01T17:31:29+00:00,high_exact_semantic_taxonomy_prefix,mapillary_india_group_00024,metadata_only_not_reviewed,no,expanded_20260901,major_city_ring_021,non_overlapping_major_city_ring,
2916957175226471,499018107959474,499018107959474,regulatory--no-left-turn--g1,no_left_turn,SO0ZDIFZIW7TOzTvk4d39A,2017-11-19T06:35:47+00:00,1511073347544,107887898114051,aditisarwate,18.5188625,73.8600653,"Map feature coordinate returned inside curated Pune, India search box",Pune,https://www.mapillary.com/app/?pKey=2916957175226471,2026-09-01T15:58:36+00:00,high_exact_semantic_taxonomy_prefix,mapillary_india_group_00041,metadata_only_not_reviewed,no,r07,r07_city_centre,r07_city_centre,mapillary_india_group_00013
2918422725092563,5497045990337630,5497045990337630,regulatory--no-left-turn--g2,no_left_turn,y3lytz9wvfkp438mpkugzx,2021-01-06T02:55:24+00:00,1609901724701,101743165404889,pradeepbv,12.9707861,77.6044772,"Non-overlapping outer urban tile around Bengaluru, India; excludes the r07 centre box",Bengaluru outer tile,https://www.mapillary.com/app/?pKey=2918422725092563,2026-09-01T17:31:29+00:00,high_exact_semantic_taxonomy_prefix,mapillary_india_group_00043,metadata_only_not_reviewed,no,expanded_20260901,major_city_ring_021,non_overlapping_major_city_ring,
291943962537192,491103788900157,491103788900157;491865632157306,regulatory--no-left-turn--g2,no_left_turn,8fgD0NWLQY62CnBcPf6UiQ,2018-09-24T07:19:47+00:00,1537773587968,109909584575154,prtksxna,15.4972528,73.8322599,"Curated interior coordinate centred on Panaji, India",Panaji,https://www.mapillary.com/app/?pKey=291943962537192,2026-09-01T17:31:29+00:00,high_exact_semantic_taxonomy_prefix,mapillary_india_group_00039,metadata_only_not_reviewed,no,expanded_20260901,additional_city_061,additional_city_or_town,
2933054330270767,5497045990337630,5497045990337630,regulatory--no-left-turn--g2,no_left_turn,txkh1nrfypy0961xas7ofa,2021-01-08T03:07:40+00:00,1610075260914,101743165404889,pradeepbv,12.9707659,77.6044571,"Non-overlapping outer urban tile around Bengaluru, India; excludes the r07 centre box",Bengaluru outer tile,https://www.mapillary.com/app/?pKey=2933054330270767,2026-09-01T17:31:29+00:00,high_exact_semantic_taxonomy_prefix,mapillary_india_group_00043,metadata_only_not_reviewed,no,expanded_20260901,major_city_ring_021,non_overlapping_major_city_ring,
2938464769700660,3042103269344975,3042103269344975,regulatory--no-left-turn--g2,no_left_turn,pwqw9fx44b6noshu359eyi,2021-02-10T09:18:17+00:00,1612948697865,101743165404889,pradeepbv,12.9704185,77.6050181,"Non-overlapping outer urban tile around Bengaluru, India; excludes the r07 centre box",Bengaluru outer tile,https://www.mapillary.com/app/?pKey=2938464769700660,2026-09-01T17:31:29+00:00,high_exact_semantic_taxonomy_prefix,mapillary_india_group_00024,metadata_only_not_reviewed,no,expanded_20260901,major_city_ring_021,non_overlapping_major_city_ring,
294140269054104,1134601427027919,1134601427027919,regulatory--no-left-turn--g1,no_left_turn,pfw46nzk51m0gonja5k1zp,2019-10-08T07:36:21+00:00,1570520181866,109910087910218,jayp,12.9742345,77.6115158,"Non-overlapping outer urban tile around Bengaluru, India; excludes the r07 centre box",Bengaluru outer tile,https://www.mapillary.com/app/?pKey=294140269054104,2026-09-01T17:31:29+00:00,high_exact_semantic_taxonomy_prefix,mapillary_india_group_00002,metadata_only_not_reviewed,no,expanded_20260901,major_city_ring_021,non_overlapping_major_city_ring,
294607878860259,1678484082539159,1678484082539159,regulatory--no-left-turn--g2,no_left_turn,_3I_0tvJhM7lB7DOKfGxdA,2018-02-04T04:07:16+00:00,1517717236107,109833741245768,richlv,12.9538800,77.5911939,"Non-overlapping outer urban tile around Bengaluru, India; excludes the r07 centre box",Bengaluru outer tile,https://www.mapillary.com/app/?pKey=294607878860259,2026-09-01T17:31:29+00:00,high_exact_semantic_taxonomy_prefix,mapillary_india_group_00014,metadata_only_not_reviewed,no,expanded_20260901,major_city_ring_018,non_overlapping_major_city_ring,
2950046345253776,922865035176255,922865035176255,regulatory--no-left-turn--g2,no_left_turn,702ttfmw0mqrckexsqpspb,2021-02-10T03:03:21+00:00,1612926201362,101743165404889,pradeepbv,12.9867342,77.5909993,"Non-overlapping outer urban tile around Bengaluru, India; excludes the r07 centre box",Bengaluru outer tile,https://www.mapillary.com/app/?pKey=2950046345253776,2026-09-01T17:31:29+00:00,high_exact_semantic_taxonomy_prefix,mapillary_india_group_00011,metadata_only_not_reviewed,no,expanded_20260901,major_city_ring_023,non_overlapping_major_city_ring,
295393232299278,1508384892703449,1508384892703449,regulatory--no-left-turn--g2,no_left_turn,pfw46nzk51m0gonja5k1zp,2019-10-08T07:24:02+00:00,1570519442904,109910087910218,jayp,12.9833020,77.5954657,"Non-overlapping outer urban tile around Bengaluru, India; excludes the r07 centre box",Bengaluru outer tile,https://www.mapillary.com/app/?pKey=295393232299278,2026-09-01T17:31:29+00:00,high_exact_semantic_taxonomy_prefix,mapillary_india_group_00013,metadata_only_not_reviewed,no,expanded_20260901,major_city_ring_023,non_overlapping_major_city_ring,
2971932853081411,3042103269344975,3042103269344975,regulatory--no-left-turn--g2,no_left_turn,pwqw9fx44b6noshu359eyi,2021-02-10T09:18:19+00:00,1612948699825,101743165404889,pradeepbv,12.9705043,77.6049720,"Non-overlapping outer urban tile around Bengaluru, India; excludes the r07 centre box",Bengaluru outer tile,https://www.mapillary.com/app/?pKey=2971932853081411,2026-09-01T17:31:29+00:00,high_exact_semantic_taxonomy_prefix,mapillary_india_group_00024,metadata_only_not_reviewed,no,expanded_20260901,major_city_ring_021,non_overlapping_major_city_ring,
2986306348281118,146715147422922,146715147422922,regulatory--no-left-turn--g2,no_left_turn,i64k97df2hnxaqdee6uush,2021-01-06T02:46:05+00:00,1609901165683,101743165404889,pradeepbv,12.9865223,77.5914503,"Non-overlapping outer urban tile around Bengaluru, India; excludes the r07 centre box",Bengaluru outer tile,https://www.mapillary.com/app/?pKey=2986306348281118,2026-09-01T17:31:29+00:00,high_exact_semantic_taxonomy_prefix,mapillary_india_group_00011,metadata_only_not_reviewed,no,expanded_20260901,major_city_ring_023,non_overlapping_major_city_ring,
298695168410657,2915265565416738,2915265565416738,regulatory--no-left-turn--g2,no_left_turn,Ic3Bfxv0BvMEclPYcIE1IA,2018-02-14T04:52:33+00:00,1518583953493,109833741245768,richlv,12.9713696,77.5804048,"Non-overlapping outer urban tile around Bengaluru, India; excludes the r07 centre box",Bengaluru outer tile,https://www.mapillary.com/app/?pKey=298695168410657,2026-09-01T17:31:29+00:00,high_exact_semantic_taxonomy_prefix,mapillary_india_group_00021,metadata_only_not_reviewed,no,expanded_20260901,major_city_ring_020,non_overlapping_major_city_ring,
3008472936108585,395035038634629,395035038634629,regulatory--no-left-turn--g1,no_left_turn,h3OW90tlPkYjmfIbQVJTGB,2021-08-03T02:37:04+00:00,1627958224374,107354604835874,ibigroupgoa,12.9864537,77.5954335,"Non-overlapping outer urban tile around Bengaluru, India; excludes the r07 centre box",Bengaluru outer tile,https://www.mapillary.com/app/?pKey=3008472936108585,2026-09-01T17:31:29+00:00,high_exact_semantic_taxonomy_prefix,mapillary_india_group_00030,metadata_only_not_reviewed,no,expanded_20260901,major_city_ring_023,non_overlapping_major_city_ring,
3016011845390520,2915265565416738,2915265565416738,regulatory--no-left-turn--g2,no_left_turn,Ic3Bfxv0BvMEclPYcIE1IA,2018-02-14T04:52:23+00:00,1518583943144,109833741245768,richlv,12.9712897,77.5803358,"Non-overlapping outer urban tile around Bengaluru, India; excludes the r07 centre box",Bengaluru outer tile,https://www.mapillary.com/app/?pKey=3016011845390520,2026-09-01T17:31:29+00:00,high_exact_semantic_taxonomy_prefix,mapillary_india_group_00021,metadata_only_not_reviewed,no,expanded_20260901,major_city_ring_020,non_overlapping_major_city_ring,
304181787771560,499018107959474,499018107959474,regulatory--no-left-turn--g1,no_left_turn,SO0ZDIFZIW7TOzTvk4d39A,2017-11-19T06:35:46+00:00,1511073346377,107887898114051,aditisarwate,18.5188908,73.8601207,"Map feature coordinate returned inside curated Pune, India search box",Pune,https://www.mapillary.com/app/?pKey=304181787771560,2026-09-01T15:58:36+00:00,high_exact_semantic_taxonomy_prefix,mapillary_india_group_00041,metadata_only_not_reviewed,no,r07,r07_city_centre,r07_city_centre,mapillary_india_group_00013
304255044498047,5497045990337630,5497045990337630,regulatory--no-left-turn--g2,no_left_turn,uith6u0f8aqvn06awi8nwb,2021-01-11T09:45:27+00:00,1610358327183,101743165404889,pradeepbv,12.9707571,77.6044410,"Non-overlapping outer urban tile around Bengaluru, India; excludes the r07 centre box",Bengaluru outer tile,https://www.mapillary.com/app/?pKey=304255044498047,2026-09-01T17:31:29+00:00,high_exact_semantic_taxonomy_prefix,mapillary_india_group_00043,metadata_only_not_reviewed,no,expanded_20260901,major_city_ring_021,non_overlapping_major_city_ring,
305075241015029,3878718328843471,3878718328843471,regulatory--no-left-turn--g2,no_left_turn,zA5s5_mFfn4C1CSPmAuvPw,2015-09-06T11:06:25+00:00,1441537585488,109606001268498,srividya,28.6317615,77.1987898,"Non-overlapping outer urban tile around Delhi, India; excludes the r07 centre box",Delhi outer tile,https://www.mapillary.com/app/?pKey=305075241015029,2026-09-01T17:31:29+00:00,high_exact_semantic_taxonomy_prefix,mapillary_india_group_00029,metadata_only_not_reviewed,no,expanded_20260901,major_city_ring_006,non_overlapping_major_city_ring,
306901791023594,5497045990337630,5497045990337630,regulatory--no-left-turn--g2,no_left_turn,y3lytz9wvfkp438mpkugzx,2021-01-06T02:55:20+00:00,1609901720776,101743165404889,pradeepbv,12.9706907,77.6042610,"Non-overlapping outer urban tile around Bengaluru, India; excludes the r07 centre box",Bengaluru outer tile,https://www.mapillary.com/app/?pKey=306901791023594,2026-09-01T17:31:29+00:00,high_exact_semantic_taxonomy_prefix,mapillary_india_group_00043,metadata_only_not_reviewed,no,expanded_20260901,major_city_ring_021,non_overlapping_major_city_ring,
310504003869357,5497045990337630,5497045990337630,regulatory--no-left-turn--g2,no_left_turn,q3qu0bd18g0somctzuue7t,2021-01-19T06:26:42+00:00,1611037602979,101743165404889,pradeepbv,12.9706186,77.6042271,"Non-overlapping outer urban tile around Bengaluru, India; excludes the r07 centre box",Bengaluru outer tile,https://www.mapillary.com/app/?pKey=310504003869357,2026-09-01T17:31:29+00:00,high_exact_semantic_taxonomy_prefix,mapillary_india_group_00043,metadata_only_not_reviewed,no,expanded_20260901,major_city_ring_021,non_overlapping_major_city_ring,
313016257062063,3042103269344975,3042103269344975,regulatory--no-left-turn--g2,no_left_turn,47j4r1vwee8jthu2kaeif0,2021-01-11T03:29:39+00:00,1610335779040,101743165404889,pradeepbv,12.9705080,77.6049845,"Non-overlapping outer urban tile around Bengaluru, India; excludes the r07 centre box",Bengaluru outer tile,https://www.mapillary.com/app/?pKey=313016257062063,2026-09-01T17:31:29+00:00,high_exact_semantic_taxonomy_prefix,mapillary_india_group_00024,metadata_only_not_reviewed,no,expanded_20260901,major_city_ring_021,non_overlapping_major_city_ring,
317619143068367,475628470339776,475628470339776,regulatory--no-left-turn--g2,no_left_turn,8EBl674rvo7cbCMfJIhKwg,2017-01-23T04:40:59+00:00,1485146459814,108469318050957,yogi,12.9705071,77.6099279,"Non-overlapping outer urban tile around Bengaluru, India; excludes the r07 centre box",Bengaluru outer tile,https://www.mapillary.com/app/?pKey=317619143068367,2026-09-01T17:31:29+00:00,high_exact_semantic_taxonomy_prefix,mapillary_india_group_00034,metadata_only_not_reviewed,no,expanded_20260901,major_city_ring_021,non_overlapping_major_city_ring,
323509302499068,5497045990337630,5497045990337630,regulatory--no-left-turn--g2,no_left_turn,y3lytz9wvfkp438mpkugzx,2021-01-06T02:55:22+00:00,1609901722834,101743165404889,pradeepbv,12.9707407,77.6043722,"Non-overlapping outer urban tile around Bengaluru, India; excludes the r07 centre box",Bengaluru outer tile,https://www.mapillary.com/app/?pKey=323509302499068,2026-09-01T17:31:29+00:00,high_exact_semantic_taxonomy_prefix,mapillary_india_group_00043,metadata_only_not_reviewed,no,expanded_20260901,major_city_ring_021,non_overlapping_major_city_ring,
323792092761960,1383642135341383,1383642135341383,regulatory--no-left-turn--g2,no_left_turn,wjoUBHtAzqGCeWF82TdKng,2021-08-03T03:06:50+00:00,1627960010479,107354604835874,ibigroupgoa,12.9749300,77.6084114,"Non-overlapping outer urban tile around Bengaluru, India; excludes the r07 centre box",Bengaluru outer tile,https://www.mapillary.com/app/?pKey=323792092761960,2026-09-01T17:31:29+00:00,high_exact_semantic_taxonomy_prefix,mapillary_india_group_00005,metadata_only_not_reviewed,no,expanded_20260901,major_city_ring_021,non_overlapping_major_city_ring,
332456771628213,3042103269344975,3042103269344975,regulatory--no-left-turn--g2,no_left_turn,ukdjdp9u2px2nhu1v24rgh,2021-01-06T10:03:52+00:00,1609927432217,101743165404889,pradeepbv,12.9705895,77.6050326,"Non-overlapping outer urban tile around Bengaluru, India; excludes the r07 centre box",Bengaluru outer tile,https://www.mapillary.com/app/?pKey=332456771628213,2026-09-01T17:31:29+00:00,high_exact_semantic_taxonomy_prefix,mapillary_india_group_00024,metadata_only_not_reviewed,no,expanded_20260901,major_city_ring_021,non_overlapping_major_city_ring,
341747784018640,1508384892703449,1508384892703449,regulatory--no-left-turn--g2,no_left_turn,pfw46nzk51m0gonja5k1zp,2019-10-08T07:24:01+00:00,1570519441838,109910087910218,jayp,12.9833290,77.5953832,"Non-overlapping outer urban tile around Bengaluru, India; excludes the r07 centre box",Bengaluru outer tile,https://www.mapillary.com/app/?pKey=341747784018640,2026-09-01T17:31:29+00:00,high_exact_semantic_taxonomy_prefix,mapillary_india_group_00013,metadata_only_not_reviewed,no,expanded_20260901,major_city_ring_023,non_overlapping_major_city_ring,
3438462892921852,759766354581786,759766354581786,regulatory--no-left-turn--g1,no_left_turn,2HnX078mwqyLP6D5yvXfLA,2017-12-26T06:34:55+00:00,1514270095118,107202001513219,planemad,12.9866176,77.5952402,"Non-overlapping outer urban tile around Bengaluru, India; excludes the r07 centre box",Bengaluru outer tile,https://www.mapillary.com/app/?pKey=3438462892921852,2026-09-01T17:31:29+00:00,high_exact_semantic_taxonomy_prefix,mapillary_india_group_00047,metadata_only_not_reviewed,no,expanded_20260901,major_city_ring_023,non_overlapping_major_city_ring,
3532051773685648,1383642135341383,1383642135341383,regulatory--no-left-turn--g2,no_left_turn,yBKYRQK5NkQJ41V8cSHxHQ,2015-02-25T08:29:54+00:00,1424852994000,100389518872733,lxbarth,12.9749140,77.6084320,"Non-overlapping outer urban tile around Bengaluru, India; excludes the r07 centre box",Bengaluru outer tile,https://www.mapillary.com/app/?pKey=3532051773685648,2026-09-01T17:31:29+00:00,high_exact_semantic_taxonomy_prefix,mapillary_india_group_00005,metadata_only_not_reviewed,no,expanded_20260901,major_city_ring_021,non_overlapping_major_city_ring,
3601109913326825,832190607406523,832190607406523,regulatory--no-left-turn--g2,no_left_turn,452z4au5glvoflg0f8smw0,2019-10-08T07:43:50+00:00,1570520630773,109910087910218,jayp,12.9741539,77.6110629,"Non-overlapping outer urban tile around Bengaluru, India; excludes the r07 centre box",Bengaluru outer tile,https://www.mapillary.com/app/?pKey=3601109913326825,2026-09-01T17:31:29+00:00,high_exact_semantic_taxonomy_prefix,mapillary_india_group_00002,metadata_only_not_reviewed,no,expanded_20260901,major_city_ring_021,non_overlapping_major_city_ring,
367041061352512,1678484082539159,1678484082539159,regulatory--no-left-turn--g2,no_left_turn,_3I_0tvJhM7lB7DOKfGxdA,2018-02-04T04:07:16+00:00,1517717236393,109833741245768,richlv,12.9538918,77.5911979,"Non-overlapping outer urban tile around Bengaluru, India; excludes the r07 centre box",Bengaluru outer tile,https://www.mapillary.com/app/?pKey=367041061352512,2026-09-01T17:31:29+00:00,high_exact_semantic_taxonomy_prefix,mapillary_india_group_00014,metadata_only_not_reviewed,no,expanded_20260901,major_city_ring_018,non_overlapping_major_city_ring,
369108337851002,2915265565416738,2915265565416738,regulatory--no-left-turn--g2,no_left_turn,Ic3Bfxv0BvMEclPYcIE1IA,2018-02-14T04:52:40+00:00,1518583960188,109833741245768,richlv,12.9714088,77.5804537,"Non-overlapping outer urban tile around Bengaluru, India; excludes the r07 centre box",Bengaluru outer tile,https://www.mapillary.com/app/?pKey=369108337851002,2026-09-01T17:31:29+00:00,high_exact_semantic_taxonomy_prefix,mapillary_india_group_00021,metadata_only_not_reviewed,no,expanded_20260901,major_city_ring_020,non_overlapping_major_city_ring,
371632140979112,395035038634629,395035038634629,regulatory--no-left-turn--g1,no_left_turn,h3OW90tlPkYjmfIbQVJTGB,2021-08-03T02:37:05+00:00,1627958225286,107354604835874,ibigroupgoa,12.9865224,77.5953765,"Non-overlapping outer urban tile around Bengaluru, India; excludes the r07 centre box",Bengaluru outer tile,https://www.mapillary.com/app/?pKey=371632140979112,2026-09-01T17:31:29+00:00,high_exact_semantic_taxonomy_prefix,mapillary_india_group_00030,metadata_only_not_reviewed,no,expanded_20260901,major_city_ring_023,non_overlapping_major_city_ring,
3746463118795509,573285136968363,573285136968363,regulatory--no-left-turn--g2,no_left_turn,vdfacvnzrg7hg0uf32astw,2019-10-08T06:35:58+00:00,1570516558978,109910087910218,jayp,12.9901274,77.6145775,"Non-overlapping outer urban tile around Bengaluru, India; excludes the r07 centre box",Bengaluru outer tile,https://www.mapillary.com/app/?pKey=3746463118795509,2026-09-01T17:31:29+00:00,high_exact_semantic_taxonomy_prefix,mapillary_india_group_00045,metadata_only_not_reviewed,no,expanded_20260901,major_city_ring_024,non_overlapping_major_city_ring,
3822549911175812,1383642135341383,1383642135341383,regulatory--no-left-turn--g2,no_left_turn,w3bp4nFQUetEP4HIOtceiA,2018-01-24T09:19:53+00:00,1516785593000,104012591840371,ranjithjoy,12.9749664,77.6083881,"Non-overlapping outer urban tile around Bengaluru, India; excludes the r07 centre box",Bengaluru outer tile,https://www.mapillary.com/app/?pKey=3822549911175812,2026-09-01T17:31:29+00:00,high_exact_semantic_taxonomy_prefix,mapillary_india_group_00005,metadata_only_not_reviewed,no,expanded_20260901,major_city_ring_021,non_overlapping_major_city_ring,
3840600849322903,3042103269344975,3042103269344975,regulatory--no-left-turn--g2,no_left_turn,1XvKaaQynAnN0NnYRoGw1A,2016-12-17T05:13:32+00:00,1481951612239,108469318050957,yogi,12.9702555,77.6051014,"Non-overlapping outer urban tile around Bengaluru, India; excludes the r07 centre box",Bengaluru outer tile,https://www.mapillary.com/app/?pKey=3840600849322903,2026-09-01T17:31:29+00:00,high_exact_semantic_taxonomy_prefix,mapillary_india_group_00024,metadata_only_not_reviewed,no,expanded_20260901,major_city_ring_021,non_overlapping_major_city_ring,
387614819082698,5497045990337630,5497045990337630,regulatory--no-left-turn--g2,no_left_turn,q3qu0bd18g0somctzuue7t,2021-01-19T06:26:46+00:00,1611037606155,101743165404889,pradeepbv,12.9706879,77.6043689,"Non-overlapping outer urban tile around Bengaluru, India; excludes the r07 centre box",Bengaluru outer tile,https://www.mapillary.com/app/?pKey=387614819082698,2026-09-01T17:31:29+00:00,high_exact_semantic_taxonomy_prefix,mapillary_india_group_00043,metadata_only_not_reviewed,no,expanded_20260901,major_city_ring_021,non_overlapping_major_city_ring,
3898070533644118,573285136968363,573285136968363,regulatory--no-left-turn--g2,no_left_turn,vdfacvnzrg7hg0uf32astw,2019-10-08T06:35:57+00:00,1570516557954,109910087910218,jayp,12.9900931,77.6146354,"Non-overlapping outer urban tile around Bengaluru, India; excludes the r07 centre box",Bengaluru outer tile,https://www.mapillary.com/app/?pKey=3898070533644118,2026-09-01T17:31:29+00:00,high_exact_semantic_taxonomy_prefix,mapillary_india_group_00045,metadata_only_not_reviewed,no,expanded_20260901,major_city_ring_024,non_overlapping_major_city_ring,
391755988613290,3042103269344975,3042103269344975,regulatory--no-left-turn--g2,no_left_turn,ukdjdp9u2px2nhu1v24rgh,2021-01-06T10:03:50+00:00,1609927430151,101743165404889,pradeepbv,12.9704910,77.6050812,"Non-overlapping outer urban tile around Bengaluru, India; excludes the r07 centre box",Bengaluru outer tile,https://www.mapillary.com/app/?pKey=391755988613290,2026-09-01T17:31:29+00:00,high_exact_semantic_taxonomy_prefix,mapillary_india_group_00024,metadata_only_not_reviewed,no,expanded_20260901,major_city_ring_021,non_overlapping_major_city_ring,
3928985527192635,3042103269344975,3042103269344975,regulatory--no-left-turn--g2,no_left_turn,47j4r1vwee8jthu2kaeif0,2021-01-11T03:29:40+00:00,1610335780936,101743165404889,pradeepbv,12.9705759,77.6049545,"Non-overlapping outer urban tile around Bengaluru, India; excludes the r07 centre box",Bengaluru outer tile,https://www.mapillary.com/app/?pKey=3928985527192635,2026-09-01T17:31:29+00:00,high_exact_semantic_taxonomy_prefix,mapillary_india_group_00024,metadata_only_not_reviewed,no,expanded_20260901,major_city_ring_021,non_overlapping_major_city_ring,
3937130286402526,482293629758113,482293629758113,regulatory--no-left-turn--g2,no_left_turn,yAp9gFhya1IGeXvi2lzvzw,2018-02-04T05:18:18+00:00,1517721498116,109833741245768,richlv,12.9539606,77.5917682,"Non-overlapping outer urban tile around Bengaluru, India; excludes the r07 centre box",Bengaluru outer tile,https://www.mapillary.com/app/?pKey=3937130286402526,2026-09-01T17:31:29+00:00,high_exact_semantic_taxonomy_prefix,mapillary_india_group_00036,metadata_only_not_reviewed,no,expanded_20260901,major_city_ring_018,non_overlapping_major_city_ring,
3965419716826917,1383642135341383,1383642135341383,regulatory--no-left-turn--g2,no_left_turn,452z4au5glvoflg0f8smw0,2019-10-08T07:38:10+00:00,1570520290861,109910087910218,jayp,12.9748908,77.6084307,"Non-overlapping outer urban tile around Bengaluru, India; excludes the r07 centre box",Bengaluru outer tile,https://www.mapillary.com/app/?pKey=3965419716826917,2026-09-01T17:31:29+00:00,high_exact_semantic_taxonomy_prefix,mapillary_india_group_00005,metadata_only_not_reviewed,no,expanded_20260901,major_city_ring_021,non_overlapping_major_city_ring,
4228989120496711,309588187317586,309588187317586,regulatory--no-left-turn--g2,no_left_turn,LYgK0XSnR9W1dvGVjUTluQ,2018-11-24T05:03:28+00:00,1543035808872,109606001268498,srividya,12.9548035,77.5800019,"Non-overlapping outer urban tile around Bengaluru, India; excludes the r07 centre box",Bengaluru outer tile,https://www.mapillary.com/app/?pKey=4228989120496711,2026-09-01T17:31:29+00:00,high_exact_semantic_taxonomy_prefix,mapillary_india_group_00026,metadata_only_not_reviewed,no,expanded_20260901,major_city_ring_017,non_overlapping_major_city_ring,
4443513928996137,309588187317586,309588187317586,regulatory--no-left-turn--g2,no_left_turn,LYgK0XSnR9W1dvGVjUTluQ,2018-11-24T05:03:22+00:00,1543035802886,109606001268498,srividya,12.9544760,77.5799841,"Non-overlapping outer urban tile around Bengaluru, India; excludes the r07 centre box",Bengaluru outer tile,https://www.mapillary.com/app/?pKey=4443513928996137,2026-09-01T17:31:29+00:00,high_exact_semantic_taxonomy_prefix,mapillary_india_group_00026,metadata_only_not_reviewed,no,expanded_20260901,major_city_ring_017,non_overlapping_major_city_ring,
457515808882489,1383642135341383,1383642135341383,regulatory--no-left-turn--g2,no_left_turn,yBKYRQK5NkQJ41V8cSHxHQ,2015-02-25T08:29:52+00:00,1424852992000,100389518872733,lxbarth,12.9749010,77.6084620,"Non-overlapping outer urban tile around Bengaluru, India; excludes the r07 centre box",Bengaluru outer tile,https://www.mapillary.com/app/?pKey=457515808882489,2026-09-01T17:31:29+00:00,high_exact_semantic_taxonomy_prefix,mapillary_india_group_00005,metadata_only_not_reviewed,no,expanded_20260901,major_city_ring_021,non_overlapping_major_city_ring,
459718335137242,309588187317586,309588187317586,regulatory--no-left-turn--g2,no_left_turn,LYgK0XSnR9W1dvGVjUTluQ,2018-11-24T05:03:26+00:00,1543035806798,109606001268498,srividya,12.9547119,77.5799990,"Non-overlapping outer urban tile around Bengaluru, India; excludes the r07 centre box",Bengaluru outer tile,https://www.mapillary.com/app/?pKey=459718335137242,2026-09-01T17:31:29+00:00,high_exact_semantic_taxonomy_prefix,mapillary_india_group_00026,metadata_only_not_reviewed,no,expanded_20260901,major_city_ring_017,non_overlapping_major_city_ring,
467250384383733,759766354581786,759766354581786,regulatory--no-left-turn--g1,no_left_turn,2HnX078mwqyLP6D5yvXfLA,2017-12-26T06:34:56+00:00,1514270096097,107202001513219,planemad,12.9866736,77.5951893,"Non-overlapping outer urban tile around Bengaluru, India; excludes the r07 centre box",Bengaluru outer tile,https://www.mapillary.com/app/?pKey=467250384383733,2026-09-01T17:31:29+00:00,high_exact_semantic_taxonomy_prefix,mapillary_india_group_00047,metadata_only_not_reviewed,no,expanded_20260901,major_city_ring_023,non_overlapping_major_city_ring,
469131307708934,1064859994007298,1064859994007298,regulatory--no-left-turn--g1,no_left_turn,IxX3LSpSCAysokbuZMYp_A,2017-12-29T04:59:20+00:00,1514523560680,108127371422794,indusanthosh,10.5236223,76.2096543,"Curated interior coordinate centred on Thrissur, India",Thrissur,https://www.mapillary.com/app/?pKey=469131307708934,2026-09-01T17:31:29+00:00,high_exact_semantic_taxonomy_prefix,mapillary_india_group_00001,metadata_only_not_reviewed,no,expanded_20260901,additional_city_063,additional_city_or_town,
470904684174753,1678484082539159,1678484082539159,regulatory--no-left-turn--g2,no_left_turn,_3I_0tvJhM7lB7DOKfGxdA,2018-02-04T04:06:54+00:00,1517717214395,109833741245768,richlv,12.9536791,77.5912213,"Non-overlapping outer urban tile around Bengaluru, India; excludes the r07 centre box",Bengaluru outer tile,https://www.mapillary.com/app/?pKey=470904684174753,2026-09-01T17:31:29+00:00,high_exact_semantic_taxonomy_prefix,mapillary_india_group_00014,metadata_only_not_reviewed,no,expanded_20260901,major_city_ring_018,non_overlapping_major_city_ring,
472745537148121,146715147422922,146715147422922,regulatory--no-left-turn--g2,no_left_turn,i64k97df2hnxaqdee6uush,2021-01-06T02:46:04+00:00,1609901164846,101743165404889,pradeepbv,12.9865386,77.5914108,"Non-overlapping outer urban tile around Bengaluru, India; excludes the r07 centre box",Bengaluru outer tile,https://www.mapillary.com/app/?pKey=472745537148121,2026-09-01T17:31:29+00:00,high_exact_semantic_taxonomy_prefix,mapillary_india_group_00011,metadata_only_not_reviewed,no,expanded_20260901,major_city_ring_023,non_overlapping_major_city_ring,
473473363961720,309588187317586,309588187317586,regulatory--no-left-turn--g2,no_left_turn,LYgK0XSnR9W1dvGVjUTluQ,2018-11-24T05:03:25+00:00,1543035805968,109606001268498,srividya,12.9546654,77.5799919,"Non-overlapping outer urban tile around Bengaluru, India; excludes the r07 centre box",Bengaluru outer tile,https://www.mapillary.com/app/?pKey=473473363961720,2026-09-01T17:31:29+00:00,high_exact_semantic_taxonomy_prefix,mapillary_india_group_00026,metadata_only_not_reviewed,no,expanded_20260901,major_city_ring_017,non_overlapping_major_city_ring,
475646910218122,1508384892703449,1508384892703449,regulatory--no-left-turn--g2,no_left_turn,QYWOvBbxU3de1I48bzu9rw,2015-05-09T09:16:13+00:00,1431162973162,100389518872733,lxbarth,12.9833610,77.5953100,"Non-overlapping outer urban tile around Bengaluru, India; excludes the r07 centre box",Bengaluru outer tile,https://www.mapillary.com/app/?pKey=475646910218122,2026-09-01T17:31:29+00:00,high_exact_semantic_taxonomy_prefix,mapillary_india_group_00013,metadata_only_not_reviewed,no,expanded_20260901,major_city_ring_023,non_overlapping_major_city_ring,
478867769987386,5497045990337630,5497045990337630,regulatory--no-left-turn--g2,no_left_turn,y3lytz9wvfkp438mpkugzx,2021-01-06T02:55:23+00:00,1609901723667,101743165404889,pradeepbv,12.9707612,77.6044202,"Non-overlapping outer urban tile around Bengaluru, India; excludes the r07 centre box",Bengaluru outer tile,https://www.mapillary.com/app/?pKey=478867769987386,2026-09-01T17:31:29+00:00,high_exact_semantic_taxonomy_prefix,mapillary_india_group_00043,metadata_only_not_reviewed,no,expanded_20260901,major_city_ring_021,non_overlapping_major_city_ring,
481544126424954,1508384892703449,1508384892703449,regulatory--no-left-turn--g2,no_left_turn,QYWOvBbxU3de1I48bzu9rw,2015-05-09T09:16:19+00:00,1431162979180,100389518872733,lxbarth,12.9833010,77.5954840,"Non-overlapping outer urban tile around Bengaluru, India; excludes the r07 centre box",Bengaluru outer tile,https://www.mapillary.com/app/?pKey=481544126424954,2026-09-01T17:31:29+00:00,high_exact_semantic_taxonomy_prefix,mapillary_india_group_00013,metadata_only_not_reviewed,no,expanded_20260901,major_city_ring_023,non_overlapping_major_city_ring,
481736166437731,1678484082539159,1678484082539159,regulatory--no-left-turn--g2,no_left_turn,_3I_0tvJhM7lB7DOKfGxdA,2018-02-04T04:07:14+00:00,1517717234369,109833741245768,richlv,12.9538666,77.5911945,"Non-overlapping outer urban tile around Bengaluru, India; excludes the r07 centre box",Bengaluru outer tile,https://www.mapillary.com/app/?pKey=481736166437731,2026-09-01T17:31:29+00:00,high_exact_semantic_taxonomy_prefix,mapillary_india_group_00014,metadata_only_not_reviewed,no,expanded_20260901,major_city_ring_018,non_overlapping_major_city_ring,
482535716134581,1383642135341383,1383642135341383,regulatory--no-left-turn--g2,no_left_turn,452z4au5glvoflg0f8smw0,2019-10-08T07:38:11+00:00,1570520291689,109910087910218,jayp,12.9749023,77.6083851,"Non-overlapping outer urban tile around Bengaluru, India; excludes the r07 centre box",Bengaluru outer tile,https://www.mapillary.com/app/?pKey=482535716134581,2026-09-01T17:31:29+00:00,high_exact_semantic_taxonomy_prefix,mapillary_india_group_00005,metadata_only_not_reviewed,no,expanded_20260901,major_city_ring_021,non_overlapping_major_city_ring,
484014362943238,1508384892703449,1508384892703449,regulatory--no-left-turn--g2,no_left_turn,QYWOvBbxU3de1I48bzu9rw,2015-05-09T09:16:11+00:00,1431162971188,100389518872733,lxbarth,12.9834020,77.5951880,"Non-overlapping outer urban tile around Bengaluru, India; excludes the r07 centre box",Bengaluru outer tile,https://www.mapillary.com/app/?pKey=484014362943238,2026-09-01T17:31:29+00:00,high_exact_semantic_taxonomy_prefix,mapillary_india_group_00013,metadata_only_not_reviewed,no,expanded_20260901,major_city_ring_023,non_overlapping_major_city_ring,
485876259131511,5497045990337630,5497045990337630,regulatory--no-left-turn--g2,no_left_turn,eom7w3f68b0llws7m7gdv2,2021-01-11T03:14:36+00:00,1610334876854,101743165404889,pradeepbv,12.9706423,77.6042249,"Non-overlapping outer urban tile around Bengaluru, India; excludes the r07 centre box",Bengaluru outer tile,https://www.mapillary.com/app/?pKey=485876259131511,2026-09-01T17:31:29+00:00,high_exact_semantic_taxonomy_prefix,mapillary_india_group_00043,metadata_only_not_reviewed,no,expanded_20260901,major_city_ring_021,non_overlapping_major_city_ring,
486401012603622,1383642135341383,1383642135341383,regulatory--no-left-turn--g2,no_left_turn,452z4au5glvoflg0f8smw0,2019-10-08T07:38:08+00:00,1570520288729,109910087910218,jayp,12.9748519,77.6086096,"Non-overlapping outer urban tile around Bengaluru, India; excludes the r07 centre box",Bengaluru outer tile,https://www.mapillary.com/app/?pKey=486401012603622,2026-09-01T17:31:29+00:00,high_exact_semantic_taxonomy_prefix,mapillary_india_group_00005,metadata_only_not_reviewed,no,expanded_20260901,major_city_ring_021,non_overlapping_major_city_ring,
487074585860779,309588187317586,309588187317586,regulatory--no-left-turn--g2,no_left_turn,LYgK0XSnR9W1dvGVjUTluQ,2018-11-24T05:03:24+00:00,1543035804912,109606001268498,srividya,12.9546055,77.5799850,"Non-overlapping outer urban tile around Bengaluru, India; excludes the r07 centre box",Bengaluru outer tile,https://www.mapillary.com/app/?pKey=487074585860779,2026-09-01T17:31:29+00:00,high_exact_semantic_taxonomy_prefix,mapillary_india_group_00026,metadata_only_not_reviewed,no,expanded_20260901,major_city_ring_017,non_overlapping_major_city_ring,
489942459021322,1678484082539159,1678484082539159,regulatory--no-left-turn--g2,no_left_turn,_3I_0tvJhM7lB7DOKfGxdA,2018-02-04T04:06:53+00:00,1517717213574,109833741245768,richlv,12.9536695,77.5912166,"Non-overlapping outer urban tile around Bengaluru, India; excludes the r07 centre box",Bengaluru outer tile,https://www.mapillary.com/app/?pKey=489942459021322,2026-09-01T17:31:29+00:00,high_exact_semantic_taxonomy_prefix,mapillary_india_group_00014,metadata_only_not_reviewed,no,expanded_20260901,major_city_ring_018,non_overlapping_major_city_ring,
498514284829569,1383642135341383,1383642135341383,regulatory--no-left-turn--g2,no_left_turn,yBKYRQK5NkQJ41V8cSHxHQ,2015-02-25T08:31:28+00:00,1424853088000,100389518872733,lxbarth,12.9749330,77.6083850,"Non-overlapping outer urban tile around Bengaluru, India; excludes the r07 centre box",Bengaluru outer tile,https://www.mapillary.com/app/?pKey=498514284829569,2026-09-01T17:31:29+00:00,high_exact_semantic_taxonomy_prefix,mapillary_india_group_00005,metadata_only_not_reviewed,no,expanded_20260901,major_city_ring_021,non_overlapping_major_city_ring,
499668464616532,5497045990337630,5497045990337630,regulatory--no-left-turn--g2,no_left_turn,y3lytz9wvfkp438mpkugzx,2021-01-06T02:55:25+00:00,1609901725735,101743165404889,pradeepbv,12.9708112,77.6045318,"Non-overlapping outer urban tile around Bengaluru, India; excludes the r07 centre box",Bengaluru outer tile,https://www.mapillary.com/app/?pKey=499668464616532,2026-09-01T17:31:29+00:00,high_exact_semantic_taxonomy_prefix,mapillary_india_group_00043,metadata_only_not_reviewed,no,expanded_20260901,major_city_ring_021,non_overlapping_major_city_ring,
504987677180702,309588187317586,309588187317586,regulatory--no-left-turn--g2,no_left_turn,LYgK0XSnR9W1dvGVjUTluQ,2018-11-24T05:03:27+00:00,1543035807842,109606001268498,srividya,12.9547629,77.5800040,"Non-overlapping outer urban tile around Bengaluru, India; excludes the r07 centre box",Bengaluru outer tile,https://www.mapillary.com/app/?pKey=504987677180702,2026-09-01T17:31:29+00:00,high_exact_semantic_taxonomy_prefix,mapillary_india_group_00026,metadata_only_not_reviewed,no,expanded_20260901,major_city_ring_017,non_overlapping_major_city_ring,
510920346761858,1508384892703449,1508384892703449,regulatory--no-left-turn--g2,no_left_turn,pfw46nzk51m0gonja5k1zp,2019-10-08T07:23:59+00:00,1570519439837,109910087910218,jayp,12.9834073,77.5951849,"Non-overlapping outer urban tile around Bengaluru, India; excludes the r07 centre box",Bengaluru outer tile,https://www.mapillary.com/app/?pKey=510920346761858,2026-09-01T17:31:29+00:00,high_exact_semantic_taxonomy_prefix,mapillary_india_group_00013,metadata_only_not_reviewed,no,expanded_20260901,major_city_ring_023,non_overlapping_major_city_ring,
513117829702778,3042103269344975,3042103269344975,regulatory--no-left-turn--g2,no_left_turn,pwqw9fx44b6noshu359eyi,2021-02-10T09:18:16+00:00,1612948696885,101743165404889,pradeepbv,12.9703765,77.6050389,"Non-overlapping outer urban tile around Bengaluru, India; excludes the r07 centre box",Bengaluru outer tile,https://www.mapillary.com/app/?pKey=513117829702778,2026-09-01T17:31:29+00:00,high_exact_semantic_taxonomy_prefix,mapillary_india_group_00024,metadata_only_not_reviewed,no,expanded_20260901,major_city_ring_021,non_overlapping_major_city_ring,
530178758340749,759766354581786,759766354581786,regulatory--no-left-turn--g1,no_left_turn,2HnX078mwqyLP6D5yvXfLA,2017-12-26T06:34:54+00:00,1514270094145,107202001513219,planemad,12.9865506,77.5952907,"Non-overlapping outer urban tile around Bengaluru, India; excludes the r07 centre box",Bengaluru outer tile,https://www.mapillary.com/app/?pKey=530178758340749,2026-09-01T17:31:29+00:00,high_exact_semantic_taxonomy_prefix,mapillary_india_group_00047,metadata_only_not_reviewed,no,expanded_20260901,major_city_ring_023,non_overlapping_major_city_ring,
534656277700318,3042103269344975,3042103269344975,regulatory--no-left-turn--g2,no_left_turn,1XvKaaQynAnN0NnYRoGw1A,2016-12-17T05:13:37+00:00,1481951617934,108469318050957,yogi,12.9703996,77.6050073,"Non-overlapping outer urban tile around Bengaluru, India; excludes the r07 centre box",Bengaluru outer tile,https://www.mapillary.com/app/?pKey=534656277700318,2026-09-01T17:31:29+00:00,high_exact_semantic_taxonomy_prefix,mapillary_india_group_00024,metadata_only_not_reviewed,no,expanded_20260901,major_city_ring_021,non_overlapping_major_city_ring,
540000670676631,1383642135341383,1383642135341383,regulatory--no-left-turn--g2,no_left_turn,wjoUBHtAzqGCeWF82TdKng,2021-08-03T03:06:49+00:00,1627960009868,107354604835874,ibigroupgoa,12.9749112,77.6084928,"Non-overlapping outer urban tile around Bengaluru, India; excludes the r07 centre box",Bengaluru outer tile,https://www.mapillary.com/app/?pKey=540000670676631,2026-09-01T17:31:29+00:00,high_exact_semantic_taxonomy_prefix,mapillary_india_group_00005,metadata_only_not_reviewed,no,expanded_20260901,major_city_ring_021,non_overlapping_major_city_ring,
553960172256704,3042103269344975,3042103269344975,regulatory--no-left-turn--g2,no_left_turn,47j4r1vwee8jthu2kaeif0,2021-01-11T03:29:42+00:00,1610335782079,101743165404889,pradeepbv,12.9706292,77.6049303,"Non-overlapping outer urban tile around Bengaluru, India; excludes the r07 centre box",Bengaluru outer tile,https://www.mapillary.com/app/?pKey=553960172256704,2026-09-01T17:31:29+00:00,high_exact_semantic_taxonomy_prefix,mapillary_india_group_00024,metadata_only_not_reviewed,no,expanded_20260901,major_city_ring_021,non_overlapping_major_city_ring,
5599841743391823,5497045990337630,5497045990337630,regulatory--no-left-turn--g2,no_left_turn,q3qu0bd18g0somctzuue7t,2021-01-19T06:27:56+00:00,1611037676157,101743165404889,pradeepbv,12.9707461,77.6044713,"Non-overlapping outer urban tile around Bengaluru, India; excludes the r07 centre box",Bengaluru outer tile,https://www.mapillary.com/app/?pKey=5599841743391823,2026-09-01T17:31:29+00:00,high_exact_semantic_taxonomy_prefix,mapillary_india_group_00043,metadata_only_not_reviewed,no,expanded_20260901,major_city_ring_021,non_overlapping_major_city_ring,
5661076117265855,3042103269344975,3042103269344975,regulatory--no-left-turn--g2,no_left_turn,mbehi1l7xuxryzaflpczz5,2021-01-19T08:45:18+00:00,1611045918175,101743165404889,pradeepbv,12.9705875,77.6049657,"Non-overlapping outer urban tile around Bengaluru, India; excludes the r07 centre box",Bengaluru outer tile,https://www.mapillary.com/app/?pKey=5661076117265855,2026-09-01T17:31:29+00:00,high_exact_semantic_taxonomy_prefix,mapillary_india_group_00024,metadata_only_not_reviewed,no,expanded_20260901,major_city_ring_021,non_overlapping_major_city_ring,
566309651087926,395035038634629,395035038634629,regulatory--no-left-turn--g1,no_left_turn,h3OW90tlPkYjmfIbQVJTGB,2021-08-03T02:37:06+00:00,1627958226309,107354604835874,ibigroupgoa,12.9865929,77.5953203,"Non-overlapping outer urban tile around Bengaluru, India; excludes the r07 centre box",Bengaluru outer tile,https://www.mapillary.com/app/?pKey=566309651087926,2026-09-01T17:31:29+00:00,high_exact_semantic_taxonomy_prefix,mapillary_india_group_00030,metadata_only_not_reviewed,no,expanded_20260901,major_city_ring_023,non_overlapping_major_city_ring,
584032395904011,146715147422922,146715147422922,regulatory--no-left-turn--g2,no_left_turn,i64k97df2hnxaqdee6uush,2021-01-06T02:46:02+00:00,1609901162762,101743165404889,pradeepbv,12.9865850,77.5913091,"Non-overlapping outer urban tile around Bengaluru, India; excludes the r07 centre box",Bengaluru outer tile,https://www.mapillary.com/app/?pKey=584032395904011,2026-09-01T17:31:29+00:00,high_exact_semantic_taxonomy_prefix,mapillary_india_group_00011,metadata_only_not_reviewed,no,expanded_20260901,major_city_ring_023,non_overlapping_major_city_ring,
615384079408244,3042103269344975,3042103269344975,regulatory--no-left-turn--g2,no_left_turn,ch52hegpjzj6pcekys95no,2021-02-10T03:18:33+00:00,1612927113314,101743165404889,pradeepbv,12.9705954,77.6050082,"Non-overlapping outer urban tile around Bengaluru, India; excludes the r07 centre box",Bengaluru outer tile,https://www.mapillary.com/app/?pKey=615384079408244,2026-09-01T17:31:29+00:00,high_exact_semantic_taxonomy_prefix,mapillary_india_group_00024,metadata_only_not_reviewed,no,expanded_20260901,major_city_ring_021,non_overlapping_major_city_ring,
618999602833729,550066459716261,550066459716261,regulatory--no-left-turn--g2,no_left_turn,pAC8TLte_Q7TCzinUS7g6w,2016-04-28T06:33:31+00:00,1461825211516,109606001268498,srividya,12.9744235,77.5754568,"Non-overlapping outer urban tile around Bengaluru, India; excludes the r07 centre box",Bengaluru outer tile,https://www.mapillary.com/app/?pKey=618999602833729,2026-09-01T17:31:29+00:00,high_exact_semantic_taxonomy_prefix,mapillary_india_group_00044,metadata_only_not_reviewed,no,expanded_20260901,major_city_ring_020,non_overlapping_major_city_ring,
726026401412107,794355408172361,794355408172361,regulatory--no-left-turn--g2,no_left_turn,T--mvkfLlcgYp6JdeWJwMg,2015-03-04T14:30:37+00:00,1425479437000,109214254640685,sashazykov,11.9411672,79.8082445,"Curated interior coordinate centred on Puducherry, India",Puducherry,https://www.mapillary.com/app/?pKey=726026401412107,2026-09-01T17:31:29+00:00,high_exact_semantic_taxonomy_prefix,mapillary_india_group_00049,metadata_only_not_reviewed,no,expanded_20260901,additional_city_066,additional_city_or_town,
745436309436915,3878718328843471,3878718328843471,regulatory--no-left-turn--g2,no_left_turn,zA5s5_mFfn4C1CSPmAuvPw,2015-09-06T11:06:34+00:00,1441537594277,109606001268498,srividya,28.6317503,77.1987804,"Non-overlapping outer urban tile around Delhi, India; excludes the r07 centre box",Delhi outer tile,https://www.mapillary.com/app/?pKey=745436309436915,2026-09-01T17:31:29+00:00,high_exact_semantic_taxonomy_prefix,mapillary_india_group_00029,metadata_only_not_reviewed,no,expanded_20260901,major_city_ring_006,non_overlapping_major_city_ring,
747578042598761,5497045990337630,5497045990337630,regulatory--no-left-turn--g2,no_left_turn,uith6u0f8aqvn06awi8nwb,2021-01-11T09:45:32+00:00,1610358332200,101743165404889,pradeepbv,12.9708002,77.6045497,"Non-overlapping outer urban tile around Bengaluru, India; excludes the r07 centre box",Bengaluru outer tile,https://www.mapillary.com/app/?pKey=747578042598761,2026-09-01T17:31:29+00:00,high_exact_semantic_taxonomy_prefix,mapillary_india_group_00043,metadata_only_not_reviewed,no,expanded_20260901,major_city_ring_021,non_overlapping_major_city_ring,
748804085790199,1678484082539159,1678484082539159,regulatory--no-left-turn--g2,no_left_turn,nFaPdZQ_9ggWLGfDoYlNWQ,2018-01-23T16:27:18+00:00,1516724838000,101235428790074,venkanna37,12.9539864,77.5911000,"Non-overlapping outer urban tile around Bengaluru, India; excludes the r07 centre box",Bengaluru outer tile,https://www.mapillary.com/app/?pKey=748804085790199,2026-09-01T17:31:29+00:00,high_exact_semantic_taxonomy_prefix,mapillary_india_group_00014,metadata_only_not_reviewed,no,expanded_20260901,major_city_ring_018,non_overlapping_major_city_ring,
762837307758976,1508384892703449,1508384892703449,regulatory--no-left-turn--g2,no_left_turn,QYWOvBbxU3de1I48bzu9rw,2015-05-09T09:16:15+00:00,1431162975138,100389518872733,lxbarth,12.9833310,77.5953990,"Non-overlapping outer urban tile around Bengaluru, India; excludes the r07 centre box",Bengaluru outer tile,https://www.mapillary.com/app/?pKey=762837307758976,2026-09-01T17:31:29+00:00,high_exact_semantic_taxonomy_prefix,mapillary_india_group_00013,metadata_only_not_reviewed,no,expanded_20260901,major_city_ring_023,non_overlapping_major_city_ring,
764382310086494,1211117807761377,1211117807761377,regulatory--no-left-turn--g2,no_left_turn,1zJ6y0KrLbwIc87gjYXqQP,2026-04-01T06:02:57+00:00,1775023377091,1226028326356068,jegadeeshcumta,13.0787389,80.2520290,"Non-overlapping outer urban tile around Chennai, India; excludes the r07 centre box",Chennai outer tile,https://www.mapillary.com/app/?pKey=764382310086494,2026-09-01T17:31:29+00:00,high_exact_semantic_taxonomy_prefix,mapillary_india_group_00003,metadata_only_not_reviewed,no,expanded_20260901,major_city_ring_028,non_overlapping_major_city_ring,
770666360491451,1678484082539159,1678484082539159,regulatory--no-left-turn--g2,no_left_turn,_3I_0tvJhM7lB7DOKfGxdA,2018-02-04T04:07:08+00:00,1517717228691,109833741245768,richlv,12.9538195,77.5912333,"Non-overlapping outer urban tile around Bengaluru, India; excludes the r07 centre box",Bengaluru outer tile,https://www.mapillary.com/app/?pKey=770666360491451,2026-09-01T17:31:29+00:00,high_exact_semantic_taxonomy_prefix,mapillary_india_group_00014,metadata_only_not_reviewed,no,expanded_20260901,major_city_ring_018,non_overlapping_major_city_ring,
771357877100715,1678484082539159,1678484082539159,regulatory--no-left-turn--g2,no_left_turn,aS7TLcpkGiXjYvcQMHXAnQ,2016-12-17T05:22:05+00:00,1481952125533,109606001268498,srividya,12.9536797,77.5912234,"Non-overlapping outer urban tile around Bengaluru, India; excludes the r07 centre box",Bengaluru outer tile,https://www.mapillary.com/app/?pKey=771357877100715,2026-09-01T17:31:29+00:00,high_exact_semantic_taxonomy_prefix,mapillary_india_group_00014,metadata_only_not_reviewed,no,expanded_20260901,major_city_ring_018,non_overlapping_major_city_ring,
782477175806130,759766354581786,759766354581786,regulatory--no-left-turn--g1,no_left_turn,2HnX078mwqyLP6D5yvXfLA,2017-12-26T06:34:53+00:00,1514270093113,107202001513219,planemad,12.9864851,77.5953438,"Non-overlapping outer urban tile around Bengaluru, India; excludes the r07 centre box",Bengaluru outer tile,https://www.mapillary.com/app/?pKey=782477175806130,2026-09-01T17:31:29+00:00,high_exact_semantic_taxonomy_prefix,mapillary_india_group_00047,metadata_only_not_reviewed,no,expanded_20260901,major_city_ring_023,non_overlapping_major_city_ring,
790274418776444,1678484082539159,1678484082539159,regulatory--no-left-turn--g2,no_left_turn,mil7xUJesud3AWybVvGoX1,2022-08-29T12:09:27+00:00,1661774967033,109037777999283,olily,12.9540060,77.5909827,"Non-overlapping outer urban tile around Bengaluru, India; excludes the r07 centre box",Bengaluru outer tile,https://www.mapillary.com/app/?pKey=790274418776444,2026-09-01T17:31:29+00:00,high_exact_semantic_taxonomy_prefix,mapillary_india_group_00014,metadata_only_not_reviewed,no,expanded_20260901,major_city_ring_018,non_overlapping_major_city_ring,
798490620781085,146715147422922,146715147422922,regulatory--no-left-turn--g2,no_left_turn,QYWOvBbxU3de1I48bzu9rw,2015-05-09T09:14:43+00:00,1431162883251,100389518872733,lxbarth,12.9865270,77.5914110,"Non-overlapping outer urban tile around Bengaluru, India; excludes the r07 centre box",Bengaluru outer tile,https://www.mapillary.com/app/?pKey=798490620781085,2026-09-01T17:31:29+00:00,high_exact_semantic_taxonomy_prefix,mapillary_india_group_00011,metadata_only_not_reviewed,no,expanded_20260901,major_city_ring_023,non_overlapping_major_city_ring,
809281339702279,771362733563703,771362733563703,regulatory--no-left-turn--g2,no_left_turn,8ujfuds5ubod5rpy9c5tp2,2016-01-02T11:32:21+00:00,1451734341485,106868151546426,shravan91,12.9908783,77.6133993,"Non-overlapping outer urban tile around Bengaluru, India; excludes the r07 centre box",Bengaluru outer tile,https://www.mapillary.com/app/?pKey=809281339702279,2026-09-01T17:31:29+00:00,high_exact_semantic_taxonomy_prefix,mapillary_india_group_00048,metadata_only_not_reviewed,no,expanded_20260901,major_city_ring_024,non_overlapping_major_city_ring,
817331265818812,1678484082539159,1678484082539159,regulatory--no-left-turn--g2,no_left_turn,_3I_0tvJhM7lB7DOKfGxdA,2018-02-04T04:06:58+00:00,1517717218089,109833741245768,richlv,12.9537083,77.5912363,"Non-overlapping outer urban tile around Bengaluru, India; excludes the r07 centre box",Bengaluru outer tile,https://www.mapillary.com/app/?pKey=817331265818812,2026-09-01T17:31:29+00:00,high_exact_semantic_taxonomy_prefix,mapillary_india_group_00014,metadata_only_not_reviewed,no,expanded_20260901,major_city_ring_018,non_overlapping_major_city_ring,
818045555762587,573285136968363,573285136968363,regulatory--no-left-turn--g2,no_left_turn,vdfacvnzrg7hg0uf32astw,2019-10-08T06:36:00+00:00,1570516560043,109910087910218,jayp,12.9901656,77.6145069,"Non-overlapping outer urban tile around Bengaluru, India; excludes the r07 centre box",Bengaluru outer tile,https://www.mapillary.com/app/?pKey=818045555762587,2026-09-01T17:31:29+00:00,high_exact_semantic_taxonomy_prefix,mapillary_india_group_00045,metadata_only_not_reviewed,no,expanded_20260901,major_city_ring_024,non_overlapping_major_city_ring,
819459898777411,3042103269344975,3042103269344975,regulatory--no-left-turn--g2,no_left_turn,mbehi1l7xuxryzaflpczz5,2021-01-19T08:45:16+00:00,1611045916081,101743165404889,pradeepbv,12.9705323,77.6049943,"Non-overlapping outer urban tile around Bengaluru, India; excludes the r07 centre box",Bengaluru outer tile,https://www.mapillary.com/app/?pKey=819459898777411,2026-09-01T17:31:29+00:00,high_exact_semantic_taxonomy_prefix,mapillary_india_group_00024,metadata_only_not_reviewed,no,expanded_20260901,major_city_ring_021,non_overlapping_major_city_ring,
822654231937147,5497045990337630,5497045990337630,regulatory--no-left-turn--g2,no_left_turn,az8egl948gw72kzogyh0ro,2021-01-11T03:14:41+00:00,1610334881963,101743165404889,pradeepbv,12.9708033,77.6045798,"Non-overlapping outer urban tile around Bengaluru, India; excludes the r07 centre box",Bengaluru outer tile,https://www.mapillary.com/app/?pKey=822654231937147,2026-09-01T17:31:29+00:00,high_exact_semantic_taxonomy_prefix,mapillary_india_group_00043,metadata_only_not_reviewed,no,expanded_20260901,major_city_ring_021,non_overlapping_major_city_ring,
876109306274039,491103788900157,491103788900157;491865632157306,regulatory--no-left-turn--g2,no_left_turn,8fgD0NWLQY62CnBcPf6UiQ,2018-09-24T07:19:42+00:00,1537773582226,109909584575154,prtksxna,15.4972417,73.8323179,"Curated interior coordinate centred on Panaji, India",Panaji,https://www.mapillary.com/app/?pKey=876109306274039,2026-09-01T17:31:29+00:00,high_exact_semantic_taxonomy_prefix,mapillary_india_group_00039,metadata_only_not_reviewed,no,expanded_20260901,additional_city_061,additional_city_or_town,
881139199398345,499018107959474,499018107959474,regulatory--no-left-turn--g1,no_left_turn,SO0ZDIFZIW7TOzTvk4d39A,2017-11-19T06:35:54+00:00,1511073354392,107887898114051,aditisarwate,18.5186998,73.8597499,"Map feature coordinate returned inside curated Pune, India search box",Pune,https://www.mapillary.com/app/?pKey=881139199398345,2026-09-01T15:58:36+00:00,high_exact_semantic_taxonomy_prefix,mapillary_india_group_00041,metadata_only_not_reviewed,no,r07,r07_city_centre,r07_city_centre,mapillary_india_group_00013
881732269440587,806821263333316,806821263333316,regulatory--no-left-turn--g2,no_left_turn,xYUgFLOmHp5ozthGiRKC6j,2021-08-03T03:19:40+00:00,1627960780840,138886808313564,muruligowda,12.9744187,77.6077263,"Non-overlapping outer urban tile around Bengaluru, India; excludes the r07 centre box",Bengaluru outer tile,https://www.mapillary.com/app/?pKey=881732269440587,2026-09-01T17:31:29+00:00,high_exact_semantic_taxonomy_prefix,mapillary_india_group_00050,metadata_only_not_reviewed,no,expanded_20260901,major_city_ring_021,non_overlapping_major_city_ring,
900136840836791,1678484082539159,1678484082539159,regulatory--no-left-turn--g2,no_left_turn,_3I_0tvJhM7lB7DOKfGxdA,2018-02-04T04:07:13+00:00,1517717233388,109833741245768,richlv,12.9538552,77.5911993,"Non-overlapping outer urban tile around Bengaluru, India; excludes the r07 centre box",Bengaluru outer tile,https://www.mapillary.com/app/?pKey=900136840836791,2026-09-01T17:31:29+00:00,high_exact_semantic_taxonomy_prefix,mapillary_india_group_00014,metadata_only_not_reviewed,no,expanded_20260901,major_city_ring_018,non_overlapping_major_city_ring,
904987816949298,1383642135341383,1383642135341383,regulatory--no-left-turn--g2,no_left_turn,452z4au5glvoflg0f8smw0,2019-10-08T07:38:09+00:00,1570520289791,109910087910218,jayp,12.9748721,77.6085125,"Non-overlapping outer urban tile around Bengaluru, India; excludes the r07 centre box",Bengaluru outer tile,https://www.mapillary.com/app/?pKey=904987816949298,2026-09-01T17:31:29+00:00,high_exact_semantic_taxonomy_prefix,mapillary_india_group_00005,metadata_only_not_reviewed,no,expanded_20260901,major_city_ring_021,non_overlapping_major_city_ring,
919597995521130,499018107959474,499018107959474,regulatory--no-left-turn--g1,no_left_turn,SO0ZDIFZIW7TOzTvk4d39A,2017-11-19T06:35:51+00:00,1511073351388,107887898114051,aditisarwate,18.5187592,73.8599005,"Map feature coordinate returned inside curated Pune, India search box",Pune,https://www.mapillary.com/app/?pKey=919597995521130,2026-09-01T15:58:36+00:00,high_exact_semantic_taxonomy_prefix,mapillary_india_group_00041,metadata_only_not_reviewed,no,r07,r07_city_centre,r07_city_centre,mapillary_india_group_00013
926158601495629,1383642135341383,1383642135341383,regulatory--no-left-turn--g2,no_left_turn,uith6u0f8aqvn06awi8nwb,2021-01-11T09:49:35+00:00,1610358575203,101743165404889,pradeepbv,12.9749564,77.6084890,"Non-overlapping outer urban tile around Bengaluru, India; excludes the r07 centre box",Bengaluru outer tile,https://www.mapillary.com/app/?pKey=926158601495629,2026-09-01T17:31:29+00:00,high_exact_semantic_taxonomy_prefix,mapillary_india_group_00005,metadata_only_not_reviewed,no,expanded_20260901,major_city_ring_021,non_overlapping_major_city_ring,
940152053396798,3878718328843471,3878718328843471,regulatory--no-left-turn--g2,no_left_turn,zA5s5_mFfn4C1CSPmAuvPw,2015-09-06T11:06:29+00:00,1441537589789,109606001268498,srividya,28.6317503,77.1987804,"Non-overlapping outer urban tile around Delhi, India; excludes the r07 centre box",Delhi outer tile,https://www.mapillary.com/app/?pKey=940152053396798,2026-09-01T17:31:29+00:00,high_exact_semantic_taxonomy_prefix,mapillary_india_group_00029,metadata_only_not_reviewed,no,expanded_20260901,major_city_ring_006,non_overlapping_major_city_ring,
940254416726701,3878718328843471,3878718328843471,regulatory--no-left-turn--g2,no_left_turn,zA5s5_mFfn4C1CSPmAuvPw,2015-09-06T11:06:32+00:00,1441537592008,109606001268498,srividya,28.6317503,77.1987804,"Non-overlapping outer urban tile around Delhi, India; excludes the r07 centre box",Delhi outer tile,https://www.mapillary.com/app/?pKey=940254416726701,2026-09-01T17:31:29+00:00,high_exact_semantic_taxonomy_prefix,mapillary_india_group_00029,metadata_only_not_reviewed,no,expanded_20260901,major_city_ring_006,non_overlapping_major_city_ring,
951525408935870,491103788900157,491103788900157;491865632157306,regulatory--no-left-turn--g2,no_left_turn,8fgD0NWLQY62CnBcPf6UiQ,2018-09-24T07:19:53+00:00,1537773593103,109909584575154,prtksxna,15.4972708,73.8321861,"Curated interior coordinate centred on Panaji, India",Panaji,https://www.mapillary.com/app/?pKey=951525408935870,2026-09-01T17:31:29+00:00,high_exact_semantic_taxonomy_prefix,mapillary_india_group_00039,metadata_only_not_reviewed,no,expanded_20260901,additional_city_061,additional_city_or_town,
973226593485753,1678484082539159,1678484082539159,regulatory--no-left-turn--g2,no_left_turn,nFaPdZQ_9ggWLGfDoYlNWQ,2018-01-23T16:27:20+00:00,1516724840000,101235428790074,venkanna37,12.9539781,77.5911114,"Non-overlapping outer urban tile around Bengaluru, India; excludes the r07 centre box",Bengaluru outer tile,https://www.mapillary.com/app/?pKey=973226593485753,2026-09-01T17:31:29+00:00,high_exact_semantic_taxonomy_prefix,mapillary_india_group_00014,metadata_only_not_reviewed,no,expanded_20260901,major_city_ring_018,non_overlapping_major_city_ring,
976125359793573,482293629758113,482293629758113,regulatory--no-left-turn--g2,no_left_turn,yAp9gFhya1IGeXvi2lzvzw,2018-02-04T05:18:20+00:00,1517721500801,109833741245768,richlv,12.9539400,77.5917606,"Non-overlapping outer urban tile around Bengaluru, India; excludes the r07 centre box",Bengaluru outer tile,https://www.mapillary.com/app/?pKey=976125359793573,2026-09-01T17:31:29+00:00,high_exact_semantic_taxonomy_prefix,mapillary_india_group_00036,metadata_only_not_reviewed,no,expanded_20260901,major_city_ring_018,non_overlapping_major_city_ring,
977514832989737,1134601427027919,1134601427027919,regulatory--no-left-turn--g1,no_left_turn,pfw46nzk51m0gonja5k1zp,2019-10-08T07:36:22+00:00,1570520182730,109910087910218,jayp,12.9742602,77.6114321,"Non-overlapping outer urban tile around Bengaluru, India; excludes the r07 centre box",Bengaluru outer tile,https://www.mapillary.com/app/?pKey=977514832989737,2026-09-01T17:31:29+00:00,high_exact_semantic_taxonomy_prefix,mapillary_india_group_00002,metadata_only_not_reviewed,no,expanded_20260901,major_city_ring_021,non_overlapping_major_city_ring,
1002112747263356,2941991092716218,2941991092716218,regulatory--stop--g1,stop,LkcYscvorK8LkQskBqtGI8,2020-06-30T13:56:14+00:00,1593525374099,100149628902804,pra1985,17.4004868,78.4702240,"Non-overlapping outer urban tile around Hyderabad, India; excludes the r07 centre box",Hyderabad outer tile,https://www.mapillary.com/app/?pKey=1002112747263356,2026-09-01T17:31:29+00:00,high_exact_semantic_taxonomy_prefix,mapillary_india_group_00023,metadata_only_not_reviewed,no,expanded_20260901,major_city_ring_038,non_overlapping_major_city_ring,
1052785425474477,2941949159387078,2941949159387078,regulatory--stop--g1,stop,LkcYscvorK8LkQskBqtGI8,2020-06-30T13:55:58+00:00,1593525358049,100149628902804,pra1985,17.4007759,78.4708162,"Non-overlapping outer urban tile around Hyderabad, India; excludes the r07 centre box",Hyderabad outer tile,https://www.mapillary.com/app/?pKey=1052785425474477,2026-09-01T17:31:29+00:00,high_exact_semantic_taxonomy_prefix,mapillary_india_group_00023,metadata_only_not_reviewed,no,expanded_20260901,major_city_ring_038,non_overlapping_major_city_ring,
1071185483292227,2942116802703647,2942116802703647,regulatory--stop--g10,stop,LkcYscvorK8LkQskBqtGI8,2020-06-30T13:56:06+00:00,1593525366049,100149628902804,pra1985,17.4006286,78.4704919,"Non-overlapping outer urban tile around Hyderabad, India; excludes the r07 centre box",Hyderabad outer tile,https://www.mapillary.com/app/?pKey=1071185483292227,2026-09-01T17:31:29+00:00,high_exact_semantic_taxonomy_prefix,mapillary_india_group_00023,metadata_only_not_reviewed,no,expanded_20260901,major_city_ring_038,non_overlapping_major_city_ring,
108628531303807,251142620034595,251142620034595,regulatory--stop--g1,stop,4F5HagySfmdeHeL31CDYww,2018-02-14T04:15:16+00:00,1518581716185,109833741245768,richlv,12.9688006,77.5790933,"Non-overlapping outer urban tile around Bengaluru, India; excludes the r07 centre box",Bengaluru outer tile,https://www.mapillary.com/app/?pKey=108628531303807,2026-09-01T17:31:29+00:00,high_exact_semantic_taxonomy_prefix,mapillary_india_group_00019,metadata_only_not_reviewed,no,expanded_20260901,major_city_ring_020,non_overlapping_major_city_ring,
1118772261952913,180965013788346,180965013788346,regulatory--stop--g1,stop,gmgvk8fyvg3wclhy4oag9v,2016-12-12T05:32:17+00:00,1481520737103,108469318050957,yogi,12.9518932,77.6090215,"Non-overlapping outer urban tile around Bengaluru, India; excludes the r07 centre box",Bengaluru outer tile,https://www.mapillary.com/app/?pKey=1118772261952913,2026-09-01T17:31:29+00:00,high_exact_semantic_taxonomy_prefix,mapillary_india_group_00015,metadata_only_not_reviewed,no,expanded_20260901,major_city_ring_019,non_overlapping_major_city_ring,
1122419991593320,3719036634875078,3719036634875078,regulatory--stop--g1,stop,frU8i8F6_r72mHFQ3yJaog,2017-07-23T06:14:37+00:00,1500790477681,104356101806278,manojkmohan,10.5292337,76.2161662,"Curated interior coordinate centred on Thrissur, India",Thrissur,https://www.mapillary.com/app/?pKey=1122419991593320,2026-09-01T17:31:29+00:00,high_exact_semantic_taxonomy_prefix,mapillary_india_group_00028,metadata_only_not_reviewed,no,expanded_20260901,additional_city_063,additional_city_or_town,
1139754259784392,845322002724792,845322002724792,regulatory--stop--g1,stop,XA7KyeCQbLd-xJwgdl0aLQ,2015-11-27T11:35:11+00:00,1448624111804,109739051253554,akash,10.5281530,76.2143695,"Curated interior coordinate centred on Thrissur, India",Thrissur,https://www.mapillary.com/app/?pKey=1139754259784392,2026-09-01T17:31:29+00:00,high_exact_semantic_taxonomy_prefix,mapillary_india_group_00052,metadata_only_not_reviewed,no,expanded_20260901,additional_city_063,additional_city_or_town,
1147433542399298,251142620034595,251142620034595,regulatory--stop--g1,stop,4F5HagySfmdeHeL31CDYww,2018-02-14T04:15:22+00:00,1518581722102,109833741245768,richlv,12.9688522,77.5791398,"Non-overlapping outer urban tile around Bengaluru, India; excludes the r07 centre box",Bengaluru outer tile,https://www.mapillary.com/app/?pKey=1147433542399298,2026-09-01T17:31:29+00:00,high_exact_semantic_taxonomy_prefix,mapillary_india_group_00019,metadata_only_not_reviewed,no,expanded_20260901,major_city_ring_020,non_overlapping_major_city_ring,
115286244631513,121886100627707,121886100627707,regulatory--stop--g1,stop,eBzoQZcJEmLPdjXCsV2WOS,2022-08-29T13:11:47+00:00,1661778707286,109037777999283,olily,12.9757780,77.6146020,"Non-overlapping outer urban tile around Bengaluru, India; excludes the r07 centre box",Bengaluru outer tile,https://www.mapillary.com/app/?pKey=115286244631513,2026-09-01T17:31:29+00:00,high_exact_semantic_taxonomy_prefix,mapillary_india_group_00004,metadata_only_not_reviewed,no,expanded_20260901,major_city_ring_021,non_overlapping_major_city_ring,
1157408938004071,2942116802703647,2942116802703647,regulatory--stop--g10,stop,LkcYscvorK8LkQskBqtGI8,2020-06-30T13:56:16+00:00,1593525376099,100149628902804,pra1985,17.4004916,78.4701372,"Non-overlapping outer urban tile around Hyderabad, India; excludes the r07 centre box",Hyderabad outer tile,https://www.mapillary.com/app/?pKey=1157408938004071,2026-09-01T17:31:29+00:00,high_exact_semantic_taxonomy_prefix,mapillary_india_group_00023,metadata_only_not_reviewed,no,expanded_20260901,major_city_ring_038,non_overlapping_major_city_ring,
1170686990041756,481614309826045,481614309826045,regulatory--stop--g1,stop,yAp9gFhya1IGeXvi2lzvzw,2018-02-04T05:19:36+00:00,1517721576983,109833741245768,richlv,12.9535147,77.5925639,"Non-overlapping outer urban tile around Bengaluru, India; excludes the r07 centre box",Bengaluru outer tile,https://www.mapillary.com/app/?pKey=1170686990041756,2026-09-01T17:31:29+00:00,high_exact_semantic_taxonomy_prefix,mapillary_india_group_00035,metadata_only_not_reviewed,no,expanded_20260901,major_city_ring_018,non_overlapping_major_city_ring,
1187390995455208,121886100627707,121886100627707,regulatory--stop--g1,stop,eBzoQZcJEmLPdjXCsV2WOS,2022-08-29T13:11:18+00:00,1661778678169,109037777999283,olily,12.9758966,77.6146286,"Non-overlapping outer urban tile around Bengaluru, India; excludes the r07 centre box",Bengaluru outer tile,https://www.mapillary.com/app/?pKey=1187390995455208,2026-09-01T17:31:29+00:00,high_exact_semantic_taxonomy_prefix,mapillary_india_group_00004,metadata_only_not_reviewed,no,expanded_20260901,major_city_ring_021,non_overlapping_major_city_ring,
1226328002610814,873888689038950,873888689038950,regulatory--stop--g1,stop,sCFf0eah4yM835tDPcbNij,2026-04-01T04:18:08+00:00,1775017088098,1226028326356068,jegadeeshcumta,13.0816407,80.2757701,"Map feature coordinate returned inside curated Chennai, India search box",Chennai,https://www.mapillary.com/app/?pKey=1226328002610814,2026-09-01T15:58:36+00:00,high_exact_semantic_taxonomy_prefix,mapillary_india_group_00054,metadata_only_not_reviewed,no,r07,r07_city_centre,r07_city_centre,mapillary_india_group_00018
1268603748690293,3085012171700288,3085012171700288,regulatory--stop--g1,stop,SY9sP5dMG4WFOIgT6jHJli,2026-05-02T04:33:32+00:00,1777696412503,106724622478113,WPStan,19.0614351,72.8635067,"Non-overlapping outer urban tile around Mumbai, India; excludes the r07 centre box",Mumbai outer tile,https://www.mapillary.com/app/?pKey=1268603748690293,2026-09-01T17:31:29+00:00,high_exact_semantic_taxonomy_prefix,mapillary_india_group_00025,metadata_only_not_reviewed,no,expanded_20260901,major_city_ring_009,non_overlapping_major_city_ring,
1270009204776130,1505042624338548,1505042624338548,regulatory--stop--g1,stop,k96FGdscMXft7YvQRn41DZ,2026-04-25T11:35:59+00:00,1777116959498,106724622478113,WPStan,19.0612183,72.8623870,"Non-overlapping outer urban tile around Mumbai, India; excludes the r07 centre box",Mumbai outer tile,https://www.mapillary.com/app/?pKey=1270009204776130,2026-09-01T17:31:29+00:00,high_exact_semantic_taxonomy_prefix,mapillary_india_group_00012,metadata_only_not_reviewed,no,expanded_20260901,major_city_ring_009,non_overlapping_major_city_ring,
1282683073426836,3085012171700288,3085012171700288,regulatory--stop--g1,stop,SY9sP5dMG4WFOIgT6jHJli,2026-05-02T04:33:37+00:00,1777696417888,106724622478113,WPStan,19.0613747,72.8634933,"Non-overlapping outer urban tile around Mumbai, India; excludes the r07 centre box",Mumbai outer tile,https://www.mapillary.com/app/?pKey=1282683073426836,2026-09-01T17:31:29+00:00,high_exact_semantic_taxonomy_prefix,mapillary_india_group_00025,metadata_only_not_reviewed,no,expanded_20260901,major_city_ring_009,non_overlapping_major_city_ring,
1305397867274539,9367522263309691,9367522263309691,regulatory--stop--g1,stop,FkXzP6rWmofVnL08KdOEah,2025-01-25T09:22:55+00:00,1737796975146,106724622478113,WPStan,18.5241587,73.8441678,"Non-overlapping outer urban tile around Pune, India; excludes the r07 centre box",Pune outer tile,https://www.mapillary.com/app/?pKey=1305397867274539,2026-09-01T17:31:29+00:00,high_exact_semantic_taxonomy_prefix,mapillary_india_group_00055,metadata_only_not_reviewed,no,expanded_20260901,major_city_ring_052,non_overlapping_major_city_ring,
1318214735228901,2941949159387078,2941949159387078,regulatory--stop--g1,stop,LkcYscvorK8LkQskBqtGI8,2020-06-30T13:55:57+00:00,1593525357099,100149628902804,pra1985,17.4007825,78.4708412,"Non-overlapping outer urban tile around Hyderabad, India; excludes the r07 centre box",Hyderabad outer tile,https://www.mapillary.com/app/?pKey=1318214735228901,2026-09-01T17:31:29+00:00,high_exact_semantic_taxonomy_prefix,mapillary_india_group_00023,metadata_only_not_reviewed,no,expanded_20260901,major_city_ring_038,non_overlapping_major_city_ring,
1337236873953676,9367522263309691,9367522263309691,regulatory--stop--g1,stop,FkXzP6rWmofVnL08KdOEah,2025-01-25T09:23:08+00:00,1737796988192,106724622478113,WPStan,18.5242496,73.8444664,"Non-overlapping outer urban tile around Pune, India; excludes the r07 centre box",Pune outer tile,https://www.mapillary.com/app/?pKey=1337236873953676,2026-09-01T17:31:29+00:00,high_exact_semantic_taxonomy_prefix,mapillary_india_group_00055,metadata_only_not_reviewed,no,expanded_20260901,major_city_ring_052,non_overlapping_major_city_ring,
1366092247096018,486550056027958,486550056027958;486824266000537,regulatory--stop--g1,stop,1J1jkwcehnrQ_h3PwkMX2g,2016-07-09T15:52:21+00:00,1468079541233,106868151546426,shravan91,23.0348936,72.5606899,"Non-overlapping outer urban tile around Ahmedabad, India; excludes the r07 centre box",Ahmedabad outer tile,https://www.mapillary.com/app/?pKey=1366092247096018,2026-09-01T17:31:29+00:00,high_exact_semantic_taxonomy_prefix,mapillary_india_group_00038,metadata_only_not_reviewed,no,expanded_20260901,major_city_ring_062,non_overlapping_major_city_ring,
1377856796201221,342309952131542,342309952131542,regulatory--stop--g1,stop,b8iIJ3TdeQRS2FtYjvnDXc,2024-02-29T03:36:40+00:00,1709177800134,107704211899757,TejashreePOD,20.2962563,85.8246155,"Map feature coordinate returned inside curated Bhubaneswar, India search box",Bhubaneswar,https://www.mapillary.com/app/?pKey=1377856796201221,2026-09-01T15:58:36+00:00,high_exact_semantic_taxonomy_prefix,mapillary_india_group_00027,metadata_only_not_reviewed,no,r07,r07_city_centre,r07_city_centre,mapillary_india_group_00008
1399024293787792,591203692274165,591203692274165,regulatory--stop--g1,stop,gRgIn54GfgvIZQLItVvnRg,2018-02-14T02:34:14+00:00,1518575654200,109833741245768,richlv,12.9736151,77.5796324,"Non-overlapping outer urban tile around Bengaluru, India; excludes the r07 centre box",Bengaluru outer tile,https://www.mapillary.com/app/?pKey=1399024293787792,2026-09-01T17:31:29+00:00,high_exact_semantic_taxonomy_prefix,mapillary_india_group_00046,metadata_only_not_reviewed,no,expanded_20260901,major_city_ring_020,non_overlapping_major_city_ring,
149058647097781,465812847827805,465812847827805,regulatory--stop--g1,stop,Y7uV9nWSPoa3LCHYKwP2ew,2017-06-30T10:51:22+00:00,1498819882258,104356101806278,manojkmohan,10.5242829,76.2118812,"Curated interior coordinate centred on Thrissur, India",Thrissur,https://www.mapillary.com/app/?pKey=149058647097781,2026-09-01T17:31:29+00:00,high_exact_semantic_taxonomy_prefix,mapillary_india_group_00033,metadata_only_not_reviewed,no,expanded_20260901,additional_city_063,additional_city_or_town,
152214486906184,3719036634875078,3719036634875078,regulatory--stop--g1,stop,frU8i8F6_r72mHFQ3yJaog,2017-07-23T06:14:35+00:00,1500790475663,104356101806278,manojkmohan,10.5292214,76.2161841,"Curated interior coordinate centred on Thrissur, India",Thrissur,https://www.mapillary.com/app/?pKey=152214486906184,2026-09-01T17:31:29+00:00,high_exact_semantic_taxonomy_prefix,mapillary_india_group_00028,metadata_only_not_reviewed,no,expanded_20260901,additional_city_063,additional_city_or_town,
1636388416554396,481614309826045,481614309826045,regulatory--stop--g1,stop,yAp9gFhya1IGeXvi2lzvzw,2018-02-04T05:19:36+00:00,1517721576661,109833741245768,richlv,12.9535147,77.5925639,"Non-overlapping outer urban tile around Bengaluru, India; excludes the r07 centre box",Bengaluru outer tile,https://www.mapillary.com/app/?pKey=1636388416554396,2026-09-01T17:31:29+00:00,high_exact_semantic_taxonomy_prefix,mapillary_india_group_00035,metadata_only_not_reviewed,no,expanded_20260901,major_city_ring_018,non_overlapping_major_city_ring,
165054098879940,145133170964891,145133170964891,regulatory--stop--g1,stop,i64k97df2hnxaqdee6uush,2021-01-06T02:48:34+00:00,1609901314789,101743165404889,pradeepbv,12.9821080,77.5970286,"Non-overlapping outer urban tile around Bengaluru, India; excludes the r07 centre box",Bengaluru outer tile,https://www.mapillary.com/app/?pKey=165054098879940,2026-09-01T17:31:29+00:00,high_exact_semantic_taxonomy_prefix,mapillary_india_group_00008,metadata_only_not_reviewed,no,expanded_20260901,major_city_ring_023,non_overlapping_major_city_ring,
1906120286720554,1505042624338548,1505042624338548,regulatory--stop--g1,stop,k96FGdscMXft7YvQRn41DZ,2026-04-25T11:35:57+00:00,1777116957728,106724622478113,WPStan,19.0612150,72.8624206,"Non-overlapping outer urban tile around Mumbai, India; excludes the r07 centre box",Mumbai outer tile,https://www.mapillary.com/app/?pKey=1906120286720554,2026-09-01T17:31:29+00:00,high_exact_semantic_taxonomy_prefix,mapillary_india_group_00012,metadata_only_not_reviewed,no,expanded_20260901,major_city_ring_009,non_overlapping_major_city_ring,
1928060001169753,873888689038950,873888689038950,regulatory--stop--g1,stop,sCFf0eah4yM835tDPcbNij,2026-04-01T04:18:07+00:00,1775017087094,1226028326356068,jegadeeshcumta,13.0816527,80.2758318,"Map feature coordinate returned inside curated Chennai, India search box",Chennai,https://www.mapillary.com/app/?pKey=1928060001169753,2026-09-01T15:58:36+00:00,high_exact_semantic_taxonomy_prefix,mapillary_india_group_00054,metadata_only_not_reviewed,no,r07,r07_city_centre,r07_city_centre,mapillary_india_group_00018
193181629499593,438991063802757,438991063802757,regulatory--stop--g1,stop,PMo7KhJ3HSQOUNxTrmZCa6,2021-08-03T03:40:52+00:00,1627962052682,138886808313564,muruligowda,12.9675136,77.5949560,"Map feature coordinate returned inside curated Bengaluru, India search box",Bengaluru,https://www.mapillary.com/app/?pKey=193181629499593,2026-09-01T15:58:36+00:00,high_exact_semantic_taxonomy_prefix,mapillary_india_group_00031,metadata_only_not_reviewed,no,r07,r07_city_centre,r07_city_centre,mapillary_india_group_00011
196377819004993,145133170964891,145133170964891,regulatory--stop--g1,stop,i64k97df2hnxaqdee6uush,2021-01-06T02:48:35+00:00,1609901315870,101743165404889,pradeepbv,12.9820418,77.5970189,"Non-overlapping outer urban tile around Bengaluru, India; excludes the r07 centre box",Bengaluru outer tile,https://www.mapillary.com/app/?pKey=196377819004993,2026-09-01T17:31:29+00:00,high_exact_semantic_taxonomy_prefix,mapillary_india_group_00008,metadata_only_not_reviewed,no,expanded_20260901,major_city_ring_023,non_overlapping_major_city_ring,
1989734761752250,873888689038950,873888689038950,regulatory--stop--g1,stop,sCFf0eah4yM835tDPcbNij,2026-04-01T04:18:09+00:00,1775017089098,1226028326356068,jegadeeshcumta,13.0816300,80.2757085,"Map feature coordinate returned inside curated Chennai, India search box",Chennai,https://www.mapillary.com/app/?pKey=1989734761752250,2026-09-01T15:58:36+00:00,high_exact_semantic_taxonomy_prefix,mapillary_india_group_00054,metadata_only_not_reviewed,no,r07,r07_city_centre,r07_city_centre,mapillary_india_group_00018
200004068622196,972301046916069,972301046916069,regulatory--stop--g1,stop,uith6u0f8aqvn06awi8nwb,2021-01-11T09:59:07+00:00,1610359147200,101743165404889,pradeepbv,12.9854782,77.5930468,"Non-overlapping outer urban tile around Bengaluru, India; excludes the r07 centre box",Bengaluru outer tile,https://www.mapillary.com/app/?pKey=200004068622196,2026-09-01T17:31:29+00:00,high_exact_semantic_taxonomy_prefix,mapillary_india_group_00056,metadata_only_not_reviewed,no,expanded_20260901,major_city_ring_023,non_overlapping_major_city_ring,
205131548093263,2941991092716218,2941991092716218,regulatory--stop--g1,stop,LkcYscvorK8LkQskBqtGI8,2020-06-30T13:56:13+00:00,1593525373049,100149628902804,pra1985,17.4004990,78.4702844,"Non-overlapping outer urban tile around Hyderabad, India; excludes the r07 centre box",Hyderabad outer tile,https://www.mapillary.com/app/?pKey=205131548093263,2026-09-01T17:31:29+00:00,high_exact_semantic_taxonomy_prefix,mapillary_india_group_00023,metadata_only_not_reviewed,no,expanded_20260901,major_city_ring_038,non_overlapping_major_city_ring,
206665324340686,3719036634875078,3719036634875078,regulatory--stop--g1,stop,frU8i8F6_r72mHFQ3yJaog,2017-07-23T06:14:34+00:00,1500790474628,104356101806278,manojkmohan,10.5292144,76.2161951,"Curated interior coordinate centred on Thrissur, India",Thrissur,https://www.mapillary.com/app/?pKey=206665324340686,2026-09-01T17:31:29+00:00,high_exact_semantic_taxonomy_prefix,mapillary_india_group_00028,metadata_only_not_reviewed,no,expanded_20260901,additional_city_063,additional_city_or_town,
2129588130776853,9367522263309691,9367522263309691,regulatory--stop--g1,stop,FkXzP6rWmofVnL08KdOEah,2025-01-25T09:23:00+00:00,1737796980818,106724622478113,WPStan,18.5242207,73.8443287,"Non-overlapping outer urban tile around Pune, India; excludes the r07 centre box",Pune outer tile,https://www.mapillary.com/app/?pKey=2129588130776853,2026-09-01T17:31:29+00:00,high_exact_semantic_taxonomy_prefix,mapillary_india_group_00055,metadata_only_not_reviewed,no,expanded_20260901,major_city_ring_052,non_overlapping_major_city_ring,
215435054312379,482883380561287,482883380561287,regulatory--stop--g1,stop,y7mhlS82iZg4RYdcOUXbuo,2022-10-30T06:47:31+00:00,1667112451707,101864952355265,vjain93,20.2962216,85.8269160,"Map feature coordinate returned inside curated Bhubaneswar, India search box",Bhubaneswar,https://www.mapillary.com/app/?pKey=215435054312379,2026-09-01T15:58:36+00:00,high_exact_semantic_taxonomy_prefix,mapillary_india_group_00037,metadata_only_not_reviewed,no,r07,r07_city_centre,r07_city_centre,mapillary_india_group_00012
216882769812551,845469306043395,845469306043395,regulatory--stop--g1,stop,Fw7oxAz0DFXCdHvObvfXrw,2017-06-30T10:26:14+00:00,1498818374609,104356101806278,manojkmohan,10.5280027,76.2144989,"Curated interior coordinate centred on Thrissur, India",Thrissur,https://www.mapillary.com/app/?pKey=216882769812551,2026-09-01T17:31:29+00:00,high_exact_semantic_taxonomy_prefix,mapillary_india_group_00053,metadata_only_not_reviewed,no,expanded_20260901,additional_city_063,additional_city_or_town,
216931183570582,251142620034595,251142620034595,regulatory--stop--g1,stop,4F5HagySfmdeHeL31CDYww,2018-02-14T04:15:23+00:00,1518581723182,109833741245768,richlv,12.9688728,77.5791460,"Non-overlapping outer urban tile around Bengaluru, India; excludes the r07 centre box",Bengaluru outer tile,https://www.mapillary.com/app/?pKey=216931183570582,2026-09-01T17:31:29+00:00,high_exact_semantic_taxonomy_prefix,mapillary_india_group_00019,metadata_only_not_reviewed,no,expanded_20260901,major_city_ring_020,non_overlapping_major_city_ring,
217592986547772,2941991092716218,2941991092716218,regulatory--stop--g1,stop,LkcYscvorK8LkQskBqtGI8,2020-06-30T13:56:15+00:00,1593525375049,100149628902804,pra1985,17.4004857,78.4702053,"Non-overlapping outer urban tile around Hyderabad, India; excludes the r07 centre box",Hyderabad outer tile,https://www.mapillary.com/app/?pKey=217592986547772,2026-09-01T17:31:29+00:00,high_exact_semantic_taxonomy_prefix,mapillary_india_group_00023,metadata_only_not_reviewed,no,expanded_20260901,major_city_ring_038,non_overlapping_major_city_ring,
2300018650189083,342309952131542,342309952131542,regulatory--stop--g1,stop,b8iIJ3TdeQRS2FtYjvnDXc,2024-02-29T03:36:41+00:00,1709177801434,107704211899757,TejashreePOD,20.2961810,85.8246422,"Map feature coordinate returned inside curated Bhubaneswar, India search box",Bhubaneswar,https://www.mapillary.com/app/?pKey=2300018650189083,2026-09-01T15:58:36+00:00,high_exact_semantic_taxonomy_prefix,mapillary_india_group_00027,metadata_only_not_reviewed,no,r07,r07_city_centre,r07_city_centre,mapillary_india_group_00008
232906661964677,821291238809167,821291238809167,regulatory--stop--g1,stop,F9kpGhZELp7ZSdim01JqkA,2020-10-02T05:30:57+00:00,1601616657000,107753504794428,johnichan,10.5224000,76.2167833,"Curated interior coordinate centred on Thrissur, India",Thrissur,https://www.mapillary.com/app/?pKey=232906661964677,2026-09-01T17:31:29+00:00,high_exact_semantic_taxonomy_prefix,mapillary_india_group_00051,metadata_only_not_reviewed,no,expanded_20260901,additional_city_063,additional_city_or_town,
2411383059254058,9367522263309691,9367522263309691,regulatory--stop--g1,stop,FkXzP6rWmofVnL08KdOEah,2025-01-25T09:22:55+00:00,1737796975813,106724622478113,WPStan,18.5241722,73.8441933,"Non-overlapping outer urban tile around Pune, India; excludes the r07 centre box",Pune outer tile,https://www.mapillary.com/app/?pKey=2411383059254058,2026-09-01T17:31:29+00:00,high_exact_semantic_taxonomy_prefix,mapillary_india_group_00055,metadata_only_not_reviewed,no,expanded_20260901,major_city_ring_052,non_overlapping_major_city_ring,
26259494597034824,873888689038950,873888689038950,regulatory--stop--g1,stop,sCFf0eah4yM835tDPcbNij,2026-04-01T04:18:10+00:00,1775017090094,1226028326356068,jegadeeshcumta,13.0816206,80.2756495,"Map feature coordinate returned inside curated Chennai, India search box",Chennai,https://www.mapillary.com/app/?pKey=26259494597034824,2026-09-01T15:58:36+00:00,high_exact_semantic_taxonomy_prefix,mapillary_india_group_00054,metadata_only_not_reviewed,no,r07,r07_city_centre,r07_city_centre,mapillary_india_group_00018
263827252190617,2941991092716218,2941991092716218,regulatory--stop--g1,stop,LkcYscvorK8LkQskBqtGI8,2020-06-30T13:56:15+00:00,1593525375099,100149628902804,pra1985,17.4004859,78.4701825,"Non-overlapping outer urban tile around Hyderabad, India; excludes the r07 centre box",Hyderabad outer tile,https://www.mapillary.com/app/?pKey=263827252190617,2026-09-01T17:31:29+00:00,high_exact_semantic_taxonomy_prefix,mapillary_india_group_00023,metadata_only_not_reviewed,no,expanded_20260901,major_city_ring_038,non_overlapping_major_city_ring,
2644511782520861,438991063802757,438991063802757,regulatory--stop--g1,stop,PMo7KhJ3HSQOUNxTrmZCa6,2021-08-03T03:40:53+00:00,1627962053793,138886808313564,muruligowda,12.9674558,77.5949635,"Map feature coordinate returned inside curated Bengaluru, India search box",Bengaluru,https://www.mapillary.com/app/?pKey=2644511782520861,2026-09-01T15:58:36+00:00,high_exact_semantic_taxonomy_prefix,mapillary_india_group_00031,metadata_only_not_reviewed,no,r07,r07_city_centre,r07_city_centre,mapillary_india_group_00011
266917829730355,821291238809167,821291238809167,regulatory--stop--g1,stop,TdQPvKeDwLgixzSO2l3FHR,2023-12-23T03:47:34+00:00,1703303254661,101499702097483,V15,10.5223011,76.2168114,"Curated interior coordinate centred on Thrissur, India",Thrissur,https://www.mapillary.com/app/?pKey=266917829730355,2026-09-01T17:31:29+00:00,high_exact_semantic_taxonomy_prefix,mapillary_india_group_00051,metadata_only_not_reviewed,no,expanded_20260901,additional_city_063,additional_city_or_town,
285766233095368,2916379968680363,2916379968680363,regulatory--stop--g1,stop,frU8i8F6_r72mHFQ3yJaog,2017-07-23T06:12:51+00:00,1500790371064,104356101806278,manojkmohan,10.5289058,76.2172812,"Curated interior coordinate centred on Thrissur, India",Thrissur,https://www.mapillary.com/app/?pKey=285766233095368,2026-09-01T17:31:29+00:00,high_exact_semantic_taxonomy_prefix,mapillary_india_group_00022,metadata_only_not_reviewed,no,expanded_20260901,additional_city_063,additional_city_or_town,
291001506019630,251142620034595,251142620034595,regulatory--stop--g1,stop,4F5HagySfmdeHeL31CDYww,2018-02-14T04:15:20+00:00,1518581720097,109833741245768,richlv,12.9688356,77.5791333,"Non-overlapping outer urban tile around Bengaluru, India; excludes the r07 centre box",Bengaluru outer tile,https://www.mapillary.com/app/?pKey=291001506019630,2026-09-01T17:31:29+00:00,high_exact_semantic_taxonomy_prefix,mapillary_india_group_00019,metadata_only_not_reviewed,no,expanded_20260901,major_city_ring_020,non_overlapping_major_city_ring,
291022702721537,821291238809167,821291238809167,regulatory--stop--g1,stop,F9kpGhZELp7ZSdim01JqkA,2020-10-02T05:30:56+00:00,1601616656000,107753504794428,johnichan,10.5223333,76.2167833,"Curated interior coordinate centred on Thrissur, India",Thrissur,https://www.mapillary.com/app/?pKey=291022702721537,2026-09-01T17:31:29+00:00,high_exact_semantic_taxonomy_prefix,mapillary_india_group_00051,metadata_only_not_reviewed,no,expanded_20260901,additional_city_063,additional_city_or_town,
294460695656083,591203692274165,591203692274165,regulatory--stop--g1,stop,gRgIn54GfgvIZQLItVvnRg,2018-02-14T02:34:18+00:00,1518575658228,109833741245768,richlv,12.9736370,77.5795899,"Non-overlapping outer urban tile around Bengaluru, India; excludes the r07 centre box",Bengaluru outer tile,https://www.mapillary.com/app/?pKey=294460695656083,2026-09-01T17:31:29+00:00,high_exact_semantic_taxonomy_prefix,mapillary_india_group_00046,metadata_only_not_reviewed,no,expanded_20260901,major_city_ring_020,non_overlapping_major_city_ring,
305021167756684,2941949159387078,2941949159387078,regulatory--stop--g1,stop,LkcYscvorK8LkQskBqtGI8,2020-06-30T13:55:55+00:00,1593525355099,100149628902804,pra1985,17.4007981,78.4709237,"Non-overlapping outer urban tile around Hyderabad, India; excludes the r07 centre box",Hyderabad outer tile,https://www.mapillary.com/app/?pKey=305021167756684,2026-09-01T17:31:29+00:00,high_exact_semantic_taxonomy_prefix,mapillary_india_group_00023,metadata_only_not_reviewed,no,expanded_20260901,major_city_ring_038,non_overlapping_major_city_ring,
308390117513060,508081396899737,508081396899737,regulatory--stop--g10,stop,ykf2d8o3fmbuqhrw1aqpyl,2021-01-09T09:13:24+00:00,1610183604082,100570762192712,manojbright,10.5317384,76.2113496,"Curated interior coordinate centred on Thrissur, India",Thrissur,https://www.mapillary.com/app/?pKey=308390117513060,2026-09-01T17:31:29+00:00,high_exact_semantic_taxonomy_prefix,mapillary_india_group_00042,metadata_only_not_reviewed,no,expanded_20260901,additional_city_063,additional_city_or_town,
314878790032272,2916379968680363,2916379968680363,regulatory--stop--g1,stop,frU8i8F6_r72mHFQ3yJaog,2017-07-23T06:12:52+00:00,1500790372046,104356101806278,manojkmohan,10.5289058,76.2172712,"Curated interior coordinate centred on Thrissur, India",Thrissur,https://www.mapillary.com/app/?pKey=314878790032272,2026-09-01T17:31:29+00:00,high_exact_semantic_taxonomy_prefix,mapillary_india_group_00022,metadata_only_not_reviewed,no,expanded_20260901,additional_city_063,additional_city_or_town,
3211922849012251,3085012171700288,3085012171700288,regulatory--stop--g1,stop,SY9sP5dMG4WFOIgT6jHJli,2026-05-02T04:33:35+00:00,1777696415027,106724622478113,WPStan,19.0614021,72.8635019,"Non-overlapping outer urban tile around Mumbai, India; excludes the r07 centre box",Mumbai outer tile,https://www.mapillary.com/app/?pKey=3211922849012251,2026-09-01T17:31:29+00:00,high_exact_semantic_taxonomy_prefix,mapillary_india_group_00025,metadata_only_not_reviewed,no,expanded_20260901,major_city_ring_009,non_overlapping_major_city_ring,
327676258784594,3719036634875078,3719036634875078,regulatory--stop--g1,stop,frU8i8F6_r72mHFQ3yJaog,2017-07-23T06:14:39+00:00,1500790479667,104356101806278,manojkmohan,10.5292439,76.2161486,"Curated interior coordinate centred on Thrissur, India",Thrissur,https://www.mapillary.com/app/?pKey=327676258784594,2026-09-01T17:31:29+00:00,high_exact_semantic_taxonomy_prefix,mapillary_india_group_00028,metadata_only_not_reviewed,no,expanded_20260901,additional_city_063,additional_city_or_town,
330150758664282,481614309826045,481614309826045,regulatory--stop--g1,stop,yAp9gFhya1IGeXvi2lzvzw,2018-02-04T05:19:39+00:00,1517721579476,109833741245768,richlv,12.9534958,77.5925878,"Non-overlapping outer urban tile around Bengaluru, India; excludes the r07 centre box",Bengaluru outer tile,https://www.mapillary.com/app/?pKey=330150758664282,2026-09-01T17:31:29+00:00,high_exact_semantic_taxonomy_prefix,mapillary_india_group_00035,metadata_only_not_reviewed,no,expanded_20260901,major_city_ring_018,non_overlapping_major_city_ring,
337998521073977,251142620034595,251142620034595,regulatory--stop--g1,stop,4F5HagySfmdeHeL31CDYww,2018-02-14T04:15:28+00:00,1518581728115,109833741245768,richlv,12.9689073,77.5791551,"Non-overlapping outer urban tile around Bengaluru, India; excludes the r07 centre box",Bengaluru outer tile,https://www.mapillary.com/app/?pKey=337998521073977,2026-09-01T17:31:29+00:00,high_exact_semantic_taxonomy_prefix,mapillary_india_group_00019,metadata_only_not_reviewed,no,expanded_20260901,major_city_ring_020,non_overlapping_major_city_ring,
3457765924390639,873888689038950,873888689038950,regulatory--stop--g1,stop,sCFf0eah4yM835tDPcbNij,2026-04-01T04:18:11+00:00,1775017091095,1226028326356068,jegadeeshcumta,13.0816142,80.2755929,"Map feature coordinate returned inside curated Chennai, India search box",Chennai,https://www.mapillary.com/app/?pKey=3457765924390639,2026-09-01T15:58:36+00:00,high_exact_semantic_taxonomy_prefix,mapillary_india_group_00054,metadata_only_not_reviewed,no,r07,r07_city_centre,r07_city_centre,mapillary_india_group_00018
348275611714179,9367522263309691,9367522263309691,regulatory--stop--g1,stop,FkXzP6rWmofVnL08KdOEah,2025-01-25T09:22:56+00:00,1737796976581,106724622478113,WPStan,18.5241842,73.8442198,"Non-overlapping outer urban tile around Pune, India; excludes the r07 centre box",Pune outer tile,https://www.mapillary.com/app/?pKey=348275611714179,2026-09-01T17:31:29+00:00,high_exact_semantic_taxonomy_prefix,mapillary_india_group_00055,metadata_only_not_reviewed,no,expanded_20260901,major_city_ring_052,non_overlapping_major_city_ring,
361536216756626,342309952131542,342309952131542,regulatory--stop--g1,stop,b8iIJ3TdeQRS2FtYjvnDXc,2024-02-29T03:36:37+00:00,1709177797175,107704211899757,TejashreePOD,20.2965001,85.8245346,"Map feature coordinate returned inside curated Bhubaneswar, India search box",Bhubaneswar,https://www.mapillary.com/app/?pKey=361536216756626,2026-09-01T15:58:36+00:00,high_exact_semantic_taxonomy_prefix,mapillary_india_group_00027,metadata_only_not_reviewed,no,r07,r07_city_centre,r07_city_centre,mapillary_india_group_00008
363965225109456,438991063802757,438991063802757,regulatory--stop--g1,stop,PMo7KhJ3HSQOUNxTrmZCa6,2021-08-03T03:40:54+00:00,1627962054641,138886808313564,muruligowda,12.9674132,77.5949682,"Map feature coordinate returned inside curated Bengaluru, India search box",Bengaluru,https://www.mapillary.com/app/?pKey=363965225109456,2026-09-01T15:58:36+00:00,high_exact_semantic_taxonomy_prefix,mapillary_india_group_00031,metadata_only_not_reviewed,no,r07,r07_city_centre,r07_city_centre,mapillary_india_group_00011
380804510993210,821291238809167,821291238809167,regulatory--stop--g1,stop,TdQPvKeDwLgixzSO2l3FHR,2023-12-23T03:47:35+00:00,1703303255621,101499702097483,V15,10.5223714,76.2168157,"Curated interior coordinate centred on Thrissur, India",Thrissur,https://www.mapillary.com/app/?pKey=380804510993210,2026-09-01T17:31:29+00:00,high_exact_semantic_taxonomy_prefix,mapillary_india_group_00051,metadata_only_not_reviewed,no,expanded_20260901,additional_city_063,additional_city_or_town,
382413487780117,821291238809167,821291238809167,regulatory--stop--g1,stop,TdQPvKeDwLgixzSO2l3FHR,2023-12-23T03:47:30+00:00,1703303250690,101499702097483,V15,10.5220049,76.2168148,"Curated interior coordinate centred on Thrissur, India",Thrissur,https://www.mapillary.com/app/?pKey=382413487780117,2026-09-01T17:31:29+00:00,high_exact_semantic_taxonomy_prefix,mapillary_india_group_00051,metadata_only_not_reviewed,no,expanded_20260901,additional_city_063,additional_city_or_town,
386607900309212,121886100627707,121886100627707,regulatory--stop--g1,stop,eBzoQZcJEmLPdjXCsV2WOS,2022-08-29T13:11:29+00:00,1661778689280,109037777999283,olily,12.9758947,77.6146308,"Non-overlapping outer urban tile around Bengaluru, India; excludes the r07 centre box",Bengaluru outer tile,https://www.mapillary.com/app/?pKey=386607900309212,2026-09-01T17:31:29+00:00,high_exact_semantic_taxonomy_prefix,mapillary_india_group_00004,metadata_only_not_reviewed,no,expanded_20260901,major_city_ring_021,non_overlapping_major_city_ring,
396461289652900,342309952131542,342309952131542,regulatory--stop--g1,stop,b8iIJ3TdeQRS2FtYjvnDXc,2024-02-29T03:36:43+00:00,1709177803338,107704211899757,TejashreePOD,20.2960433,85.8246943,"Map feature coordinate returned inside curated Bhubaneswar, India search box",Bhubaneswar,https://www.mapillary.com/app/?pKey=396461289652900,2026-09-01T15:58:36+00:00,high_exact_semantic_taxonomy_prefix,mapillary_india_group_00027,metadata_only_not_reviewed,no,r07,r07_city_centre,r07_city_centre,mapillary_india_group_00008
3974993112592619,2941949159387078,2941949159387078,regulatory--stop--g1,stop,LkcYscvorK8LkQskBqtGI8,2020-06-30T13:55:55+00:00,1593525355049,100149628902804,pra1985,17.4008008,78.4709423,"Non-overlapping outer urban tile around Hyderabad, India; excludes the r07 centre box",Hyderabad outer tile,https://www.mapillary.com/app/?pKey=3974993112592619,2026-09-01T17:31:29+00:00,high_exact_semantic_taxonomy_prefix,mapillary_india_group_00023,metadata_only_not_reviewed,no,expanded_20260901,major_city_ring_038,non_overlapping_major_city_ring,
4169839559703007,1411575839206119,1411575839206119,regulatory--stop--g1,stop,gPGxbrIqgUeS2B6Cpi7msg,2018-02-14T03:46:51+00:00,1518580011127,109833741245768,richlv,12.9691652,77.5766937,"Non-overlapping outer urban tile around Bengaluru, India; excludes the r07 centre box",Bengaluru outer tile,https://www.mapillary.com/app/?pKey=4169839559703007,2026-09-01T17:31:29+00:00,high_exact_semantic_taxonomy_prefix,mapillary_india_group_00006,metadata_only_not_reviewed,no,expanded_20260901,major_city_ring_020,non_overlapping_major_city_ring,
4390157774330574,2941991092716218,2941991092716218,regulatory--stop--g1,stop,LkcYscvorK8LkQskBqtGI8,2020-06-30T13:56:16+00:00,1593525376049,100149628902804,pra1985,17.4004876,78.4701604,"Non-overlapping outer urban tile around Hyderabad, India; excludes the r07 centre box",Hyderabad outer tile,https://www.mapillary.com/app/?pKey=4390157774330574,2026-09-01T17:31:29+00:00,high_exact_semantic_taxonomy_prefix,mapillary_india_group_00023,metadata_only_not_reviewed,no,expanded_20260901,major_city_ring_038,non_overlapping_major_city_ring,
442564437932079,121886100627707,121886100627707,regulatory--stop--g1,stop,eBzoQZcJEmLPdjXCsV2WOS,2022-08-29T13:11:32+00:00,1661778692284,109037777999283,olily,12.9758946,77.6146307,"Non-overlapping outer urban tile around Bengaluru, India; excludes the r07 centre box",Bengaluru outer tile,https://www.mapillary.com/app/?pKey=442564437932079,2026-09-01T17:31:29+00:00,high_exact_semantic_taxonomy_prefix,mapillary_india_group_00004,metadata_only_not_reviewed,no,expanded_20260901,major_city_ring_021,non_overlapping_major_city_ring,
448986472865565,2916379968680363,2916379968680363,regulatory--stop--g1,stop,frU8i8F6_r72mHFQ3yJaog,2017-07-23T06:12:56+00:00,1500790376071,104356101806278,manojkmohan,10.5289068,76.2172353,"Curated interior coordinate centred on Thrissur, India",Thrissur,https://www.mapillary.com/app/?pKey=448986472865565,2026-09-01T17:31:29+00:00,high_exact_semantic_taxonomy_prefix,mapillary_india_group_00022,metadata_only_not_reviewed,no,expanded_20260901,additional_city_063,additional_city_or_town,
453191385748801,3719036634875078,3719036634875078,regulatory--stop--g1,stop,frU8i8F6_r72mHFQ3yJaog,2017-07-23T06:14:38+00:00,1500790478682,104356101806278,manojkmohan,10.5292390,76.2161574,"Curated interior coordinate centred on Thrissur, India",Thrissur,https://www.mapillary.com/app/?pKey=453191385748801,2026-09-01T17:31:29+00:00,high_exact_semantic_taxonomy_prefix,mapillary_india_group_00028,metadata_only_not_reviewed,no,expanded_20260901,additional_city_063,additional_city_or_town,
457067468726425,2941949159387078,2941949159387078,regulatory--stop--g1,stop,LkcYscvorK8LkQskBqtGI8,2020-06-30T13:55:57+00:00,1593525357049,100149628902804,pra1985,17.4007874,78.4708632,"Non-overlapping outer urban tile around Hyderabad, India; excludes the r07 centre box",Hyderabad outer tile,https://www.mapillary.com/app/?pKey=457067468726425,2026-09-01T17:31:29+00:00,high_exact_semantic_taxonomy_prefix,mapillary_india_group_00023,metadata_only_not_reviewed,no,expanded_20260901,major_city_ring_038,non_overlapping_major_city_ring,
461776005080449,845469306043395,845469306043395,regulatory--stop--g1,stop,Fw7oxAz0DFXCdHvObvfXrw,2017-06-30T10:26:07+00:00,1498818367491,104356101806278,manojkmohan,10.5280995,76.2144918,"Curated interior coordinate centred on Thrissur, India",Thrissur,https://www.mapillary.com/app/?pKey=461776005080449,2026-09-01T17:31:29+00:00,high_exact_semantic_taxonomy_prefix,mapillary_india_group_00053,metadata_only_not_reviewed,no,expanded_20260901,additional_city_063,additional_city_or_town,
465506134734659,2941949159387078,2941949159387078,regulatory--stop--g1,stop,LkcYscvorK8LkQskBqtGI8,2020-06-30T13:55:56+00:00,1593525356099,100149628902804,pra1985,17.4007912,78.4708824,"Non-overlapping outer urban tile around Hyderabad, India; excludes the r07 centre box",Hyderabad outer tile,https://www.mapillary.com/app/?pKey=465506134734659,2026-09-01T17:31:29+00:00,high_exact_semantic_taxonomy_prefix,mapillary_india_group_00023,metadata_only_not_reviewed,no,expanded_20260901,major_city_ring_038,non_overlapping_major_city_ring,
471803294150997,2941949159387078,2941949159387078,regulatory--stop--g1,stop,LkcYscvorK8LkQskBqtGI8,2020-06-30T13:55:58+00:00,1593525358099,100149628902804,pra1985,17.4007691,78.4707969,"Non-overlapping outer urban tile around Hyderabad, India; excludes the r07 centre box",Hyderabad outer tile,https://www.mapillary.com/app/?pKey=471803294150997,2026-09-01T17:31:29+00:00,high_exact_semantic_taxonomy_prefix,mapillary_india_group_00023,metadata_only_not_reviewed,no,expanded_20260901,major_city_ring_038,non_overlapping_major_city_ring,
475309870446861,3719036634875078,3719036634875078,regulatory--stop--g1,stop,frU8i8F6_r72mHFQ3yJaog,2017-07-23T06:14:36+00:00,1500790476663,104356101806278,manojkmohan,10.5292277,76.2161747,"Curated interior coordinate centred on Thrissur, India",Thrissur,https://www.mapillary.com/app/?pKey=475309870446861,2026-09-01T17:31:29+00:00,high_exact_semantic_taxonomy_prefix,mapillary_india_group_00028,metadata_only_not_reviewed,no,expanded_20260901,additional_city_063,additional_city_or_town,
490007682429021,2941949159387078,2941949159387078,regulatory--stop--g1,stop,LkcYscvorK8LkQskBqtGI8,2020-06-30T13:55:56+00:00,1593525356049,100149628902804,pra1985,17.4007949,78.4709049,"Non-overlapping outer urban tile around Hyderabad, India; excludes the r07 centre box",Hyderabad outer tile,https://www.mapillary.com/app/?pKey=490007682429021,2026-09-01T17:31:29+00:00,high_exact_semantic_taxonomy_prefix,mapillary_india_group_00023,metadata_only_not_reviewed,no,expanded_20260901,major_city_ring_038,non_overlapping_major_city_ring,
491003665475946,180965013788346,180965013788346,regulatory--stop--g1,stop,gmgvk8fyvg3wclhy4oag9v,2016-12-12T05:32:18+00:00,1481520738846,108469318050957,yogi,12.9518803,77.6091117,"Non-overlapping outer urban tile around Bengaluru, India; excludes the r07 centre box",Bengaluru outer tile,https://www.mapillary.com/app/?pKey=491003665475946,2026-09-01T17:31:29+00:00,high_exact_semantic_taxonomy_prefix,mapillary_india_group_00015,metadata_only_not_reviewed,no,expanded_20260901,major_city_ring_019,non_overlapping_major_city_ring,
492367702078346,251142620034595,251142620034595,regulatory--stop--g1,stop,4F5HagySfmdeHeL31CDYww,2018-02-14T04:15:18+00:00,1518581718153,109833741245768,richlv,12.9688129,77.5791142,"Non-overlapping outer urban tile around Bengaluru, India; excludes the r07 centre box",Bengaluru outer tile,https://www.mapillary.com/app/?pKey=492367702078346,2026-09-01T17:31:29+00:00,high_exact_semantic_taxonomy_prefix,mapillary_india_group_00019,metadata_only_not_reviewed,no,expanded_20260901,major_city_ring_020,non_overlapping_major_city_ring,
496000738258584,591203692274165,591203692274165,regulatory--stop--g1,stop,gRgIn54GfgvIZQLItVvnRg,2018-02-14T02:34:11+00:00,1518575651595,109833741245768,richlv,12.9736065,77.5796457,"Non-overlapping outer urban tile around Bengaluru, India; excludes the r07 centre box",Bengaluru outer tile,https://www.mapillary.com/app/?pKey=496000738258584,2026-09-01T17:31:29+00:00,high_exact_semantic_taxonomy_prefix,mapillary_india_group_00046,metadata_only_not_reviewed,no,expanded_20260901,major_city_ring_020,non_overlapping_major_city_ring,
497523407952810,2916379968680363,2916379968680363,regulatory--stop--g1,stop,frU8i8F6_r72mHFQ3yJaog,2017-07-23T06:12:54+00:00,1500790374096,104356101806278,manojkmohan,10.5289030,76.2172535,"Curated interior coordinate centred on Thrissur, India",Thrissur,https://www.mapillary.com/app/?pKey=497523407952810,2026-09-01T17:31:29+00:00,high_exact_semantic_taxonomy_prefix,mapillary_india_group_00022,metadata_only_not_reviewed,no,expanded_20260901,additional_city_063,additional_city_or_town,
501503417548056,3719036634875078,3719036634875078,regulatory--stop--g1,stop,frU8i8F6_r72mHFQ3yJaog,2017-07-23T06:14:40+00:00,1500790480711,104356101806278,manojkmohan,10.5292486,76.2161391,"Curated interior coordinate centred on Thrissur, India",Thrissur,https://www.mapillary.com/app/?pKey=501503417548056,2026-09-01T17:31:29+00:00,high_exact_semantic_taxonomy_prefix,mapillary_india_group_00028,metadata_only_not_reviewed,no,expanded_20260901,additional_city_063,additional_city_or_town,
506333247164514,972301046916069,972301046916069,regulatory--stop--g1,stop,uith6u0f8aqvn06awi8nwb,2021-01-11T09:59:09+00:00,1610359149193,101743165404889,pradeepbv,12.9855774,77.5930815,"Non-overlapping outer urban tile around Bengaluru, India; excludes the r07 centre box",Bengaluru outer tile,https://www.mapillary.com/app/?pKey=506333247164514,2026-09-01T17:31:29+00:00,high_exact_semantic_taxonomy_prefix,mapillary_india_group_00056,metadata_only_not_reviewed,no,expanded_20260901,major_city_ring_023,non_overlapping_major_city_ring,
511391129883847,180965013788346,180965013788346,regulatory--stop--g1,stop,gmgvk8fyvg3wclhy4oag9v,2016-12-12T05:32:18+00:00,1481520738846,108469318050957,yogi,12.9518803,77.6091117,"Non-overlapping outer urban tile around Bengaluru, India; excludes the r07 centre box",Bengaluru outer tile,https://www.mapillary.com/app/?pKey=511391129883847,2026-09-01T17:31:29+00:00,high_exact_semantic_taxonomy_prefix,mapillary_india_group_00015,metadata_only_not_reviewed,no,expanded_20260901,major_city_ring_019,non_overlapping_major_city_ring,
516763002674368,460518565051977,460518565051977,regulatory--stop--g1,stop,nFaPdZQ_9ggWLGfDoYlNWQ,2018-01-23T16:18:19+00:00,1516724299000,101235428790074,venkanna37,12.9565464,77.5812964,"Non-overlapping outer urban tile around Bengaluru, India; excludes the r07 centre box",Bengaluru outer tile,https://www.mapillary.com/app/?pKey=516763002674368,2026-09-01T17:31:29+00:00,high_exact_semantic_taxonomy_prefix,mapillary_india_group_00032,metadata_only_not_reviewed,no,expanded_20260901,major_city_ring_017,non_overlapping_major_city_ring,
527908541564701,2941991092716218,2941991092716218,regulatory--stop--g1,stop,LkcYscvorK8LkQskBqtGI8,2020-06-30T13:56:14+00:00,1593525374049,100149628902804,pra1985,17.4004892,78.4702431,"Non-overlapping outer urban tile around Hyderabad, India; excludes the r07 centre box",Hyderabad outer tile,https://www.mapillary.com/app/?pKey=527908541564701,2026-09-01T17:31:29+00:00,high_exact_semantic_taxonomy_prefix,mapillary_india_group_00023,metadata_only_not_reviewed,no,expanded_20260901,major_city_ring_038,non_overlapping_major_city_ring,
533887497602347,492731675486374,492731675486374,regulatory--stop--g1,stop,h1EXgFxnhc_t2zPFPL5QsQ,2018-02-03T09:13:14+00:00,1517649194000,107965118105737,natarajakaveeti,31.1085048,77.1669367,"Curated interior coordinate centred on Shimla, India",Shimla,https://www.mapillary.com/app/?pKey=533887497602347,2026-09-01T17:31:29+00:00,high_exact_semantic_taxonomy_prefix,mapillary_india_group_00040,metadata_only_not_reviewed,no,expanded_20260901,additional_city_021,additional_city_or_town,
534800817588095,492731675486374,492731675486374,regulatory--stop--g1,stop,h1EXgFxnhc_t2zPFPL5QsQ,2018-02-03T09:13:12+00:00,1517649192000,107965118105737,natarajakaveeti,31.1086031,77.1668286,"Curated interior coordinate centred on Shimla, India",Shimla,https://www.mapillary.com/app/?pKey=534800817588095,2026-09-01T17:31:29+00:00,high_exact_semantic_taxonomy_prefix,mapillary_india_group_00040,metadata_only_not_reviewed,no,expanded_20260901,additional_city_021,additional_city_or_town,
556785701954457,845469306043395,845469306043395,regulatory--stop--g1,stop,Fw7oxAz0DFXCdHvObvfXrw,2017-06-30T10:26:09+00:00,1498818369494,104356101806278,manojkmohan,10.5280698,76.2144910,"Curated interior coordinate centred on Thrissur, India",Thrissur,https://www.mapillary.com/app/?pKey=556785701954457,2026-09-01T17:31:29+00:00,high_exact_semantic_taxonomy_prefix,mapillary_india_group_00053,metadata_only_not_reviewed,no,expanded_20260901,additional_city_063,additional_city_or_town,
579678436332090,2942116802703647,2942116802703647,regulatory--stop--g10,stop,LkcYscvorK8LkQskBqtGI8,2020-06-30T13:56:17+00:00,1593525377049,100149628902804,pra1985,17.4004985,78.4701134,"Non-overlapping outer urban tile around Hyderabad, India; excludes the r07 centre box",Hyderabad outer tile,https://www.mapillary.com/app/?pKey=579678436332090,2026-09-01T17:31:29+00:00,high_exact_semantic_taxonomy_prefix,mapillary_india_group_00023,metadata_only_not_reviewed,no,expanded_20260901,major_city_ring_038,non_overlapping_major_city_ring,
581459809496120,1411575839206119,1411575839206119,regulatory--stop--g1,stop,gPGxbrIqgUeS2B6Cpi7msg,2018-02-14T03:46:48+00:00,1518580008132,109833741245768,richlv,12.9691921,77.5766924,"Non-overlapping outer urban tile around Bengaluru, India; excludes the r07 centre box",Bengaluru outer tile,https://www.mapillary.com/app/?pKey=581459809496120,2026-09-01T17:31:29+00:00,high_exact_semantic_taxonomy_prefix,mapillary_india_group_00006,metadata_only_not_reviewed,no,expanded_20260901,major_city_ring_020,non_overlapping_major_city_ring,
5869627403056005,121886100627707,121886100627707,regulatory--stop--g1,stop,eBzoQZcJEmLPdjXCsV2WOS,2022-08-29T13:11:43+00:00,1661778703144,109037777999283,olily,12.9758841,77.6146310,"Non-overlapping outer urban tile around Bengaluru, India; excludes the r07 centre box",Bengaluru outer tile,https://www.mapillary.com/app/?pKey=5869627403056005,2026-09-01T17:31:29+00:00,high_exact_semantic_taxonomy_prefix,mapillary_india_group_00004,metadata_only_not_reviewed,no,expanded_20260901,major_city_ring_021,non_overlapping_major_city_ring,
588839076117147,121886100627707,121886100627707,regulatory--stop--g1,stop,eBzoQZcJEmLPdjXCsV2WOS,2022-08-29T13:11:34+00:00,1661778694255,109037777999283,olily,12.9758939,77.6146313,"Non-overlapping outer urban tile around Bengaluru, India; excludes the r07 centre box",Bengaluru outer tile,https://www.mapillary.com/app/?pKey=588839076117147,2026-09-01T17:31:29+00:00,high_exact_semantic_taxonomy_prefix,mapillary_india_group_00004,metadata_only_not_reviewed,no,expanded_20260901,major_city_ring_021,non_overlapping_major_city_ring,
591384536061986,121886100627707,121886100627707,regulatory--stop--g1,stop,eBzoQZcJEmLPdjXCsV2WOS,2022-08-29T13:11:28+00:00,1661778688279,109037777999283,olily,12.9758954,77.6146304,"Non-overlapping outer urban tile around Bengaluru, India; excludes the r07 centre box",Bengaluru outer tile,https://www.mapillary.com/app/?pKey=591384536061986,2026-09-01T17:31:29+00:00,high_exact_semantic_taxonomy_prefix,mapillary_india_group_00004,metadata_only_not_reviewed,no,expanded_20260901,major_city_ring_021,non_overlapping_major_city_ring,
601983965768265,9367522263309691,9367522263309691,regulatory--stop--g1,stop,FkXzP6rWmofVnL08KdOEah,2025-01-25T09:23:06+00:00,1737796986791,106724622478113,WPStan,18.5242427,73.8444384,"Non-overlapping outer urban tile around Pune, India; excludes the r07 centre box",Pune outer tile,https://www.mapillary.com/app/?pKey=601983965768265,2026-09-01T17:31:29+00:00,high_exact_semantic_taxonomy_prefix,mapillary_india_group_00055,metadata_only_not_reviewed,no,expanded_20260901,major_city_ring_052,non_overlapping_major_city_ring,
603701685936172,9367522263309691,9367522263309691,regulatory--stop--g1,stop,FkXzP6rWmofVnL08KdOEah,2025-01-25T09:23:05+00:00,1737796985356,106724622478113,WPStan,18.5242371,73.8444102,"Non-overlapping outer urban tile around Pune, India; excludes the r07 centre box",Pune outer tile,https://www.mapillary.com/app/?pKey=603701685936172,2026-09-01T17:31:29+00:00,high_exact_semantic_taxonomy_prefix,mapillary_india_group_00055,metadata_only_not_reviewed,no,expanded_20260901,major_city_ring_052,non_overlapping_major_city_ring,
614011496223245,486550056027958,486550056027958;486824266000537,regulatory--stop--g1,stop,1J1jkwcehnrQ_h3PwkMX2g,2016-07-09T15:52:24+00:00,1468079544257,106868151546426,shravan91,23.0348036,72.5606791,"Non-overlapping outer urban tile around Ahmedabad, India; excludes the r07 centre box",Ahmedabad outer tile,https://www.mapillary.com/app/?pKey=614011496223245,2026-09-01T17:31:29+00:00,high_exact_semantic_taxonomy_prefix,mapillary_india_group_00038,metadata_only_not_reviewed,no,expanded_20260901,major_city_ring_062,non_overlapping_major_city_ring,
629148688068400,2941991092716218,2941991092716218,regulatory--stop--g1,stop,LkcYscvorK8LkQskBqtGI8,2020-06-30T13:56:13+00:00,1593525373099,100149628902804,pra1985,17.4004934,78.4702632,"Non-overlapping outer urban tile around Hyderabad, India; excludes the r07 centre box",Hyderabad outer tile,https://www.mapillary.com/app/?pKey=629148688068400,2026-09-01T17:31:29+00:00,high_exact_semantic_taxonomy_prefix,mapillary_india_group_00023,metadata_only_not_reviewed,no,expanded_20260901,major_city_ring_038,non_overlapping_major_city_ring,
670085495200561,821291238809167,821291238809167,regulatory--stop--g1,stop,TdQPvKeDwLgixzSO2l3FHR,2023-12-23T03:47:32+00:00,1703303252622,101499702097483,V15,10.5221476,76.2168119,"Curated interior coordinate centred on Thrissur, India",Thrissur,https://www.mapillary.com/app/?pKey=670085495200561,2026-09-01T17:31:29+00:00,high_exact_semantic_taxonomy_prefix,mapillary_india_group_00051,metadata_only_not_reviewed,no,expanded_20260901,additional_city_063,additional_city_or_town,
750838129551677,121886100627707,121886100627707,regulatory--stop--g1,stop,eBzoQZcJEmLPdjXCsV2WOS,2022-08-29T13:11:38+00:00,1661778698309,109037777999283,olily,12.9758938,77.6146312,"Non-overlapping outer urban tile around Bengaluru, India; excludes the r07 centre box",Bengaluru outer tile,https://www.mapillary.com/app/?pKey=750838129551677,2026-09-01T17:31:29+00:00,high_exact_semantic_taxonomy_prefix,mapillary_india_group_00004,metadata_only_not_reviewed,no,expanded_20260901,major_city_ring_021,non_overlapping_major_city_ring,
755721328451256,2916379968680363,2916379968680363,regulatory--stop--g1,stop,frU8i8F6_r72mHFQ3yJaog,2017-07-23T06:12:53+00:00,1500790373095,104356101806278,manojkmohan,10.5289043,76.2172621,"Curated interior coordinate centred on Thrissur, India",Thrissur,https://www.mapillary.com/app/?pKey=755721328451256,2026-09-01T17:31:29+00:00,high_exact_semantic_taxonomy_prefix,mapillary_india_group_00022,metadata_only_not_reviewed,no,expanded_20260901,additional_city_063,additional_city_or_town,
757936621756854,208449057516643,208449057516643,regulatory--stop--g1,stop,frU8i8F6_r72mHFQ3yJaog,2017-07-23T06:11:30+00:00,1500790290601,104356101806278,manojkmohan,10.5285553,76.2179816,"Curated interior coordinate centred on Thrissur, India",Thrissur,https://www.mapillary.com/app/?pKey=757936621756854,2026-09-01T17:31:29+00:00,high_exact_semantic_taxonomy_prefix,mapillary_india_group_00018,metadata_only_not_reviewed,no,expanded_20260901,additional_city_063,additional_city_or_town,
759609768055999,460518565051977,460518565051977,regulatory--stop--g1,stop,A0ea56Fgude4KWyKjGedZQ,2017-05-27T10:09:36+00:00,1495879776545,109088571321479,chethan,12.9565091,77.5812484,"Non-overlapping outer urban tile around Bengaluru, India; excludes the r07 centre box",Bengaluru outer tile,https://www.mapillary.com/app/?pKey=759609768055999,2026-09-01T17:31:29+00:00,high_exact_semantic_taxonomy_prefix,mapillary_india_group_00032,metadata_only_not_reviewed,no,expanded_20260901,major_city_ring_017,non_overlapping_major_city_ring,
777952346239832,972301046916069,972301046916069,regulatory--stop--g1,stop,uith6u0f8aqvn06awi8nwb,2021-01-11T09:59:11+00:00,1610359151259,101743165404889,pradeepbv,12.9856321,77.5931010,"Non-overlapping outer urban tile around Bengaluru, India; excludes the r07 centre box",Bengaluru outer tile,https://www.mapillary.com/app/?pKey=777952346239832,2026-09-01T17:31:29+00:00,high_exact_semantic_taxonomy_prefix,mapillary_india_group_00056,metadata_only_not_reviewed,no,expanded_20260901,major_city_ring_023,non_overlapping_major_city_ring,
780797542625555,2941949159387078,2941949159387078,regulatory--stop--g1,stop,LkcYscvorK8LkQskBqtGI8,2020-06-30T13:55:54+00:00,1593525354049,100149628902804,pra1985,17.4008041,78.4709697,"Non-overlapping outer urban tile around Hyderabad, India; excludes the r07 centre box",Hyderabad outer tile,https://www.mapillary.com/app/?pKey=780797542625555,2026-09-01T17:31:29+00:00,high_exact_semantic_taxonomy_prefix,mapillary_india_group_00023,metadata_only_not_reviewed,no,expanded_20260901,major_city_ring_038,non_overlapping_major_city_ring,
787405895248397,2941949159387078,2941949159387078,regulatory--stop--g1,stop,LkcYscvorK8LkQskBqtGI8,2020-06-30T13:55:54+00:00,1593525354099,100149628902804,pra1985,17.4008023,78.4709560,"Non-overlapping outer urban tile around Hyderabad, India; excludes the r07 centre box",Hyderabad outer tile,https://www.mapillary.com/app/?pKey=787405895248397,2026-09-01T17:31:29+00:00,high_exact_semantic_taxonomy_prefix,mapillary_india_group_00023,metadata_only_not_reviewed,no,expanded_20260901,major_city_ring_038,non_overlapping_major_city_ring,
793617444600041,145133170964891,145133170964891,regulatory--stop--g1,stop,i64k97df2hnxaqdee6uush,2021-01-06T02:48:36+00:00,1609901316722,101743165404889,pradeepbv,12.9819800,77.5970134,"Non-overlapping outer urban tile around Bengaluru, India; excludes the r07 centre box",Bengaluru outer tile,https://www.mapillary.com/app/?pKey=793617444600041,2026-09-01T17:31:29+00:00,high_exact_semantic_taxonomy_prefix,mapillary_india_group_00008,metadata_only_not_reviewed,no,expanded_20260901,major_city_ring_023,non_overlapping_major_city_ring,
799933081199234,121886100627707,121886100627707,regulatory--stop--g1,stop,eBzoQZcJEmLPdjXCsV2WOS,2022-08-29T13:11:39+00:00,1661778699360,109037777999283,olily,12.9758928,77.6146325,"Non-overlapping outer urban tile around Bengaluru, India; excludes the r07 centre box",Bengaluru outer tile,https://www.mapillary.com/app/?pKey=799933081199234,2026-09-01T17:31:29+00:00,high_exact_semantic_taxonomy_prefix,mapillary_india_group_00004,metadata_only_not_reviewed,no,expanded_20260901,major_city_ring_021,non_overlapping_major_city_ring,
805023246884338,208449057516643,208449057516643,regulatory--stop--g1,stop,frU8i8F6_r72mHFQ3yJaog,2017-07-23T06:11:31+00:00,1500790291613,104356101806278,manojkmohan,10.5285665,76.2179797,"Curated interior coordinate centred on Thrissur, India",Thrissur,https://www.mapillary.com/app/?pKey=805023246884338,2026-09-01T17:31:29+00:00,high_exact_semantic_taxonomy_prefix,mapillary_india_group_00018,metadata_only_not_reviewed,no,expanded_20260901,additional_city_063,additional_city_or_town,
826570871624787,508081396899737,508081396899737,regulatory--stop--g10,stop,ykf2d8o3fmbuqhrw1aqpyl,2021-01-09T09:13:21+00:00,1610183601640,100570762192712,manojbright,10.5318850,76.2113634,"Curated interior coordinate centred on Thrissur, India",Thrissur,https://www.mapillary.com/app/?pKey=826570871624787,2026-09-01T17:31:29+00:00,high_exact_semantic_taxonomy_prefix,mapillary_india_group_00042,metadata_only_not_reviewed,no,expanded_20260901,additional_city_063,additional_city_or_town,
833679071092276,482883380561287,482883380561287,regulatory--stop--g1,stop,y7mhlS82iZg4RYdcOUXbuo,2022-10-30T06:47:30+00:00,1667112450604,101864952355265,vjain93,20.2962490,85.8269738,"Map feature coordinate returned inside curated Bhubaneswar, India search box",Bhubaneswar,https://www.mapillary.com/app/?pKey=833679071092276,2026-09-01T15:58:36+00:00,high_exact_semantic_taxonomy_prefix,mapillary_india_group_00037,metadata_only_not_reviewed,no,r07,r07_city_centre,r07_city_centre,mapillary_india_group_00012
844149306179862,180965013788346,180965013788346,regulatory--stop--g1,stop,gmgvk8fyvg3wclhy4oag9v,2016-12-12T05:32:17+00:00,1481520737103,108469318050957,yogi,12.9518932,77.6090215,"Non-overlapping outer urban tile around Bengaluru, India; excludes the r07 centre box",Bengaluru outer tile,https://www.mapillary.com/app/?pKey=844149306179862,2026-09-01T17:31:29+00:00,high_exact_semantic_taxonomy_prefix,mapillary_india_group_00015,metadata_only_not_reviewed,no,expanded_20260901,major_city_ring_019,non_overlapping_major_city_ring,
861732688022054,465812847827805,465812847827805,regulatory--stop--g1,stop,Y7uV9nWSPoa3LCHYKwP2ew,2017-06-30T10:51:12+00:00,1498819872208,104356101806278,manojkmohan,10.5242650,76.2119830,"Curated interior coordinate centred on Thrissur, India",Thrissur,https://www.mapillary.com/app/?pKey=861732688022054,2026-09-01T17:31:29+00:00,high_exact_semantic_taxonomy_prefix,mapillary_india_group_00033,metadata_only_not_reviewed,no,expanded_20260901,additional_city_063,additional_city_or_town,
862851565540871,821291238809167,821291238809167,regulatory--stop--g1,stop,TdQPvKeDwLgixzSO2l3FHR,2023-12-23T03:47:31+00:00,1703303251656,101499702097483,V15,10.5220760,76.2168176,"Curated interior coordinate centred on Thrissur, India",Thrissur,https://www.mapillary.com/app/?pKey=862851565540871,2026-09-01T17:31:29+00:00,high_exact_semantic_taxonomy_prefix,mapillary_india_group_00051,metadata_only_not_reviewed,no,expanded_20260901,additional_city_063,additional_city_or_town,
887772792931642,821291238809167,821291238809167,regulatory--stop--g1,stop,TdQPvKeDwLgixzSO2l3FHR,2023-12-23T03:47:33+00:00,1703303253588,101499702097483,V15,10.5222250,76.2168131,"Curated interior coordinate centred on Thrissur, India",Thrissur,https://www.mapillary.com/app/?pKey=887772792931642,2026-09-01T17:31:29+00:00,high_exact_semantic_taxonomy_prefix,mapillary_india_group_00051,metadata_only_not_reviewed,no,expanded_20260901,additional_city_063,additional_city_or_town,
896353114477712,2941949159387078,2941949159387078,regulatory--stop--g1,stop,LkcYscvorK8LkQskBqtGI8,2020-06-30T13:55:53+00:00,1593525353099,100149628902804,pra1985,17.4008059,78.4709819,"Non-overlapping outer urban tile around Hyderabad, India; excludes the r07 centre box",Hyderabad outer tile,https://www.mapillary.com/app/?pKey=896353114477712,2026-09-01T17:31:29+00:00,high_exact_semantic_taxonomy_prefix,mapillary_india_group_00023,metadata_only_not_reviewed,no,expanded_20260901,major_city_ring_038,non_overlapping_major_city_ring,
896604915001275,821291238809167,821291238809167,regulatory--stop--g1,stop,TdQPvKeDwLgixzSO2l3FHR,2023-12-23T03:47:29+00:00,1703303249625,101499702097483,V15,10.5219344,76.2168154,"Curated interior coordinate centred on Thrissur, India",Thrissur,https://www.mapillary.com/app/?pKey=896604915001275,2026-09-01T17:31:29+00:00,high_exact_semantic_taxonomy_prefix,mapillary_india_group_00051,metadata_only_not_reviewed,no,expanded_20260901,additional_city_063,additional_city_or_town,
902100350360446,845322002724792,845322002724792,regulatory--stop--g1,stop,XA7KyeCQbLd-xJwgdl0aLQ,2015-11-27T11:35:09+00:00,1448624109816,109739051253554,akash,10.5281540,76.2143700,"Curated interior coordinate centred on Thrissur, India",Thrissur,https://www.mapillary.com/app/?pKey=902100350360446,2026-09-01T17:31:29+00:00,high_exact_semantic_taxonomy_prefix,mapillary_india_group_00052,metadata_only_not_reviewed,no,expanded_20260901,additional_city_063,additional_city_or_town,
907962233327002,481614309826045,481614309826045,regulatory--stop--g1,stop,yAp9gFhya1IGeXvi2lzvzw,2018-02-04T05:19:37+00:00,1517721577696,109833741245768,richlv,12.9535089,77.5925735,"Non-overlapping outer urban tile around Bengaluru, India; excludes the r07 centre box",Bengaluru outer tile,https://www.mapillary.com/app/?pKey=907962233327002,2026-09-01T17:31:29+00:00,high_exact_semantic_taxonomy_prefix,mapillary_india_group_00035,metadata_only_not_reviewed,no,expanded_20260901,major_city_ring_018,non_overlapping_major_city_ring,
917795445457062,2916379968680363,2916379968680363,regulatory--stop--g1,stop,frU8i8F6_r72mHFQ3yJaog,2017-07-23T06:12:55+00:00,1500790375064,104356101806278,manojkmohan,10.5289049,76.2172446,"Curated interior coordinate centred on Thrissur, India",Thrissur,https://www.mapillary.com/app/?pKey=917795445457062,2026-09-01T17:31:29+00:00,high_exact_semantic_taxonomy_prefix,mapillary_india_group_00022,metadata_only_not_reviewed,no,expanded_20260901,additional_city_063,additional_city_or_town,
918242265630835,845469306043395,845469306043395,regulatory--stop--g1,stop,Fw7oxAz0DFXCdHvObvfXrw,2017-06-30T10:26:05+00:00,1498818365576,104356101806278,manojkmohan,10.5281286,76.2144974,"Curated interior coordinate centred on Thrissur, India",Thrissur,https://www.mapillary.com/app/?pKey=918242265630835,2026-09-01T17:31:29+00:00,high_exact_semantic_taxonomy_prefix,mapillary_india_group_00053,metadata_only_not_reviewed,no,expanded_20260901,additional_city_063,additional_city_or_town,
931096011566658,342309952131542,342309952131542,regulatory--stop--g1,stop,b8iIJ3TdeQRS2FtYjvnDXc,2024-02-29T03:36:35+00:00,1709177795395,107704211899757,TejashreePOD,20.2966679,85.8244818,"Map feature coordinate returned inside curated Bhubaneswar, India search box",Bhubaneswar,https://www.mapillary.com/app/?pKey=931096011566658,2026-09-01T15:58:36+00:00,high_exact_semantic_taxonomy_prefix,mapillary_india_group_00027,metadata_only_not_reviewed,no,r07,r07_city_centre,r07_city_centre,mapillary_india_group_00008
931218057662260,845322002724792,845322002724792,regulatory--stop--g1,stop,Fw7oxAz0DFXCdHvObvfXrw,2017-06-30T10:26:01+00:00,1498818361526,104356101806278,manojkmohan,10.5281872,76.2145057,"Curated interior coordinate centred on Thrissur, India",Thrissur,https://www.mapillary.com/app/?pKey=931218057662260,2026-09-01T17:31:29+00:00,high_exact_semantic_taxonomy_prefix,mapillary_india_group_00052,metadata_only_not_reviewed,no,expanded_20260901,additional_city_063,additional_city_or_town,
933209494147488,845469306043395,845469306043395,regulatory--stop--g1,stop,Fw7oxAz0DFXCdHvObvfXrw,2017-06-30T10:26:11+00:00,1498818371425,104356101806278,manojkmohan,10.5280445,76.2144941,"Curated interior coordinate centred on Thrissur, India",Thrissur,https://www.mapillary.com/app/?pKey=933209494147488,2026-09-01T17:31:29+00:00,high_exact_semantic_taxonomy_prefix,mapillary_india_group_00053,metadata_only_not_reviewed,no,expanded_20260901,additional_city_063,additional_city_or_town,
962400374498872,972301046916069,972301046916069,regulatory--stop--g1,stop,uith6u0f8aqvn06awi8nwb,2021-01-11T09:59:08+00:00,1610359148314,101743165404889,pradeepbv,12.9855413,77.5930689,"Non-overlapping outer urban tile around Bengaluru, India; excludes the r07 centre box",Bengaluru outer tile,https://www.mapillary.com/app/?pKey=962400374498872,2026-09-01T17:31:29+00:00,high_exact_semantic_taxonomy_prefix,mapillary_india_group_00056,metadata_only_not_reviewed,no,expanded_20260901,major_city_ring_023,non_overlapping_major_city_ring,
966533124155367,208449057516643,208449057516643,regulatory--stop--g1,stop,frU8i8F6_r72mHFQ3yJaog,2017-07-23T06:11:29+00:00,1500790289644,104356101806278,manojkmohan,10.5285445,76.2179835,"Curated interior coordinate centred on Thrissur, India",Thrissur,https://www.mapillary.com/app/?pKey=966533124155367,2026-09-01T17:31:29+00:00,high_exact_semantic_taxonomy_prefix,mapillary_india_group_00018,metadata_only_not_reviewed,no,expanded_20260901,additional_city_063,additional_city_or_town,
993001091504534,2942116802703647,2942116802703647,regulatory--stop--g10,stop,LkcYscvorK8LkQskBqtGI8,2020-06-30T13:56:05+00:00,1593525365099,100149628902804,pra1985,17.4006356,78.4705095,"Non-overlapping outer urban tile around Hyderabad, India; excludes the r07 centre box",Hyderabad outer tile,https://www.mapillary.com/app/?pKey=993001091504534,2026-09-01T17:31:29+00:00,high_exact_semantic_taxonomy_prefix,mapillary_india_group_00023,metadata_only_not_reviewed,no,expanded_20260901,major_city_ring_038,non_overlapping_major_city_ring,
