mapillary_image_id,map_feature_id,all_linked_map_feature_ids,exact_mapillary_taxonomy_label,project_class,sequence_id,capture_timestamp_utc,captured_at_epoch_ms,contributor_id,contributor_name,latitude,longitude,geographic_evidence_india,city_search_area,source_reference,api_retrieval_timestamp_utc,taxonomy_mapping_confidence,independence_group_id,review_status,approved_photograph,acquisition_order,acquisition_status,pixel_download_authorized,selection_basis,attribution_title,attribution_contributor,attribution_source_url,attribution_licence,attribution_text_template,terms_status
469131307708934,1064859994007298,1064859994007298,regulatory--no-left-turn--g1,no_left_turn,IxX3LSpSCAysokbuZMYp_A,2017-12-29T04:59:20+00:00,1514523560680,108127371422794,indusanthosh,10.5236223,76.2096543,"Curated interior coordinate centred on Thrissur, India",Thrissur,https://www.mapillary.com/app/?pKey=469131307708934,2026-09-01T17:31:29+00:00,high_exact_semantic_taxonomy_prefix,mapillary_india_group_00001,metadata_only_not_reviewed,no,1,proposed_metadata_only,no,"All catalogued no_left_turn candidates retained; round-robin order across dependency groups, then metadata diversity within each group",Mapillary image 469131307708934,indusanthosh,https://www.mapillary.com/app/?pKey=469131307708934,CC BY-SA (version to verify at download time),Mapillary image 469131307708934 by indusanthosh; source https://www.mapillary.com/app/?pKey=469131307708934; licensed under CC BY-SA,blocked_pending_manual_logged_in_terms_confirmation
174860931095104,832190607406523,832190607406523,regulatory--no-left-turn--g2,no_left_turn,UgDdD_DIt5OOqMdPj0yzIw,2017-09-28T09:04:03+00:00,1506589443136,107202001513219,planemad,12.9740343,77.6110561,"Non-overlapping outer urban tile around Bengaluru, India; excludes the r07 centre box",Bengaluru outer tile,https://www.mapillary.com/app/?pKey=174860931095104,2026-09-01T17:31:29+00:00,high_exact_semantic_taxonomy_prefix,mapillary_india_group_00002,metadata_only_not_reviewed,no,2,proposed_metadata_only,no,"All catalogued no_left_turn candidates retained; round-robin order across dependency groups, then metadata diversity within each group",Mapillary image 174860931095104,planemad,https://www.mapillary.com/app/?pKey=174860931095104,CC BY-SA (version to verify at download time),Mapillary image 174860931095104 by planemad; source https://www.mapillary.com/app/?pKey=174860931095104; licensed under CC BY-SA,blocked_pending_manual_logged_in_terms_confirmation
764382310086494,1211117807761377,1211117807761377,regulatory--no-left-turn--g2,no_left_turn,1zJ6y0KrLbwIc87gjYXqQP,2026-04-01T06:02:57+00:00,1775023377091,1226028326356068,jegadeeshcumta,13.0787389,80.2520290,"Non-overlapping outer urban tile around Chennai, India; excludes the r07 centre box",Chennai outer tile,https://www.mapillary.com/app/?pKey=764382310086494,2026-09-01T17:31:29+00:00,high_exact_semantic_taxonomy_prefix,mapillary_india_group_00003,metadata_only_not_reviewed,no,3,proposed_metadata_only,no,"All catalogued no_left_turn candidates retained; round-robin order across dependency groups, then metadata diversity within each group",Mapillary image 764382310086494,jegadeeshcumta,https://www.mapillary.com/app/?pKey=764382310086494,CC BY-SA (version to verify at download time),Mapillary image 764382310086494 by jegadeeshcumta; source https://www.mapillary.com/app/?pKey=764382310086494; licensed under CC BY-SA,blocked_pending_manual_logged_in_terms_confirmation
179968547311381,1383642135341383,1383642135341383,regulatory--no-left-turn--g2,no_left_turn,yBKYRQK5NkQJ41V8cSHxHQ,2015-02-25T08:29:50+00:00,1424852990000,100389518872733,lxbarth,12.9748840,77.6085320,"Non-overlapping outer urban tile around Bengaluru, India; excludes the r07 centre box",Bengaluru outer tile,https://www.mapillary.com/app/?pKey=179968547311381,2026-09-01T17:31:29+00:00,high_exact_semantic_taxonomy_prefix,mapillary_india_group_00005,metadata_only_not_reviewed,no,4,proposed_metadata_only,no,"All catalogued no_left_turn candidates retained; round-robin order across dependency groups, then metadata diversity within each group",Mapillary image 179968547311381,lxbarth,https://www.mapillary.com/app/?pKey=179968547311381,CC BY-SA (version to verify at download time),Mapillary image 179968547311381 by lxbarth; source https://www.mapillary.com/app/?pKey=179968547311381; licensed under CC BY-SA,blocked_pending_manual_logged_in_terms_confirmation
1670608077694340,1419110073233719,1419110073233719,regulatory--no-left-turn--g2,no_left_turn,9S8hvLpg4m1X2aFjIBy7WY,2026-05-02T04:47:58+00:00,1777697278648,106724622478113,WPStan,19.0587670,72.8633833,"Non-overlapping outer urban tile around Mumbai, India; excludes the r07 centre box",Mumbai outer tile,https://www.mapillary.com/app/?pKey=1670608077694340,2026-09-01T17:31:29+00:00,high_exact_semantic_taxonomy_prefix,mapillary_india_group_00007,metadata_only_not_reviewed,no,5,proposed_metadata_only,no,"All catalogued no_left_turn candidates retained; round-robin order across dependency groups, then metadata diversity within each group",Mapillary image 1670608077694340,WPStan,https://www.mapillary.com/app/?pKey=1670608077694340,CC BY-SA (version to verify at download time),Mapillary image 1670608077694340 by WPStan; source https://www.mapillary.com/app/?pKey=1670608077694340; licensed under CC BY-SA,blocked_pending_manual_logged_in_terms_confirmation
798490620781085,146715147422922,146715147422922,regulatory--no-left-turn--g2,no_left_turn,QYWOvBbxU3de1I48bzu9rw,2015-05-09T09:14:43+00:00,1431162883251,100389518872733,lxbarth,12.9865270,77.5914110,"Non-overlapping outer urban tile around Bengaluru, India; excludes the r07 centre box",Bengaluru outer tile,https://www.mapillary.com/app/?pKey=798490620781085,2026-09-01T17:31:29+00:00,high_exact_semantic_taxonomy_prefix,mapillary_india_group_00011,metadata_only_not_reviewed,no,6,proposed_metadata_only,no,"All catalogued no_left_turn candidates retained; round-robin order across dependency groups, then metadata diversity within each group",Mapillary image 798490620781085,lxbarth,https://www.mapillary.com/app/?pKey=798490620781085,CC BY-SA (version to verify at download time),Mapillary image 798490620781085 by lxbarth; source https://www.mapillary.com/app/?pKey=798490620781085; licensed under CC BY-SA,blocked_pending_manual_logged_in_terms_confirmation
484014362943238,1508384892703449,1508384892703449,regulatory--no-left-turn--g2,no_left_turn,QYWOvBbxU3de1I48bzu9rw,2015-05-09T09:16:11+00:00,1431162971188,100389518872733,lxbarth,12.9834020,77.5951880,"Non-overlapping outer urban tile around Bengaluru, India; excludes the r07 centre box",Bengaluru outer tile,https://www.mapillary.com/app/?pKey=484014362943238,2026-09-01T17:31:29+00:00,high_exact_semantic_taxonomy_prefix,mapillary_india_group_00013,metadata_only_not_reviewed,no,7,proposed_metadata_only,no,"All catalogued no_left_turn candidates retained; round-robin order across dependency groups, then metadata diversity within each group",Mapillary image 484014362943238,lxbarth,https://www.mapillary.com/app/?pKey=484014362943238,CC BY-SA (version to verify at download time),Mapillary image 484014362943238 by lxbarth; source https://www.mapillary.com/app/?pKey=484014362943238; licensed under CC BY-SA,blocked_pending_manual_logged_in_terms_confirmation
1425254547810878,1678484082539159,1678484082539159,regulatory--no-left-turn--g2,no_left_turn,nFaPdZQ_9ggWLGfDoYlNWQ,2018-01-23T16:27:10+00:00,1516724830000,101235428790074,venkanna37,12.9539931,77.5910864,"Non-overlapping outer urban tile around Bengaluru, India; excludes the r07 centre box",Bengaluru outer tile,https://www.mapillary.com/app/?pKey=1425254547810878,2026-09-01T17:31:29+00:00,high_exact_semantic_taxonomy_prefix,mapillary_india_group_00014,metadata_only_not_reviewed,no,8,proposed_metadata_only,no,"All catalogued no_left_turn candidates retained; round-robin order across dependency groups, then metadata diversity within each group",Mapillary image 1425254547810878,venkanna37,https://www.mapillary.com/app/?pKey=1425254547810878,CC BY-SA (version to verify at download time),Mapillary image 1425254547810878 by venkanna37; source https://www.mapillary.com/app/?pKey=1425254547810878; licensed under CC BY-SA,blocked_pending_manual_logged_in_terms_confirmation
2753256321653696,196759908934304,196759908934304,regulatory--no-left-turn--g2,no_left_turn,HbJ1OaxQLLjmjZ7tUixLbA,2018-01-23T16:15:35+00:00,1516724135000,101235428790074,venkanna37,12.9564581,77.5768131,"Non-overlapping outer urban tile around Bengaluru, India; excludes the r07 centre box",Bengaluru outer tile,https://www.mapillary.com/app/?pKey=2753256321653696,2026-09-01T17:31:29+00:00,high_exact_semantic_taxonomy_prefix,mapillary_india_group_00016,metadata_only_not_reviewed,no,9,proposed_metadata_only,no,"All catalogued no_left_turn candidates retained; round-robin order across dependency groups, then metadata diversity within each group",Mapillary image 2753256321653696,venkanna37,https://www.mapillary.com/app/?pKey=2753256321653696,CC BY-SA (version to verify at download time),Mapillary image 2753256321653696 by venkanna37; source https://www.mapillary.com/app/?pKey=2753256321653696; licensed under CC BY-SA,blocked_pending_manual_logged_in_terms_confirmation
1274391294499041,2056217061838679,2056217061838679,regulatory--no-left-turn--g2,no_left_turn,doXFjK0Shsn1tHWPvOaIM2,2026-01-19T05:57:22+00:00,1768802242025,1390940191591088,Absawant,18.5073023,73.8537229,"Non-overlapping outer urban tile around Pune, India; excludes the r07 centre box",Pune outer tile,https://www.mapillary.com/app/?pKey=1274391294499041,2026-09-01T17:31:29+00:00,high_exact_semantic_taxonomy_prefix,mapillary_india_group_00017,metadata_only_not_reviewed,no,10,proposed_metadata_only,no,"All catalogued no_left_turn candidates retained; round-robin order across dependency groups, then metadata diversity within each group",Mapillary image 1274391294499041,Absawant,https://www.mapillary.com/app/?pKey=1274391294499041,CC BY-SA (version to verify at download time),Mapillary image 1274391294499041 by Absawant; source https://www.mapillary.com/app/?pKey=1274391294499041; licensed under CC BY-SA,blocked_pending_manual_logged_in_terms_confirmation
3016011845390520,2915265565416738,2915265565416738,regulatory--no-left-turn--g2,no_left_turn,Ic3Bfxv0BvMEclPYcIE1IA,2018-02-14T04:52:23+00:00,1518583943144,109833741245768,richlv,12.9712897,77.5803358,"Non-overlapping outer urban tile around Bengaluru, India; excludes the r07 centre box",Bengaluru outer tile,https://www.mapillary.com/app/?pKey=3016011845390520,2026-09-01T17:31:29+00:00,high_exact_semantic_taxonomy_prefix,mapillary_india_group_00021,metadata_only_not_reviewed,no,11,proposed_metadata_only,no,"All catalogued no_left_turn candidates retained; round-robin order across dependency groups, then metadata diversity within each group",Mapillary image 3016011845390520,richlv,https://www.mapillary.com/app/?pKey=3016011845390520,CC BY-SA (version to verify at download time),Mapillary image 3016011845390520 by richlv; source https://www.mapillary.com/app/?pKey=3016011845390520; licensed under CC BY-SA,blocked_pending_manual_logged_in_terms_confirmation
313016257062063,3042103269344975,3042103269344975,regulatory--no-left-turn--g2,no_left_turn,47j4r1vwee8jthu2kaeif0,2021-01-11T03:29:39+00:00,1610335779040,101743165404889,pradeepbv,12.9705080,77.6049845,"Non-overlapping outer urban tile around Bengaluru, India; excludes the r07 centre box",Bengaluru outer tile,https://www.mapillary.com/app/?pKey=313016257062063,2026-09-01T17:31:29+00:00,high_exact_semantic_taxonomy_prefix,mapillary_india_group_00024,metadata_only_not_reviewed,no,12,proposed_metadata_only,no,"All catalogued no_left_turn candidates retained; round-robin order across dependency groups, then metadata diversity within each group",Mapillary image 313016257062063,pradeepbv,https://www.mapillary.com/app/?pKey=313016257062063,CC BY-SA (version to verify at download time),Mapillary image 313016257062063 by pradeepbv; source https://www.mapillary.com/app/?pKey=313016257062063; licensed under CC BY-SA,blocked_pending_manual_logged_in_terms_confirmation
1453203125025815,309588187317586,309588187317586,regulatory--no-left-turn--g2,no_left_turn,OdQ63PFoy8hSUE2I0G2mug,2017-10-29T07:57:06+00:00,1509263826481,108469318050957,yogi,12.9548362,77.5800010,"Non-overlapping outer urban tile around Bengaluru, India; excludes the r07 centre box",Bengaluru outer tile,https://www.mapillary.com/app/?pKey=1453203125025815,2026-09-01T17:31:29+00:00,high_exact_semantic_taxonomy_prefix,mapillary_india_group_00026,metadata_only_not_reviewed,no,13,proposed_metadata_only,no,"All catalogued no_left_turn candidates retained; round-robin order across dependency groups, then metadata diversity within each group",Mapillary image 1453203125025815,yogi,https://www.mapillary.com/app/?pKey=1453203125025815,CC BY-SA (version to verify at download time),Mapillary image 1453203125025815 by yogi; source https://www.mapillary.com/app/?pKey=1453203125025815; licensed under CC BY-SA,blocked_pending_manual_logged_in_terms_confirmation
305075241015029,3878718328843471,3878718328843471,regulatory--no-left-turn--g2,no_left_turn,zA5s5_mFfn4C1CSPmAuvPw,2015-09-06T11:06:25+00:00,1441537585488,109606001268498,srividya,28.6317615,77.1987898,"Non-overlapping outer urban tile around Delhi, India; excludes the r07 centre box",Delhi outer tile,https://www.mapillary.com/app/?pKey=305075241015029,2026-09-01T17:31:29+00:00,high_exact_semantic_taxonomy_prefix,mapillary_india_group_00029,metadata_only_not_reviewed,no,14,proposed_metadata_only,no,"All catalogued no_left_turn candidates retained; round-robin order across dependency groups, then metadata diversity within each group",Mapillary image 305075241015029,srividya,https://www.mapillary.com/app/?pKey=305075241015029,CC BY-SA (version to verify at download time),Mapillary image 305075241015029 by srividya; source https://www.mapillary.com/app/?pKey=305075241015029; licensed under CC BY-SA,blocked_pending_manual_logged_in_terms_confirmation
3008472936108585,395035038634629,395035038634629,regulatory--no-left-turn--g1,no_left_turn,h3OW90tlPkYjmfIbQVJTGB,2021-08-03T02:37:04+00:00,1627958224374,107354604835874,ibigroupgoa,12.9864537,77.5954335,"Non-overlapping outer urban tile around Bengaluru, India; excludes the r07 centre box",Bengaluru outer tile,https://www.mapillary.com/app/?pKey=3008472936108585,2026-09-01T17:31:29+00:00,high_exact_semantic_taxonomy_prefix,mapillary_india_group_00030,metadata_only_not_reviewed,no,15,proposed_metadata_only,no,"All catalogued no_left_turn candidates retained; round-robin order across dependency groups, then metadata diversity within each group",Mapillary image 3008472936108585,ibigroupgoa,https://www.mapillary.com/app/?pKey=3008472936108585,CC BY-SA (version to verify at download time),Mapillary image 3008472936108585 by ibigroupgoa; source https://www.mapillary.com/app/?pKey=3008472936108585; licensed under CC BY-SA,blocked_pending_manual_logged_in_terms_confirmation
152673973458502,475628470339776,475628470339776,regulatory--no-left-turn--g2,no_left_turn,8EBl674rvo7cbCMfJIhKwg,2017-01-23T04:40:58+00:00,1485146458057,108469318050957,yogi,12.9705461,77.6098227,"Non-overlapping outer urban tile around Bengaluru, India; excludes the r07 centre box",Bengaluru outer tile,https://www.mapillary.com/app/?pKey=152673973458502,2026-09-01T17:31:29+00:00,high_exact_semantic_taxonomy_prefix,mapillary_india_group_00034,metadata_only_not_reviewed,no,16,proposed_metadata_only,no,"All catalogued no_left_turn candidates retained; round-robin order across dependency groups, then metadata diversity within each group",Mapillary image 152673973458502,yogi,https://www.mapillary.com/app/?pKey=152673973458502,CC BY-SA (version to verify at download time),Mapillary image 152673973458502 by yogi; source https://www.mapillary.com/app/?pKey=152673973458502; licensed under CC BY-SA,blocked_pending_manual_logged_in_terms_confirmation
180955070460059,482293629758113,482293629758113,regulatory--no-left-turn--g2,no_left_turn,yAp9gFhya1IGeXvi2lzvzw,2018-02-04T05:18:14+00:00,1517721494153,109833741245768,richlv,12.9540055,77.5917867,"Non-overlapping outer urban tile around Bengaluru, India; excludes the r07 centre box",Bengaluru outer tile,https://www.mapillary.com/app/?pKey=180955070460059,2026-09-01T17:31:29+00:00,high_exact_semantic_taxonomy_prefix,mapillary_india_group_00036,metadata_only_not_reviewed,no,17,proposed_metadata_only,no,"All catalogued no_left_turn candidates retained; round-robin order across dependency groups, then metadata diversity within each group",Mapillary image 180955070460059,richlv,https://www.mapillary.com/app/?pKey=180955070460059,CC BY-SA (version to verify at download time),Mapillary image 180955070460059 by richlv; source https://www.mapillary.com/app/?pKey=180955070460059; licensed under CC BY-SA,blocked_pending_manual_logged_in_terms_confirmation
1412111865832689,491103788900157,491103788900157;491865632157306,regulatory--no-left-turn--g2,no_left_turn,8fgD0NWLQY62CnBcPf6UiQ,2018-09-24T07:19:39+00:00,1537773579120,109909584575154,prtksxna,15.4972318,73.8323486,"Curated interior coordinate centred on Panaji, India",Panaji,https://www.mapillary.com/app/?pKey=1412111865832689,2026-09-01T17:31:29+00:00,high_exact_semantic_taxonomy_prefix,mapillary_india_group_00039,metadata_only_not_reviewed,no,18,proposed_metadata_only,no,"All catalogued no_left_turn candidates retained; round-robin order across dependency groups, then metadata diversity within each group",Mapillary image 1412111865832689,prtksxna,https://www.mapillary.com/app/?pKey=1412111865832689,CC BY-SA (version to verify at download time),Mapillary image 1412111865832689 by prtksxna; source https://www.mapillary.com/app/?pKey=1412111865832689; licensed under CC BY-SA,blocked_pending_manual_logged_in_terms_confirmation
304181787771560,499018107959474,499018107959474,regulatory--no-left-turn--g1,no_left_turn,SO0ZDIFZIW7TOzTvk4d39A,2017-11-19T06:35:46+00:00,1511073346377,107887898114051,aditisarwate,18.5188908,73.8601207,"Map feature coordinate returned inside curated Pune, India search box",Pune,https://www.mapillary.com/app/?pKey=304181787771560,2026-09-01T15:58:36+00:00,high_exact_semantic_taxonomy_prefix,mapillary_india_group_00041,metadata_only_not_reviewed,no,19,proposed_metadata_only,no,"All catalogued no_left_turn candidates retained; round-robin order across dependency groups, then metadata diversity within each group",Mapillary image 304181787771560,aditisarwate,https://www.mapillary.com/app/?pKey=304181787771560,CC BY-SA (version to verify at download time),Mapillary image 304181787771560 by aditisarwate; source https://www.mapillary.com/app/?pKey=304181787771560; licensed under CC BY-SA,blocked_pending_manual_logged_in_terms_confirmation
229885072267704,5497045990337630,5497045990337630,regulatory--no-left-turn--g2,no_left_turn,a7adwir86js8zsvr8rl4a3,2021-02-10T09:10:37+00:00,1612948237817,101743165404889,pradeepbv,12.9708149,77.6045413,"Non-overlapping outer urban tile around Bengaluru, India; excludes the r07 centre box",Bengaluru outer tile,https://www.mapillary.com/app/?pKey=229885072267704,2026-09-01T17:31:29+00:00,high_exact_semantic_taxonomy_prefix,mapillary_india_group_00043,metadata_only_not_reviewed,no,20,proposed_metadata_only,no,"All catalogued no_left_turn candidates retained; round-robin order across dependency groups, then metadata diversity within each group",Mapillary image 229885072267704,pradeepbv,https://www.mapillary.com/app/?pKey=229885072267704,CC BY-SA (version to verify at download time),Mapillary image 229885072267704 by pradeepbv; source https://www.mapillary.com/app/?pKey=229885072267704; licensed under CC BY-SA,blocked_pending_manual_logged_in_terms_confirmation
618999602833729,550066459716261,550066459716261,regulatory--no-left-turn--g2,no_left_turn,pAC8TLte_Q7TCzinUS7g6w,2016-04-28T06:33:31+00:00,1461825211516,109606001268498,srividya,12.9744235,77.5754568,"Non-overlapping outer urban tile around Bengaluru, India; excludes the r07 centre box",Bengaluru outer tile,https://www.mapillary.com/app/?pKey=618999602833729,2026-09-01T17:31:29+00:00,high_exact_semantic_taxonomy_prefix,mapillary_india_group_00044,metadata_only_not_reviewed,no,21,proposed_metadata_only,no,"All catalogued no_left_turn candidates retained; round-robin order across dependency groups, then metadata diversity within each group",Mapillary image 618999602833729,srividya,https://www.mapillary.com/app/?pKey=618999602833729,CC BY-SA (version to verify at download time),Mapillary image 618999602833729 by srividya; source https://www.mapillary.com/app/?pKey=618999602833729; licensed under CC BY-SA,blocked_pending_manual_logged_in_terms_confirmation
3898070533644118,573285136968363,573285136968363,regulatory--no-left-turn--g2,no_left_turn,vdfacvnzrg7hg0uf32astw,2019-10-08T06:35:57+00:00,1570516557954,109910087910218,jayp,12.9900931,77.6146354,"Non-overlapping outer urban tile around Bengaluru, India; excludes the r07 centre box",Bengaluru outer tile,https://www.mapillary.com/app/?pKey=3898070533644118,2026-09-01T17:31:29+00:00,high_exact_semantic_taxonomy_prefix,mapillary_india_group_00045,metadata_only_not_reviewed,no,22,proposed_metadata_only,no,"All catalogued no_left_turn candidates retained; round-robin order across dependency groups, then metadata diversity within each group",Mapillary image 3898070533644118,jayp,https://www.mapillary.com/app/?pKey=3898070533644118,CC BY-SA (version to verify at download time),Mapillary image 3898070533644118 by jayp; source https://www.mapillary.com/app/?pKey=3898070533644118; licensed under CC BY-SA,blocked_pending_manual_logged_in_terms_confirmation
1010314836169389,759766354581786,759766354581786,regulatory--no-left-turn--g1,no_left_turn,2HnX078mwqyLP6D5yvXfLA,2017-12-26T06:34:52+00:00,1514270092136,107202001513219,planemad,12.9864252,77.5953881,"Non-overlapping outer urban tile around Bengaluru, India; excludes the r07 centre box",Bengaluru outer tile,https://www.mapillary.com/app/?pKey=1010314836169389,2026-09-01T17:31:29+00:00,high_exact_semantic_taxonomy_prefix,mapillary_india_group_00047,metadata_only_not_reviewed,no,23,proposed_metadata_only,no,"All catalogued no_left_turn candidates retained; round-robin order across dependency groups, then metadata diversity within each group",Mapillary image 1010314836169389,planemad,https://www.mapillary.com/app/?pKey=1010314836169389,CC BY-SA (version to verify at download time),Mapillary image 1010314836169389 by planemad; source https://www.mapillary.com/app/?pKey=1010314836169389; licensed under CC BY-SA,blocked_pending_manual_logged_in_terms_confirmation
809281339702279,771362733563703,771362733563703,regulatory--no-left-turn--g2,no_left_turn,8ujfuds5ubod5rpy9c5tp2,2016-01-02T11:32:21+00:00,1451734341485,106868151546426,shravan91,12.9908783,77.6133993,"Non-overlapping outer urban tile around Bengaluru, India; excludes the r07 centre box",Bengaluru outer tile,https://www.mapillary.com/app/?pKey=809281339702279,2026-09-01T17:31:29+00:00,high_exact_semantic_taxonomy_prefix,mapillary_india_group_00048,metadata_only_not_reviewed,no,24,proposed_metadata_only,no,"All catalogued no_left_turn candidates retained; round-robin order across dependency groups, then metadata diversity within each group",Mapillary image 809281339702279,shravan91,https://www.mapillary.com/app/?pKey=809281339702279,CC BY-SA (version to verify at download time),Mapillary image 809281339702279 by shravan91; source https://www.mapillary.com/app/?pKey=809281339702279; licensed under CC BY-SA,blocked_pending_manual_logged_in_terms_confirmation
239039161305286,794355408172361,794355408172361,regulatory--no-left-turn--g2,no_left_turn,T--mvkfLlcgYp6JdeWJwMg,2015-03-04T14:30:35+00:00,1425479435000,109214254640685,sashazykov,11.9410675,79.8082426,"Curated interior coordinate centred on Puducherry, India",Puducherry,https://www.mapillary.com/app/?pKey=239039161305286,2026-09-01T17:31:29+00:00,high_exact_semantic_taxonomy_prefix,mapillary_india_group_00049,metadata_only_not_reviewed,no,25,proposed_metadata_only,no,"All catalogued no_left_turn candidates retained; round-robin order across dependency groups, then metadata diversity within each group",Mapillary image 239039161305286,sashazykov,https://www.mapillary.com/app/?pKey=239039161305286,CC BY-SA (version to verify at download time),Mapillary image 239039161305286 by sashazykov; source https://www.mapillary.com/app/?pKey=239039161305286; licensed under CC BY-SA,blocked_pending_manual_logged_in_terms_confirmation
212043264262087,806821263333316,806821263333316,regulatory--no-left-turn--g2,no_left_turn,xYUgFLOmHp5ozthGiRKC6j,2021-08-03T03:19:38+00:00,1627960778784,138886808313564,muruligowda,12.9744633,77.6077292,"Non-overlapping outer urban tile around Bengaluru, India; excludes the r07 centre box",Bengaluru outer tile,https://www.mapillary.com/app/?pKey=212043264262087,2026-09-01T17:31:29+00:00,high_exact_semantic_taxonomy_prefix,mapillary_india_group_00050,metadata_only_not_reviewed,no,26,proposed_metadata_only,no,"All catalogued no_left_turn candidates retained; round-robin order across dependency groups, then metadata diversity within each group",Mapillary image 212043264262087,muruligowda,https://www.mapillary.com/app/?pKey=212043264262087,CC BY-SA (version to verify at download time),Mapillary image 212043264262087 by muruligowda; source https://www.mapillary.com/app/?pKey=212043264262087; licensed under CC BY-SA,blocked_pending_manual_logged_in_terms_confirmation
148821053869070,1064859994007298,1064859994007298,regulatory--no-left-turn--g1,no_left_turn,IxX3LSpSCAysokbuZMYp_A,2017-12-29T04:59:25+00:00,1514523565904,108127371422794,indusanthosh,10.5236300,76.2097538,"Curated interior coordinate centred on Thrissur, India",Thrissur,https://www.mapillary.com/app/?pKey=148821053869070,2026-09-01T17:31:29+00:00,high_exact_semantic_taxonomy_prefix,mapillary_india_group_00001,metadata_only_not_reviewed,no,27,proposed_metadata_only,no,"All catalogued no_left_turn candidates retained; round-robin order across dependency groups, then metadata diversity within each group",Mapillary image 148821053869070,indusanthosh,https://www.mapillary.com/app/?pKey=148821053869070,CC BY-SA (version to verify at download time),Mapillary image 148821053869070 by indusanthosh; source https://www.mapillary.com/app/?pKey=148821053869070; licensed under CC BY-SA,blocked_pending_manual_logged_in_terms_confirmation
1442697389406915,832190607406523,832190607406523,regulatory--no-left-turn--g2,no_left_turn,UgDdD_DIt5OOqMdPj0yzIw,2017-09-28T09:04:05+00:00,1506589445134,107202001513219,planemad,12.9740733,77.6110594,"Non-overlapping outer urban tile around Bengaluru, India; excludes the r07 centre box",Bengaluru outer tile,https://www.mapillary.com/app/?pKey=1442697389406915,2026-09-01T17:31:29+00:00,high_exact_semantic_taxonomy_prefix,mapillary_india_group_00002,metadata_only_not_reviewed,no,28,proposed_metadata_only,no,"All catalogued no_left_turn candidates retained; round-robin order across dependency groups, then metadata diversity within each group",Mapillary image 1442697389406915,planemad,https://www.mapillary.com/app/?pKey=1442697389406915,CC BY-SA (version to verify at download time),Mapillary image 1442697389406915 by planemad; source https://www.mapillary.com/app/?pKey=1442697389406915; licensed under CC BY-SA,blocked_pending_manual_logged_in_terms_confirmation
1822203902499494,1211117807761377,1211117807761377,regulatory--no-left-turn--g2,no_left_turn,1zJ6y0KrLbwIc87gjYXqQP,2026-04-01T06:02:58+00:00,1775023378087,1226028326356068,jegadeeshcumta,13.0787380,80.2519609,"Non-overlapping outer urban tile around Chennai, India; excludes the r07 centre box",Chennai outer tile,https://www.mapillary.com/app/?pKey=1822203902499494,2026-09-01T17:31:29+00:00,high_exact_semantic_taxonomy_prefix,mapillary_india_group_00003,metadata_only_not_reviewed,no,29,proposed_metadata_only,no,"All catalogued no_left_turn candidates retained; round-robin order across dependency groups, then metadata diversity within each group",Mapillary image 1822203902499494,jegadeeshcumta,https://www.mapillary.com/app/?pKey=1822203902499494,CC BY-SA (version to verify at download time),Mapillary image 1822203902499494 by jegadeeshcumta; source https://www.mapillary.com/app/?pKey=1822203902499494; licensed under CC BY-SA,blocked_pending_manual_logged_in_terms_confirmation
457515808882489,1383642135341383,1383642135341383,regulatory--no-left-turn--g2,no_left_turn,yBKYRQK5NkQJ41V8cSHxHQ,2015-02-25T08:29:52+00:00,1424852992000,100389518872733,lxbarth,12.9749010,77.6084620,"Non-overlapping outer urban tile around Bengaluru, India; excludes the r07 centre box",Bengaluru outer tile,https://www.mapillary.com/app/?pKey=457515808882489,2026-09-01T17:31:29+00:00,high_exact_semantic_taxonomy_prefix,mapillary_india_group_00005,metadata_only_not_reviewed,no,30,proposed_metadata_only,no,"All catalogued no_left_turn candidates retained; round-robin order across dependency groups, then metadata diversity within each group",Mapillary image 457515808882489,lxbarth,https://www.mapillary.com/app/?pKey=457515808882489,CC BY-SA (version to verify at download time),Mapillary image 457515808882489 by lxbarth; source https://www.mapillary.com/app/?pKey=457515808882489; licensed under CC BY-SA,blocked_pending_manual_logged_in_terms_confirmation
1640507566996065,1419110073233719,1419110073233719,regulatory--no-left-turn--g2,no_left_turn,9S8hvLpg4m1X2aFjIBy7WY,2026-05-02T04:48:03+00:00,1777697283671,106724622478113,WPStan,19.0587634,72.8634424,"Non-overlapping outer urban tile around Mumbai, India; excludes the r07 centre box",Mumbai outer tile,https://www.mapillary.com/app/?pKey=1640507566996065,2026-09-01T17:31:29+00:00,high_exact_semantic_taxonomy_prefix,mapillary_india_group_00007,metadata_only_not_reviewed,no,31,proposed_metadata_only,no,"All catalogued no_left_turn candidates retained; round-robin order across dependency groups, then metadata diversity within each group",Mapillary image 1640507566996065,WPStan,https://www.mapillary.com/app/?pKey=1640507566996065,CC BY-SA (version to verify at download time),Mapillary image 1640507566996065 by WPStan; source https://www.mapillary.com/app/?pKey=1640507566996065; licensed under CC BY-SA,blocked_pending_manual_logged_in_terms_confirmation
2950046345253776,922865035176255,922865035176255,regulatory--no-left-turn--g2,no_left_turn,702ttfmw0mqrckexsqpspb,2021-02-10T03:03:21+00:00,1612926201362,101743165404889,pradeepbv,12.9867342,77.5909993,"Non-overlapping outer urban tile around Bengaluru, India; excludes the r07 centre box",Bengaluru outer tile,https://www.mapillary.com/app/?pKey=2950046345253776,2026-09-01T17:31:29+00:00,high_exact_semantic_taxonomy_prefix,mapillary_india_group_00011,metadata_only_not_reviewed,no,32,proposed_metadata_only,no,"All catalogued no_left_turn candidates retained; round-robin order across dependency groups, then metadata diversity within each group",Mapillary image 2950046345253776,pradeepbv,https://www.mapillary.com/app/?pKey=2950046345253776,CC BY-SA (version to verify at download time),Mapillary image 2950046345253776 by pradeepbv; source https://www.mapillary.com/app/?pKey=2950046345253776; licensed under CC BY-SA,blocked_pending_manual_logged_in_terms_confirmation
475646910218122,1508384892703449,1508384892703449,regulatory--no-left-turn--g2,no_left_turn,QYWOvBbxU3de1I48bzu9rw,2015-05-09T09:16:13+00:00,1431162973162,100389518872733,lxbarth,12.9833610,77.5953100,"Non-overlapping outer urban tile around Bengaluru, India; excludes the r07 centre box",Bengaluru outer tile,https://www.mapillary.com/app/?pKey=475646910218122,2026-09-01T17:31:29+00:00,high_exact_semantic_taxonomy_prefix,mapillary_india_group_00013,metadata_only_not_reviewed,no,33,proposed_metadata_only,no,"All catalogued no_left_turn candidates retained; round-robin order across dependency groups, then metadata diversity within each group",Mapillary image 475646910218122,lxbarth,https://www.mapillary.com/app/?pKey=475646910218122,CC BY-SA (version to verify at download time),Mapillary image 475646910218122 by lxbarth; source https://www.mapillary.com/app/?pKey=475646910218122; licensed under CC BY-SA,blocked_pending_manual_logged_in_terms_confirmation
748804085790199,1678484082539159,1678484082539159,regulatory--no-left-turn--g2,no_left_turn,nFaPdZQ_9ggWLGfDoYlNWQ,2018-01-23T16:27:18+00:00,1516724838000,101235428790074,venkanna37,12.9539864,77.5911000,"Non-overlapping outer urban tile around Bengaluru, India; excludes the r07 centre box",Bengaluru outer tile,https://www.mapillary.com/app/?pKey=748804085790199,2026-09-01T17:31:29+00:00,high_exact_semantic_taxonomy_prefix,mapillary_india_group_00014,metadata_only_not_reviewed,no,34,proposed_metadata_only,no,"All catalogued no_left_turn candidates retained; round-robin order across dependency groups, then metadata diversity within each group",Mapillary image 748804085790199,venkanna37,https://www.mapillary.com/app/?pKey=748804085790199,CC BY-SA (version to verify at download time),Mapillary image 748804085790199 by venkanna37; source https://www.mapillary.com/app/?pKey=748804085790199; licensed under CC BY-SA,blocked_pending_manual_logged_in_terms_confirmation
1684866191693218,196759908934304,196759908934304,regulatory--no-left-turn--g2,no_left_turn,HbJ1OaxQLLjmjZ7tUixLbA,2018-01-23T16:15:37+00:00,1516724137000,101235428790074,venkanna37,12.9564381,77.5769247,"Non-overlapping outer urban tile around Bengaluru, India; excludes the r07 centre box",Bengaluru outer tile,https://www.mapillary.com/app/?pKey=1684866191693218,2026-09-01T17:31:29+00:00,high_exact_semantic_taxonomy_prefix,mapillary_india_group_00016,metadata_only_not_reviewed,no,35,proposed_metadata_only,no,"All catalogued no_left_turn candidates retained; round-robin order across dependency groups, then metadata diversity within each group",Mapillary image 1684866191693218,venkanna37,https://www.mapillary.com/app/?pKey=1684866191693218,CC BY-SA (version to verify at download time),Mapillary image 1684866191693218 by venkanna37; source https://www.mapillary.com/app/?pKey=1684866191693218; licensed under CC BY-SA,blocked_pending_manual_logged_in_terms_confirmation
1780592205955032,2056217061838679,2056217061838679,regulatory--no-left-turn--g2,no_left_turn,doXFjK0Shsn1tHWPvOaIM2,2026-01-19T05:57:24+00:00,1768802244028,1390940191591088,Absawant,18.5074478,73.8537304,"Non-overlapping outer urban tile around Pune, India; excludes the r07 centre box",Pune outer tile,https://www.mapillary.com/app/?pKey=1780592205955032,2026-09-01T17:31:29+00:00,high_exact_semantic_taxonomy_prefix,mapillary_india_group_00017,metadata_only_not_reviewed,no,36,proposed_metadata_only,no,"All catalogued no_left_turn candidates retained; round-robin order across dependency groups, then metadata diversity within each group",Mapillary image 1780592205955032,Absawant,https://www.mapillary.com/app/?pKey=1780592205955032,CC BY-SA (version to verify at download time),Mapillary image 1780592205955032 by Absawant; source https://www.mapillary.com/app/?pKey=1780592205955032; licensed under CC BY-SA,blocked_pending_manual_logged_in_terms_confirmation
298695168410657,2915265565416738,2915265565416738,regulatory--no-left-turn--g2,no_left_turn,Ic3Bfxv0BvMEclPYcIE1IA,2018-02-14T04:52:33+00:00,1518583953493,109833741245768,richlv,12.9713696,77.5804048,"Non-overlapping outer urban tile around Bengaluru, India; excludes the r07 centre box",Bengaluru outer tile,https://www.mapillary.com/app/?pKey=298695168410657,2026-09-01T17:31:29+00:00,high_exact_semantic_taxonomy_prefix,mapillary_india_group_00021,metadata_only_not_reviewed,no,37,proposed_metadata_only,no,"All catalogued no_left_turn candidates retained; round-robin order across dependency groups, then metadata diversity within each group",Mapillary image 298695168410657,richlv,https://www.mapillary.com/app/?pKey=298695168410657,CC BY-SA (version to verify at download time),Mapillary image 298695168410657 by richlv; source https://www.mapillary.com/app/?pKey=298695168410657; licensed under CC BY-SA,blocked_pending_manual_logged_in_terms_confirmation
3928985527192635,3042103269344975,3042103269344975,regulatory--no-left-turn--g2,no_left_turn,47j4r1vwee8jthu2kaeif0,2021-01-11T03:29:40+00:00,1610335780936,101743165404889,pradeepbv,12.9705759,77.6049545,"Non-overlapping outer urban tile around Bengaluru, India; excludes the r07 centre box",Bengaluru outer tile,https://www.mapillary.com/app/?pKey=3928985527192635,2026-09-01T17:31:29+00:00,high_exact_semantic_taxonomy_prefix,mapillary_india_group_00024,metadata_only_not_reviewed,no,38,proposed_metadata_only,no,"All catalogued no_left_turn candidates retained; round-robin order across dependency groups, then metadata diversity within each group",Mapillary image 3928985527192635,pradeepbv,https://www.mapillary.com/app/?pKey=3928985527192635,CC BY-SA (version to verify at download time),Mapillary image 3928985527192635 by pradeepbv; source https://www.mapillary.com/app/?pKey=3928985527192635; licensed under CC BY-SA,blocked_pending_manual_logged_in_terms_confirmation
4443513928996137,309588187317586,309588187317586,regulatory--no-left-turn--g2,no_left_turn,LYgK0XSnR9W1dvGVjUTluQ,2018-11-24T05:03:22+00:00,1543035802886,109606001268498,srividya,12.9544760,77.5799841,"Non-overlapping outer urban tile around Bengaluru, India; excludes the r07 centre box",Bengaluru outer tile,https://www.mapillary.com/app/?pKey=4443513928996137,2026-09-01T17:31:29+00:00,high_exact_semantic_taxonomy_prefix,mapillary_india_group_00026,metadata_only_not_reviewed,no,39,proposed_metadata_only,no,"All catalogued no_left_turn candidates retained; round-robin order across dependency groups, then metadata diversity within each group",Mapillary image 4443513928996137,srividya,https://www.mapillary.com/app/?pKey=4443513928996137,CC BY-SA (version to verify at download time),Mapillary image 4443513928996137 by srividya; source https://www.mapillary.com/app/?pKey=4443513928996137; licensed under CC BY-SA,blocked_pending_manual_logged_in_terms_confirmation
173120494680434,3878718328843471,3878718328843471,regulatory--no-left-turn--g2,no_left_turn,zA5s5_mFfn4C1CSPmAuvPw,2015-09-06T11:06:27+00:00,1441537587631,109606001268498,srividya,28.6317503,77.1987804,"Non-overlapping outer urban tile around Delhi, India; excludes the r07 centre box",Delhi outer tile,https://www.mapillary.com/app/?pKey=173120494680434,2026-09-01T17:31:29+00:00,high_exact_semantic_taxonomy_prefix,mapillary_india_group_00029,metadata_only_not_reviewed,no,40,proposed_metadata_only,no,"All catalogued no_left_turn candidates retained; round-robin order across dependency groups, then metadata diversity within each group",Mapillary image 173120494680434,srividya,https://www.mapillary.com/app/?pKey=173120494680434,CC BY-SA (version to verify at download time),Mapillary image 173120494680434 by srividya; source https://www.mapillary.com/app/?pKey=173120494680434; licensed under CC BY-SA,blocked_pending_manual_logged_in_terms_confirmation
371632140979112,395035038634629,395035038634629,regulatory--no-left-turn--g1,no_left_turn,h3OW90tlPkYjmfIbQVJTGB,2021-08-03T02:37:05+00:00,1627958225286,107354604835874,ibigroupgoa,12.9865224,77.5953765,"Non-overlapping outer urban tile around Bengaluru, India; excludes the r07 centre box",Bengaluru outer tile,https://www.mapillary.com/app/?pKey=371632140979112,2026-09-01T17:31:29+00:00,high_exact_semantic_taxonomy_prefix,mapillary_india_group_00030,metadata_only_not_reviewed,no,41,proposed_metadata_only,no,"All catalogued no_left_turn candidates retained; round-robin order across dependency groups, then metadata diversity within each group",Mapillary image 371632140979112,ibigroupgoa,https://www.mapillary.com/app/?pKey=371632140979112,CC BY-SA (version to verify at download time),Mapillary image 371632140979112 by ibigroupgoa; source https://www.mapillary.com/app/?pKey=371632140979112; licensed under CC BY-SA,blocked_pending_manual_logged_in_terms_confirmation
317619143068367,475628470339776,475628470339776,regulatory--no-left-turn--g2,no_left_turn,8EBl674rvo7cbCMfJIhKwg,2017-01-23T04:40:59+00:00,1485146459814,108469318050957,yogi,12.9705071,77.6099279,"Non-overlapping outer urban tile around Bengaluru, India; excludes the r07 centre box",Bengaluru outer tile,https://www.mapillary.com/app/?pKey=317619143068367,2026-09-01T17:31:29+00:00,high_exact_semantic_taxonomy_prefix,mapillary_india_group_00034,metadata_only_not_reviewed,no,42,proposed_metadata_only,no,"All catalogued no_left_turn candidates retained; round-robin order across dependency groups, then metadata diversity within each group",Mapillary image 317619143068367,yogi,https://www.mapillary.com/app/?pKey=317619143068367,CC BY-SA (version to verify at download time),Mapillary image 317619143068367 by yogi; source https://www.mapillary.com/app/?pKey=317619143068367; licensed under CC BY-SA,blocked_pending_manual_logged_in_terms_confirmation
3937130286402526,482293629758113,482293629758113,regulatory--no-left-turn--g2,no_left_turn,yAp9gFhya1IGeXvi2lzvzw,2018-02-04T05:18:18+00:00,1517721498116,109833741245768,richlv,12.9539606,77.5917682,"Non-overlapping outer urban tile around Bengaluru, India; excludes the r07 centre box",Bengaluru outer tile,https://www.mapillary.com/app/?pKey=3937130286402526,2026-09-01T17:31:29+00:00,high_exact_semantic_taxonomy_prefix,mapillary_india_group_00036,metadata_only_not_reviewed,no,43,proposed_metadata_only,no,"All catalogued no_left_turn candidates retained; round-robin order across dependency groups, then metadata diversity within each group",Mapillary image 3937130286402526,richlv,https://www.mapillary.com/app/?pKey=3937130286402526,CC BY-SA (version to verify at download time),Mapillary image 3937130286402526 by richlv; source https://www.mapillary.com/app/?pKey=3937130286402526; licensed under CC BY-SA,blocked_pending_manual_logged_in_terms_confirmation
876109306274039,491103788900157,491103788900157;491865632157306,regulatory--no-left-turn--g2,no_left_turn,8fgD0NWLQY62CnBcPf6UiQ,2018-09-24T07:19:42+00:00,1537773582226,109909584575154,prtksxna,15.4972417,73.8323179,"Curated interior coordinate centred on Panaji, India",Panaji,https://www.mapillary.com/app/?pKey=876109306274039,2026-09-01T17:31:29+00:00,high_exact_semantic_taxonomy_prefix,mapillary_india_group_00039,metadata_only_not_reviewed,no,44,proposed_metadata_only,no,"All catalogued no_left_turn candidates retained; round-robin order across dependency groups, then metadata diversity within each group",Mapillary image 876109306274039,prtksxna,https://www.mapillary.com/app/?pKey=876109306274039,CC BY-SA (version to verify at download time),Mapillary image 876109306274039 by prtksxna; source https://www.mapillary.com/app/?pKey=876109306274039; licensed under CC BY-SA,blocked_pending_manual_logged_in_terms_confirmation
2916957175226471,499018107959474,499018107959474,regulatory--no-left-turn--g1,no_left_turn,SO0ZDIFZIW7TOzTvk4d39A,2017-11-19T06:35:47+00:00,1511073347544,107887898114051,aditisarwate,18.5188625,73.8600653,"Map feature coordinate returned inside curated Pune, India search box",Pune,https://www.mapillary.com/app/?pKey=2916957175226471,2026-09-01T15:58:36+00:00,high_exact_semantic_taxonomy_prefix,mapillary_india_group_00041,metadata_only_not_reviewed,no,45,proposed_metadata_only,no,"All catalogued no_left_turn candidates retained; round-robin order across dependency groups, then metadata diversity within each group",Mapillary image 2916957175226471,aditisarwate,https://www.mapillary.com/app/?pKey=2916957175226471,CC BY-SA (version to verify at download time),Mapillary image 2916957175226471 by aditisarwate; source https://www.mapillary.com/app/?pKey=2916957175226471; licensed under CC BY-SA,blocked_pending_manual_logged_in_terms_confirmation
822654231937147,5497045990337630,5497045990337630,regulatory--no-left-turn--g2,no_left_turn,az8egl948gw72kzogyh0ro,2021-01-11T03:14:41+00:00,1610334881963,101743165404889,pradeepbv,12.9708033,77.6045798,"Non-overlapping outer urban tile around Bengaluru, India; excludes the r07 centre box",Bengaluru outer tile,https://www.mapillary.com/app/?pKey=822654231937147,2026-09-01T17:31:29+00:00,high_exact_semantic_taxonomy_prefix,mapillary_india_group_00043,metadata_only_not_reviewed,no,46,proposed_metadata_only,no,"All catalogued no_left_turn candidates retained; round-robin order across dependency groups, then metadata diversity within each group",Mapillary image 822654231937147,pradeepbv,https://www.mapillary.com/app/?pKey=822654231937147,CC BY-SA (version to verify at download time),Mapillary image 822654231937147 by pradeepbv; source https://www.mapillary.com/app/?pKey=822654231937147; licensed under CC BY-SA,blocked_pending_manual_logged_in_terms_confirmation
1191289044645232,550066459716261,550066459716261,regulatory--no-left-turn--g2,no_left_turn,pAC8TLte_Q7TCzinUS7g6w,2016-04-28T06:33:33+00:00,1461825213639,109606001268498,srividya,12.9743907,77.5753486,"Non-overlapping outer urban tile around Bengaluru, India; excludes the r07 centre box",Bengaluru outer tile,https://www.mapillary.com/app/?pKey=1191289044645232,2026-09-01T17:31:29+00:00,high_exact_semantic_taxonomy_prefix,mapillary_india_group_00044,metadata_only_not_reviewed,no,47,proposed_metadata_only,no,"All catalogued no_left_turn candidates retained; round-robin order across dependency groups, then metadata diversity within each group",Mapillary image 1191289044645232,srividya,https://www.mapillary.com/app/?pKey=1191289044645232,CC BY-SA (version to verify at download time),Mapillary image 1191289044645232 by srividya; source https://www.mapillary.com/app/?pKey=1191289044645232; licensed under CC BY-SA,blocked_pending_manual_logged_in_terms_confirmation
3746463118795509,573285136968363,573285136968363,regulatory--no-left-turn--g2,no_left_turn,vdfacvnzrg7hg0uf32astw,2019-10-08T06:35:58+00:00,1570516558978,109910087910218,jayp,12.9901274,77.6145775,"Non-overlapping outer urban tile around Bengaluru, India; excludes the r07 centre box",Bengaluru outer tile,https://www.mapillary.com/app/?pKey=3746463118795509,2026-09-01T17:31:29+00:00,high_exact_semantic_taxonomy_prefix,mapillary_india_group_00045,metadata_only_not_reviewed,no,48,proposed_metadata_only,no,"All catalogued no_left_turn candidates retained; round-robin order across dependency groups, then metadata diversity within each group",Mapillary image 3746463118795509,jayp,https://www.mapillary.com/app/?pKey=3746463118795509,CC BY-SA (version to verify at download time),Mapillary image 3746463118795509 by jayp; source https://www.mapillary.com/app/?pKey=3746463118795509; licensed under CC BY-SA,blocked_pending_manual_logged_in_terms_confirmation
782477175806130,759766354581786,759766354581786,regulatory--no-left-turn--g1,no_left_turn,2HnX078mwqyLP6D5yvXfLA,2017-12-26T06:34:53+00:00,1514270093113,107202001513219,planemad,12.9864851,77.5953438,"Non-overlapping outer urban tile around Bengaluru, India; excludes the r07 centre box",Bengaluru outer tile,https://www.mapillary.com/app/?pKey=782477175806130,2026-09-01T17:31:29+00:00,high_exact_semantic_taxonomy_prefix,mapillary_india_group_00047,metadata_only_not_reviewed,no,49,proposed_metadata_only,no,"All catalogued no_left_turn candidates retained; round-robin order across dependency groups, then metadata diversity within each group",Mapillary image 782477175806130,planemad,https://www.mapillary.com/app/?pKey=782477175806130,CC BY-SA (version to verify at download time),Mapillary image 782477175806130 by planemad; source https://www.mapillary.com/app/?pKey=782477175806130; licensed under CC BY-SA,blocked_pending_manual_logged_in_terms_confirmation
204183511514647,771362733563703,771362733563703,regulatory--no-left-turn--g2,no_left_turn,zpM4PDHQ47ZRDFtSrYX9Eg,2016-01-02T11:32:19+00:00,1451734339228,106868151546426,shravan91,12.9909682,77.6132909,"Non-overlapping outer urban tile around Bengaluru, India; excludes the r07 centre box",Bengaluru outer tile,https://www.mapillary.com/app/?pKey=204183511514647,2026-09-01T17:31:29+00:00,high_exact_semantic_taxonomy_prefix,mapillary_india_group_00048,metadata_only_not_reviewed,no,50,proposed_metadata_only,no,"All catalogued no_left_turn candidates retained; round-robin order across dependency groups, then metadata diversity within each group",Mapillary image 204183511514647,shravan91,https://www.mapillary.com/app/?pKey=204183511514647,CC BY-SA (version to verify at download time),Mapillary image 204183511514647 by shravan91; source https://www.mapillary.com/app/?pKey=204183511514647; licensed under CC BY-SA,blocked_pending_manual_logged_in_terms_confirmation
726026401412107,794355408172361,794355408172361,regulatory--no-left-turn--g2,no_left_turn,T--mvkfLlcgYp6JdeWJwMg,2015-03-04T14:30:37+00:00,1425479437000,109214254640685,sashazykov,11.9411672,79.8082445,"Curated interior coordinate centred on Puducherry, India",Puducherry,https://www.mapillary.com/app/?pKey=726026401412107,2026-09-01T17:31:29+00:00,high_exact_semantic_taxonomy_prefix,mapillary_india_group_00049,metadata_only_not_reviewed,no,51,proposed_metadata_only,no,"All catalogued no_left_turn candidates retained; round-robin order across dependency groups, then metadata diversity within each group",Mapillary image 726026401412107,sashazykov,https://www.mapillary.com/app/?pKey=726026401412107,CC BY-SA (version to verify at download time),Mapillary image 726026401412107 by sashazykov; source https://www.mapillary.com/app/?pKey=726026401412107; licensed under CC BY-SA,blocked_pending_manual_logged_in_terms_confirmation
881732269440587,806821263333316,806821263333316,regulatory--no-left-turn--g2,no_left_turn,xYUgFLOmHp5ozthGiRKC6j,2021-08-03T03:19:40+00:00,1627960780840,138886808313564,muruligowda,12.9744187,77.6077263,"Non-overlapping outer urban tile around Bengaluru, India; excludes the r07 centre box",Bengaluru outer tile,https://www.mapillary.com/app/?pKey=881732269440587,2026-09-01T17:31:29+00:00,high_exact_semantic_taxonomy_prefix,mapillary_india_group_00050,metadata_only_not_reviewed,no,52,proposed_metadata_only,no,"All catalogued no_left_turn candidates retained; round-robin order across dependency groups, then metadata diversity within each group",Mapillary image 881732269440587,muruligowda,https://www.mapillary.com/app/?pKey=881732269440587,CC BY-SA (version to verify at download time),Mapillary image 881732269440587 by muruligowda; source https://www.mapillary.com/app/?pKey=881732269440587; licensed under CC BY-SA,blocked_pending_manual_logged_in_terms_confirmation
3601109913326825,832190607406523,832190607406523,regulatory--no-left-turn--g2,no_left_turn,452z4au5glvoflg0f8smw0,2019-10-08T07:43:50+00:00,1570520630773,109910087910218,jayp,12.9741539,77.6110629,"Non-overlapping outer urban tile around Bengaluru, India; excludes the r07 centre box",Bengaluru outer tile,https://www.mapillary.com/app/?pKey=3601109913326825,2026-09-01T17:31:29+00:00,high_exact_semantic_taxonomy_prefix,mapillary_india_group_00002,metadata_only_not_reviewed,no,53,proposed_metadata_only,no,"All catalogued no_left_turn candidates retained; round-robin order across dependency groups, then metadata diversity within each group",Mapillary image 3601109913326825,jayp,https://www.mapillary.com/app/?pKey=3601109913326825,CC BY-SA (version to verify at download time),Mapillary image 3601109913326825 by jayp; source https://www.mapillary.com/app/?pKey=3601109913326825; licensed under CC BY-SA,blocked_pending_manual_logged_in_terms_confirmation
3532051773685648,1383642135341383,1383642135341383,regulatory--no-left-turn--g2,no_left_turn,yBKYRQK5NkQJ41V8cSHxHQ,2015-02-25T08:29:54+00:00,1424852994000,100389518872733,lxbarth,12.9749140,77.6084320,"Non-overlapping outer urban tile around Bengaluru, India; excludes the r07 centre box",Bengaluru outer tile,https://www.mapillary.com/app/?pKey=3532051773685648,2026-09-01T17:31:29+00:00,high_exact_semantic_taxonomy_prefix,mapillary_india_group_00005,metadata_only_not_reviewed,no,54,proposed_metadata_only,no,"All catalogued no_left_turn candidates retained; round-robin order across dependency groups, then metadata diversity within each group",Mapillary image 3532051773685648,lxbarth,https://www.mapillary.com/app/?pKey=3532051773685648,CC BY-SA (version to verify at download time),Mapillary image 3532051773685648 by lxbarth; source https://www.mapillary.com/app/?pKey=3532051773685648; licensed under CC BY-SA,blocked_pending_manual_logged_in_terms_confirmation
1015322711177208,1419110073233719,1419110073233719,regulatory--no-left-turn--g2,no_left_turn,9S8hvLpg4m1X2aFjIBy7WY,2026-05-02T04:48:07+00:00,1777697287642,106724622478113,WPStan,19.0587654,72.8635033,"Non-overlapping outer urban tile around Mumbai, India; excludes the r07 centre box",Mumbai outer tile,https://www.mapillary.com/app/?pKey=1015322711177208,2026-09-01T17:31:29+00:00,high_exact_semantic_taxonomy_prefix,mapillary_india_group_00007,metadata_only_not_reviewed,no,55,proposed_metadata_only,no,"All catalogued no_left_turn candidates retained; round-robin order across dependency groups, then metadata diversity within each group",Mapillary image 1015322711177208,WPStan,https://www.mapillary.com/app/?pKey=1015322711177208,CC BY-SA (version to verify at download time),Mapillary image 1015322711177208 by WPStan; source https://www.mapillary.com/app/?pKey=1015322711177208; licensed under CC BY-SA,blocked_pending_manual_logged_in_terms_confirmation
180915077231618,922865035176255,922865035176255,regulatory--no-left-turn--g2,no_left_turn,a7adwir86js8zsvr8rl4a3,2021-02-10T08:54:24+00:00,1612947264787,101743165404889,pradeepbv,12.9867036,77.5911160,"Non-overlapping outer urban tile around Bengaluru, India; excludes the r07 centre box",Bengaluru outer tile,https://www.mapillary.com/app/?pKey=180915077231618,2026-09-01T17:31:29+00:00,high_exact_semantic_taxonomy_prefix,mapillary_india_group_00011,metadata_only_not_reviewed,no,56,proposed_metadata_only,no,"All catalogued no_left_turn candidates retained; round-robin order across dependency groups, then metadata diversity within each group",Mapillary image 180915077231618,pradeepbv,https://www.mapillary.com/app/?pKey=180915077231618,CC BY-SA (version to verify at download time),Mapillary image 180915077231618 by pradeepbv; source https://www.mapillary.com/app/?pKey=180915077231618; licensed under CC BY-SA,blocked_pending_manual_logged_in_terms_confirmation
762837307758976,1508384892703449,1508384892703449,regulatory--no-left-turn--g2,no_left_turn,QYWOvBbxU3de1I48bzu9rw,2015-05-09T09:16:15+00:00,1431162975138,100389518872733,lxbarth,12.9833310,77.5953990,"Non-overlapping outer urban tile around Bengaluru, India; excludes the r07 centre box",Bengaluru outer tile,https://www.mapillary.com/app/?pKey=762837307758976,2026-09-01T17:31:29+00:00,high_exact_semantic_taxonomy_prefix,mapillary_india_group_00013,metadata_only_not_reviewed,no,57,proposed_metadata_only,no,"All catalogued no_left_turn candidates retained; round-robin order across dependency groups, then metadata diversity within each group",Mapillary image 762837307758976,lxbarth,https://www.mapillary.com/app/?pKey=762837307758976,CC BY-SA (version to verify at download time),Mapillary image 762837307758976 by lxbarth; source https://www.mapillary.com/app/?pKey=762837307758976; licensed under CC BY-SA,blocked_pending_manual_logged_in_terms_confirmation
973226593485753,1678484082539159,1678484082539159,regulatory--no-left-turn--g2,no_left_turn,nFaPdZQ_9ggWLGfDoYlNWQ,2018-01-23T16:27:20+00:00,1516724840000,101235428790074,venkanna37,12.9539781,77.5911114,"Non-overlapping outer urban tile around Bengaluru, India; excludes the r07 centre box",Bengaluru outer tile,https://www.mapillary.com/app/?pKey=973226593485753,2026-09-01T17:31:29+00:00,high_exact_semantic_taxonomy_prefix,mapillary_india_group_00014,metadata_only_not_reviewed,no,58,proposed_metadata_only,no,"All catalogued no_left_turn candidates retained; round-robin order across dependency groups, then metadata diversity within each group",Mapillary image 973226593485753,venkanna37,https://www.mapillary.com/app/?pKey=973226593485753,CC BY-SA (version to verify at download time),Mapillary image 973226593485753 by venkanna37; source https://www.mapillary.com/app/?pKey=973226593485753; licensed under CC BY-SA,blocked_pending_manual_logged_in_terms_confirmation
1372363850768134,2056217061838679,2056217061838679,regulatory--no-left-turn--g2,no_left_turn,doXFjK0Shsn1tHWPvOaIM2,2026-01-19T05:57:25+00:00,1768802245030,1390940191591088,Absawant,18.5075230,73.8537257,"Non-overlapping outer urban tile around Pune, India; excludes the r07 centre box",Pune outer tile,https://www.mapillary.com/app/?pKey=1372363850768134,2026-09-01T17:31:29+00:00,high_exact_semantic_taxonomy_prefix,mapillary_india_group_00017,metadata_only_not_reviewed,no,59,proposed_metadata_only,no,"All catalogued no_left_turn candidates retained; round-robin order across dependency groups, then metadata diversity within each group",Mapillary image 1372363850768134,Absawant,https://www.mapillary.com/app/?pKey=1372363850768134,CC BY-SA (version to verify at download time),Mapillary image 1372363850768134 by Absawant; source https://www.mapillary.com/app/?pKey=1372363850768134; licensed under CC BY-SA,blocked_pending_manual_logged_in_terms_confirmation
219147619656071,2915265565416738,2915265565416738,regulatory--no-left-turn--g2,no_left_turn,Ic3Bfxv0BvMEclPYcIE1IA,2018-02-14T04:52:36+00:00,1518583956635,109833741245768,richlv,12.9713910,77.5804299,"Non-overlapping outer urban tile around Bengaluru, India; excludes the r07 centre box",Bengaluru outer tile,https://www.mapillary.com/app/?pKey=219147619656071,2026-09-01T17:31:29+00:00,high_exact_semantic_taxonomy_prefix,mapillary_india_group_00021,metadata_only_not_reviewed,no,60,proposed_metadata_only,no,"All catalogued no_left_turn candidates retained; round-robin order across dependency groups, then metadata diversity within each group",Mapillary image 219147619656071,richlv,https://www.mapillary.com/app/?pKey=219147619656071,CC BY-SA (version to verify at download time),Mapillary image 219147619656071 by richlv; source https://www.mapillary.com/app/?pKey=219147619656071; licensed under CC BY-SA,blocked_pending_manual_logged_in_terms_confirmation
553960172256704,3042103269344975,3042103269344975,regulatory--no-left-turn--g2,no_left_turn,47j4r1vwee8jthu2kaeif0,2021-01-11T03:29:42+00:00,1610335782079,101743165404889,pradeepbv,12.9706292,77.6049303,"Non-overlapping outer urban tile around Bengaluru, India; excludes the r07 centre box",Bengaluru outer tile,https://www.mapillary.com/app/?pKey=553960172256704,2026-09-01T17:31:29+00:00,high_exact_semantic_taxonomy_prefix,mapillary_india_group_00024,metadata_only_not_reviewed,no,61,proposed_metadata_only,no,"All catalogued no_left_turn candidates retained; round-robin order across dependency groups, then metadata diversity within each group",Mapillary image 553960172256704,pradeepbv,https://www.mapillary.com/app/?pKey=553960172256704,CC BY-SA (version to verify at download time),Mapillary image 553960172256704 by pradeepbv; source https://www.mapillary.com/app/?pKey=553960172256704; licensed under CC BY-SA,blocked_pending_manual_logged_in_terms_confirmation
487074585860779,309588187317586,309588187317586,regulatory--no-left-turn--g2,no_left_turn,LYgK0XSnR9W1dvGVjUTluQ,2018-11-24T05:03:24+00:00,1543035804912,109606001268498,srividya,12.9546055,77.5799850,"Non-overlapping outer urban tile around Bengaluru, India; excludes the r07 centre box",Bengaluru outer tile,https://www.mapillary.com/app/?pKey=487074585860779,2026-09-01T17:31:29+00:00,high_exact_semantic_taxonomy_prefix,mapillary_india_group_00026,metadata_only_not_reviewed,no,62,proposed_metadata_only,no,"All catalogued no_left_turn candidates retained; round-robin order across dependency groups, then metadata diversity within each group",Mapillary image 487074585860779,srividya,https://www.mapillary.com/app/?pKey=487074585860779,CC BY-SA (version to verify at download time),Mapillary image 487074585860779 by srividya; source https://www.mapillary.com/app/?pKey=487074585860779; licensed under CC BY-SA,blocked_pending_manual_logged_in_terms_confirmation
940152053396798,3878718328843471,3878718328843471,regulatory--no-left-turn--g2,no_left_turn,zA5s5_mFfn4C1CSPmAuvPw,2015-09-06T11:06:29+00:00,1441537589789,109606001268498,srividya,28.6317503,77.1987804,"Non-overlapping outer urban tile around Delhi, India; excludes the r07 centre box",Delhi outer tile,https://www.mapillary.com/app/?pKey=940152053396798,2026-09-01T17:31:29+00:00,high_exact_semantic_taxonomy_prefix,mapillary_india_group_00029,metadata_only_not_reviewed,no,63,proposed_metadata_only,no,"All catalogued no_left_turn candidates retained; round-robin order across dependency groups, then metadata diversity within each group",Mapillary image 940152053396798,srividya,https://www.mapillary.com/app/?pKey=940152053396798,CC BY-SA (version to verify at download time),Mapillary image 940152053396798 by srividya; source https://www.mapillary.com/app/?pKey=940152053396798; licensed under CC BY-SA,blocked_pending_manual_logged_in_terms_confirmation
566309651087926,395035038634629,395035038634629,regulatory--no-left-turn--g1,no_left_turn,h3OW90tlPkYjmfIbQVJTGB,2021-08-03T02:37:06+00:00,1627958226309,107354604835874,ibigroupgoa,12.9865929,77.5953203,"Non-overlapping outer urban tile around Bengaluru, India; excludes the r07 centre box",Bengaluru outer tile,https://www.mapillary.com/app/?pKey=566309651087926,2026-09-01T17:31:29+00:00,high_exact_semantic_taxonomy_prefix,mapillary_india_group_00030,metadata_only_not_reviewed,no,64,proposed_metadata_only,no,"All catalogued no_left_turn candidates retained; round-robin order across dependency groups, then metadata diversity within each group",Mapillary image 566309651087926,ibigroupgoa,https://www.mapillary.com/app/?pKey=566309651087926,CC BY-SA (version to verify at download time),Mapillary image 566309651087926 by ibigroupgoa; source https://www.mapillary.com/app/?pKey=566309651087926; licensed under CC BY-SA,blocked_pending_manual_logged_in_terms_confirmation
976125359793573,482293629758113,482293629758113,regulatory--no-left-turn--g2,no_left_turn,yAp9gFhya1IGeXvi2lzvzw,2018-02-04T05:18:20+00:00,1517721500801,109833741245768,richlv,12.9539400,77.5917606,"Non-overlapping outer urban tile around Bengaluru, India; excludes the r07 centre box",Bengaluru outer tile,https://www.mapillary.com/app/?pKey=976125359793573,2026-09-01T17:31:29+00:00,high_exact_semantic_taxonomy_prefix,mapillary_india_group_00036,metadata_only_not_reviewed,no,65,proposed_metadata_only,no,"All catalogued no_left_turn candidates retained; round-robin order across dependency groups, then metadata diversity within each group",Mapillary image 976125359793573,richlv,https://www.mapillary.com/app/?pKey=976125359793573,CC BY-SA (version to verify at download time),Mapillary image 976125359793573 by richlv; source https://www.mapillary.com/app/?pKey=976125359793573; licensed under CC BY-SA,blocked_pending_manual_logged_in_terms_confirmation
291943962537192,491103788900157,491103788900157;491865632157306,regulatory--no-left-turn--g2,no_left_turn,8fgD0NWLQY62CnBcPf6UiQ,2018-09-24T07:19:47+00:00,1537773587968,109909584575154,prtksxna,15.4972528,73.8322599,"Curated interior coordinate centred on Panaji, India",Panaji,https://www.mapillary.com/app/?pKey=291943962537192,2026-09-01T17:31:29+00:00,high_exact_semantic_taxonomy_prefix,mapillary_india_group_00039,metadata_only_not_reviewed,no,66,proposed_metadata_only,no,"All catalogued no_left_turn candidates retained; round-robin order across dependency groups, then metadata diversity within each group",Mapillary image 291943962537192,prtksxna,https://www.mapillary.com/app/?pKey=291943962537192,CC BY-SA (version to verify at download time),Mapillary image 291943962537192 by prtksxna; source https://www.mapillary.com/app/?pKey=291943962537192; licensed under CC BY-SA,blocked_pending_manual_logged_in_terms_confirmation
1410241999323439,499018107959474,499018107959474,regulatory--no-left-turn--g1,no_left_turn,SO0ZDIFZIW7TOzTvk4d39A,2017-11-19T06:35:48+00:00,1511073348644,107887898114051,aditisarwate,18.5188354,73.8600204,"Map feature coordinate returned inside curated Pune, India search box",Pune,https://www.mapillary.com/app/?pKey=1410241999323439,2026-09-01T15:58:36+00:00,high_exact_semantic_taxonomy_prefix,mapillary_india_group_00041,metadata_only_not_reviewed,no,67,proposed_metadata_only,no,"All catalogued no_left_turn candidates retained; round-robin order across dependency groups, then metadata diversity within each group",Mapillary image 1410241999323439,aditisarwate,https://www.mapillary.com/app/?pKey=1410241999323439,CC BY-SA (version to verify at download time),Mapillary image 1410241999323439 by aditisarwate; source https://www.mapillary.com/app/?pKey=1410241999323439; licensed under CC BY-SA,blocked_pending_manual_logged_in_terms_confirmation
485876259131511,5497045990337630,5497045990337630,regulatory--no-left-turn--g2,no_left_turn,eom7w3f68b0llws7m7gdv2,2021-01-11T03:14:36+00:00,1610334876854,101743165404889,pradeepbv,12.9706423,77.6042249,"Non-overlapping outer urban tile around Bengaluru, India; excludes the r07 centre box",Bengaluru outer tile,https://www.mapillary.com/app/?pKey=485876259131511,2026-09-01T17:31:29+00:00,high_exact_semantic_taxonomy_prefix,mapillary_india_group_00043,metadata_only_not_reviewed,no,68,proposed_metadata_only,no,"All catalogued no_left_turn candidates retained; round-robin order across dependency groups, then metadata diversity within each group",Mapillary image 485876259131511,pradeepbv,https://www.mapillary.com/app/?pKey=485876259131511,CC BY-SA (version to verify at download time),Mapillary image 485876259131511 by pradeepbv; source https://www.mapillary.com/app/?pKey=485876259131511; licensed under CC BY-SA,blocked_pending_manual_logged_in_terms_confirmation
818045555762587,573285136968363,573285136968363,regulatory--no-left-turn--g2,no_left_turn,vdfacvnzrg7hg0uf32astw,2019-10-08T06:36:00+00:00,1570516560043,109910087910218,jayp,12.9901656,77.6145069,"Non-overlapping outer urban tile around Bengaluru, India; excludes the r07 centre box",Bengaluru outer tile,https://www.mapillary.com/app/?pKey=818045555762587,2026-09-01T17:31:29+00:00,high_exact_semantic_taxonomy_prefix,mapillary_india_group_00045,metadata_only_not_reviewed,no,69,proposed_metadata_only,no,"All catalogued no_left_turn candidates retained; round-robin order across dependency groups, then metadata diversity within each group",Mapillary image 818045555762587,jayp,https://www.mapillary.com/app/?pKey=818045555762587,CC BY-SA (version to verify at download time),Mapillary image 818045555762587 by jayp; source https://www.mapillary.com/app/?pKey=818045555762587; licensed under CC BY-SA,blocked_pending_manual_logged_in_terms_confirmation
530178758340749,759766354581786,759766354581786,regulatory--no-left-turn--g1,no_left_turn,2HnX078mwqyLP6D5yvXfLA,2017-12-26T06:34:54+00:00,1514270094145,107202001513219,planemad,12.9865506,77.5952907,"Non-overlapping outer urban tile around Bengaluru, India; excludes the r07 centre box",Bengaluru outer tile,https://www.mapillary.com/app/?pKey=530178758340749,2026-09-01T17:31:29+00:00,high_exact_semantic_taxonomy_prefix,mapillary_india_group_00047,metadata_only_not_reviewed,no,70,proposed_metadata_only,no,"All catalogued no_left_turn candidates retained; round-robin order across dependency groups, then metadata diversity within each group",Mapillary image 530178758340749,planemad,https://www.mapillary.com/app/?pKey=530178758340749,CC BY-SA (version to verify at download time),Mapillary image 530178758340749 by planemad; source https://www.mapillary.com/app/?pKey=530178758340749; licensed under CC BY-SA,blocked_pending_manual_logged_in_terms_confirmation
1154762481693925,806821263333316,806821263333316,regulatory--no-left-turn--g2,no_left_turn,xYUgFLOmHp5ozthGiRKC6j,2021-08-03T03:19:43+00:00,1627960783778,138886808313564,muruligowda,12.9743775,77.6077257,"Non-overlapping outer urban tile around Bengaluru, India; excludes the r07 centre box",Bengaluru outer tile,https://www.mapillary.com/app/?pKey=1154762481693925,2026-09-01T17:31:29+00:00,high_exact_semantic_taxonomy_prefix,mapillary_india_group_00050,metadata_only_not_reviewed,no,71,proposed_metadata_only,no,"All catalogued no_left_turn candidates retained; round-robin order across dependency groups, then metadata diversity within each group",Mapillary image 1154762481693925,muruligowda,https://www.mapillary.com/app/?pKey=1154762481693925,CC BY-SA (version to verify at download time),Mapillary image 1154762481693925 by muruligowda; source https://www.mapillary.com/app/?pKey=1154762481693925; licensed under CC BY-SA,blocked_pending_manual_logged_in_terms_confirmation
294140269054104,1134601427027919,1134601427027919,regulatory--no-left-turn--g1,no_left_turn,pfw46nzk51m0gonja5k1zp,2019-10-08T07:36:21+00:00,1570520181866,109910087910218,jayp,12.9742345,77.6115158,"Non-overlapping outer urban tile around Bengaluru, India; excludes the r07 centre box",Bengaluru outer tile,https://www.mapillary.com/app/?pKey=294140269054104,2026-09-01T17:31:29+00:00,high_exact_semantic_taxonomy_prefix,mapillary_india_group_00002,metadata_only_not_reviewed,no,72,proposed_metadata_only,no,"All catalogued no_left_turn candidates retained; round-robin order across dependency groups, then metadata diversity within each group",Mapillary image 294140269054104,jayp,https://www.mapillary.com/app/?pKey=294140269054104,CC BY-SA (version to verify at download time),Mapillary image 294140269054104 by jayp; source https://www.mapillary.com/app/?pKey=294140269054104; licensed under CC BY-SA,blocked_pending_manual_logged_in_terms_confirmation
498514284829569,1383642135341383,1383642135341383,regulatory--no-left-turn--g2,no_left_turn,yBKYRQK5NkQJ41V8cSHxHQ,2015-02-25T08:31:28+00:00,1424853088000,100389518872733,lxbarth,12.9749330,77.6083850,"Non-overlapping outer urban tile around Bengaluru, India; excludes the r07 centre box",Bengaluru outer tile,https://www.mapillary.com/app/?pKey=498514284829569,2026-09-01T17:31:29+00:00,high_exact_semantic_taxonomy_prefix,mapillary_india_group_00005,metadata_only_not_reviewed,no,73,proposed_metadata_only,no,"All catalogued no_left_turn candidates retained; round-robin order across dependency groups, then metadata diversity within each group",Mapillary image 498514284829569,lxbarth,https://www.mapillary.com/app/?pKey=498514284829569,CC BY-SA (version to verify at download time),Mapillary image 498514284829569 by lxbarth; source https://www.mapillary.com/app/?pKey=498514284829569; licensed under CC BY-SA,blocked_pending_manual_logged_in_terms_confirmation
194847259127759,146715147422922,146715147422922,regulatory--no-left-turn--g2,no_left_turn,a7adwir86js8zsvr8rl4a3,2021-02-10T08:54:25+00:00,1612947265938,101743165404889,pradeepbv,12.9866693,77.5912163,"Non-overlapping outer urban tile around Bengaluru, India; excludes the r07 centre box",Bengaluru outer tile,https://www.mapillary.com/app/?pKey=194847259127759,2026-09-01T17:31:29+00:00,high_exact_semantic_taxonomy_prefix,mapillary_india_group_00011,metadata_only_not_reviewed,no,74,proposed_metadata_only,no,"All catalogued no_left_turn candidates retained; round-robin order across dependency groups, then metadata diversity within each group",Mapillary image 194847259127759,pradeepbv,https://www.mapillary.com/app/?pKey=194847259127759,CC BY-SA (version to verify at download time),Mapillary image 194847259127759 by pradeepbv; source https://www.mapillary.com/app/?pKey=194847259127759; licensed under CC BY-SA,blocked_pending_manual_logged_in_terms_confirmation
176255517704143,1508384892703449,1508384892703449,regulatory--no-left-turn--g2,no_left_turn,QYWOvBbxU3de1I48bzu9rw,2015-05-09T09:16:17+00:00,1431162977182,100389518872733,lxbarth,12.9833080,77.5954650,"Non-overlapping outer urban tile around Bengaluru, India; excludes the r07 centre box",Bengaluru outer tile,https://www.mapillary.com/app/?pKey=176255517704143,2026-09-01T17:31:29+00:00,high_exact_semantic_taxonomy_prefix,mapillary_india_group_00013,metadata_only_not_reviewed,no,75,proposed_metadata_only,no,"All catalogued no_left_turn candidates retained; round-robin order across dependency groups, then metadata diversity within each group",Mapillary image 176255517704143,lxbarth,https://www.mapillary.com/app/?pKey=176255517704143,CC BY-SA (version to verify at download time),Mapillary image 176255517704143 by lxbarth; source https://www.mapillary.com/app/?pKey=176255517704143; licensed under CC BY-SA,blocked_pending_manual_logged_in_terms_confirmation
159139460052642,1678484082539159,1678484082539159,regulatory--no-left-turn--g2,no_left_turn,mil7xUJesud3AWybVvGoX1,2022-08-29T12:09:26+00:00,1661774966097,109037777999283,olily,12.9540318,77.5908962,"Non-overlapping outer urban tile around Bengaluru, India; excludes the r07 centre box",Bengaluru outer tile,https://www.mapillary.com/app/?pKey=159139460052642,2026-09-01T17:31:29+00:00,high_exact_semantic_taxonomy_prefix,mapillary_india_group_00014,metadata_only_not_reviewed,no,76,proposed_metadata_only,no,"All catalogued no_left_turn candidates retained; round-robin order across dependency groups, then metadata diversity within each group",Mapillary image 159139460052642,olily,https://www.mapillary.com/app/?pKey=159139460052642,CC BY-SA (version to verify at download time),Mapillary image 159139460052642 by olily; source https://www.mapillary.com/app/?pKey=159139460052642; licensed under CC BY-SA,blocked_pending_manual_logged_in_terms_confirmation
369108337851002,2915265565416738,2915265565416738,regulatory--no-left-turn--g2,no_left_turn,Ic3Bfxv0BvMEclPYcIE1IA,2018-02-14T04:52:40+00:00,1518583960188,109833741245768,richlv,12.9714088,77.5804537,"Non-overlapping outer urban tile around Bengaluru, India; excludes the r07 centre box",Bengaluru outer tile,https://www.mapillary.com/app/?pKey=369108337851002,2026-09-01T17:31:29+00:00,high_exact_semantic_taxonomy_prefix,mapillary_india_group_00021,metadata_only_not_reviewed,no,77,proposed_metadata_only,no,"All catalogued no_left_turn candidates retained; round-robin order across dependency groups, then metadata diversity within each group",Mapillary image 369108337851002,richlv,https://www.mapillary.com/app/?pKey=369108337851002,CC BY-SA (version to verify at download time),Mapillary image 369108337851002 by richlv; source https://www.mapillary.com/app/?pKey=369108337851002; licensed under CC BY-SA,blocked_pending_manual_logged_in_terms_confirmation
1020321605375740,3042103269344975,3042103269344975,regulatory--no-left-turn--g2,no_left_turn,ch52hegpjzj6pcekys95no,2021-02-10T03:18:29+00:00,1612927109324,101743165404889,pradeepbv,12.9704648,77.6050799,"Non-overlapping outer urban tile around Bengaluru, India; excludes the r07 centre box",Bengaluru outer tile,https://www.mapillary.com/app/?pKey=1020321605375740,2026-09-01T17:31:29+00:00,high_exact_semantic_taxonomy_prefix,mapillary_india_group_00024,metadata_only_not_reviewed,no,78,proposed_metadata_only,no,"All catalogued no_left_turn candidates retained; round-robin order across dependency groups, then metadata diversity within each group",Mapillary image 1020321605375740,pradeepbv,https://www.mapillary.com/app/?pKey=1020321605375740,CC BY-SA (version to verify at download time),Mapillary image 1020321605375740 by pradeepbv; source https://www.mapillary.com/app/?pKey=1020321605375740; licensed under CC BY-SA,blocked_pending_manual_logged_in_terms_confirmation
473473363961720,309588187317586,309588187317586,regulatory--no-left-turn--g2,no_left_turn,LYgK0XSnR9W1dvGVjUTluQ,2018-11-24T05:03:25+00:00,1543035805968,109606001268498,srividya,12.9546654,77.5799919,"Non-overlapping outer urban tile around Bengaluru, India; excludes the r07 centre box",Bengaluru outer tile,https://www.mapillary.com/app/?pKey=473473363961720,2026-09-01T17:31:29+00:00,high_exact_semantic_taxonomy_prefix,mapillary_india_group_00026,metadata_only_not_reviewed,no,79,proposed_metadata_only,no,"All catalogued no_left_turn candidates retained; round-robin order across dependency groups, then metadata diversity within each group",Mapillary image 473473363961720,srividya,https://www.mapillary.com/app/?pKey=473473363961720,CC BY-SA (version to verify at download time),Mapillary image 473473363961720 by srividya; source https://www.mapillary.com/app/?pKey=473473363961720; licensed under CC BY-SA,blocked_pending_manual_logged_in_terms_confirmation
940254416726701,3878718328843471,3878718328843471,regulatory--no-left-turn--g2,no_left_turn,zA5s5_mFfn4C1CSPmAuvPw,2015-09-06T11:06:32+00:00,1441537592008,109606001268498,srividya,28.6317503,77.1987804,"Non-overlapping outer urban tile around Delhi, India; excludes the r07 centre box",Delhi outer tile,https://www.mapillary.com/app/?pKey=940254416726701,2026-09-01T17:31:29+00:00,high_exact_semantic_taxonomy_prefix,mapillary_india_group_00029,metadata_only_not_reviewed,no,80,proposed_metadata_only,no,"All catalogued no_left_turn candidates retained; round-robin order across dependency groups, then metadata diversity within each group",Mapillary image 940254416726701,srividya,https://www.mapillary.com/app/?pKey=940254416726701,CC BY-SA (version to verify at download time),Mapillary image 940254416726701 by srividya; source https://www.mapillary.com/app/?pKey=940254416726701; licensed under CC BY-SA,blocked_pending_manual_logged_in_terms_confirmation
1754512588069437,395035038634629,395035038634629,regulatory--no-left-turn--g1,no_left_turn,h3OW90tlPkYjmfIbQVJTGB,2021-08-03T02:37:07+00:00,1627958227272,107354604835874,ibigroupgoa,12.9866646,77.5952635,"Non-overlapping outer urban tile around Bengaluru, India; excludes the r07 centre box",Bengaluru outer tile,https://www.mapillary.com/app/?pKey=1754512588069437,2026-09-01T17:31:29+00:00,high_exact_semantic_taxonomy_prefix,mapillary_india_group_00030,metadata_only_not_reviewed,no,81,proposed_metadata_only,no,"All catalogued no_left_turn candidates retained; round-robin order across dependency groups, then metadata diversity within each group",Mapillary image 1754512588069437,ibigroupgoa,https://www.mapillary.com/app/?pKey=1754512588069437,CC BY-SA (version to verify at download time),Mapillary image 1754512588069437 by ibigroupgoa; source https://www.mapillary.com/app/?pKey=1754512588069437; licensed under CC BY-SA,blocked_pending_manual_logged_in_terms_confirmation
951525408935870,491103788900157,491103788900157;491865632157306,regulatory--no-left-turn--g2,no_left_turn,8fgD0NWLQY62CnBcPf6UiQ,2018-09-24T07:19:53+00:00,1537773593103,109909584575154,prtksxna,15.4972708,73.8321861,"Curated interior coordinate centred on Panaji, India",Panaji,https://www.mapillary.com/app/?pKey=951525408935870,2026-09-01T17:31:29+00:00,high_exact_semantic_taxonomy_prefix,mapillary_india_group_00039,metadata_only_not_reviewed,no,82,proposed_metadata_only,no,"All catalogued no_left_turn candidates retained; round-robin order across dependency groups, then metadata diversity within each group",Mapillary image 951525408935870,prtksxna,https://www.mapillary.com/app/?pKey=951525408935870,CC BY-SA (version to verify at download time),Mapillary image 951525408935870 by prtksxna; source https://www.mapillary.com/app/?pKey=951525408935870; licensed under CC BY-SA,blocked_pending_manual_logged_in_terms_confirmation
919597995521130,499018107959474,499018107959474,regulatory--no-left-turn--g1,no_left_turn,SO0ZDIFZIW7TOzTvk4d39A,2017-11-19T06:35:51+00:00,1511073351388,107887898114051,aditisarwate,18.5187592,73.8599005,"Map feature coordinate returned inside curated Pune, India search box",Pune,https://www.mapillary.com/app/?pKey=919597995521130,2026-09-01T15:58:36+00:00,high_exact_semantic_taxonomy_prefix,mapillary_india_group_00041,metadata_only_not_reviewed,no,83,proposed_metadata_only,no,"All catalogued no_left_turn candidates retained; round-robin order across dependency groups, then metadata diversity within each group",Mapillary image 919597995521130,aditisarwate,https://www.mapillary.com/app/?pKey=919597995521130,CC BY-SA (version to verify at download time),Mapillary image 919597995521130 by aditisarwate; source https://www.mapillary.com/app/?pKey=919597995521130; licensed under CC BY-SA,blocked_pending_manual_logged_in_terms_confirmation
152647416870588,5497045990337630,5497045990337630,regulatory--no-left-turn--g2,no_left_turn,eom7w3f68b0llws7m7gdv2,2021-01-11T03:14:37+00:00,1610334877972,101743165404889,pradeepbv,12.9706961,77.6043359,"Non-overlapping outer urban tile around Bengaluru, India; excludes the r07 centre box",Bengaluru outer tile,https://www.mapillary.com/app/?pKey=152647416870588,2026-09-01T17:31:29+00:00,high_exact_semantic_taxonomy_prefix,mapillary_india_group_00043,metadata_only_not_reviewed,no,84,proposed_metadata_only,no,"All catalogued no_left_turn candidates retained; round-robin order across dependency groups, then metadata diversity within each group",Mapillary image 152647416870588,pradeepbv,https://www.mapillary.com/app/?pKey=152647416870588,CC BY-SA (version to verify at download time),Mapillary image 152647416870588 by pradeepbv; source https://www.mapillary.com/app/?pKey=152647416870588; licensed under CC BY-SA,blocked_pending_manual_logged_in_terms_confirmation
3438462892921852,759766354581786,759766354581786,regulatory--no-left-turn--g1,no_left_turn,2HnX078mwqyLP6D5yvXfLA,2017-12-26T06:34:55+00:00,1514270095118,107202001513219,planemad,12.9866176,77.5952402,"Non-overlapping outer urban tile around Bengaluru, India; excludes the r07 centre box",Bengaluru outer tile,https://www.mapillary.com/app/?pKey=3438462892921852,2026-09-01T17:31:29+00:00,high_exact_semantic_taxonomy_prefix,mapillary_india_group_00047,metadata_only_not_reviewed,no,85,proposed_metadata_only,no,"All catalogued no_left_turn candidates retained; round-robin order across dependency groups, then metadata diversity within each group",Mapillary image 3438462892921852,planemad,https://www.mapillary.com/app/?pKey=3438462892921852,CC BY-SA (version to verify at download time),Mapillary image 3438462892921852 by planemad; source https://www.mapillary.com/app/?pKey=3438462892921852; licensed under CC BY-SA,blocked_pending_manual_logged_in_terms_confirmation
977514832989737,1134601427027919,1134601427027919,regulatory--no-left-turn--g1,no_left_turn,pfw46nzk51m0gonja5k1zp,2019-10-08T07:36:22+00:00,1570520182730,109910087910218,jayp,12.9742602,77.6114321,"Non-overlapping outer urban tile around Bengaluru, India; excludes the r07 centre box",Bengaluru outer tile,https://www.mapillary.com/app/?pKey=977514832989737,2026-09-01T17:31:29+00:00,high_exact_semantic_taxonomy_prefix,mapillary_india_group_00002,metadata_only_not_reviewed,no,86,proposed_metadata_only,no,"All catalogued no_left_turn candidates retained; round-robin order across dependency groups, then metadata diversity within each group",Mapillary image 977514832989737,jayp,https://www.mapillary.com/app/?pKey=977514832989737,CC BY-SA (version to verify at download time),Mapillary image 977514832989737 by jayp; source https://www.mapillary.com/app/?pKey=977514832989737; licensed under CC BY-SA,blocked_pending_manual_logged_in_terms_confirmation
926158601495629,1383642135341383,1383642135341383,regulatory--no-left-turn--g2,no_left_turn,uith6u0f8aqvn06awi8nwb,2021-01-11T09:49:35+00:00,1610358575203,101743165404889,pradeepbv,12.9749564,77.6084890,"Non-overlapping outer urban tile around Bengaluru, India; excludes the r07 centre box",Bengaluru outer tile,https://www.mapillary.com/app/?pKey=926158601495629,2026-09-01T17:31:29+00:00,high_exact_semantic_taxonomy_prefix,mapillary_india_group_00005,metadata_only_not_reviewed,no,87,proposed_metadata_only,no,"All catalogued no_left_turn candidates retained; round-robin order across dependency groups, then metadata diversity within each group",Mapillary image 926158601495629,pradeepbv,https://www.mapillary.com/app/?pKey=926158601495629,CC BY-SA (version to verify at download time),Mapillary image 926158601495629 by pradeepbv; source https://www.mapillary.com/app/?pKey=926158601495629; licensed under CC BY-SA,blocked_pending_manual_logged_in_terms_confirmation
1108846602935898,922865035176255,922865035176255,regulatory--no-left-turn--g2,no_left_turn,i64k97df2hnxaqdee6uush,2021-01-06T02:46:00+00:00,1609901160881,101743165404889,pradeepbv,12.9866491,77.5911709,"Non-overlapping outer urban tile around Bengaluru, India; excludes the r07 centre box",Bengaluru outer tile,https://www.mapillary.com/app/?pKey=1108846602935898,2026-09-01T17:31:29+00:00,high_exact_semantic_taxonomy_prefix,mapillary_india_group_00011,metadata_only_not_reviewed,no,88,proposed_metadata_only,no,"All catalogued no_left_turn candidates retained; round-robin order across dependency groups, then metadata diversity within each group",Mapillary image 1108846602935898,pradeepbv,https://www.mapillary.com/app/?pKey=1108846602935898,CC BY-SA (version to verify at download time),Mapillary image 1108846602935898 by pradeepbv; source https://www.mapillary.com/app/?pKey=1108846602935898; licensed under CC BY-SA,blocked_pending_manual_logged_in_terms_confirmation
481544126424954,1508384892703449,1508384892703449,regulatory--no-left-turn--g2,no_left_turn,QYWOvBbxU3de1I48bzu9rw,2015-05-09T09:16:19+00:00,1431162979180,100389518872733,lxbarth,12.9833010,77.5954840,"Non-overlapping outer urban tile around Bengaluru, India; excludes the r07 centre box",Bengaluru outer tile,https://www.mapillary.com/app/?pKey=481544126424954,2026-09-01T17:31:29+00:00,high_exact_semantic_taxonomy_prefix,mapillary_india_group_00013,metadata_only_not_reviewed,no,89,proposed_metadata_only,no,"All catalogued no_left_turn candidates retained; round-robin order across dependency groups, then metadata diversity within each group",Mapillary image 481544126424954,lxbarth,https://www.mapillary.com/app/?pKey=481544126424954,CC BY-SA (version to verify at download time),Mapillary image 481544126424954 by lxbarth; source https://www.mapillary.com/app/?pKey=481544126424954; licensed under CC BY-SA,blocked_pending_manual_logged_in_terms_confirmation
790274418776444,1678484082539159,1678484082539159,regulatory--no-left-turn--g2,no_left_turn,mil7xUJesud3AWybVvGoX1,2022-08-29T12:09:27+00:00,1661774967033,109037777999283,olily,12.9540060,77.5909827,"Non-overlapping outer urban tile around Bengaluru, India; excludes the r07 centre box",Bengaluru outer tile,https://www.mapillary.com/app/?pKey=790274418776444,2026-09-01T17:31:29+00:00,high_exact_semantic_taxonomy_prefix,mapillary_india_group_00014,metadata_only_not_reviewed,no,90,proposed_metadata_only,no,"All catalogued no_left_turn candidates retained; round-robin order across dependency groups, then metadata diversity within each group",Mapillary image 790274418776444,olily,https://www.mapillary.com/app/?pKey=790274418776444,CC BY-SA (version to verify at download time),Mapillary image 790274418776444 by olily; source https://www.mapillary.com/app/?pKey=790274418776444; licensed under CC BY-SA,blocked_pending_manual_logged_in_terms_confirmation
615384079408244,3042103269344975,3042103269344975,regulatory--no-left-turn--g2,no_left_turn,ch52hegpjzj6pcekys95no,2021-02-10T03:18:33+00:00,1612927113314,101743165404889,pradeepbv,12.9705954,77.6050082,"Non-overlapping outer urban tile around Bengaluru, India; excludes the r07 centre box",Bengaluru outer tile,https://www.mapillary.com/app/?pKey=615384079408244,2026-09-01T17:31:29+00:00,high_exact_semantic_taxonomy_prefix,mapillary_india_group_00024,metadata_only_not_reviewed,no,91,proposed_metadata_only,no,"All catalogued no_left_turn candidates retained; round-robin order across dependency groups, then metadata diversity within each group",Mapillary image 615384079408244,pradeepbv,https://www.mapillary.com/app/?pKey=615384079408244,CC BY-SA (version to verify at download time),Mapillary image 615384079408244 by pradeepbv; source https://www.mapillary.com/app/?pKey=615384079408244; licensed under CC BY-SA,blocked_pending_manual_logged_in_terms_confirmation
459718335137242,309588187317586,309588187317586,regulatory--no-left-turn--g2,no_left_turn,LYgK0XSnR9W1dvGVjUTluQ,2018-11-24T05:03:26+00:00,1543035806798,109606001268498,srividya,12.9547119,77.5799990,"Non-overlapping outer urban tile around Bengaluru, India; excludes the r07 centre box",Bengaluru outer tile,https://www.mapillary.com/app/?pKey=459718335137242,2026-09-01T17:31:29+00:00,high_exact_semantic_taxonomy_prefix,mapillary_india_group_00026,metadata_only_not_reviewed,no,92,proposed_metadata_only,no,"All catalogued no_left_turn candidates retained; round-robin order across dependency groups, then metadata diversity within each group",Mapillary image 459718335137242,srividya,https://www.mapillary.com/app/?pKey=459718335137242,CC BY-SA (version to verify at download time),Mapillary image 459718335137242 by srividya; source https://www.mapillary.com/app/?pKey=459718335137242; licensed under CC BY-SA,blocked_pending_manual_logged_in_terms_confirmation
745436309436915,3878718328843471,3878718328843471,regulatory--no-left-turn--g2,no_left_turn,zA5s5_mFfn4C1CSPmAuvPw,2015-09-06T11:06:34+00:00,1441537594277,109606001268498,srividya,28.6317503,77.1987804,"Non-overlapping outer urban tile around Delhi, India; excludes the r07 centre box",Delhi outer tile,https://www.mapillary.com/app/?pKey=745436309436915,2026-09-01T17:31:29+00:00,high_exact_semantic_taxonomy_prefix,mapillary_india_group_00029,metadata_only_not_reviewed,no,93,proposed_metadata_only,no,"All catalogued no_left_turn candidates retained; round-robin order across dependency groups, then metadata diversity within each group",Mapillary image 745436309436915,srividya,https://www.mapillary.com/app/?pKey=745436309436915,CC BY-SA (version to verify at download time),Mapillary image 745436309436915 by srividya; source https://www.mapillary.com/app/?pKey=745436309436915; licensed under CC BY-SA,blocked_pending_manual_logged_in_terms_confirmation
1441914436223469,395035038634629,395035038634629,regulatory--no-left-turn--g1,no_left_turn,h3OW90tlPkYjmfIbQVJTGB,2021-08-03T02:37:08+00:00,1627958228275,107354604835874,ibigroupgoa,12.9867314,77.5952059,"Non-overlapping outer urban tile around Bengaluru, India; excludes the r07 centre box",Bengaluru outer tile,https://www.mapillary.com/app/?pKey=1441914436223469,2026-09-01T17:31:29+00:00,high_exact_semantic_taxonomy_prefix,mapillary_india_group_00030,metadata_only_not_reviewed,no,94,proposed_metadata_only,no,"All catalogued no_left_turn candidates retained; round-robin order across dependency groups, then metadata diversity within each group",Mapillary image 1441914436223469,ibigroupgoa,https://www.mapillary.com/app/?pKey=1441914436223469,CC BY-SA (version to verify at download time),Mapillary image 1441914436223469 by ibigroupgoa; source https://www.mapillary.com/app/?pKey=1441914436223469; licensed under CC BY-SA,blocked_pending_manual_logged_in_terms_confirmation
881139199398345,499018107959474,499018107959474,regulatory--no-left-turn--g1,no_left_turn,SO0ZDIFZIW7TOzTvk4d39A,2017-11-19T06:35:54+00:00,1511073354392,107887898114051,aditisarwate,18.5186998,73.8597499,"Map feature coordinate returned inside curated Pune, India search box",Pune,https://www.mapillary.com/app/?pKey=881139199398345,2026-09-01T15:58:36+00:00,high_exact_semantic_taxonomy_prefix,mapillary_india_group_00041,metadata_only_not_reviewed,no,95,proposed_metadata_only,no,"All catalogued no_left_turn candidates retained; round-robin order across dependency groups, then metadata diversity within each group",Mapillary image 881139199398345,aditisarwate,https://www.mapillary.com/app/?pKey=881139199398345,CC BY-SA (version to verify at download time),Mapillary image 881139199398345 by aditisarwate; source https://www.mapillary.com/app/?pKey=881139199398345; licensed under CC BY-SA,blocked_pending_manual_logged_in_terms_confirmation
310504003869357,5497045990337630,5497045990337630,regulatory--no-left-turn--g2,no_left_turn,q3qu0bd18g0somctzuue7t,2021-01-19T06:26:42+00:00,1611037602979,101743165404889,pradeepbv,12.9706186,77.6042271,"Non-overlapping outer urban tile around Bengaluru, India; excludes the r07 centre box",Bengaluru outer tile,https://www.mapillary.com/app/?pKey=310504003869357,2026-09-01T17:31:29+00:00,high_exact_semantic_taxonomy_prefix,mapillary_india_group_00043,metadata_only_not_reviewed,no,96,proposed_metadata_only,no,"All catalogued no_left_turn candidates retained; round-robin order across dependency groups, then metadata diversity within each group",Mapillary image 310504003869357,pradeepbv,https://www.mapillary.com/app/?pKey=310504003869357,CC BY-SA (version to verify at download time),Mapillary image 310504003869357 by pradeepbv; source https://www.mapillary.com/app/?pKey=310504003869357; licensed under CC BY-SA,blocked_pending_manual_logged_in_terms_confirmation
467250384383733,759766354581786,759766354581786,regulatory--no-left-turn--g1,no_left_turn,2HnX078mwqyLP6D5yvXfLA,2017-12-26T06:34:56+00:00,1514270096097,107202001513219,planemad,12.9866736,77.5951893,"Non-overlapping outer urban tile around Bengaluru, India; excludes the r07 centre box",Bengaluru outer tile,https://www.mapillary.com/app/?pKey=467250384383733,2026-09-01T17:31:29+00:00,high_exact_semantic_taxonomy_prefix,mapillary_india_group_00047,metadata_only_not_reviewed,no,97,proposed_metadata_only,no,"All catalogued no_left_turn candidates retained; round-robin order across dependency groups, then metadata diversity within each group",Mapillary image 467250384383733,planemad,https://www.mapillary.com/app/?pKey=467250384383733,CC BY-SA (version to verify at download time),Mapillary image 467250384383733 by planemad; source https://www.mapillary.com/app/?pKey=467250384383733; licensed under CC BY-SA,blocked_pending_manual_logged_in_terms_confirmation
1437519573284002,832190607406523,832190607406523,regulatory--no-left-turn--g2,no_left_turn,pfw46nzk51m0gonja5k1zp,2019-10-08T07:36:24+00:00,1570520184696,109910087910218,jayp,12.9743024,77.6112996,"Non-overlapping outer urban tile around Bengaluru, India; excludes the r07 centre box",Bengaluru outer tile,https://www.mapillary.com/app/?pKey=1437519573284002,2026-09-01T17:31:29+00:00,high_exact_semantic_taxonomy_prefix,mapillary_india_group_00002,metadata_only_not_reviewed,no,98,proposed_metadata_only,no,"All catalogued no_left_turn candidates retained; round-robin order across dependency groups, then metadata diversity within each group",Mapillary image 1437519573284002,jayp,https://www.mapillary.com/app/?pKey=1437519573284002,CC BY-SA (version to verify at download time),Mapillary image 1437519573284002 by jayp; source https://www.mapillary.com/app/?pKey=1437519573284002; licensed under CC BY-SA,blocked_pending_manual_logged_in_terms_confirmation
1437748266577509,1383642135341383,1383642135341383,regulatory--no-left-turn--g2,no_left_turn,w3bp4nFQUetEP4HIOtceiA,2018-01-24T09:19:51+00:00,1516785591000,104012591840371,ranjithjoy,12.9749297,77.6085964,"Non-overlapping outer urban tile around Bengaluru, India; excludes the r07 centre box",Bengaluru outer tile,https://www.mapillary.com/app/?pKey=1437748266577509,2026-09-01T17:31:29+00:00,high_exact_semantic_taxonomy_prefix,mapillary_india_group_00005,metadata_only_not_reviewed,no,99,proposed_metadata_only,no,"All catalogued no_left_turn candidates retained; round-robin order across dependency groups, then metadata diversity within each group",Mapillary image 1437748266577509,ranjithjoy,https://www.mapillary.com/app/?pKey=1437748266577509,CC BY-SA (version to verify at download time),Mapillary image 1437748266577509 by ranjithjoy; source https://www.mapillary.com/app/?pKey=1437748266577509; licensed under CC BY-SA,blocked_pending_manual_logged_in_terms_confirmation
193738912570545,146715147422922,146715147422922,regulatory--no-left-turn--g2,no_left_turn,i64k97df2hnxaqdee6uush,2021-01-06T02:46:01+00:00,1609901161715,101743165404889,pradeepbv,12.9866193,77.5912356,"Non-overlapping outer urban tile around Bengaluru, India; excludes the r07 centre box",Bengaluru outer tile,https://www.mapillary.com/app/?pKey=193738912570545,2026-09-01T17:31:29+00:00,high_exact_semantic_taxonomy_prefix,mapillary_india_group_00011,metadata_only_not_reviewed,no,100,proposed_metadata_only,no,"All catalogued no_left_turn candidates retained; round-robin order across dependency groups, then metadata diversity within each group",Mapillary image 193738912570545,pradeepbv,https://www.mapillary.com/app/?pKey=193738912570545,CC BY-SA (version to verify at download time),Mapillary image 193738912570545 by pradeepbv; source https://www.mapillary.com/app/?pKey=193738912570545; licensed under CC BY-SA,blocked_pending_manual_logged_in_terms_confirmation
510920346761858,1508384892703449,1508384892703449,regulatory--no-left-turn--g2,no_left_turn,pfw46nzk51m0gonja5k1zp,2019-10-08T07:23:59+00:00,1570519439837,109910087910218,jayp,12.9834073,77.5951849,"Non-overlapping outer urban tile around Bengaluru, India; excludes the r07 centre box",Bengaluru outer tile,https://www.mapillary.com/app/?pKey=510920346761858,2026-09-01T17:31:29+00:00,high_exact_semantic_taxonomy_prefix,mapillary_india_group_00013,metadata_only_not_reviewed,no,101,proposed_metadata_only,no,"All catalogued no_left_turn candidates retained; round-robin order across dependency groups, then metadata diversity within each group",Mapillary image 510920346761858,jayp,https://www.mapillary.com/app/?pKey=510920346761858,CC BY-SA (version to verify at download time),Mapillary image 510920346761858 by jayp; source https://www.mapillary.com/app/?pKey=510920346761858; licensed under CC BY-SA,blocked_pending_manual_logged_in_terms_confirmation
1206652373229189,1678484082539159,1678484082539159,regulatory--no-left-turn--g2,no_left_turn,mil7xUJesud3AWybVvGoX1,2022-08-29T12:09:28+00:00,1661774968169,109037777999283,olily,12.9539833,77.5910638,"Non-overlapping outer urban tile around Bengaluru, India; excludes the r07 centre box",Bengaluru outer tile,https://www.mapillary.com/app/?pKey=1206652373229189,2026-09-01T17:31:29+00:00,high_exact_semantic_taxonomy_prefix,mapillary_india_group_00014,metadata_only_not_reviewed,no,102,proposed_metadata_only,no,"All catalogued no_left_turn candidates retained; round-robin order across dependency groups, then metadata diversity within each group",Mapillary image 1206652373229189,olily,https://www.mapillary.com/app/?pKey=1206652373229189,CC BY-SA (version to verify at download time),Mapillary image 1206652373229189 by olily; source https://www.mapillary.com/app/?pKey=1206652373229189; licensed under CC BY-SA,blocked_pending_manual_logged_in_terms_confirmation
1595197807350159,3042103269344975,3042103269344975,regulatory--no-left-turn--g2,no_left_turn,mbehi1l7xuxryzaflpczz5,2021-01-19T08:44:11+00:00,1611045851120,101743165404889,pradeepbv,12.9702816,77.6051441,"Non-overlapping outer urban tile around Bengaluru, India; excludes the r07 centre box",Bengaluru outer tile,https://www.mapillary.com/app/?pKey=1595197807350159,2026-09-01T17:31:29+00:00,high_exact_semantic_taxonomy_prefix,mapillary_india_group_00024,metadata_only_not_reviewed,no,103,proposed_metadata_only,no,"All catalogued no_left_turn candidates retained; round-robin order across dependency groups, then metadata diversity within each group",Mapillary image 1595197807350159,pradeepbv,https://www.mapillary.com/app/?pKey=1595197807350159,CC BY-SA (version to verify at download time),Mapillary image 1595197807350159 by pradeepbv; source https://www.mapillary.com/app/?pKey=1595197807350159; licensed under CC BY-SA,blocked_pending_manual_logged_in_terms_confirmation
504987677180702,309588187317586,309588187317586,regulatory--no-left-turn--g2,no_left_turn,LYgK0XSnR9W1dvGVjUTluQ,2018-11-24T05:03:27+00:00,1543035807842,109606001268498,srividya,12.9547629,77.5800040,"Non-overlapping outer urban tile around Bengaluru, India; excludes the r07 centre box",Bengaluru outer tile,https://www.mapillary.com/app/?pKey=504987677180702,2026-09-01T17:31:29+00:00,high_exact_semantic_taxonomy_prefix,mapillary_india_group_00026,metadata_only_not_reviewed,no,104,proposed_metadata_only,no,"All catalogued no_left_turn candidates retained; round-robin order across dependency groups, then metadata diversity within each group",Mapillary image 504987677180702,srividya,https://www.mapillary.com/app/?pKey=504987677180702,CC BY-SA (version to verify at download time),Mapillary image 504987677180702 by srividya; source https://www.mapillary.com/app/?pKey=504987677180702; licensed under CC BY-SA,blocked_pending_manual_logged_in_terms_confirmation
387614819082698,5497045990337630,5497045990337630,regulatory--no-left-turn--g2,no_left_turn,q3qu0bd18g0somctzuue7t,2021-01-19T06:26:46+00:00,1611037606155,101743165404889,pradeepbv,12.9706879,77.6043689,"Non-overlapping outer urban tile around Bengaluru, India; excludes the r07 centre box",Bengaluru outer tile,https://www.mapillary.com/app/?pKey=387614819082698,2026-09-01T17:31:29+00:00,high_exact_semantic_taxonomy_prefix,mapillary_india_group_00043,metadata_only_not_reviewed,no,105,proposed_metadata_only,no,"All catalogued no_left_turn candidates retained; round-robin order across dependency groups, then metadata diversity within each group",Mapillary image 387614819082698,pradeepbv,https://www.mapillary.com/app/?pKey=387614819082698,CC BY-SA (version to verify at download time),Mapillary image 387614819082698 by pradeepbv; source https://www.mapillary.com/app/?pKey=387614819082698; licensed under CC BY-SA,blocked_pending_manual_logged_in_terms_confirmation
3822549911175812,1383642135341383,1383642135341383,regulatory--no-left-turn--g2,no_left_turn,w3bp4nFQUetEP4HIOtceiA,2018-01-24T09:19:53+00:00,1516785593000,104012591840371,ranjithjoy,12.9749664,77.6083881,"Non-overlapping outer urban tile around Bengaluru, India; excludes the r07 centre box",Bengaluru outer tile,https://www.mapillary.com/app/?pKey=3822549911175812,2026-09-01T17:31:29+00:00,high_exact_semantic_taxonomy_prefix,mapillary_india_group_00005,metadata_only_not_reviewed,no,106,proposed_metadata_only,no,"All catalogued no_left_turn candidates retained; round-robin order across dependency groups, then metadata diversity within each group",Mapillary image 3822549911175812,ranjithjoy,https://www.mapillary.com/app/?pKey=3822549911175812,CC BY-SA (version to verify at download time),Mapillary image 3822549911175812 by ranjithjoy; source https://www.mapillary.com/app/?pKey=3822549911175812; licensed under CC BY-SA,blocked_pending_manual_logged_in_terms_confirmation
584032395904011,146715147422922,146715147422922,regulatory--no-left-turn--g2,no_left_turn,i64k97df2hnxaqdee6uush,2021-01-06T02:46:02+00:00,1609901162762,101743165404889,pradeepbv,12.9865850,77.5913091,"Non-overlapping outer urban tile around Bengaluru, India; excludes the r07 centre box",Bengaluru outer tile,https://www.mapillary.com/app/?pKey=584032395904011,2026-09-01T17:31:29+00:00,high_exact_semantic_taxonomy_prefix,mapillary_india_group_00011,metadata_only_not_reviewed,no,107,proposed_metadata_only,no,"All catalogued no_left_turn candidates retained; round-robin order across dependency groups, then metadata diversity within each group",Mapillary image 584032395904011,pradeepbv,https://www.mapillary.com/app/?pKey=584032395904011,CC BY-SA (version to verify at download time),Mapillary image 584032395904011 by pradeepbv; source https://www.mapillary.com/app/?pKey=584032395904011; licensed under CC BY-SA,blocked_pending_manual_logged_in_terms_confirmation
154786146612907,1508384892703449,1508384892703449,regulatory--no-left-turn--g2,no_left_turn,pfw46nzk51m0gonja5k1zp,2019-10-08T07:24:00+00:00,1570519440906,109910087910218,jayp,12.9833625,77.5952975,"Non-overlapping outer urban tile around Bengaluru, India; excludes the r07 centre box",Bengaluru outer tile,https://www.mapillary.com/app/?pKey=154786146612907,2026-09-01T17:31:29+00:00,high_exact_semantic_taxonomy_prefix,mapillary_india_group_00013,metadata_only_not_reviewed,no,108,proposed_metadata_only,no,"All catalogued no_left_turn candidates retained; round-robin order across dependency groups, then metadata diversity within each group",Mapillary image 154786146612907,jayp,https://www.mapillary.com/app/?pKey=154786146612907,CC BY-SA (version to verify at download time),Mapillary image 154786146612907 by jayp; source https://www.mapillary.com/app/?pKey=154786146612907; licensed under CC BY-SA,blocked_pending_manual_logged_in_terms_confirmation
152907964047871,1678484082539159,1678484082539159,regulatory--no-left-turn--g2,no_left_turn,mil7xUJesud3AWybVvGoX1,2022-08-29T12:09:29+00:00,1661774969121,109037777999283,olily,12.9539625,77.5911331,"Non-overlapping outer urban tile around Bengaluru, India; excludes the r07 centre box",Bengaluru outer tile,https://www.mapillary.com/app/?pKey=152907964047871,2026-09-01T17:31:29+00:00,high_exact_semantic_taxonomy_prefix,mapillary_india_group_00014,metadata_only_not_reviewed,no,109,proposed_metadata_only,no,"All catalogued no_left_turn candidates retained; round-robin order across dependency groups, then metadata diversity within each group",Mapillary image 152907964047871,olily,https://www.mapillary.com/app/?pKey=152907964047871,CC BY-SA (version to verify at download time),Mapillary image 152907964047871 by olily; source https://www.mapillary.com/app/?pKey=152907964047871; licensed under CC BY-SA,blocked_pending_manual_logged_in_terms_confirmation
154740486610158,3042103269344975,3042103269344975,regulatory--no-left-turn--g2,no_left_turn,mbehi1l7xuxryzaflpczz5,2021-01-19T08:44:12+00:00,1611045852031,101743165404889,pradeepbv,12.9703246,77.6051185,"Non-overlapping outer urban tile around Bengaluru, India; excludes the r07 centre box",Bengaluru outer tile,https://www.mapillary.com/app/?pKey=154740486610158,2026-09-01T17:31:29+00:00,high_exact_semantic_taxonomy_prefix,mapillary_india_group_00024,metadata_only_not_reviewed,no,110,proposed_metadata_only,no,"All catalogued no_left_turn candidates retained; round-robin order across dependency groups, then metadata diversity within each group",Mapillary image 154740486610158,pradeepbv,https://www.mapillary.com/app/?pKey=154740486610158,CC BY-SA (version to verify at download time),Mapillary image 154740486610158 by pradeepbv; source https://www.mapillary.com/app/?pKey=154740486610158; licensed under CC BY-SA,blocked_pending_manual_logged_in_terms_confirmation
4228989120496711,309588187317586,309588187317586,regulatory--no-left-turn--g2,no_left_turn,LYgK0XSnR9W1dvGVjUTluQ,2018-11-24T05:03:28+00:00,1543035808872,109606001268498,srividya,12.9548035,77.5800019,"Non-overlapping outer urban tile around Bengaluru, India; excludes the r07 centre box",Bengaluru outer tile,https://www.mapillary.com/app/?pKey=4228989120496711,2026-09-01T17:31:29+00:00,high_exact_semantic_taxonomy_prefix,mapillary_india_group_00026,metadata_only_not_reviewed,no,111,proposed_metadata_only,no,"All catalogued no_left_turn candidates retained; round-robin order across dependency groups, then metadata diversity within each group",Mapillary image 4228989120496711,srividya,https://www.mapillary.com/app/?pKey=4228989120496711,CC BY-SA (version to verify at download time),Mapillary image 4228989120496711 by srividya; source https://www.mapillary.com/app/?pKey=4228989120496711; licensed under CC BY-SA,blocked_pending_manual_logged_in_terms_confirmation
5599841743391823,5497045990337630,5497045990337630,regulatory--no-left-turn--g2,no_left_turn,q3qu0bd18g0somctzuue7t,2021-01-19T06:27:56+00:00,1611037676157,101743165404889,pradeepbv,12.9707461,77.6044713,"Non-overlapping outer urban tile around Bengaluru, India; excludes the r07 centre box",Bengaluru outer tile,https://www.mapillary.com/app/?pKey=5599841743391823,2026-09-01T17:31:29+00:00,high_exact_semantic_taxonomy_prefix,mapillary_india_group_00043,metadata_only_not_reviewed,no,112,proposed_metadata_only,no,"All catalogued no_left_turn candidates retained; round-robin order across dependency groups, then metadata diversity within each group",Mapillary image 5599841743391823,pradeepbv,https://www.mapillary.com/app/?pKey=5599841743391823,CC BY-SA (version to verify at download time),Mapillary image 5599841743391823 by pradeepbv; source https://www.mapillary.com/app/?pKey=5599841743391823; licensed under CC BY-SA,blocked_pending_manual_logged_in_terms_confirmation
1515767605452392,1383642135341383,1383642135341383,regulatory--no-left-turn--g2,no_left_turn,wjoUBHtAzqGCeWF82TdKng,2021-08-03T03:06:46+00:00,1627960006975,107354604835874,ibigroupgoa,12.9748438,77.6087615,"Non-overlapping outer urban tile around Bengaluru, India; excludes the r07 centre box",Bengaluru outer tile,https://www.mapillary.com/app/?pKey=1515767605452392,2026-09-01T17:31:29+00:00,high_exact_semantic_taxonomy_prefix,mapillary_india_group_00005,metadata_only_not_reviewed,no,113,proposed_metadata_only,no,"All catalogued no_left_turn candidates retained; round-robin order across dependency groups, then metadata diversity within each group",Mapillary image 1515767605452392,ibigroupgoa,https://www.mapillary.com/app/?pKey=1515767605452392,CC BY-SA (version to verify at download time),Mapillary image 1515767605452392 by ibigroupgoa; source https://www.mapillary.com/app/?pKey=1515767605452392; licensed under CC BY-SA,blocked_pending_manual_logged_in_terms_confirmation
472745537148121,146715147422922,146715147422922,regulatory--no-left-turn--g2,no_left_turn,i64k97df2hnxaqdee6uush,2021-01-06T02:46:04+00:00,1609901164846,101743165404889,pradeepbv,12.9865386,77.5914108,"Non-overlapping outer urban tile around Bengaluru, India; excludes the r07 centre box",Bengaluru outer tile,https://www.mapillary.com/app/?pKey=472745537148121,2026-09-01T17:31:29+00:00,high_exact_semantic_taxonomy_prefix,mapillary_india_group_00011,metadata_only_not_reviewed,no,114,proposed_metadata_only,no,"All catalogued no_left_turn candidates retained; round-robin order across dependency groups, then metadata diversity within each group",Mapillary image 472745537148121,pradeepbv,https://www.mapillary.com/app/?pKey=472745537148121,CC BY-SA (version to verify at download time),Mapillary image 472745537148121 by pradeepbv; source https://www.mapillary.com/app/?pKey=472745537148121; licensed under CC BY-SA,blocked_pending_manual_logged_in_terms_confirmation
341747784018640,1508384892703449,1508384892703449,regulatory--no-left-turn--g2,no_left_turn,pfw46nzk51m0gonja5k1zp,2019-10-08T07:24:01+00:00,1570519441838,109910087910218,jayp,12.9833290,77.5953832,"Non-overlapping outer urban tile around Bengaluru, India; excludes the r07 centre box",Bengaluru outer tile,https://www.mapillary.com/app/?pKey=341747784018640,2026-09-01T17:31:29+00:00,high_exact_semantic_taxonomy_prefix,mapillary_india_group_00013,metadata_only_not_reviewed,no,115,proposed_metadata_only,no,"All catalogued no_left_turn candidates retained; round-robin order across dependency groups, then metadata diversity within each group",Mapillary image 341747784018640,jayp,https://www.mapillary.com/app/?pKey=341747784018640,CC BY-SA (version to verify at download time),Mapillary image 341747784018640 by jayp; source https://www.mapillary.com/app/?pKey=341747784018640; licensed under CC BY-SA,blocked_pending_manual_logged_in_terms_confirmation
771357877100715,1678484082539159,1678484082539159,regulatory--no-left-turn--g2,no_left_turn,aS7TLcpkGiXjYvcQMHXAnQ,2016-12-17T05:22:05+00:00,1481952125533,109606001268498,srividya,12.9536797,77.5912234,"Non-overlapping outer urban tile around Bengaluru, India; excludes the r07 centre box",Bengaluru outer tile,https://www.mapillary.com/app/?pKey=771357877100715,2026-09-01T17:31:29+00:00,high_exact_semantic_taxonomy_prefix,mapillary_india_group_00014,metadata_only_not_reviewed,no,116,proposed_metadata_only,no,"All catalogued no_left_turn candidates retained; round-robin order across dependency groups, then metadata diversity within each group",Mapillary image 771357877100715,srividya,https://www.mapillary.com/app/?pKey=771357877100715,CC BY-SA (version to verify at download time),Mapillary image 771357877100715 by srividya; source https://www.mapillary.com/app/?pKey=771357877100715; licensed under CC BY-SA,blocked_pending_manual_logged_in_terms_confirmation
2579753505504003,3042103269344975,3042103269344975,regulatory--no-left-turn--g2,no_left_turn,mbehi1l7xuxryzaflpczz5,2021-01-19T08:44:13+00:00,1611045853181,101743165404889,pradeepbv,12.9703680,77.6050930,"Non-overlapping outer urban tile around Bengaluru, India; excludes the r07 centre box",Bengaluru outer tile,https://www.mapillary.com/app/?pKey=2579753505504003,2026-09-01T17:31:29+00:00,high_exact_semantic_taxonomy_prefix,mapillary_india_group_00024,metadata_only_not_reviewed,no,117,proposed_metadata_only,no,"All catalogued no_left_turn candidates retained; round-robin order across dependency groups, then metadata diversity within each group",Mapillary image 2579753505504003,pradeepbv,https://www.mapillary.com/app/?pKey=2579753505504003,CC BY-SA (version to verify at download time),Mapillary image 2579753505504003 by pradeepbv; source https://www.mapillary.com/app/?pKey=2579753505504003; licensed under CC BY-SA,blocked_pending_manual_logged_in_terms_confirmation
1442379296117219,5497045990337630,5497045990337630,regulatory--no-left-turn--g2,no_left_turn,q3qu0bd18g0somctzuue7t,2021-01-19T06:27:58+00:00,1611037678079,101743165404889,pradeepbv,12.9707700,77.6045301,"Non-overlapping outer urban tile around Bengaluru, India; excludes the r07 centre box",Bengaluru outer tile,https://www.mapillary.com/app/?pKey=1442379296117219,2026-09-01T17:31:29+00:00,high_exact_semantic_taxonomy_prefix,mapillary_india_group_00043,metadata_only_not_reviewed,no,118,proposed_metadata_only,no,"All catalogued no_left_turn candidates retained; round-robin order across dependency groups, then metadata diversity within each group",Mapillary image 1442379296117219,pradeepbv,https://www.mapillary.com/app/?pKey=1442379296117219,CC BY-SA (version to verify at download time),Mapillary image 1442379296117219 by pradeepbv; source https://www.mapillary.com/app/?pKey=1442379296117219; licensed under CC BY-SA,blocked_pending_manual_logged_in_terms_confirmation
149760337277273,1383642135341383,1383642135341383,regulatory--no-left-turn--g2,no_left_turn,wjoUBHtAzqGCeWF82TdKng,2021-08-03T03:06:47+00:00,1627960007690,107354604835874,ibigroupgoa,12.9748665,77.6086709,"Non-overlapping outer urban tile around Bengaluru, India; excludes the r07 centre box",Bengaluru outer tile,https://www.mapillary.com/app/?pKey=149760337277273,2026-09-01T17:31:29+00:00,high_exact_semantic_taxonomy_prefix,mapillary_india_group_00005,metadata_only_not_reviewed,no,119,proposed_metadata_only,no,"All catalogued no_left_turn candidates retained; round-robin order across dependency groups, then metadata diversity within each group",Mapillary image 149760337277273,ibigroupgoa,https://www.mapillary.com/app/?pKey=149760337277273,CC BY-SA (version to verify at download time),Mapillary image 149760337277273 by ibigroupgoa; source https://www.mapillary.com/app/?pKey=149760337277273; licensed under CC BY-SA,blocked_pending_manual_logged_in_terms_confirmation
2986306348281118,146715147422922,146715147422922,regulatory--no-left-turn--g2,no_left_turn,i64k97df2hnxaqdee6uush,2021-01-06T02:46:05+00:00,1609901165683,101743165404889,pradeepbv,12.9865223,77.5914503,"Non-overlapping outer urban tile around Bengaluru, India; excludes the r07 centre box",Bengaluru outer tile,https://www.mapillary.com/app/?pKey=2986306348281118,2026-09-01T17:31:29+00:00,high_exact_semantic_taxonomy_prefix,mapillary_india_group_00011,metadata_only_not_reviewed,no,120,proposed_metadata_only,no,"All catalogued no_left_turn candidates retained; round-robin order across dependency groups, then metadata diversity within each group",Mapillary image 2986306348281118,pradeepbv,https://www.mapillary.com/app/?pKey=2986306348281118,CC BY-SA (version to verify at download time),Mapillary image 2986306348281118 by pradeepbv; source https://www.mapillary.com/app/?pKey=2986306348281118; licensed under CC BY-SA,blocked_pending_manual_logged_in_terms_confirmation
295393232299278,1508384892703449,1508384892703449,regulatory--no-left-turn--g2,no_left_turn,pfw46nzk51m0gonja5k1zp,2019-10-08T07:24:02+00:00,1570519442904,109910087910218,jayp,12.9833020,77.5954657,"Non-overlapping outer urban tile around Bengaluru, India; excludes the r07 centre box",Bengaluru outer tile,https://www.mapillary.com/app/?pKey=295393232299278,2026-09-01T17:31:29+00:00,high_exact_semantic_taxonomy_prefix,mapillary_india_group_00013,metadata_only_not_reviewed,no,121,proposed_metadata_only,no,"All catalogued no_left_turn candidates retained; round-robin order across dependency groups, then metadata diversity within each group",Mapillary image 295393232299278,jayp,https://www.mapillary.com/app/?pKey=295393232299278,CC BY-SA (version to verify at download time),Mapillary image 295393232299278 by jayp; source https://www.mapillary.com/app/?pKey=295393232299278; licensed under CC BY-SA,blocked_pending_manual_logged_in_terms_confirmation
489942459021322,1678484082539159,1678484082539159,regulatory--no-left-turn--g2,no_left_turn,_3I_0tvJhM7lB7DOKfGxdA,2018-02-04T04:06:53+00:00,1517717213574,109833741245768,richlv,12.9536695,77.5912166,"Non-overlapping outer urban tile around Bengaluru, India; excludes the r07 centre box",Bengaluru outer tile,https://www.mapillary.com/app/?pKey=489942459021322,2026-09-01T17:31:29+00:00,high_exact_semantic_taxonomy_prefix,mapillary_india_group_00014,metadata_only_not_reviewed,no,122,proposed_metadata_only,no,"All catalogued no_left_turn candidates retained; round-robin order across dependency groups, then metadata diversity within each group",Mapillary image 489942459021322,richlv,https://www.mapillary.com/app/?pKey=489942459021322,CC BY-SA (version to verify at download time),Mapillary image 489942459021322 by richlv; source https://www.mapillary.com/app/?pKey=489942459021322; licensed under CC BY-SA,blocked_pending_manual_logged_in_terms_confirmation
167279441994539,3042103269344975,3042103269344975,regulatory--no-left-turn--g2,no_left_turn,mbehi1l7xuxryzaflpczz5,2021-01-19T08:44:15+00:00,1611045855075,101743165404889,pradeepbv,12.9704136,77.6050626,"Non-overlapping outer urban tile around Bengaluru, India; excludes the r07 centre box",Bengaluru outer tile,https://www.mapillary.com/app/?pKey=167279441994539,2026-09-01T17:31:29+00:00,high_exact_semantic_taxonomy_prefix,mapillary_india_group_00024,metadata_only_not_reviewed,no,123,proposed_metadata_only,no,"All catalogued no_left_turn candidates retained; round-robin order across dependency groups, then metadata diversity within each group",Mapillary image 167279441994539,pradeepbv,https://www.mapillary.com/app/?pKey=167279441994539,CC BY-SA (version to verify at download time),Mapillary image 167279441994539 by pradeepbv; source https://www.mapillary.com/app/?pKey=167279441994539; licensed under CC BY-SA,blocked_pending_manual_logged_in_terms_confirmation
286211339888206,5497045990337630,5497045990337630,regulatory--no-left-turn--g2,no_left_turn,txkh1nrfypy0961xas7ofa,2021-01-08T03:07:38+00:00,1610075258816,101743165404889,pradeepbv,12.9707403,77.6043814,"Non-overlapping outer urban tile around Bengaluru, India; excludes the r07 centre box",Bengaluru outer tile,https://www.mapillary.com/app/?pKey=286211339888206,2026-09-01T17:31:29+00:00,high_exact_semantic_taxonomy_prefix,mapillary_india_group_00043,metadata_only_not_reviewed,no,124,proposed_metadata_only,no,"All catalogued no_left_turn candidates retained; round-robin order across dependency groups, then metadata diversity within each group",Mapillary image 286211339888206,pradeepbv,https://www.mapillary.com/app/?pKey=286211339888206,CC BY-SA (version to verify at download time),Mapillary image 286211339888206 by pradeepbv; source https://www.mapillary.com/app/?pKey=286211339888206; licensed under CC BY-SA,blocked_pending_manual_logged_in_terms_confirmation
181571340625137,1383642135341383,1383642135341383,regulatory--no-left-turn--g2,no_left_turn,wjoUBHtAzqGCeWF82TdKng,2021-08-03T03:06:48+00:00,1627960008799,107354604835874,ibigroupgoa,12.9748899,77.6085802,"Non-overlapping outer urban tile around Bengaluru, India; excludes the r07 centre box",Bengaluru outer tile,https://www.mapillary.com/app/?pKey=181571340625137,2026-09-01T17:31:29+00:00,high_exact_semantic_taxonomy_prefix,mapillary_india_group_00005,metadata_only_not_reviewed,no,125,proposed_metadata_only,no,"All catalogued no_left_turn candidates retained; round-robin order across dependency groups, then metadata diversity within each group",Mapillary image 181571340625137,ibigroupgoa,https://www.mapillary.com/app/?pKey=181571340625137,CC BY-SA (version to verify at download time),Mapillary image 181571340625137 by ibigroupgoa; source https://www.mapillary.com/app/?pKey=181571340625137; licensed under CC BY-SA,blocked_pending_manual_logged_in_terms_confirmation
1454115821591827,146715147422922,146715147422922,regulatory--no-left-turn--g2,no_left_turn,i64k97df2hnxaqdee6uush,2021-01-06T02:46:06+00:00,1609901166712,101743165404889,pradeepbv,12.9865020,77.5915045,"Non-overlapping outer urban tile around Bengaluru, India; excludes the r07 centre box",Bengaluru outer tile,https://www.mapillary.com/app/?pKey=1454115821591827,2026-09-01T17:31:29+00:00,high_exact_semantic_taxonomy_prefix,mapillary_india_group_00011,metadata_only_not_reviewed,no,126,proposed_metadata_only,no,"All catalogued no_left_turn candidates retained; round-robin order across dependency groups, then metadata diversity within each group",Mapillary image 1454115821591827,pradeepbv,https://www.mapillary.com/app/?pKey=1454115821591827,CC BY-SA (version to verify at download time),Mapillary image 1454115821591827 by pradeepbv; source https://www.mapillary.com/app/?pKey=1454115821591827; licensed under CC BY-SA,blocked_pending_manual_logged_in_terms_confirmation
207916684206368,1678484082539159,1678484082539159,regulatory--no-left-turn--g2,no_left_turn,_3I_0tvJhM7lB7DOKfGxdA,2018-02-04T04:06:54+00:00,1517717214034,109833741245768,richlv,12.9536695,77.5912166,"Non-overlapping outer urban tile around Bengaluru, India; excludes the r07 centre box",Bengaluru outer tile,https://www.mapillary.com/app/?pKey=207916684206368,2026-09-01T17:31:29+00:00,high_exact_semantic_taxonomy_prefix,mapillary_india_group_00014,metadata_only_not_reviewed,no,127,proposed_metadata_only,no,"All catalogued no_left_turn candidates retained; round-robin order across dependency groups, then metadata diversity within each group",Mapillary image 207916684206368,richlv,https://www.mapillary.com/app/?pKey=207916684206368,CC BY-SA (version to verify at download time),Mapillary image 207916684206368 by richlv; source https://www.mapillary.com/app/?pKey=207916684206368; licensed under CC BY-SA,blocked_pending_manual_logged_in_terms_confirmation
819459898777411,3042103269344975,3042103269344975,regulatory--no-left-turn--g2,no_left_turn,mbehi1l7xuxryzaflpczz5,2021-01-19T08:45:16+00:00,1611045916081,101743165404889,pradeepbv,12.9705323,77.6049943,"Non-overlapping outer urban tile around Bengaluru, India; excludes the r07 centre box",Bengaluru outer tile,https://www.mapillary.com/app/?pKey=819459898777411,2026-09-01T17:31:29+00:00,high_exact_semantic_taxonomy_prefix,mapillary_india_group_00024,metadata_only_not_reviewed,no,128,proposed_metadata_only,no,"All catalogued no_left_turn candidates retained; round-robin order across dependency groups, then metadata diversity within each group",Mapillary image 819459898777411,pradeepbv,https://www.mapillary.com/app/?pKey=819459898777411,CC BY-SA (version to verify at download time),Mapillary image 819459898777411 by pradeepbv; source https://www.mapillary.com/app/?pKey=819459898777411; licensed under CC BY-SA,blocked_pending_manual_logged_in_terms_confirmation
2933054330270767,5497045990337630,5497045990337630,regulatory--no-left-turn--g2,no_left_turn,txkh1nrfypy0961xas7ofa,2021-01-08T03:07:40+00:00,1610075260914,101743165404889,pradeepbv,12.9707659,77.6044571,"Non-overlapping outer urban tile around Bengaluru, India; excludes the r07 centre box",Bengaluru outer tile,https://www.mapillary.com/app/?pKey=2933054330270767,2026-09-01T17:31:29+00:00,high_exact_semantic_taxonomy_prefix,mapillary_india_group_00043,metadata_only_not_reviewed,no,129,proposed_metadata_only,no,"All catalogued no_left_turn candidates retained; round-robin order across dependency groups, then metadata diversity within each group",Mapillary image 2933054330270767,pradeepbv,https://www.mapillary.com/app/?pKey=2933054330270767,CC BY-SA (version to verify at download time),Mapillary image 2933054330270767 by pradeepbv; source https://www.mapillary.com/app/?pKey=2933054330270767; licensed under CC BY-SA,blocked_pending_manual_logged_in_terms_confirmation
540000670676631,1383642135341383,1383642135341383,regulatory--no-left-turn--g2,no_left_turn,wjoUBHtAzqGCeWF82TdKng,2021-08-03T03:06:49+00:00,1627960009868,107354604835874,ibigroupgoa,12.9749112,77.6084928,"Non-overlapping outer urban tile around Bengaluru, India; excludes the r07 centre box",Bengaluru outer tile,https://www.mapillary.com/app/?pKey=540000670676631,2026-09-01T17:31:29+00:00,high_exact_semantic_taxonomy_prefix,mapillary_india_group_00005,metadata_only_not_reviewed,no,130,proposed_metadata_only,no,"All catalogued no_left_turn candidates retained; round-robin order across dependency groups, then metadata diversity within each group",Mapillary image 540000670676631,ibigroupgoa,https://www.mapillary.com/app/?pKey=540000670676631,CC BY-SA (version to verify at download time),Mapillary image 540000670676631 by ibigroupgoa; source https://www.mapillary.com/app/?pKey=540000670676631; licensed under CC BY-SA,blocked_pending_manual_logged_in_terms_confirmation
470904684174753,1678484082539159,1678484082539159,regulatory--no-left-turn--g2,no_left_turn,_3I_0tvJhM7lB7DOKfGxdA,2018-02-04T04:06:54+00:00,1517717214395,109833741245768,richlv,12.9536791,77.5912213,"Non-overlapping outer urban tile around Bengaluru, India; excludes the r07 centre box",Bengaluru outer tile,https://www.mapillary.com/app/?pKey=470904684174753,2026-09-01T17:31:29+00:00,high_exact_semantic_taxonomy_prefix,mapillary_india_group_00014,metadata_only_not_reviewed,no,131,proposed_metadata_only,no,"All catalogued no_left_turn candidates retained; round-robin order across dependency groups, then metadata diversity within each group",Mapillary image 470904684174753,richlv,https://www.mapillary.com/app/?pKey=470904684174753,CC BY-SA (version to verify at download time),Mapillary image 470904684174753 by richlv; source https://www.mapillary.com/app/?pKey=470904684174753; licensed under CC BY-SA,blocked_pending_manual_logged_in_terms_confirmation
5661076117265855,3042103269344975,3042103269344975,regulatory--no-left-turn--g2,no_left_turn,mbehi1l7xuxryzaflpczz5,2021-01-19T08:45:18+00:00,1611045918175,101743165404889,pradeepbv,12.9705875,77.6049657,"Non-overlapping outer urban tile around Bengaluru, India; excludes the r07 centre box",Bengaluru outer tile,https://www.mapillary.com/app/?pKey=5661076117265855,2026-09-01T17:31:29+00:00,high_exact_semantic_taxonomy_prefix,mapillary_india_group_00024,metadata_only_not_reviewed,no,132,proposed_metadata_only,no,"All catalogued no_left_turn candidates retained; round-robin order across dependency groups, then metadata diversity within each group",Mapillary image 5661076117265855,pradeepbv,https://www.mapillary.com/app/?pKey=5661076117265855,CC BY-SA (version to verify at download time),Mapillary image 5661076117265855 by pradeepbv; source https://www.mapillary.com/app/?pKey=5661076117265855; licensed under CC BY-SA,blocked_pending_manual_logged_in_terms_confirmation
1176267326167191,5497045990337630,5497045990337630,regulatory--no-left-turn--g2,no_left_turn,txkh1nrfypy0961xas7ofa,2021-01-08T03:07:43+00:00,1610075263009,101743165404889,pradeepbv,12.9707956,77.6045445,"Non-overlapping outer urban tile around Bengaluru, India; excludes the r07 centre box",Bengaluru outer tile,https://www.mapillary.com/app/?pKey=1176267326167191,2026-09-01T17:31:29+00:00,high_exact_semantic_taxonomy_prefix,mapillary_india_group_00043,metadata_only_not_reviewed,no,133,proposed_metadata_only,no,"All catalogued no_left_turn candidates retained; round-robin order across dependency groups, then metadata diversity within each group",Mapillary image 1176267326167191,pradeepbv,https://www.mapillary.com/app/?pKey=1176267326167191,CC BY-SA (version to verify at download time),Mapillary image 1176267326167191 by pradeepbv; source https://www.mapillary.com/app/?pKey=1176267326167191; licensed under CC BY-SA,blocked_pending_manual_logged_in_terms_confirmation
323792092761960,1383642135341383,1383642135341383,regulatory--no-left-turn--g2,no_left_turn,wjoUBHtAzqGCeWF82TdKng,2021-08-03T03:06:50+00:00,1627960010479,107354604835874,ibigroupgoa,12.9749300,77.6084114,"Non-overlapping outer urban tile around Bengaluru, India; excludes the r07 centre box",Bengaluru outer tile,https://www.mapillary.com/app/?pKey=323792092761960,2026-09-01T17:31:29+00:00,high_exact_semantic_taxonomy_prefix,mapillary_india_group_00005,metadata_only_not_reviewed,no,134,proposed_metadata_only,no,"All catalogued no_left_turn candidates retained; round-robin order across dependency groups, then metadata diversity within each group",Mapillary image 323792092761960,ibigroupgoa,https://www.mapillary.com/app/?pKey=323792092761960,CC BY-SA (version to verify at download time),Mapillary image 323792092761960 by ibigroupgoa; source https://www.mapillary.com/app/?pKey=323792092761960; licensed under CC BY-SA,blocked_pending_manual_logged_in_terms_confirmation
1588326584692791,1678484082539159,1678484082539159,regulatory--no-left-turn--g2,no_left_turn,_3I_0tvJhM7lB7DOKfGxdA,2018-02-04T04:06:56+00:00,1517717216100,109833741245768,richlv,12.9536882,77.5912273,"Non-overlapping outer urban tile around Bengaluru, India; excludes the r07 centre box",Bengaluru outer tile,https://www.mapillary.com/app/?pKey=1588326584692791,2026-09-01T17:31:29+00:00,high_exact_semantic_taxonomy_prefix,mapillary_india_group_00014,metadata_only_not_reviewed,no,135,proposed_metadata_only,no,"All catalogued no_left_turn candidates retained; round-robin order across dependency groups, then metadata diversity within each group",Mapillary image 1588326584692791,richlv,https://www.mapillary.com/app/?pKey=1588326584692791,CC BY-SA (version to verify at download time),Mapillary image 1588326584692791 by richlv; source https://www.mapillary.com/app/?pKey=1588326584692791; licensed under CC BY-SA,blocked_pending_manual_logged_in_terms_confirmation
513117829702778,3042103269344975,3042103269344975,regulatory--no-left-turn--g2,no_left_turn,pwqw9fx44b6noshu359eyi,2021-02-10T09:18:16+00:00,1612948696885,101743165404889,pradeepbv,12.9703765,77.6050389,"Non-overlapping outer urban tile around Bengaluru, India; excludes the r07 centre box",Bengaluru outer tile,https://www.mapillary.com/app/?pKey=513117829702778,2026-09-01T17:31:29+00:00,high_exact_semantic_taxonomy_prefix,mapillary_india_group_00024,metadata_only_not_reviewed,no,136,proposed_metadata_only,no,"All catalogued no_left_turn candidates retained; round-robin order across dependency groups, then metadata diversity within each group",Mapillary image 513117829702778,pradeepbv,https://www.mapillary.com/app/?pKey=513117829702778,CC BY-SA (version to verify at download time),Mapillary image 513117829702778 by pradeepbv; source https://www.mapillary.com/app/?pKey=513117829702778; licensed under CC BY-SA,blocked_pending_manual_logged_in_terms_confirmation
1852296841599201,5497045990337630,5497045990337630,regulatory--no-left-turn--g2,no_left_turn,uith6u0f8aqvn06awi8nwb,2021-01-11T09:45:25+00:00,1610358325328,101743165404889,pradeepbv,12.9707388,77.6043934,"Non-overlapping outer urban tile around Bengaluru, India; excludes the r07 centre box",Bengaluru outer tile,https://www.mapillary.com/app/?pKey=1852296841599201,2026-09-01T17:31:29+00:00,high_exact_semantic_taxonomy_prefix,mapillary_india_group_00043,metadata_only_not_reviewed,no,137,proposed_metadata_only,no,"All catalogued no_left_turn candidates retained; round-robin order across dependency groups, then metadata diversity within each group",Mapillary image 1852296841599201,pradeepbv,https://www.mapillary.com/app/?pKey=1852296841599201,CC BY-SA (version to verify at download time),Mapillary image 1852296841599201 by pradeepbv; source https://www.mapillary.com/app/?pKey=1852296841599201; licensed under CC BY-SA,blocked_pending_manual_logged_in_terms_confirmation
266903121465390,1383642135341383,1383642135341383,regulatory--no-left-turn--g2,no_left_turn,wjoUBHtAzqGCeWF82TdKng,2021-08-03T03:06:51+00:00,1627960011771,107354604835874,ibigroupgoa,12.9749434,77.6083436,"Non-overlapping outer urban tile around Bengaluru, India; excludes the r07 centre box",Bengaluru outer tile,https://www.mapillary.com/app/?pKey=266903121465390,2026-09-01T17:31:29+00:00,high_exact_semantic_taxonomy_prefix,mapillary_india_group_00005,metadata_only_not_reviewed,no,138,proposed_metadata_only,no,"All catalogued no_left_turn candidates retained; round-robin order across dependency groups, then metadata diversity within each group",Mapillary image 266903121465390,ibigroupgoa,https://www.mapillary.com/app/?pKey=266903121465390,CC BY-SA (version to verify at download time),Mapillary image 266903121465390 by ibigroupgoa; source https://www.mapillary.com/app/?pKey=266903121465390; licensed under CC BY-SA,blocked_pending_manual_logged_in_terms_confirmation
817331265818812,1678484082539159,1678484082539159,regulatory--no-left-turn--g2,no_left_turn,_3I_0tvJhM7lB7DOKfGxdA,2018-02-04T04:06:58+00:00,1517717218089,109833741245768,richlv,12.9537083,77.5912363,"Non-overlapping outer urban tile around Bengaluru, India; excludes the r07 centre box",Bengaluru outer tile,https://www.mapillary.com/app/?pKey=817331265818812,2026-09-01T17:31:29+00:00,high_exact_semantic_taxonomy_prefix,mapillary_india_group_00014,metadata_only_not_reviewed,no,139,proposed_metadata_only,no,"All catalogued no_left_turn candidates retained; round-robin order across dependency groups, then metadata diversity within each group",Mapillary image 817331265818812,richlv,https://www.mapillary.com/app/?pKey=817331265818812,CC BY-SA (version to verify at download time),Mapillary image 817331265818812 by richlv; source https://www.mapillary.com/app/?pKey=817331265818812; licensed under CC BY-SA,blocked_pending_manual_logged_in_terms_confirmation
2938464769700660,3042103269344975,3042103269344975,regulatory--no-left-turn--g2,no_left_turn,pwqw9fx44b6noshu359eyi,2021-02-10T09:18:17+00:00,1612948697865,101743165404889,pradeepbv,12.9704185,77.6050181,"Non-overlapping outer urban tile around Bengaluru, India; excludes the r07 centre box",Bengaluru outer tile,https://www.mapillary.com/app/?pKey=2938464769700660,2026-09-01T17:31:29+00:00,high_exact_semantic_taxonomy_prefix,mapillary_india_group_00024,metadata_only_not_reviewed,no,140,proposed_metadata_only,no,"All catalogued no_left_turn candidates retained; round-robin order across dependency groups, then metadata diversity within each group",Mapillary image 2938464769700660,pradeepbv,https://www.mapillary.com/app/?pKey=2938464769700660,CC BY-SA (version to verify at download time),Mapillary image 2938464769700660 by pradeepbv; source https://www.mapillary.com/app/?pKey=2938464769700660; licensed under CC BY-SA,blocked_pending_manual_logged_in_terms_confirmation
304255044498047,5497045990337630,5497045990337630,regulatory--no-left-turn--g2,no_left_turn,uith6u0f8aqvn06awi8nwb,2021-01-11T09:45:27+00:00,1610358327183,101743165404889,pradeepbv,12.9707571,77.6044410,"Non-overlapping outer urban tile around Bengaluru, India; excludes the r07 centre box",Bengaluru outer tile,https://www.mapillary.com/app/?pKey=304255044498047,2026-09-01T17:31:29+00:00,high_exact_semantic_taxonomy_prefix,mapillary_india_group_00043,metadata_only_not_reviewed,no,141,proposed_metadata_only,no,"All catalogued no_left_turn candidates retained; round-robin order across dependency groups, then metadata diversity within each group",Mapillary image 304255044498047,pradeepbv,https://www.mapillary.com/app/?pKey=304255044498047,CC BY-SA (version to verify at download time),Mapillary image 304255044498047 by pradeepbv; source https://www.mapillary.com/app/?pKey=304255044498047; licensed under CC BY-SA,blocked_pending_manual_logged_in_terms_confirmation
486401012603622,1383642135341383,1383642135341383,regulatory--no-left-turn--g2,no_left_turn,452z4au5glvoflg0f8smw0,2019-10-08T07:38:08+00:00,1570520288729,109910087910218,jayp,12.9748519,77.6086096,"Non-overlapping outer urban tile around Bengaluru, India; excludes the r07 centre box",Bengaluru outer tile,https://www.mapillary.com/app/?pKey=486401012603622,2026-09-01T17:31:29+00:00,high_exact_semantic_taxonomy_prefix,mapillary_india_group_00005,metadata_only_not_reviewed,no,142,proposed_metadata_only,no,"All catalogued no_left_turn candidates retained; round-robin order across dependency groups, then metadata diversity within each group",Mapillary image 486401012603622,jayp,https://www.mapillary.com/app/?pKey=486401012603622,CC BY-SA (version to verify at download time),Mapillary image 486401012603622 by jayp; source https://www.mapillary.com/app/?pKey=486401012603622; licensed under CC BY-SA,blocked_pending_manual_logged_in_terms_confirmation
2259373357526825,1678484082539159,1678484082539159,regulatory--no-left-turn--g2,no_left_turn,_3I_0tvJhM7lB7DOKfGxdA,2018-02-04T04:07:00+00:00,1517717220104,109833741245768,richlv,12.9537283,77.5912404,"Non-overlapping outer urban tile around Bengaluru, India; excludes the r07 centre box",Bengaluru outer tile,https://www.mapillary.com/app/?pKey=2259373357526825,2026-09-01T17:31:29+00:00,high_exact_semantic_taxonomy_prefix,mapillary_india_group_00014,metadata_only_not_reviewed,no,143,proposed_metadata_only,no,"All catalogued no_left_turn candidates retained; round-robin order across dependency groups, then metadata diversity within each group",Mapillary image 2259373357526825,richlv,https://www.mapillary.com/app/?pKey=2259373357526825,CC BY-SA (version to verify at download time),Mapillary image 2259373357526825 by richlv; source https://www.mapillary.com/app/?pKey=2259373357526825; licensed under CC BY-SA,blocked_pending_manual_logged_in_terms_confirmation
176925284340021,3042103269344975,3042103269344975,regulatory--no-left-turn--g2,no_left_turn,pwqw9fx44b6noshu359eyi,2021-02-10T09:18:18+00:00,1612948698946,101743165404889,pradeepbv,12.9704662,77.6049932,"Non-overlapping outer urban tile around Bengaluru, India; excludes the r07 centre box",Bengaluru outer tile,https://www.mapillary.com/app/?pKey=176925284340021,2026-09-01T17:31:29+00:00,high_exact_semantic_taxonomy_prefix,mapillary_india_group_00024,metadata_only_not_reviewed,no,144,proposed_metadata_only,no,"All catalogued no_left_turn candidates retained; round-robin order across dependency groups, then metadata diversity within each group",Mapillary image 176925284340021,pradeepbv,https://www.mapillary.com/app/?pKey=176925284340021,CC BY-SA (version to verify at download time),Mapillary image 176925284340021 by pradeepbv; source https://www.mapillary.com/app/?pKey=176925284340021; licensed under CC BY-SA,blocked_pending_manual_logged_in_terms_confirmation
209817750739923,5497045990337630,5497045990337630,regulatory--no-left-turn--g2,no_left_turn,uith6u0f8aqvn06awi8nwb,2021-01-11T09:45:29+00:00,1610358329076,101743165404889,pradeepbv,12.9707725,77.6044836,"Non-overlapping outer urban tile around Bengaluru, India; excludes the r07 centre box",Bengaluru outer tile,https://www.mapillary.com/app/?pKey=209817750739923,2026-09-01T17:31:29+00:00,high_exact_semantic_taxonomy_prefix,mapillary_india_group_00043,metadata_only_not_reviewed,no,145,proposed_metadata_only,no,"All catalogued no_left_turn candidates retained; round-robin order across dependency groups, then metadata diversity within each group",Mapillary image 209817750739923,pradeepbv,https://www.mapillary.com/app/?pKey=209817750739923,CC BY-SA (version to verify at download time),Mapillary image 209817750739923 by pradeepbv; source https://www.mapillary.com/app/?pKey=209817750739923; licensed under CC BY-SA,blocked_pending_manual_logged_in_terms_confirmation
904987816949298,1383642135341383,1383642135341383,regulatory--no-left-turn--g2,no_left_turn,452z4au5glvoflg0f8smw0,2019-10-08T07:38:09+00:00,1570520289791,109910087910218,jayp,12.9748721,77.6085125,"Non-overlapping outer urban tile around Bengaluru, India; excludes the r07 centre box",Bengaluru outer tile,https://www.mapillary.com/app/?pKey=904987816949298,2026-09-01T17:31:29+00:00,high_exact_semantic_taxonomy_prefix,mapillary_india_group_00005,metadata_only_not_reviewed,no,146,proposed_metadata_only,no,"All catalogued no_left_turn candidates retained; round-robin order across dependency groups, then metadata diversity within each group",Mapillary image 904987816949298,jayp,https://www.mapillary.com/app/?pKey=904987816949298,CC BY-SA (version to verify at download time),Mapillary image 904987816949298 by jayp; source https://www.mapillary.com/app/?pKey=904987816949298; licensed under CC BY-SA,blocked_pending_manual_logged_in_terms_confirmation
1442405566100745,1678484082539159,1678484082539159,regulatory--no-left-turn--g2,no_left_turn,_3I_0tvJhM7lB7DOKfGxdA,2018-02-04T04:07:02+00:00,1517717222095,109833741245768,richlv,12.9537510,77.5912449,"Non-overlapping outer urban tile around Bengaluru, India; excludes the r07 centre box",Bengaluru outer tile,https://www.mapillary.com/app/?pKey=1442405566100745,2026-09-01T17:31:29+00:00,high_exact_semantic_taxonomy_prefix,mapillary_india_group_00014,metadata_only_not_reviewed,no,147,proposed_metadata_only,no,"All catalogued no_left_turn candidates retained; round-robin order across dependency groups, then metadata diversity within each group",Mapillary image 1442405566100745,richlv,https://www.mapillary.com/app/?pKey=1442405566100745,CC BY-SA (version to verify at download time),Mapillary image 1442405566100745 by richlv; source https://www.mapillary.com/app/?pKey=1442405566100745; licensed under CC BY-SA,blocked_pending_manual_logged_in_terms_confirmation
2971932853081411,3042103269344975,3042103269344975,regulatory--no-left-turn--g2,no_left_turn,pwqw9fx44b6noshu359eyi,2021-02-10T09:18:19+00:00,1612948699825,101743165404889,pradeepbv,12.9705043,77.6049720,"Non-overlapping outer urban tile around Bengaluru, India; excludes the r07 centre box",Bengaluru outer tile,https://www.mapillary.com/app/?pKey=2971932853081411,2026-09-01T17:31:29+00:00,high_exact_semantic_taxonomy_prefix,mapillary_india_group_00024,metadata_only_not_reviewed,no,148,proposed_metadata_only,no,"All catalogued no_left_turn candidates retained; round-robin order across dependency groups, then metadata diversity within each group",Mapillary image 2971932853081411,pradeepbv,https://www.mapillary.com/app/?pKey=2971932853081411,CC BY-SA (version to verify at download time),Mapillary image 2971932853081411 by pradeepbv; source https://www.mapillary.com/app/?pKey=2971932853081411; licensed under CC BY-SA,blocked_pending_manual_logged_in_terms_confirmation
747578042598761,5497045990337630,5497045990337630,regulatory--no-left-turn--g2,no_left_turn,uith6u0f8aqvn06awi8nwb,2021-01-11T09:45:32+00:00,1610358332200,101743165404889,pradeepbv,12.9708002,77.6045497,"Non-overlapping outer urban tile around Bengaluru, India; excludes the r07 centre box",Bengaluru outer tile,https://www.mapillary.com/app/?pKey=747578042598761,2026-09-01T17:31:29+00:00,high_exact_semantic_taxonomy_prefix,mapillary_india_group_00043,metadata_only_not_reviewed,no,149,proposed_metadata_only,no,"All catalogued no_left_turn candidates retained; round-robin order across dependency groups, then metadata diversity within each group",Mapillary image 747578042598761,pradeepbv,https://www.mapillary.com/app/?pKey=747578042598761,CC BY-SA (version to verify at download time),Mapillary image 747578042598761 by pradeepbv; source https://www.mapillary.com/app/?pKey=747578042598761; licensed under CC BY-SA,blocked_pending_manual_logged_in_terms_confirmation
3965419716826917,1383642135341383,1383642135341383,regulatory--no-left-turn--g2,no_left_turn,452z4au5glvoflg0f8smw0,2019-10-08T07:38:10+00:00,1570520290861,109910087910218,jayp,12.9748908,77.6084307,"Non-overlapping outer urban tile around Bengaluru, India; excludes the r07 centre box",Bengaluru outer tile,https://www.mapillary.com/app/?pKey=3965419716826917,2026-09-01T17:31:29+00:00,high_exact_semantic_taxonomy_prefix,mapillary_india_group_00005,metadata_only_not_reviewed,no,150,proposed_metadata_only,no,"All catalogued no_left_turn candidates retained; round-robin order across dependency groups, then metadata diversity within each group",Mapillary image 3965419716826917,jayp,https://www.mapillary.com/app/?pKey=3965419716826917,CC BY-SA (version to verify at download time),Mapillary image 3965419716826917 by jayp; source https://www.mapillary.com/app/?pKey=3965419716826917; licensed under CC BY-SA,blocked_pending_manual_logged_in_terms_confirmation
218310969652069,1678484082539159,1678484082539159,regulatory--no-left-turn--g2,no_left_turn,_3I_0tvJhM7lB7DOKfGxdA,2018-02-04T04:07:04+00:00,1517717224119,109833741245768,richlv,12.9537707,77.5912484,"Non-overlapping outer urban tile around Bengaluru, India; excludes the r07 centre box",Bengaluru outer tile,https://www.mapillary.com/app/?pKey=218310969652069,2026-09-01T17:31:29+00:00,high_exact_semantic_taxonomy_prefix,mapillary_india_group_00014,metadata_only_not_reviewed,no,151,proposed_metadata_only,no,"All catalogued no_left_turn candidates retained; round-robin order across dependency groups, then metadata diversity within each group",Mapillary image 218310969652069,richlv,https://www.mapillary.com/app/?pKey=218310969652069,CC BY-SA (version to verify at download time),Mapillary image 218310969652069 by richlv; source https://www.mapillary.com/app/?pKey=218310969652069; licensed under CC BY-SA,blocked_pending_manual_logged_in_terms_confirmation
2897560097153972,3042103269344975,3042103269344975,regulatory--no-left-turn--g2,no_left_turn,pwqw9fx44b6noshu359eyi,2021-02-10T09:18:20+00:00,1612948700944,101743165404889,pradeepbv,12.9705526,77.6049460,"Non-overlapping outer urban tile around Bengaluru, India; excludes the r07 centre box",Bengaluru outer tile,https://www.mapillary.com/app/?pKey=2897560097153972,2026-09-01T17:31:29+00:00,high_exact_semantic_taxonomy_prefix,mapillary_india_group_00024,metadata_only_not_reviewed,no,152,proposed_metadata_only,no,"All catalogued no_left_turn candidates retained; round-robin order across dependency groups, then metadata diversity within each group",Mapillary image 2897560097153972,pradeepbv,https://www.mapillary.com/app/?pKey=2897560097153972,CC BY-SA (version to verify at download time),Mapillary image 2897560097153972 by pradeepbv; source https://www.mapillary.com/app/?pKey=2897560097153972; licensed under CC BY-SA,blocked_pending_manual_logged_in_terms_confirmation
145859010888840,5497045990337630,5497045990337630,regulatory--no-left-turn--g2,no_left_turn,y3lytz9wvfkp438mpkugzx,2021-01-06T02:55:19+00:00,1609901719709,101743165404889,pradeepbv,12.9706664,77.6042079,"Non-overlapping outer urban tile around Bengaluru, India; excludes the r07 centre box",Bengaluru outer tile,https://www.mapillary.com/app/?pKey=145859010888840,2026-09-01T17:31:29+00:00,high_exact_semantic_taxonomy_prefix,mapillary_india_group_00043,metadata_only_not_reviewed,no,153,proposed_metadata_only,no,"All catalogued no_left_turn candidates retained; round-robin order across dependency groups, then metadata diversity within each group",Mapillary image 145859010888840,pradeepbv,https://www.mapillary.com/app/?pKey=145859010888840,CC BY-SA (version to verify at download time),Mapillary image 145859010888840 by pradeepbv; source https://www.mapillary.com/app/?pKey=145859010888840; licensed under CC BY-SA,blocked_pending_manual_logged_in_terms_confirmation
482535716134581,1383642135341383,1383642135341383,regulatory--no-left-turn--g2,no_left_turn,452z4au5glvoflg0f8smw0,2019-10-08T07:38:11+00:00,1570520291689,109910087910218,jayp,12.9749023,77.6083851,"Non-overlapping outer urban tile around Bengaluru, India; excludes the r07 centre box",Bengaluru outer tile,https://www.mapillary.com/app/?pKey=482535716134581,2026-09-01T17:31:29+00:00,high_exact_semantic_taxonomy_prefix,mapillary_india_group_00005,metadata_only_not_reviewed,no,154,proposed_metadata_only,no,"All catalogued no_left_turn candidates retained; round-robin order across dependency groups, then metadata diversity within each group",Mapillary image 482535716134581,jayp,https://www.mapillary.com/app/?pKey=482535716134581,CC BY-SA (version to verify at download time),Mapillary image 482535716134581 by jayp; source https://www.mapillary.com/app/?pKey=482535716134581; licensed under CC BY-SA,blocked_pending_manual_logged_in_terms_confirmation
2887767828105249,1678484082539159,1678484082539159,regulatory--no-left-turn--g2,no_left_turn,_3I_0tvJhM7lB7DOKfGxdA,2018-02-04T04:07:08+00:00,1517717228947,109833741245768,richlv,12.9538195,77.5912333,"Non-overlapping outer urban tile around Bengaluru, India; excludes the r07 centre box",Bengaluru outer tile,https://www.mapillary.com/app/?pKey=2887767828105249,2026-09-01T17:31:29+00:00,high_exact_semantic_taxonomy_prefix,mapillary_india_group_00014,metadata_only_not_reviewed,no,155,proposed_metadata_only,no,"All catalogued no_left_turn candidates retained; round-robin order across dependency groups, then metadata diversity within each group",Mapillary image 2887767828105249,richlv,https://www.mapillary.com/app/?pKey=2887767828105249,CC BY-SA (version to verify at download time),Mapillary image 2887767828105249 by richlv; source https://www.mapillary.com/app/?pKey=2887767828105249; licensed under CC BY-SA,blocked_pending_manual_logged_in_terms_confirmation
1454958011514324,3042103269344975,3042103269344975,regulatory--no-left-turn--g2,no_left_turn,pwqw9fx44b6noshu359eyi,2021-02-10T09:18:21+00:00,1612948701851,101743165404889,pradeepbv,12.9705922,77.6049247,"Non-overlapping outer urban tile around Bengaluru, India; excludes the r07 centre box",Bengaluru outer tile,https://www.mapillary.com/app/?pKey=1454958011514324,2026-09-01T17:31:29+00:00,high_exact_semantic_taxonomy_prefix,mapillary_india_group_00024,metadata_only_not_reviewed,no,156,proposed_metadata_only,no,"All catalogued no_left_turn candidates retained; round-robin order across dependency groups, then metadata diversity within each group",Mapillary image 1454958011514324,pradeepbv,https://www.mapillary.com/app/?pKey=1454958011514324,CC BY-SA (version to verify at download time),Mapillary image 1454958011514324 by pradeepbv; source https://www.mapillary.com/app/?pKey=1454958011514324; licensed under CC BY-SA,blocked_pending_manual_logged_in_terms_confirmation
306901791023594,5497045990337630,5497045990337630,regulatory--no-left-turn--g2,no_left_turn,y3lytz9wvfkp438mpkugzx,2021-01-06T02:55:20+00:00,1609901720776,101743165404889,pradeepbv,12.9706907,77.6042610,"Non-overlapping outer urban tile around Bengaluru, India; excludes the r07 centre box",Bengaluru outer tile,https://www.mapillary.com/app/?pKey=306901791023594,2026-09-01T17:31:29+00:00,high_exact_semantic_taxonomy_prefix,mapillary_india_group_00043,metadata_only_not_reviewed,no,157,proposed_metadata_only,no,"All catalogued no_left_turn candidates retained; round-robin order across dependency groups, then metadata diversity within each group",Mapillary image 306901791023594,pradeepbv,https://www.mapillary.com/app/?pKey=306901791023594,CC BY-SA (version to verify at download time),Mapillary image 306901791023594 by pradeepbv; source https://www.mapillary.com/app/?pKey=306901791023594; licensed under CC BY-SA,blocked_pending_manual_logged_in_terms_confirmation
174873057890387,1383642135341383,1383642135341383,regulatory--no-left-turn--g2,no_left_turn,452z4au5glvoflg0f8smw0,2019-10-08T07:38:13+00:00,1570520293727,109910087910218,jayp,12.9749261,77.6083119,"Non-overlapping outer urban tile around Bengaluru, India; excludes the r07 centre box",Bengaluru outer tile,https://www.mapillary.com/app/?pKey=174873057890387,2026-09-01T17:31:29+00:00,high_exact_semantic_taxonomy_prefix,mapillary_india_group_00005,metadata_only_not_reviewed,no,158,proposed_metadata_only,no,"All catalogued no_left_turn candidates retained; round-robin order across dependency groups, then metadata diversity within each group",Mapillary image 174873057890387,jayp,https://www.mapillary.com/app/?pKey=174873057890387,CC BY-SA (version to verify at download time),Mapillary image 174873057890387 by jayp; source https://www.mapillary.com/app/?pKey=174873057890387; licensed under CC BY-SA,blocked_pending_manual_logged_in_terms_confirmation
770666360491451,1678484082539159,1678484082539159,regulatory--no-left-turn--g2,no_left_turn,_3I_0tvJhM7lB7DOKfGxdA,2018-02-04T04:07:08+00:00,1517717228691,109833741245768,richlv,12.9538195,77.5912333,"Non-overlapping outer urban tile around Bengaluru, India; excludes the r07 centre box",Bengaluru outer tile,https://www.mapillary.com/app/?pKey=770666360491451,2026-09-01T17:31:29+00:00,high_exact_semantic_taxonomy_prefix,mapillary_india_group_00014,metadata_only_not_reviewed,no,159,proposed_metadata_only,no,"All catalogued no_left_turn candidates retained; round-robin order across dependency groups, then metadata diversity within each group",Mapillary image 770666360491451,richlv,https://www.mapillary.com/app/?pKey=770666360491451,CC BY-SA (version to verify at download time),Mapillary image 770666360491451 by richlv; source https://www.mapillary.com/app/?pKey=770666360491451; licensed under CC BY-SA,blocked_pending_manual_logged_in_terms_confirmation
2898463293760843,3042103269344975,3042103269344975,regulatory--no-left-turn--g2,no_left_turn,pwqw9fx44b6noshu359eyi,2021-02-10T09:18:22+00:00,1612948702662,101743165404889,pradeepbv,12.9706280,77.6049053,"Non-overlapping outer urban tile around Bengaluru, India; excludes the r07 centre box",Bengaluru outer tile,https://www.mapillary.com/app/?pKey=2898463293760843,2026-09-01T17:31:29+00:00,high_exact_semantic_taxonomy_prefix,mapillary_india_group_00024,metadata_only_not_reviewed,no,160,proposed_metadata_only,no,"All catalogued no_left_turn candidates retained; round-robin order across dependency groups, then metadata diversity within each group",Mapillary image 2898463293760843,pradeepbv,https://www.mapillary.com/app/?pKey=2898463293760843,CC BY-SA (version to verify at download time),Mapillary image 2898463293760843 by pradeepbv; source https://www.mapillary.com/app/?pKey=2898463293760843; licensed under CC BY-SA,blocked_pending_manual_logged_in_terms_confirmation
137596028398009,5497045990337630,5497045990337630,regulatory--no-left-turn--g2,no_left_turn,y3lytz9wvfkp438mpkugzx,2021-01-06T02:55:21+00:00,1609901721801,101743165404889,pradeepbv,12.9707155,77.6043148,"Non-overlapping outer urban tile around Bengaluru, India; excludes the r07 centre box",Bengaluru outer tile,https://www.mapillary.com/app/?pKey=137596028398009,2026-09-01T17:31:29+00:00,high_exact_semantic_taxonomy_prefix,mapillary_india_group_00043,metadata_only_not_reviewed,no,161,proposed_metadata_only,no,"All catalogued no_left_turn candidates retained; round-robin order across dependency groups, then metadata diversity within each group",Mapillary image 137596028398009,pradeepbv,https://www.mapillary.com/app/?pKey=137596028398009,CC BY-SA (version to verify at download time),Mapillary image 137596028398009 by pradeepbv; source https://www.mapillary.com/app/?pKey=137596028398009; licensed under CC BY-SA,blocked_pending_manual_logged_in_terms_confirmation
900136840836791,1678484082539159,1678484082539159,regulatory--no-left-turn--g2,no_left_turn,_3I_0tvJhM7lB7DOKfGxdA,2018-02-04T04:07:13+00:00,1517717233388,109833741245768,richlv,12.9538552,77.5911993,"Non-overlapping outer urban tile around Bengaluru, India; excludes the r07 centre box",Bengaluru outer tile,https://www.mapillary.com/app/?pKey=900136840836791,2026-09-01T17:31:29+00:00,high_exact_semantic_taxonomy_prefix,mapillary_india_group_00014,metadata_only_not_reviewed,no,162,proposed_metadata_only,no,"All catalogued no_left_turn candidates retained; round-robin order across dependency groups, then metadata diversity within each group",Mapillary image 900136840836791,richlv,https://www.mapillary.com/app/?pKey=900136840836791,CC BY-SA (version to verify at download time),Mapillary image 900136840836791 by richlv; source https://www.mapillary.com/app/?pKey=900136840836791; licensed under CC BY-SA,blocked_pending_manual_logged_in_terms_confirmation
178549157487156,3042103269344975,3042103269344975,regulatory--no-left-turn--g2,no_left_turn,qaxdkpmhfpui83slyu4c6q,2021-01-08T03:14:37+00:00,1610075677992,101743165404889,pradeepbv,12.9702906,77.6051352,"Non-overlapping outer urban tile around Bengaluru, India; excludes the r07 centre box",Bengaluru outer tile,https://www.mapillary.com/app/?pKey=178549157487156,2026-09-01T17:31:29+00:00,high_exact_semantic_taxonomy_prefix,mapillary_india_group_00024,metadata_only_not_reviewed,no,163,proposed_metadata_only,no,"All catalogued no_left_turn candidates retained; round-robin order across dependency groups, then metadata diversity within each group",Mapillary image 178549157487156,pradeepbv,https://www.mapillary.com/app/?pKey=178549157487156,CC BY-SA (version to verify at download time),Mapillary image 178549157487156 by pradeepbv; source https://www.mapillary.com/app/?pKey=178549157487156; licensed under CC BY-SA,blocked_pending_manual_logged_in_terms_confirmation
323509302499068,5497045990337630,5497045990337630,regulatory--no-left-turn--g2,no_left_turn,y3lytz9wvfkp438mpkugzx,2021-01-06T02:55:22+00:00,1609901722834,101743165404889,pradeepbv,12.9707407,77.6043722,"Non-overlapping outer urban tile around Bengaluru, India; excludes the r07 centre box",Bengaluru outer tile,https://www.mapillary.com/app/?pKey=323509302499068,2026-09-01T17:31:29+00:00,high_exact_semantic_taxonomy_prefix,mapillary_india_group_00043,metadata_only_not_reviewed,no,164,proposed_metadata_only,no,"All catalogued no_left_turn candidates retained; round-robin order across dependency groups, then metadata diversity within each group",Mapillary image 323509302499068,pradeepbv,https://www.mapillary.com/app/?pKey=323509302499068,CC BY-SA (version to verify at download time),Mapillary image 323509302499068 by pradeepbv; source https://www.mapillary.com/app/?pKey=323509302499068; licensed under CC BY-SA,blocked_pending_manual_logged_in_terms_confirmation
254610023121793,1678484082539159,1678484082539159,regulatory--no-left-turn--g2,no_left_turn,_3I_0tvJhM7lB7DOKfGxdA,2018-02-04T04:07:14+00:00,1517717234672,109833741245768,richlv,12.9538666,77.5911945,"Non-overlapping outer urban tile around Bengaluru, India; excludes the r07 centre box",Bengaluru outer tile,https://www.mapillary.com/app/?pKey=254610023121793,2026-09-01T17:31:29+00:00,high_exact_semantic_taxonomy_prefix,mapillary_india_group_00014,metadata_only_not_reviewed,no,165,proposed_metadata_only,no,"All catalogued no_left_turn candidates retained; round-robin order across dependency groups, then metadata diversity within each group",Mapillary image 254610023121793,richlv,https://www.mapillary.com/app/?pKey=254610023121793,CC BY-SA (version to verify at download time),Mapillary image 254610023121793 by richlv; source https://www.mapillary.com/app/?pKey=254610023121793; licensed under CC BY-SA,blocked_pending_manual_logged_in_terms_confirmation
1711667658994281,3042103269344975,3042103269344975,regulatory--no-left-turn--g2,no_left_turn,qaxdkpmhfpui83slyu4c6q,2021-01-08T03:15:04+00:00,1610075704817,101743165404889,pradeepbv,12.9704283,77.6050594,"Non-overlapping outer urban tile around Bengaluru, India; excludes the r07 centre box",Bengaluru outer tile,https://www.mapillary.com/app/?pKey=1711667658994281,2026-09-01T17:31:29+00:00,high_exact_semantic_taxonomy_prefix,mapillary_india_group_00024,metadata_only_not_reviewed,no,166,proposed_metadata_only,no,"All catalogued no_left_turn candidates retained; round-robin order across dependency groups, then metadata diversity within each group",Mapillary image 1711667658994281,pradeepbv,https://www.mapillary.com/app/?pKey=1711667658994281,CC BY-SA (version to verify at download time),Mapillary image 1711667658994281 by pradeepbv; source https://www.mapillary.com/app/?pKey=1711667658994281; licensed under CC BY-SA,blocked_pending_manual_logged_in_terms_confirmation
478867769987386,5497045990337630,5497045990337630,regulatory--no-left-turn--g2,no_left_turn,y3lytz9wvfkp438mpkugzx,2021-01-06T02:55:23+00:00,1609901723667,101743165404889,pradeepbv,12.9707612,77.6044202,"Non-overlapping outer urban tile around Bengaluru, India; excludes the r07 centre box",Bengaluru outer tile,https://www.mapillary.com/app/?pKey=478867769987386,2026-09-01T17:31:29+00:00,high_exact_semantic_taxonomy_prefix,mapillary_india_group_00043,metadata_only_not_reviewed,no,167,proposed_metadata_only,no,"All catalogued no_left_turn candidates retained; round-robin order across dependency groups, then metadata diversity within each group",Mapillary image 478867769987386,pradeepbv,https://www.mapillary.com/app/?pKey=478867769987386,CC BY-SA (version to verify at download time),Mapillary image 478867769987386 by pradeepbv; source https://www.mapillary.com/app/?pKey=478867769987386; licensed under CC BY-SA,blocked_pending_manual_logged_in_terms_confirmation
481736166437731,1678484082539159,1678484082539159,regulatory--no-left-turn--g2,no_left_turn,_3I_0tvJhM7lB7DOKfGxdA,2018-02-04T04:07:14+00:00,1517717234369,109833741245768,richlv,12.9538666,77.5911945,"Non-overlapping outer urban tile around Bengaluru, India; excludes the r07 centre box",Bengaluru outer tile,https://www.mapillary.com/app/?pKey=481736166437731,2026-09-01T17:31:29+00:00,high_exact_semantic_taxonomy_prefix,mapillary_india_group_00014,metadata_only_not_reviewed,no,168,proposed_metadata_only,no,"All catalogued no_left_turn candidates retained; round-robin order across dependency groups, then metadata diversity within each group",Mapillary image 481736166437731,richlv,https://www.mapillary.com/app/?pKey=481736166437731,CC BY-SA (version to verify at download time),Mapillary image 481736166437731 by richlv; source https://www.mapillary.com/app/?pKey=481736166437731; licensed under CC BY-SA,blocked_pending_manual_logged_in_terms_confirmation
1450000702023214,3042103269344975,3042103269344975,regulatory--no-left-turn--g2,no_left_turn,qaxdkpmhfpui83slyu4c6q,2021-01-08T03:15:06+00:00,1610075706912,101743165404889,pradeepbv,12.9704973,77.6050306,"Non-overlapping outer urban tile around Bengaluru, India; excludes the r07 centre box",Bengaluru outer tile,https://www.mapillary.com/app/?pKey=1450000702023214,2026-09-01T17:31:29+00:00,high_exact_semantic_taxonomy_prefix,mapillary_india_group_00024,metadata_only_not_reviewed,no,169,proposed_metadata_only,no,"All catalogued no_left_turn candidates retained; round-robin order across dependency groups, then metadata diversity within each group",Mapillary image 1450000702023214,pradeepbv,https://www.mapillary.com/app/?pKey=1450000702023214,CC BY-SA (version to verify at download time),Mapillary image 1450000702023214 by pradeepbv; source https://www.mapillary.com/app/?pKey=1450000702023214; licensed under CC BY-SA,blocked_pending_manual_logged_in_terms_confirmation
2918422725092563,5497045990337630,5497045990337630,regulatory--no-left-turn--g2,no_left_turn,y3lytz9wvfkp438mpkugzx,2021-01-06T02:55:24+00:00,1609901724701,101743165404889,pradeepbv,12.9707861,77.6044772,"Non-overlapping outer urban tile around Bengaluru, India; excludes the r07 centre box",Bengaluru outer tile,https://www.mapillary.com/app/?pKey=2918422725092563,2026-09-01T17:31:29+00:00,high_exact_semantic_taxonomy_prefix,mapillary_india_group_00043,metadata_only_not_reviewed,no,170,proposed_metadata_only,no,"All catalogued no_left_turn candidates retained; round-robin order across dependency groups, then metadata diversity within each group",Mapillary image 2918422725092563,pradeepbv,https://www.mapillary.com/app/?pKey=2918422725092563,CC BY-SA (version to verify at download time),Mapillary image 2918422725092563 by pradeepbv; source https://www.mapillary.com/app/?pKey=2918422725092563; licensed under CC BY-SA,blocked_pending_manual_logged_in_terms_confirmation
294607878860259,1678484082539159,1678484082539159,regulatory--no-left-turn--g2,no_left_turn,_3I_0tvJhM7lB7DOKfGxdA,2018-02-04T04:07:16+00:00,1517717236107,109833741245768,richlv,12.9538800,77.5911939,"Non-overlapping outer urban tile around Bengaluru, India; excludes the r07 centre box",Bengaluru outer tile,https://www.mapillary.com/app/?pKey=294607878860259,2026-09-01T17:31:29+00:00,high_exact_semantic_taxonomy_prefix,mapillary_india_group_00014,metadata_only_not_reviewed,no,171,proposed_metadata_only,no,"All catalogued no_left_turn candidates retained; round-robin order across dependency groups, then metadata diversity within each group",Mapillary image 294607878860259,richlv,https://www.mapillary.com/app/?pKey=294607878860259,CC BY-SA (version to verify at download time),Mapillary image 294607878860259 by richlv; source https://www.mapillary.com/app/?pKey=294607878860259; licensed under CC BY-SA,blocked_pending_manual_logged_in_terms_confirmation
134224235413504,3042103269344975,3042103269344975,regulatory--no-left-turn--g2,no_left_turn,qaxdkpmhfpui83slyu4c6q,2021-01-08T03:15:09+00:00,1610075709008,101743165404889,pradeepbv,12.9705795,77.6049920,"Non-overlapping outer urban tile around Bengaluru, India; excludes the r07 centre box",Bengaluru outer tile,https://www.mapillary.com/app/?pKey=134224235413504,2026-09-01T17:31:29+00:00,high_exact_semantic_taxonomy_prefix,mapillary_india_group_00024,metadata_only_not_reviewed,no,172,proposed_metadata_only,no,"All catalogued no_left_turn candidates retained; round-robin order across dependency groups, then metadata diversity within each group",Mapillary image 134224235413504,pradeepbv,https://www.mapillary.com/app/?pKey=134224235413504,CC BY-SA (version to verify at download time),Mapillary image 134224235413504 by pradeepbv; source https://www.mapillary.com/app/?pKey=134224235413504; licensed under CC BY-SA,blocked_pending_manual_logged_in_terms_confirmation
499668464616532,5497045990337630,5497045990337630,regulatory--no-left-turn--g2,no_left_turn,y3lytz9wvfkp438mpkugzx,2021-01-06T02:55:25+00:00,1609901725735,101743165404889,pradeepbv,12.9708112,77.6045318,"Non-overlapping outer urban tile around Bengaluru, India; excludes the r07 centre box",Bengaluru outer tile,https://www.mapillary.com/app/?pKey=499668464616532,2026-09-01T17:31:29+00:00,high_exact_semantic_taxonomy_prefix,mapillary_india_group_00043,metadata_only_not_reviewed,no,173,proposed_metadata_only,no,"All catalogued no_left_turn candidates retained; round-robin order across dependency groups, then metadata diversity within each group",Mapillary image 499668464616532,pradeepbv,https://www.mapillary.com/app/?pKey=499668464616532,CC BY-SA (version to verify at download time),Mapillary image 499668464616532 by pradeepbv; source https://www.mapillary.com/app/?pKey=499668464616532; licensed under CC BY-SA,blocked_pending_manual_logged_in_terms_confirmation
367041061352512,1678484082539159,1678484082539159,regulatory--no-left-turn--g2,no_left_turn,_3I_0tvJhM7lB7DOKfGxdA,2018-02-04T04:07:16+00:00,1517717236393,109833741245768,richlv,12.9538918,77.5911979,"Non-overlapping outer urban tile around Bengaluru, India; excludes the r07 centre box",Bengaluru outer tile,https://www.mapillary.com/app/?pKey=367041061352512,2026-09-01T17:31:29+00:00,high_exact_semantic_taxonomy_prefix,mapillary_india_group_00014,metadata_only_not_reviewed,no,174,proposed_metadata_only,no,"All catalogued no_left_turn candidates retained; round-robin order across dependency groups, then metadata diversity within each group",Mapillary image 367041061352512,richlv,https://www.mapillary.com/app/?pKey=367041061352512,CC BY-SA (version to verify at download time),Mapillary image 367041061352512 by richlv; source https://www.mapillary.com/app/?pKey=367041061352512; licensed under CC BY-SA,blocked_pending_manual_logged_in_terms_confirmation
391755988613290,3042103269344975,3042103269344975,regulatory--no-left-turn--g2,no_left_turn,ukdjdp9u2px2nhu1v24rgh,2021-01-06T10:03:50+00:00,1609927430151,101743165404889,pradeepbv,12.9704910,77.6050812,"Non-overlapping outer urban tile around Bengaluru, India; excludes the r07 centre box",Bengaluru outer tile,https://www.mapillary.com/app/?pKey=391755988613290,2026-09-01T17:31:29+00:00,high_exact_semantic_taxonomy_prefix,mapillary_india_group_00024,metadata_only_not_reviewed,no,175,proposed_metadata_only,no,"All catalogued no_left_turn candidates retained; round-robin order across dependency groups, then metadata diversity within each group",Mapillary image 391755988613290,pradeepbv,https://www.mapillary.com/app/?pKey=391755988613290,CC BY-SA (version to verify at download time),Mapillary image 391755988613290 by pradeepbv; source https://www.mapillary.com/app/?pKey=391755988613290; licensed under CC BY-SA,blocked_pending_manual_logged_in_terms_confirmation
156465226433771,3042103269344975,3042103269344975,regulatory--no-left-turn--g2,no_left_turn,ukdjdp9u2px2nhu1v24rgh,2021-01-06T10:03:51+00:00,1609927431195,101743165404889,pradeepbv,12.9705414,77.6050566,"Non-overlapping outer urban tile around Bengaluru, India; excludes the r07 centre box",Bengaluru outer tile,https://www.mapillary.com/app/?pKey=156465226433771,2026-09-01T17:31:29+00:00,high_exact_semantic_taxonomy_prefix,mapillary_india_group_00024,metadata_only_not_reviewed,no,176,proposed_metadata_only,no,"All catalogued no_left_turn candidates retained; round-robin order across dependency groups, then metadata diversity within each group",Mapillary image 156465226433771,pradeepbv,https://www.mapillary.com/app/?pKey=156465226433771,CC BY-SA (version to verify at download time),Mapillary image 156465226433771 by pradeepbv; source https://www.mapillary.com/app/?pKey=156465226433771; licensed under CC BY-SA,blocked_pending_manual_logged_in_terms_confirmation
332456771628213,3042103269344975,3042103269344975,regulatory--no-left-turn--g2,no_left_turn,ukdjdp9u2px2nhu1v24rgh,2021-01-06T10:03:52+00:00,1609927432217,101743165404889,pradeepbv,12.9705895,77.6050326,"Non-overlapping outer urban tile around Bengaluru, India; excludes the r07 centre box",Bengaluru outer tile,https://www.mapillary.com/app/?pKey=332456771628213,2026-09-01T17:31:29+00:00,high_exact_semantic_taxonomy_prefix,mapillary_india_group_00024,metadata_only_not_reviewed,no,177,proposed_metadata_only,no,"All catalogued no_left_turn candidates retained; round-robin order across dependency groups, then metadata diversity within each group",Mapillary image 332456771628213,pradeepbv,https://www.mapillary.com/app/?pKey=332456771628213,CC BY-SA (version to verify at download time),Mapillary image 332456771628213 by pradeepbv; source https://www.mapillary.com/app/?pKey=332456771628213; licensed under CC BY-SA,blocked_pending_manual_logged_in_terms_confirmation
3840600849322903,3042103269344975,3042103269344975,regulatory--no-left-turn--g2,no_left_turn,1XvKaaQynAnN0NnYRoGw1A,2016-12-17T05:13:32+00:00,1481951612239,108469318050957,yogi,12.9702555,77.6051014,"Non-overlapping outer urban tile around Bengaluru, India; excludes the r07 centre box",Bengaluru outer tile,https://www.mapillary.com/app/?pKey=3840600849322903,2026-09-01T17:31:29+00:00,high_exact_semantic_taxonomy_prefix,mapillary_india_group_00024,metadata_only_not_reviewed,no,178,proposed_metadata_only,no,"All catalogued no_left_turn candidates retained; round-robin order across dependency groups, then metadata diversity within each group",Mapillary image 3840600849322903,yogi,https://www.mapillary.com/app/?pKey=3840600849322903,CC BY-SA (version to verify at download time),Mapillary image 3840600849322903 by yogi; source https://www.mapillary.com/app/?pKey=3840600849322903; licensed under CC BY-SA,blocked_pending_manual_logged_in_terms_confirmation
534656277700318,3042103269344975,3042103269344975,regulatory--no-left-turn--g2,no_left_turn,1XvKaaQynAnN0NnYRoGw1A,2016-12-17T05:13:37+00:00,1481951617934,108469318050957,yogi,12.9703996,77.6050073,"Non-overlapping outer urban tile around Bengaluru, India; excludes the r07 centre box",Bengaluru outer tile,https://www.mapillary.com/app/?pKey=534656277700318,2026-09-01T17:31:29+00:00,high_exact_semantic_taxonomy_prefix,mapillary_india_group_00024,metadata_only_not_reviewed,no,179,proposed_metadata_only,no,"All catalogued no_left_turn candidates retained; round-robin order across dependency groups, then metadata diversity within each group",Mapillary image 534656277700318,yogi,https://www.mapillary.com/app/?pKey=534656277700318,CC BY-SA (version to verify at download time),Mapillary image 534656277700318 by yogi; source https://www.mapillary.com/app/?pKey=534656277700318; licensed under CC BY-SA,blocked_pending_manual_logged_in_terms_confirmation
2836734659877838,3042103269344975,3042103269344975,regulatory--no-left-turn--g2,no_left_turn,1XvKaaQynAnN0NnYRoGw1A,2016-12-17T05:13:47+00:00,1481951627395,108469318050957,yogi,12.9705269,77.6049398,"Non-overlapping outer urban tile around Bengaluru, India; excludes the r07 centre box",Bengaluru outer tile,https://www.mapillary.com/app/?pKey=2836734659877838,2026-09-01T17:31:29+00:00,high_exact_semantic_taxonomy_prefix,mapillary_india_group_00024,metadata_only_not_reviewed,no,180,proposed_metadata_only,no,"All catalogued no_left_turn candidates retained; round-robin order across dependency groups, then metadata diversity within each group",Mapillary image 2836734659877838,yogi,https://www.mapillary.com/app/?pKey=2836734659877838,CC BY-SA (version to verify at download time),Mapillary image 2836734659877838 by yogi; source https://www.mapillary.com/app/?pKey=2836734659877838; licensed under CC BY-SA,blocked_pending_manual_logged_in_terms_confirmation
1092070914618486,3042103269344975,3042103269344975,regulatory--no-left-turn--g2,no_left_turn,a9pt8oxognj1lq2wibq3kg,2020-02-23T03:18:46+00:00,1582427926687,109910087910218,jayp,12.9703826,77.6050934,"Non-overlapping outer urban tile around Bengaluru, India; excludes the r07 centre box",Bengaluru outer tile,https://www.mapillary.com/app/?pKey=1092070914618486,2026-09-01T17:31:29+00:00,high_exact_semantic_taxonomy_prefix,mapillary_india_group_00024,metadata_only_not_reviewed,no,181,proposed_metadata_only,no,"All catalogued no_left_turn candidates retained; round-robin order across dependency groups, then metadata diversity within each group",Mapillary image 1092070914618486,jayp,https://www.mapillary.com/app/?pKey=1092070914618486,CC BY-SA (version to verify at download time),Mapillary image 1092070914618486 by jayp; source https://www.mapillary.com/app/?pKey=1092070914618486; licensed under CC BY-SA,blocked_pending_manual_logged_in_terms_confirmation
1109175796243238,3042103269344975,3042103269344975,regulatory--no-left-turn--g2,no_left_turn,a9pt8oxognj1lq2wibq3kg,2020-02-23T03:18:51+00:00,1582427931646,109910087910218,jayp,12.9704772,77.6050454,"Non-overlapping outer urban tile around Bengaluru, India; excludes the r07 centre box",Bengaluru outer tile,https://www.mapillary.com/app/?pKey=1109175796243238,2026-09-01T17:31:29+00:00,high_exact_semantic_taxonomy_prefix,mapillary_india_group_00024,metadata_only_not_reviewed,no,182,proposed_metadata_only,no,"All catalogued no_left_turn candidates retained; round-robin order across dependency groups, then metadata diversity within each group",Mapillary image 1109175796243238,jayp,https://www.mapillary.com/app/?pKey=1109175796243238,CC BY-SA (version to verify at download time),Mapillary image 1109175796243238 by jayp; source https://www.mapillary.com/app/?pKey=1109175796243238; licensed under CC BY-SA,blocked_pending_manual_logged_in_terms_confirmation
