mapillary_image_id,map_feature_id,all_linked_map_feature_ids,exact_mapillary_taxonomy_label,project_class,sequence_id,capture_timestamp_utc,captured_at_epoch_ms,contributor_id,contributor_name,latitude,longitude,geographic_evidence_india,city_search_area,source_reference,api_retrieval_timestamp_utc,taxonomy_mapping_confidence,independence_group_id,review_status,approved_photograph,acquisition_order,acquisition_status,pixel_download_authorized,selection_basis,attribution_title,attribution_contributor,attribution_source_url,attribution_licence,attribution_text_template,terms_status
1187390995455208,121886100627707,121886100627707,regulatory--stop--g1,stop,eBzoQZcJEmLPdjXCsV2WOS,2022-08-29T13:11:18+00:00,1661778678169,109037777999283,olily,12.9758966,77.6146286,"Non-overlapping outer urban tile around Bengaluru, India; excludes the r07 centre box",Bengaluru outer tile,https://www.mapillary.com/app/?pKey=1187390995455208,2026-09-01T17:31:29+00:00,high_exact_semantic_taxonomy_prefix,mapillary_india_group_00004,metadata_only_not_reviewed,no,1,proposed_metadata_only,no,"All catalogued stop candidates retained; round-robin order across dependency groups, then metadata diversity within each group",Mapillary image 1187390995455208,olily,https://www.mapillary.com/app/?pKey=1187390995455208,CC BY-SA (version to verify at download time),Mapillary image 1187390995455208 by olily; source https://www.mapillary.com/app/?pKey=1187390995455208; licensed under CC BY-SA,blocked_pending_manual_logged_in_terms_confirmation
581459809496120,1411575839206119,1411575839206119,regulatory--stop--g1,stop,gPGxbrIqgUeS2B6Cpi7msg,2018-02-14T03:46:48+00:00,1518580008132,109833741245768,richlv,12.9691921,77.5766924,"Non-overlapping outer urban tile around Bengaluru, India; excludes the r07 centre box",Bengaluru outer tile,https://www.mapillary.com/app/?pKey=581459809496120,2026-09-01T17:31:29+00:00,high_exact_semantic_taxonomy_prefix,mapillary_india_group_00006,metadata_only_not_reviewed,no,2,proposed_metadata_only,no,"All catalogued stop candidates retained; round-robin order across dependency groups, then metadata diversity within each group",Mapillary image 581459809496120,richlv,https://www.mapillary.com/app/?pKey=581459809496120,CC BY-SA (version to verify at download time),Mapillary image 581459809496120 by richlv; source https://www.mapillary.com/app/?pKey=581459809496120; licensed under CC BY-SA,blocked_pending_manual_logged_in_terms_confirmation
165054098879940,145133170964891,145133170964891,regulatory--stop--g1,stop,i64k97df2hnxaqdee6uush,2021-01-06T02:48:34+00:00,1609901314789,101743165404889,pradeepbv,12.9821080,77.5970286,"Non-overlapping outer urban tile around Bengaluru, India; excludes the r07 centre box",Bengaluru outer tile,https://www.mapillary.com/app/?pKey=165054098879940,2026-09-01T17:31:29+00:00,high_exact_semantic_taxonomy_prefix,mapillary_india_group_00008,metadata_only_not_reviewed,no,3,proposed_metadata_only,no,"All catalogued stop candidates retained; round-robin order across dependency groups, then metadata diversity within each group",Mapillary image 165054098879940,pradeepbv,https://www.mapillary.com/app/?pKey=165054098879940,CC BY-SA (version to verify at download time),Mapillary image 165054098879940 by pradeepbv; source https://www.mapillary.com/app/?pKey=165054098879940; licensed under CC BY-SA,blocked_pending_manual_logged_in_terms_confirmation
1906120286720554,1505042624338548,1505042624338548,regulatory--stop--g1,stop,k96FGdscMXft7YvQRn41DZ,2026-04-25T11:35:57+00:00,1777116957728,106724622478113,WPStan,19.0612150,72.8624206,"Non-overlapping outer urban tile around Mumbai, India; excludes the r07 centre box",Mumbai outer tile,https://www.mapillary.com/app/?pKey=1906120286720554,2026-09-01T17:31:29+00:00,high_exact_semantic_taxonomy_prefix,mapillary_india_group_00012,metadata_only_not_reviewed,no,4,proposed_metadata_only,no,"All catalogued stop candidates retained; round-robin order across dependency groups, then metadata diversity within each group",Mapillary image 1906120286720554,WPStan,https://www.mapillary.com/app/?pKey=1906120286720554,CC BY-SA (version to verify at download time),Mapillary image 1906120286720554 by WPStan; source https://www.mapillary.com/app/?pKey=1906120286720554; licensed under CC BY-SA,blocked_pending_manual_logged_in_terms_confirmation
1118772261952913,180965013788346,180965013788346,regulatory--stop--g1,stop,gmgvk8fyvg3wclhy4oag9v,2016-12-12T05:32:17+00:00,1481520737103,108469318050957,yogi,12.9518932,77.6090215,"Non-overlapping outer urban tile around Bengaluru, India; excludes the r07 centre box",Bengaluru outer tile,https://www.mapillary.com/app/?pKey=1118772261952913,2026-09-01T17:31:29+00:00,high_exact_semantic_taxonomy_prefix,mapillary_india_group_00015,metadata_only_not_reviewed,no,5,proposed_metadata_only,no,"All catalogued stop candidates retained; round-robin order across dependency groups, then metadata diversity within each group",Mapillary image 1118772261952913,yogi,https://www.mapillary.com/app/?pKey=1118772261952913,CC BY-SA (version to verify at download time),Mapillary image 1118772261952913 by yogi; source https://www.mapillary.com/app/?pKey=1118772261952913; licensed under CC BY-SA,blocked_pending_manual_logged_in_terms_confirmation
966533124155367,208449057516643,208449057516643,regulatory--stop--g1,stop,frU8i8F6_r72mHFQ3yJaog,2017-07-23T06:11:29+00:00,1500790289644,104356101806278,manojkmohan,10.5285445,76.2179835,"Curated interior coordinate centred on Thrissur, India",Thrissur,https://www.mapillary.com/app/?pKey=966533124155367,2026-09-01T17:31:29+00:00,high_exact_semantic_taxonomy_prefix,mapillary_india_group_00018,metadata_only_not_reviewed,no,6,proposed_metadata_only,no,"All catalogued stop candidates retained; round-robin order across dependency groups, then metadata diversity within each group",Mapillary image 966533124155367,manojkmohan,https://www.mapillary.com/app/?pKey=966533124155367,CC BY-SA (version to verify at download time),Mapillary image 966533124155367 by manojkmohan; source https://www.mapillary.com/app/?pKey=966533124155367; licensed under CC BY-SA,blocked_pending_manual_logged_in_terms_confirmation
108628531303807,251142620034595,251142620034595,regulatory--stop--g1,stop,4F5HagySfmdeHeL31CDYww,2018-02-14T04:15:16+00:00,1518581716185,109833741245768,richlv,12.9688006,77.5790933,"Non-overlapping outer urban tile around Bengaluru, India; excludes the r07 centre box",Bengaluru outer tile,https://www.mapillary.com/app/?pKey=108628531303807,2026-09-01T17:31:29+00:00,high_exact_semantic_taxonomy_prefix,mapillary_india_group_00019,metadata_only_not_reviewed,no,7,proposed_metadata_only,no,"All catalogued stop candidates retained; round-robin order across dependency groups, then metadata diversity within each group",Mapillary image 108628531303807,richlv,https://www.mapillary.com/app/?pKey=108628531303807,CC BY-SA (version to verify at download time),Mapillary image 108628531303807 by richlv; source https://www.mapillary.com/app/?pKey=108628531303807; licensed under CC BY-SA,blocked_pending_manual_logged_in_terms_confirmation
285766233095368,2916379968680363,2916379968680363,regulatory--stop--g1,stop,frU8i8F6_r72mHFQ3yJaog,2017-07-23T06:12:51+00:00,1500790371064,104356101806278,manojkmohan,10.5289058,76.2172812,"Curated interior coordinate centred on Thrissur, India",Thrissur,https://www.mapillary.com/app/?pKey=285766233095368,2026-09-01T17:31:29+00:00,high_exact_semantic_taxonomy_prefix,mapillary_india_group_00022,metadata_only_not_reviewed,no,8,proposed_metadata_only,no,"All catalogued stop candidates retained; round-robin order across dependency groups, then metadata diversity within each group",Mapillary image 285766233095368,manojkmohan,https://www.mapillary.com/app/?pKey=285766233095368,CC BY-SA (version to verify at download time),Mapillary image 285766233095368 by manojkmohan; source https://www.mapillary.com/app/?pKey=285766233095368; licensed under CC BY-SA,blocked_pending_manual_logged_in_terms_confirmation
896353114477712,2941949159387078,2941949159387078,regulatory--stop--g1,stop,LkcYscvorK8LkQskBqtGI8,2020-06-30T13:55:53+00:00,1593525353099,100149628902804,pra1985,17.4008059,78.4709819,"Non-overlapping outer urban tile around Hyderabad, India; excludes the r07 centre box",Hyderabad outer tile,https://www.mapillary.com/app/?pKey=896353114477712,2026-09-01T17:31:29+00:00,high_exact_semantic_taxonomy_prefix,mapillary_india_group_00023,metadata_only_not_reviewed,no,9,proposed_metadata_only,no,"All catalogued stop candidates retained; round-robin order across dependency groups, then metadata diversity within each group",Mapillary image 896353114477712,pra1985,https://www.mapillary.com/app/?pKey=896353114477712,CC BY-SA (version to verify at download time),Mapillary image 896353114477712 by pra1985; source https://www.mapillary.com/app/?pKey=896353114477712; licensed under CC BY-SA,blocked_pending_manual_logged_in_terms_confirmation
1268603748690293,3085012171700288,3085012171700288,regulatory--stop--g1,stop,SY9sP5dMG4WFOIgT6jHJli,2026-05-02T04:33:32+00:00,1777696412503,106724622478113,WPStan,19.0614351,72.8635067,"Non-overlapping outer urban tile around Mumbai, India; excludes the r07 centre box",Mumbai outer tile,https://www.mapillary.com/app/?pKey=1268603748690293,2026-09-01T17:31:29+00:00,high_exact_semantic_taxonomy_prefix,mapillary_india_group_00025,metadata_only_not_reviewed,no,10,proposed_metadata_only,no,"All catalogued stop candidates retained; round-robin order across dependency groups, then metadata diversity within each group",Mapillary image 1268603748690293,WPStan,https://www.mapillary.com/app/?pKey=1268603748690293,CC BY-SA (version to verify at download time),Mapillary image 1268603748690293 by WPStan; source https://www.mapillary.com/app/?pKey=1268603748690293; licensed under CC BY-SA,blocked_pending_manual_logged_in_terms_confirmation
931096011566658,342309952131542,342309952131542,regulatory--stop--g1,stop,b8iIJ3TdeQRS2FtYjvnDXc,2024-02-29T03:36:35+00:00,1709177795395,107704211899757,TejashreePOD,20.2966679,85.8244818,"Map feature coordinate returned inside curated Bhubaneswar, India search box",Bhubaneswar,https://www.mapillary.com/app/?pKey=931096011566658,2026-09-01T15:58:36+00:00,high_exact_semantic_taxonomy_prefix,mapillary_india_group_00027,metadata_only_not_reviewed,no,11,proposed_metadata_only,no,"All catalogued stop candidates retained; round-robin order across dependency groups, then metadata diversity within each group",Mapillary image 931096011566658,TejashreePOD,https://www.mapillary.com/app/?pKey=931096011566658,CC BY-SA (version to verify at download time),Mapillary image 931096011566658 by TejashreePOD; source https://www.mapillary.com/app/?pKey=931096011566658; licensed under CC BY-SA,blocked_pending_manual_logged_in_terms_confirmation
206665324340686,3719036634875078,3719036634875078,regulatory--stop--g1,stop,frU8i8F6_r72mHFQ3yJaog,2017-07-23T06:14:34+00:00,1500790474628,104356101806278,manojkmohan,10.5292144,76.2161951,"Curated interior coordinate centred on Thrissur, India",Thrissur,https://www.mapillary.com/app/?pKey=206665324340686,2026-09-01T17:31:29+00:00,high_exact_semantic_taxonomy_prefix,mapillary_india_group_00028,metadata_only_not_reviewed,no,12,proposed_metadata_only,no,"All catalogued stop candidates retained; round-robin order across dependency groups, then metadata diversity within each group",Mapillary image 206665324340686,manojkmohan,https://www.mapillary.com/app/?pKey=206665324340686,CC BY-SA (version to verify at download time),Mapillary image 206665324340686 by manojkmohan; source https://www.mapillary.com/app/?pKey=206665324340686; licensed under CC BY-SA,blocked_pending_manual_logged_in_terms_confirmation
193181629499593,438991063802757,438991063802757,regulatory--stop--g1,stop,PMo7KhJ3HSQOUNxTrmZCa6,2021-08-03T03:40:52+00:00,1627962052682,138886808313564,muruligowda,12.9675136,77.5949560,"Map feature coordinate returned inside curated Bengaluru, India search box",Bengaluru,https://www.mapillary.com/app/?pKey=193181629499593,2026-09-01T15:58:36+00:00,high_exact_semantic_taxonomy_prefix,mapillary_india_group_00031,metadata_only_not_reviewed,no,13,proposed_metadata_only,no,"All catalogued stop candidates retained; round-robin order across dependency groups, then metadata diversity within each group",Mapillary image 193181629499593,muruligowda,https://www.mapillary.com/app/?pKey=193181629499593,CC BY-SA (version to verify at download time),Mapillary image 193181629499593 by muruligowda; source https://www.mapillary.com/app/?pKey=193181629499593; licensed under CC BY-SA,blocked_pending_manual_logged_in_terms_confirmation
516763002674368,460518565051977,460518565051977,regulatory--stop--g1,stop,nFaPdZQ_9ggWLGfDoYlNWQ,2018-01-23T16:18:19+00:00,1516724299000,101235428790074,venkanna37,12.9565464,77.5812964,"Non-overlapping outer urban tile around Bengaluru, India; excludes the r07 centre box",Bengaluru outer tile,https://www.mapillary.com/app/?pKey=516763002674368,2026-09-01T17:31:29+00:00,high_exact_semantic_taxonomy_prefix,mapillary_india_group_00032,metadata_only_not_reviewed,no,14,proposed_metadata_only,no,"All catalogued stop candidates retained; round-robin order across dependency groups, then metadata diversity within each group",Mapillary image 516763002674368,venkanna37,https://www.mapillary.com/app/?pKey=516763002674368,CC BY-SA (version to verify at download time),Mapillary image 516763002674368 by venkanna37; source https://www.mapillary.com/app/?pKey=516763002674368; licensed under CC BY-SA,blocked_pending_manual_logged_in_terms_confirmation
861732688022054,465812847827805,465812847827805,regulatory--stop--g1,stop,Y7uV9nWSPoa3LCHYKwP2ew,2017-06-30T10:51:12+00:00,1498819872208,104356101806278,manojkmohan,10.5242650,76.2119830,"Curated interior coordinate centred on Thrissur, India",Thrissur,https://www.mapillary.com/app/?pKey=861732688022054,2026-09-01T17:31:29+00:00,high_exact_semantic_taxonomy_prefix,mapillary_india_group_00033,metadata_only_not_reviewed,no,15,proposed_metadata_only,no,"All catalogued stop candidates retained; round-robin order across dependency groups, then metadata diversity within each group",Mapillary image 861732688022054,manojkmohan,https://www.mapillary.com/app/?pKey=861732688022054,CC BY-SA (version to verify at download time),Mapillary image 861732688022054 by manojkmohan; source https://www.mapillary.com/app/?pKey=861732688022054; licensed under CC BY-SA,blocked_pending_manual_logged_in_terms_confirmation
1170686990041756,481614309826045,481614309826045,regulatory--stop--g1,stop,yAp9gFhya1IGeXvi2lzvzw,2018-02-04T05:19:36+00:00,1517721576983,109833741245768,richlv,12.9535147,77.5925639,"Non-overlapping outer urban tile around Bengaluru, India; excludes the r07 centre box",Bengaluru outer tile,https://www.mapillary.com/app/?pKey=1170686990041756,2026-09-01T17:31:29+00:00,high_exact_semantic_taxonomy_prefix,mapillary_india_group_00035,metadata_only_not_reviewed,no,16,proposed_metadata_only,no,"All catalogued stop candidates retained; round-robin order across dependency groups, then metadata diversity within each group",Mapillary image 1170686990041756,richlv,https://www.mapillary.com/app/?pKey=1170686990041756,CC BY-SA (version to verify at download time),Mapillary image 1170686990041756 by richlv; source https://www.mapillary.com/app/?pKey=1170686990041756; licensed under CC BY-SA,blocked_pending_manual_logged_in_terms_confirmation
833679071092276,482883380561287,482883380561287,regulatory--stop--g1,stop,y7mhlS82iZg4RYdcOUXbuo,2022-10-30T06:47:30+00:00,1667112450604,101864952355265,vjain93,20.2962490,85.8269738,"Map feature coordinate returned inside curated Bhubaneswar, India search box",Bhubaneswar,https://www.mapillary.com/app/?pKey=833679071092276,2026-09-01T15:58:36+00:00,high_exact_semantic_taxonomy_prefix,mapillary_india_group_00037,metadata_only_not_reviewed,no,17,proposed_metadata_only,no,"All catalogued stop candidates retained; round-robin order across dependency groups, then metadata diversity within each group",Mapillary image 833679071092276,vjain93,https://www.mapillary.com/app/?pKey=833679071092276,CC BY-SA (version to verify at download time),Mapillary image 833679071092276 by vjain93; source https://www.mapillary.com/app/?pKey=833679071092276; licensed under CC BY-SA,blocked_pending_manual_logged_in_terms_confirmation
1366092247096018,486550056027958,486550056027958;486824266000537,regulatory--stop--g1,stop,1J1jkwcehnrQ_h3PwkMX2g,2016-07-09T15:52:21+00:00,1468079541233,106868151546426,shravan91,23.0348936,72.5606899,"Non-overlapping outer urban tile around Ahmedabad, India; excludes the r07 centre box",Ahmedabad outer tile,https://www.mapillary.com/app/?pKey=1366092247096018,2026-09-01T17:31:29+00:00,high_exact_semantic_taxonomy_prefix,mapillary_india_group_00038,metadata_only_not_reviewed,no,18,proposed_metadata_only,no,"All catalogued stop candidates retained; round-robin order across dependency groups, then metadata diversity within each group",Mapillary image 1366092247096018,shravan91,https://www.mapillary.com/app/?pKey=1366092247096018,CC BY-SA (version to verify at download time),Mapillary image 1366092247096018 by shravan91; source https://www.mapillary.com/app/?pKey=1366092247096018; licensed under CC BY-SA,blocked_pending_manual_logged_in_terms_confirmation
534800817588095,492731675486374,492731675486374,regulatory--stop--g1,stop,h1EXgFxnhc_t2zPFPL5QsQ,2018-02-03T09:13:12+00:00,1517649192000,107965118105737,natarajakaveeti,31.1086031,77.1668286,"Curated interior coordinate centred on Shimla, India",Shimla,https://www.mapillary.com/app/?pKey=534800817588095,2026-09-01T17:31:29+00:00,high_exact_semantic_taxonomy_prefix,mapillary_india_group_00040,metadata_only_not_reviewed,no,19,proposed_metadata_only,no,"All catalogued stop candidates retained; round-robin order across dependency groups, then metadata diversity within each group",Mapillary image 534800817588095,natarajakaveeti,https://www.mapillary.com/app/?pKey=534800817588095,CC BY-SA (version to verify at download time),Mapillary image 534800817588095 by natarajakaveeti; source https://www.mapillary.com/app/?pKey=534800817588095; licensed under CC BY-SA,blocked_pending_manual_logged_in_terms_confirmation
826570871624787,508081396899737,508081396899737,regulatory--stop--g10,stop,ykf2d8o3fmbuqhrw1aqpyl,2021-01-09T09:13:21+00:00,1610183601640,100570762192712,manojbright,10.5318850,76.2113634,"Curated interior coordinate centred on Thrissur, India",Thrissur,https://www.mapillary.com/app/?pKey=826570871624787,2026-09-01T17:31:29+00:00,high_exact_semantic_taxonomy_prefix,mapillary_india_group_00042,metadata_only_not_reviewed,no,20,proposed_metadata_only,no,"All catalogued stop candidates retained; round-robin order across dependency groups, then metadata diversity within each group",Mapillary image 826570871624787,manojbright,https://www.mapillary.com/app/?pKey=826570871624787,CC BY-SA (version to verify at download time),Mapillary image 826570871624787 by manojbright; source https://www.mapillary.com/app/?pKey=826570871624787; licensed under CC BY-SA,blocked_pending_manual_logged_in_terms_confirmation
496000738258584,591203692274165,591203692274165,regulatory--stop--g1,stop,gRgIn54GfgvIZQLItVvnRg,2018-02-14T02:34:11+00:00,1518575651595,109833741245768,richlv,12.9736065,77.5796457,"Non-overlapping outer urban tile around Bengaluru, India; excludes the r07 centre box",Bengaluru outer tile,https://www.mapillary.com/app/?pKey=496000738258584,2026-09-01T17:31:29+00:00,high_exact_semantic_taxonomy_prefix,mapillary_india_group_00046,metadata_only_not_reviewed,no,21,proposed_metadata_only,no,"All catalogued stop candidates retained; round-robin order across dependency groups, then metadata diversity within each group",Mapillary image 496000738258584,richlv,https://www.mapillary.com/app/?pKey=496000738258584,CC BY-SA (version to verify at download time),Mapillary image 496000738258584 by richlv; source https://www.mapillary.com/app/?pKey=496000738258584; licensed under CC BY-SA,blocked_pending_manual_logged_in_terms_confirmation
896604915001275,821291238809167,821291238809167,regulatory--stop--g1,stop,TdQPvKeDwLgixzSO2l3FHR,2023-12-23T03:47:29+00:00,1703303249625,101499702097483,V15,10.5219344,76.2168154,"Curated interior coordinate centred on Thrissur, India",Thrissur,https://www.mapillary.com/app/?pKey=896604915001275,2026-09-01T17:31:29+00:00,high_exact_semantic_taxonomy_prefix,mapillary_india_group_00051,metadata_only_not_reviewed,no,22,proposed_metadata_only,no,"All catalogued stop candidates retained; round-robin order across dependency groups, then metadata diversity within each group",Mapillary image 896604915001275,V15,https://www.mapillary.com/app/?pKey=896604915001275,CC BY-SA (version to verify at download time),Mapillary image 896604915001275 by V15; source https://www.mapillary.com/app/?pKey=896604915001275; licensed under CC BY-SA,blocked_pending_manual_logged_in_terms_confirmation
931218057662260,845322002724792,845322002724792,regulatory--stop--g1,stop,Fw7oxAz0DFXCdHvObvfXrw,2017-06-30T10:26:01+00:00,1498818361526,104356101806278,manojkmohan,10.5281872,76.2145057,"Curated interior coordinate centred on Thrissur, India",Thrissur,https://www.mapillary.com/app/?pKey=931218057662260,2026-09-01T17:31:29+00:00,high_exact_semantic_taxonomy_prefix,mapillary_india_group_00052,metadata_only_not_reviewed,no,23,proposed_metadata_only,no,"All catalogued stop candidates retained; round-robin order across dependency groups, then metadata diversity within each group",Mapillary image 931218057662260,manojkmohan,https://www.mapillary.com/app/?pKey=931218057662260,CC BY-SA (version to verify at download time),Mapillary image 931218057662260 by manojkmohan; source https://www.mapillary.com/app/?pKey=931218057662260; licensed under CC BY-SA,blocked_pending_manual_logged_in_terms_confirmation
918242265630835,845469306043395,845469306043395,regulatory--stop--g1,stop,Fw7oxAz0DFXCdHvObvfXrw,2017-06-30T10:26:05+00:00,1498818365576,104356101806278,manojkmohan,10.5281286,76.2144974,"Curated interior coordinate centred on Thrissur, India",Thrissur,https://www.mapillary.com/app/?pKey=918242265630835,2026-09-01T17:31:29+00:00,high_exact_semantic_taxonomy_prefix,mapillary_india_group_00053,metadata_only_not_reviewed,no,24,proposed_metadata_only,no,"All catalogued stop candidates retained; round-robin order across dependency groups, then metadata diversity within each group",Mapillary image 918242265630835,manojkmohan,https://www.mapillary.com/app/?pKey=918242265630835,CC BY-SA (version to verify at download time),Mapillary image 918242265630835 by manojkmohan; source https://www.mapillary.com/app/?pKey=918242265630835; licensed under CC BY-SA,blocked_pending_manual_logged_in_terms_confirmation
1928060001169753,873888689038950,873888689038950,regulatory--stop--g1,stop,sCFf0eah4yM835tDPcbNij,2026-04-01T04:18:07+00:00,1775017087094,1226028326356068,jegadeeshcumta,13.0816527,80.2758318,"Map feature coordinate returned inside curated Chennai, India search box",Chennai,https://www.mapillary.com/app/?pKey=1928060001169753,2026-09-01T15:58:36+00:00,high_exact_semantic_taxonomy_prefix,mapillary_india_group_00054,metadata_only_not_reviewed,no,25,proposed_metadata_only,no,"All catalogued stop candidates retained; round-robin order across dependency groups, then metadata diversity within each group",Mapillary image 1928060001169753,jegadeeshcumta,https://www.mapillary.com/app/?pKey=1928060001169753,CC BY-SA (version to verify at download time),Mapillary image 1928060001169753 by jegadeeshcumta; source https://www.mapillary.com/app/?pKey=1928060001169753; licensed under CC BY-SA,blocked_pending_manual_logged_in_terms_confirmation
1305397867274539,9367522263309691,9367522263309691,regulatory--stop--g1,stop,FkXzP6rWmofVnL08KdOEah,2025-01-25T09:22:55+00:00,1737796975146,106724622478113,WPStan,18.5241587,73.8441678,"Non-overlapping outer urban tile around Pune, India; excludes the r07 centre box",Pune outer tile,https://www.mapillary.com/app/?pKey=1305397867274539,2026-09-01T17:31:29+00:00,high_exact_semantic_taxonomy_prefix,mapillary_india_group_00055,metadata_only_not_reviewed,no,26,proposed_metadata_only,no,"All catalogued stop candidates retained; round-robin order across dependency groups, then metadata diversity within each group",Mapillary image 1305397867274539,WPStan,https://www.mapillary.com/app/?pKey=1305397867274539,CC BY-SA (version to verify at download time),Mapillary image 1305397867274539 by WPStan; source https://www.mapillary.com/app/?pKey=1305397867274539; licensed under CC BY-SA,blocked_pending_manual_logged_in_terms_confirmation
200004068622196,972301046916069,972301046916069,regulatory--stop--g1,stop,uith6u0f8aqvn06awi8nwb,2021-01-11T09:59:07+00:00,1610359147200,101743165404889,pradeepbv,12.9854782,77.5930468,"Non-overlapping outer urban tile around Bengaluru, India; excludes the r07 centre box",Bengaluru outer tile,https://www.mapillary.com/app/?pKey=200004068622196,2026-09-01T17:31:29+00:00,high_exact_semantic_taxonomy_prefix,mapillary_india_group_00056,metadata_only_not_reviewed,no,27,proposed_metadata_only,no,"All catalogued stop candidates retained; round-robin order across dependency groups, then metadata diversity within each group",Mapillary image 200004068622196,pradeepbv,https://www.mapillary.com/app/?pKey=200004068622196,CC BY-SA (version to verify at download time),Mapillary image 200004068622196 by pradeepbv; source https://www.mapillary.com/app/?pKey=200004068622196; licensed under CC BY-SA,blocked_pending_manual_logged_in_terms_confirmation
591384536061986,121886100627707,121886100627707,regulatory--stop--g1,stop,eBzoQZcJEmLPdjXCsV2WOS,2022-08-29T13:11:28+00:00,1661778688279,109037777999283,olily,12.9758954,77.6146304,"Non-overlapping outer urban tile around Bengaluru, India; excludes the r07 centre box",Bengaluru outer tile,https://www.mapillary.com/app/?pKey=591384536061986,2026-09-01T17:31:29+00:00,high_exact_semantic_taxonomy_prefix,mapillary_india_group_00004,metadata_only_not_reviewed,no,28,proposed_metadata_only,no,"All catalogued stop candidates retained; round-robin order across dependency groups, then metadata diversity within each group",Mapillary image 591384536061986,olily,https://www.mapillary.com/app/?pKey=591384536061986,CC BY-SA (version to verify at download time),Mapillary image 591384536061986 by olily; source https://www.mapillary.com/app/?pKey=591384536061986; licensed under CC BY-SA,blocked_pending_manual_logged_in_terms_confirmation
4169839559703007,1411575839206119,1411575839206119,regulatory--stop--g1,stop,gPGxbrIqgUeS2B6Cpi7msg,2018-02-14T03:46:51+00:00,1518580011127,109833741245768,richlv,12.9691652,77.5766937,"Non-overlapping outer urban tile around Bengaluru, India; excludes the r07 centre box",Bengaluru outer tile,https://www.mapillary.com/app/?pKey=4169839559703007,2026-09-01T17:31:29+00:00,high_exact_semantic_taxonomy_prefix,mapillary_india_group_00006,metadata_only_not_reviewed,no,29,proposed_metadata_only,no,"All catalogued stop candidates retained; round-robin order across dependency groups, then metadata diversity within each group",Mapillary image 4169839559703007,richlv,https://www.mapillary.com/app/?pKey=4169839559703007,CC BY-SA (version to verify at download time),Mapillary image 4169839559703007 by richlv; source https://www.mapillary.com/app/?pKey=4169839559703007; licensed under CC BY-SA,blocked_pending_manual_logged_in_terms_confirmation
196377819004993,145133170964891,145133170964891,regulatory--stop--g1,stop,i64k97df2hnxaqdee6uush,2021-01-06T02:48:35+00:00,1609901315870,101743165404889,pradeepbv,12.9820418,77.5970189,"Non-overlapping outer urban tile around Bengaluru, India; excludes the r07 centre box",Bengaluru outer tile,https://www.mapillary.com/app/?pKey=196377819004993,2026-09-01T17:31:29+00:00,high_exact_semantic_taxonomy_prefix,mapillary_india_group_00008,metadata_only_not_reviewed,no,30,proposed_metadata_only,no,"All catalogued stop candidates retained; round-robin order across dependency groups, then metadata diversity within each group",Mapillary image 196377819004993,pradeepbv,https://www.mapillary.com/app/?pKey=196377819004993,CC BY-SA (version to verify at download time),Mapillary image 196377819004993 by pradeepbv; source https://www.mapillary.com/app/?pKey=196377819004993; licensed under CC BY-SA,blocked_pending_manual_logged_in_terms_confirmation
1270009204776130,1505042624338548,1505042624338548,regulatory--stop--g1,stop,k96FGdscMXft7YvQRn41DZ,2026-04-25T11:35:59+00:00,1777116959498,106724622478113,WPStan,19.0612183,72.8623870,"Non-overlapping outer urban tile around Mumbai, India; excludes the r07 centre box",Mumbai outer tile,https://www.mapillary.com/app/?pKey=1270009204776130,2026-09-01T17:31:29+00:00,high_exact_semantic_taxonomy_prefix,mapillary_india_group_00012,metadata_only_not_reviewed,no,31,proposed_metadata_only,no,"All catalogued stop candidates retained; round-robin order across dependency groups, then metadata diversity within each group",Mapillary image 1270009204776130,WPStan,https://www.mapillary.com/app/?pKey=1270009204776130,CC BY-SA (version to verify at download time),Mapillary image 1270009204776130 by WPStan; source https://www.mapillary.com/app/?pKey=1270009204776130; licensed under CC BY-SA,blocked_pending_manual_logged_in_terms_confirmation
844149306179862,180965013788346,180965013788346,regulatory--stop--g1,stop,gmgvk8fyvg3wclhy4oag9v,2016-12-12T05:32:17+00:00,1481520737103,108469318050957,yogi,12.9518932,77.6090215,"Non-overlapping outer urban tile around Bengaluru, India; excludes the r07 centre box",Bengaluru outer tile,https://www.mapillary.com/app/?pKey=844149306179862,2026-09-01T17:31:29+00:00,high_exact_semantic_taxonomy_prefix,mapillary_india_group_00015,metadata_only_not_reviewed,no,32,proposed_metadata_only,no,"All catalogued stop candidates retained; round-robin order across dependency groups, then metadata diversity within each group",Mapillary image 844149306179862,yogi,https://www.mapillary.com/app/?pKey=844149306179862,CC BY-SA (version to verify at download time),Mapillary image 844149306179862 by yogi; source https://www.mapillary.com/app/?pKey=844149306179862; licensed under CC BY-SA,blocked_pending_manual_logged_in_terms_confirmation
757936621756854,208449057516643,208449057516643,regulatory--stop--g1,stop,frU8i8F6_r72mHFQ3yJaog,2017-07-23T06:11:30+00:00,1500790290601,104356101806278,manojkmohan,10.5285553,76.2179816,"Curated interior coordinate centred on Thrissur, India",Thrissur,https://www.mapillary.com/app/?pKey=757936621756854,2026-09-01T17:31:29+00:00,high_exact_semantic_taxonomy_prefix,mapillary_india_group_00018,metadata_only_not_reviewed,no,33,proposed_metadata_only,no,"All catalogued stop candidates retained; round-robin order across dependency groups, then metadata diversity within each group",Mapillary image 757936621756854,manojkmohan,https://www.mapillary.com/app/?pKey=757936621756854,CC BY-SA (version to verify at download time),Mapillary image 757936621756854 by manojkmohan; source https://www.mapillary.com/app/?pKey=757936621756854; licensed under CC BY-SA,blocked_pending_manual_logged_in_terms_confirmation
492367702078346,251142620034595,251142620034595,regulatory--stop--g1,stop,4F5HagySfmdeHeL31CDYww,2018-02-14T04:15:18+00:00,1518581718153,109833741245768,richlv,12.9688129,77.5791142,"Non-overlapping outer urban tile around Bengaluru, India; excludes the r07 centre box",Bengaluru outer tile,https://www.mapillary.com/app/?pKey=492367702078346,2026-09-01T17:31:29+00:00,high_exact_semantic_taxonomy_prefix,mapillary_india_group_00019,metadata_only_not_reviewed,no,34,proposed_metadata_only,no,"All catalogued stop candidates retained; round-robin order across dependency groups, then metadata diversity within each group",Mapillary image 492367702078346,richlv,https://www.mapillary.com/app/?pKey=492367702078346,CC BY-SA (version to verify at download time),Mapillary image 492367702078346 by richlv; source https://www.mapillary.com/app/?pKey=492367702078346; licensed under CC BY-SA,blocked_pending_manual_logged_in_terms_confirmation
314878790032272,2916379968680363,2916379968680363,regulatory--stop--g1,stop,frU8i8F6_r72mHFQ3yJaog,2017-07-23T06:12:52+00:00,1500790372046,104356101806278,manojkmohan,10.5289058,76.2172712,"Curated interior coordinate centred on Thrissur, India",Thrissur,https://www.mapillary.com/app/?pKey=314878790032272,2026-09-01T17:31:29+00:00,high_exact_semantic_taxonomy_prefix,mapillary_india_group_00022,metadata_only_not_reviewed,no,35,proposed_metadata_only,no,"All catalogued stop candidates retained; round-robin order across dependency groups, then metadata diversity within each group",Mapillary image 314878790032272,manojkmohan,https://www.mapillary.com/app/?pKey=314878790032272,CC BY-SA (version to verify at download time),Mapillary image 314878790032272 by manojkmohan; source https://www.mapillary.com/app/?pKey=314878790032272; licensed under CC BY-SA,blocked_pending_manual_logged_in_terms_confirmation
780797542625555,2941949159387078,2941949159387078,regulatory--stop--g1,stop,LkcYscvorK8LkQskBqtGI8,2020-06-30T13:55:54+00:00,1593525354049,100149628902804,pra1985,17.4008041,78.4709697,"Non-overlapping outer urban tile around Hyderabad, India; excludes the r07 centre box",Hyderabad outer tile,https://www.mapillary.com/app/?pKey=780797542625555,2026-09-01T17:31:29+00:00,high_exact_semantic_taxonomy_prefix,mapillary_india_group_00023,metadata_only_not_reviewed,no,36,proposed_metadata_only,no,"All catalogued stop candidates retained; round-robin order across dependency groups, then metadata diversity within each group",Mapillary image 780797542625555,pra1985,https://www.mapillary.com/app/?pKey=780797542625555,CC BY-SA (version to verify at download time),Mapillary image 780797542625555 by pra1985; source https://www.mapillary.com/app/?pKey=780797542625555; licensed under CC BY-SA,blocked_pending_manual_logged_in_terms_confirmation
3211922849012251,3085012171700288,3085012171700288,regulatory--stop--g1,stop,SY9sP5dMG4WFOIgT6jHJli,2026-05-02T04:33:35+00:00,1777696415027,106724622478113,WPStan,19.0614021,72.8635019,"Non-overlapping outer urban tile around Mumbai, India; excludes the r07 centre box",Mumbai outer tile,https://www.mapillary.com/app/?pKey=3211922849012251,2026-09-01T17:31:29+00:00,high_exact_semantic_taxonomy_prefix,mapillary_india_group_00025,metadata_only_not_reviewed,no,37,proposed_metadata_only,no,"All catalogued stop candidates retained; round-robin order across dependency groups, then metadata diversity within each group",Mapillary image 3211922849012251,WPStan,https://www.mapillary.com/app/?pKey=3211922849012251,CC BY-SA (version to verify at download time),Mapillary image 3211922849012251 by WPStan; source https://www.mapillary.com/app/?pKey=3211922849012251; licensed under CC BY-SA,blocked_pending_manual_logged_in_terms_confirmation
361536216756626,342309952131542,342309952131542,regulatory--stop--g1,stop,b8iIJ3TdeQRS2FtYjvnDXc,2024-02-29T03:36:37+00:00,1709177797175,107704211899757,TejashreePOD,20.2965001,85.8245346,"Map feature coordinate returned inside curated Bhubaneswar, India search box",Bhubaneswar,https://www.mapillary.com/app/?pKey=361536216756626,2026-09-01T15:58:36+00:00,high_exact_semantic_taxonomy_prefix,mapillary_india_group_00027,metadata_only_not_reviewed,no,38,proposed_metadata_only,no,"All catalogued stop candidates retained; round-robin order across dependency groups, then metadata diversity within each group",Mapillary image 361536216756626,TejashreePOD,https://www.mapillary.com/app/?pKey=361536216756626,CC BY-SA (version to verify at download time),Mapillary image 361536216756626 by TejashreePOD; source https://www.mapillary.com/app/?pKey=361536216756626; licensed under CC BY-SA,blocked_pending_manual_logged_in_terms_confirmation
152214486906184,3719036634875078,3719036634875078,regulatory--stop--g1,stop,frU8i8F6_r72mHFQ3yJaog,2017-07-23T06:14:35+00:00,1500790475663,104356101806278,manojkmohan,10.5292214,76.2161841,"Curated interior coordinate centred on Thrissur, India",Thrissur,https://www.mapillary.com/app/?pKey=152214486906184,2026-09-01T17:31:29+00:00,high_exact_semantic_taxonomy_prefix,mapillary_india_group_00028,metadata_only_not_reviewed,no,39,proposed_metadata_only,no,"All catalogued stop candidates retained; round-robin order across dependency groups, then metadata diversity within each group",Mapillary image 152214486906184,manojkmohan,https://www.mapillary.com/app/?pKey=152214486906184,CC BY-SA (version to verify at download time),Mapillary image 152214486906184 by manojkmohan; source https://www.mapillary.com/app/?pKey=152214486906184; licensed under CC BY-SA,blocked_pending_manual_logged_in_terms_confirmation
2644511782520861,438991063802757,438991063802757,regulatory--stop--g1,stop,PMo7KhJ3HSQOUNxTrmZCa6,2021-08-03T03:40:53+00:00,1627962053793,138886808313564,muruligowda,12.9674558,77.5949635,"Map feature coordinate returned inside curated Bengaluru, India search box",Bengaluru,https://www.mapillary.com/app/?pKey=2644511782520861,2026-09-01T15:58:36+00:00,high_exact_semantic_taxonomy_prefix,mapillary_india_group_00031,metadata_only_not_reviewed,no,40,proposed_metadata_only,no,"All catalogued stop candidates retained; round-robin order across dependency groups, then metadata diversity within each group",Mapillary image 2644511782520861,muruligowda,https://www.mapillary.com/app/?pKey=2644511782520861,CC BY-SA (version to verify at download time),Mapillary image 2644511782520861 by muruligowda; source https://www.mapillary.com/app/?pKey=2644511782520861; licensed under CC BY-SA,blocked_pending_manual_logged_in_terms_confirmation
759609768055999,460518565051977,460518565051977,regulatory--stop--g1,stop,A0ea56Fgude4KWyKjGedZQ,2017-05-27T10:09:36+00:00,1495879776545,109088571321479,chethan,12.9565091,77.5812484,"Non-overlapping outer urban tile around Bengaluru, India; excludes the r07 centre box",Bengaluru outer tile,https://www.mapillary.com/app/?pKey=759609768055999,2026-09-01T17:31:29+00:00,high_exact_semantic_taxonomy_prefix,mapillary_india_group_00032,metadata_only_not_reviewed,no,41,proposed_metadata_only,no,"All catalogued stop candidates retained; round-robin order across dependency groups, then metadata diversity within each group",Mapillary image 759609768055999,chethan,https://www.mapillary.com/app/?pKey=759609768055999,CC BY-SA (version to verify at download time),Mapillary image 759609768055999 by chethan; source https://www.mapillary.com/app/?pKey=759609768055999; licensed under CC BY-SA,blocked_pending_manual_logged_in_terms_confirmation
149058647097781,465812847827805,465812847827805,regulatory--stop--g1,stop,Y7uV9nWSPoa3LCHYKwP2ew,2017-06-30T10:51:22+00:00,1498819882258,104356101806278,manojkmohan,10.5242829,76.2118812,"Curated interior coordinate centred on Thrissur, India",Thrissur,https://www.mapillary.com/app/?pKey=149058647097781,2026-09-01T17:31:29+00:00,high_exact_semantic_taxonomy_prefix,mapillary_india_group_00033,metadata_only_not_reviewed,no,42,proposed_metadata_only,no,"All catalogued stop candidates retained; round-robin order across dependency groups, then metadata diversity within each group",Mapillary image 149058647097781,manojkmohan,https://www.mapillary.com/app/?pKey=149058647097781,CC BY-SA (version to verify at download time),Mapillary image 149058647097781 by manojkmohan; source https://www.mapillary.com/app/?pKey=149058647097781; licensed under CC BY-SA,blocked_pending_manual_logged_in_terms_confirmation
1636388416554396,481614309826045,481614309826045,regulatory--stop--g1,stop,yAp9gFhya1IGeXvi2lzvzw,2018-02-04T05:19:36+00:00,1517721576661,109833741245768,richlv,12.9535147,77.5925639,"Non-overlapping outer urban tile around Bengaluru, India; excludes the r07 centre box",Bengaluru outer tile,https://www.mapillary.com/app/?pKey=1636388416554396,2026-09-01T17:31:29+00:00,high_exact_semantic_taxonomy_prefix,mapillary_india_group_00035,metadata_only_not_reviewed,no,43,proposed_metadata_only,no,"All catalogued stop candidates retained; round-robin order across dependency groups, then metadata diversity within each group",Mapillary image 1636388416554396,richlv,https://www.mapillary.com/app/?pKey=1636388416554396,CC BY-SA (version to verify at download time),Mapillary image 1636388416554396 by richlv; source https://www.mapillary.com/app/?pKey=1636388416554396; licensed under CC BY-SA,blocked_pending_manual_logged_in_terms_confirmation
215435054312379,482883380561287,482883380561287,regulatory--stop--g1,stop,y7mhlS82iZg4RYdcOUXbuo,2022-10-30T06:47:31+00:00,1667112451707,101864952355265,vjain93,20.2962216,85.8269160,"Map feature coordinate returned inside curated Bhubaneswar, India search box",Bhubaneswar,https://www.mapillary.com/app/?pKey=215435054312379,2026-09-01T15:58:36+00:00,high_exact_semantic_taxonomy_prefix,mapillary_india_group_00037,metadata_only_not_reviewed,no,44,proposed_metadata_only,no,"All catalogued stop candidates retained; round-robin order across dependency groups, then metadata diversity within each group",Mapillary image 215435054312379,vjain93,https://www.mapillary.com/app/?pKey=215435054312379,CC BY-SA (version to verify at download time),Mapillary image 215435054312379 by vjain93; source https://www.mapillary.com/app/?pKey=215435054312379; licensed under CC BY-SA,blocked_pending_manual_logged_in_terms_confirmation
614011496223245,486550056027958,486550056027958;486824266000537,regulatory--stop--g1,stop,1J1jkwcehnrQ_h3PwkMX2g,2016-07-09T15:52:24+00:00,1468079544257,106868151546426,shravan91,23.0348036,72.5606791,"Non-overlapping outer urban tile around Ahmedabad, India; excludes the r07 centre box",Ahmedabad outer tile,https://www.mapillary.com/app/?pKey=614011496223245,2026-09-01T17:31:29+00:00,high_exact_semantic_taxonomy_prefix,mapillary_india_group_00038,metadata_only_not_reviewed,no,45,proposed_metadata_only,no,"All catalogued stop candidates retained; round-robin order across dependency groups, then metadata diversity within each group",Mapillary image 614011496223245,shravan91,https://www.mapillary.com/app/?pKey=614011496223245,CC BY-SA (version to verify at download time),Mapillary image 614011496223245 by shravan91; source https://www.mapillary.com/app/?pKey=614011496223245; licensed under CC BY-SA,blocked_pending_manual_logged_in_terms_confirmation
533887497602347,492731675486374,492731675486374,regulatory--stop--g1,stop,h1EXgFxnhc_t2zPFPL5QsQ,2018-02-03T09:13:14+00:00,1517649194000,107965118105737,natarajakaveeti,31.1085048,77.1669367,"Curated interior coordinate centred on Shimla, India",Shimla,https://www.mapillary.com/app/?pKey=533887497602347,2026-09-01T17:31:29+00:00,high_exact_semantic_taxonomy_prefix,mapillary_india_group_00040,metadata_only_not_reviewed,no,46,proposed_metadata_only,no,"All catalogued stop candidates retained; round-robin order across dependency groups, then metadata diversity within each group",Mapillary image 533887497602347,natarajakaveeti,https://www.mapillary.com/app/?pKey=533887497602347,CC BY-SA (version to verify at download time),Mapillary image 533887497602347 by natarajakaveeti; source https://www.mapillary.com/app/?pKey=533887497602347; licensed under CC BY-SA,blocked_pending_manual_logged_in_terms_confirmation
308390117513060,508081396899737,508081396899737,regulatory--stop--g10,stop,ykf2d8o3fmbuqhrw1aqpyl,2021-01-09T09:13:24+00:00,1610183604082,100570762192712,manojbright,10.5317384,76.2113496,"Curated interior coordinate centred on Thrissur, India",Thrissur,https://www.mapillary.com/app/?pKey=308390117513060,2026-09-01T17:31:29+00:00,high_exact_semantic_taxonomy_prefix,mapillary_india_group_00042,metadata_only_not_reviewed,no,47,proposed_metadata_only,no,"All catalogued stop candidates retained; round-robin order across dependency groups, then metadata diversity within each group",Mapillary image 308390117513060,manojbright,https://www.mapillary.com/app/?pKey=308390117513060,CC BY-SA (version to verify at download time),Mapillary image 308390117513060 by manojbright; source https://www.mapillary.com/app/?pKey=308390117513060; licensed under CC BY-SA,blocked_pending_manual_logged_in_terms_confirmation
1399024293787792,591203692274165,591203692274165,regulatory--stop--g1,stop,gRgIn54GfgvIZQLItVvnRg,2018-02-14T02:34:14+00:00,1518575654200,109833741245768,richlv,12.9736151,77.5796324,"Non-overlapping outer urban tile around Bengaluru, India; excludes the r07 centre box",Bengaluru outer tile,https://www.mapillary.com/app/?pKey=1399024293787792,2026-09-01T17:31:29+00:00,high_exact_semantic_taxonomy_prefix,mapillary_india_group_00046,metadata_only_not_reviewed,no,48,proposed_metadata_only,no,"All catalogued stop candidates retained; round-robin order across dependency groups, then metadata diversity within each group",Mapillary image 1399024293787792,richlv,https://www.mapillary.com/app/?pKey=1399024293787792,CC BY-SA (version to verify at download time),Mapillary image 1399024293787792 by richlv; source https://www.mapillary.com/app/?pKey=1399024293787792; licensed under CC BY-SA,blocked_pending_manual_logged_in_terms_confirmation
382413487780117,821291238809167,821291238809167,regulatory--stop--g1,stop,TdQPvKeDwLgixzSO2l3FHR,2023-12-23T03:47:30+00:00,1703303250690,101499702097483,V15,10.5220049,76.2168148,"Curated interior coordinate centred on Thrissur, India",Thrissur,https://www.mapillary.com/app/?pKey=382413487780117,2026-09-01T17:31:29+00:00,high_exact_semantic_taxonomy_prefix,mapillary_india_group_00051,metadata_only_not_reviewed,no,49,proposed_metadata_only,no,"All catalogued stop candidates retained; round-robin order across dependency groups, then metadata diversity within each group",Mapillary image 382413487780117,V15,https://www.mapillary.com/app/?pKey=382413487780117,CC BY-SA (version to verify at download time),Mapillary image 382413487780117 by V15; source https://www.mapillary.com/app/?pKey=382413487780117; licensed under CC BY-SA,blocked_pending_manual_logged_in_terms_confirmation
902100350360446,845322002724792,845322002724792,regulatory--stop--g1,stop,XA7KyeCQbLd-xJwgdl0aLQ,2015-11-27T11:35:09+00:00,1448624109816,109739051253554,akash,10.5281540,76.2143700,"Curated interior coordinate centred on Thrissur, India",Thrissur,https://www.mapillary.com/app/?pKey=902100350360446,2026-09-01T17:31:29+00:00,high_exact_semantic_taxonomy_prefix,mapillary_india_group_00052,metadata_only_not_reviewed,no,50,proposed_metadata_only,no,"All catalogued stop candidates retained; round-robin order across dependency groups, then metadata diversity within each group",Mapillary image 902100350360446,akash,https://www.mapillary.com/app/?pKey=902100350360446,CC BY-SA (version to verify at download time),Mapillary image 902100350360446 by akash; source https://www.mapillary.com/app/?pKey=902100350360446; licensed under CC BY-SA,blocked_pending_manual_logged_in_terms_confirmation
461776005080449,845469306043395,845469306043395,regulatory--stop--g1,stop,Fw7oxAz0DFXCdHvObvfXrw,2017-06-30T10:26:07+00:00,1498818367491,104356101806278,manojkmohan,10.5280995,76.2144918,"Curated interior coordinate centred on Thrissur, India",Thrissur,https://www.mapillary.com/app/?pKey=461776005080449,2026-09-01T17:31:29+00:00,high_exact_semantic_taxonomy_prefix,mapillary_india_group_00053,metadata_only_not_reviewed,no,51,proposed_metadata_only,no,"All catalogued stop candidates retained; round-robin order across dependency groups, then metadata diversity within each group",Mapillary image 461776005080449,manojkmohan,https://www.mapillary.com/app/?pKey=461776005080449,CC BY-SA (version to verify at download time),Mapillary image 461776005080449 by manojkmohan; source https://www.mapillary.com/app/?pKey=461776005080449; licensed under CC BY-SA,blocked_pending_manual_logged_in_terms_confirmation
1226328002610814,873888689038950,873888689038950,regulatory--stop--g1,stop,sCFf0eah4yM835tDPcbNij,2026-04-01T04:18:08+00:00,1775017088098,1226028326356068,jegadeeshcumta,13.0816407,80.2757701,"Map feature coordinate returned inside curated Chennai, India search box",Chennai,https://www.mapillary.com/app/?pKey=1226328002610814,2026-09-01T15:58:36+00:00,high_exact_semantic_taxonomy_prefix,mapillary_india_group_00054,metadata_only_not_reviewed,no,52,proposed_metadata_only,no,"All catalogued stop candidates retained; round-robin order across dependency groups, then metadata diversity within each group",Mapillary image 1226328002610814,jegadeeshcumta,https://www.mapillary.com/app/?pKey=1226328002610814,CC BY-SA (version to verify at download time),Mapillary image 1226328002610814 by jegadeeshcumta; source https://www.mapillary.com/app/?pKey=1226328002610814; licensed under CC BY-SA,blocked_pending_manual_logged_in_terms_confirmation
2411383059254058,9367522263309691,9367522263309691,regulatory--stop--g1,stop,FkXzP6rWmofVnL08KdOEah,2025-01-25T09:22:55+00:00,1737796975813,106724622478113,WPStan,18.5241722,73.8441933,"Non-overlapping outer urban tile around Pune, India; excludes the r07 centre box",Pune outer tile,https://www.mapillary.com/app/?pKey=2411383059254058,2026-09-01T17:31:29+00:00,high_exact_semantic_taxonomy_prefix,mapillary_india_group_00055,metadata_only_not_reviewed,no,53,proposed_metadata_only,no,"All catalogued stop candidates retained; round-robin order across dependency groups, then metadata diversity within each group",Mapillary image 2411383059254058,WPStan,https://www.mapillary.com/app/?pKey=2411383059254058,CC BY-SA (version to verify at download time),Mapillary image 2411383059254058 by WPStan; source https://www.mapillary.com/app/?pKey=2411383059254058; licensed under CC BY-SA,blocked_pending_manual_logged_in_terms_confirmation
962400374498872,972301046916069,972301046916069,regulatory--stop--g1,stop,uith6u0f8aqvn06awi8nwb,2021-01-11T09:59:08+00:00,1610359148314,101743165404889,pradeepbv,12.9855413,77.5930689,"Non-overlapping outer urban tile around Bengaluru, India; excludes the r07 centre box",Bengaluru outer tile,https://www.mapillary.com/app/?pKey=962400374498872,2026-09-01T17:31:29+00:00,high_exact_semantic_taxonomy_prefix,mapillary_india_group_00056,metadata_only_not_reviewed,no,54,proposed_metadata_only,no,"All catalogued stop candidates retained; round-robin order across dependency groups, then metadata diversity within each group",Mapillary image 962400374498872,pradeepbv,https://www.mapillary.com/app/?pKey=962400374498872,CC BY-SA (version to verify at download time),Mapillary image 962400374498872 by pradeepbv; source https://www.mapillary.com/app/?pKey=962400374498872; licensed under CC BY-SA,blocked_pending_manual_logged_in_terms_confirmation
386607900309212,121886100627707,121886100627707,regulatory--stop--g1,stop,eBzoQZcJEmLPdjXCsV2WOS,2022-08-29T13:11:29+00:00,1661778689280,109037777999283,olily,12.9758947,77.6146308,"Non-overlapping outer urban tile around Bengaluru, India; excludes the r07 centre box",Bengaluru outer tile,https://www.mapillary.com/app/?pKey=386607900309212,2026-09-01T17:31:29+00:00,high_exact_semantic_taxonomy_prefix,mapillary_india_group_00004,metadata_only_not_reviewed,no,55,proposed_metadata_only,no,"All catalogued stop candidates retained; round-robin order across dependency groups, then metadata diversity within each group",Mapillary image 386607900309212,olily,https://www.mapillary.com/app/?pKey=386607900309212,CC BY-SA (version to verify at download time),Mapillary image 386607900309212 by olily; source https://www.mapillary.com/app/?pKey=386607900309212; licensed under CC BY-SA,blocked_pending_manual_logged_in_terms_confirmation
793617444600041,145133170964891,145133170964891,regulatory--stop--g1,stop,i64k97df2hnxaqdee6uush,2021-01-06T02:48:36+00:00,1609901316722,101743165404889,pradeepbv,12.9819800,77.5970134,"Non-overlapping outer urban tile around Bengaluru, India; excludes the r07 centre box",Bengaluru outer tile,https://www.mapillary.com/app/?pKey=793617444600041,2026-09-01T17:31:29+00:00,high_exact_semantic_taxonomy_prefix,mapillary_india_group_00008,metadata_only_not_reviewed,no,56,proposed_metadata_only,no,"All catalogued stop candidates retained; round-robin order across dependency groups, then metadata diversity within each group",Mapillary image 793617444600041,pradeepbv,https://www.mapillary.com/app/?pKey=793617444600041,CC BY-SA (version to verify at download time),Mapillary image 793617444600041 by pradeepbv; source https://www.mapillary.com/app/?pKey=793617444600041; licensed under CC BY-SA,blocked_pending_manual_logged_in_terms_confirmation
491003665475946,180965013788346,180965013788346,regulatory--stop--g1,stop,gmgvk8fyvg3wclhy4oag9v,2016-12-12T05:32:18+00:00,1481520738846,108469318050957,yogi,12.9518803,77.6091117,"Non-overlapping outer urban tile around Bengaluru, India; excludes the r07 centre box",Bengaluru outer tile,https://www.mapillary.com/app/?pKey=491003665475946,2026-09-01T17:31:29+00:00,high_exact_semantic_taxonomy_prefix,mapillary_india_group_00015,metadata_only_not_reviewed,no,57,proposed_metadata_only,no,"All catalogued stop candidates retained; round-robin order across dependency groups, then metadata diversity within each group",Mapillary image 491003665475946,yogi,https://www.mapillary.com/app/?pKey=491003665475946,CC BY-SA (version to verify at download time),Mapillary image 491003665475946 by yogi; source https://www.mapillary.com/app/?pKey=491003665475946; licensed under CC BY-SA,blocked_pending_manual_logged_in_terms_confirmation
805023246884338,208449057516643,208449057516643,regulatory--stop--g1,stop,frU8i8F6_r72mHFQ3yJaog,2017-07-23T06:11:31+00:00,1500790291613,104356101806278,manojkmohan,10.5285665,76.2179797,"Curated interior coordinate centred on Thrissur, India",Thrissur,https://www.mapillary.com/app/?pKey=805023246884338,2026-09-01T17:31:29+00:00,high_exact_semantic_taxonomy_prefix,mapillary_india_group_00018,metadata_only_not_reviewed,no,58,proposed_metadata_only,no,"All catalogued stop candidates retained; round-robin order across dependency groups, then metadata diversity within each group",Mapillary image 805023246884338,manojkmohan,https://www.mapillary.com/app/?pKey=805023246884338,CC BY-SA (version to verify at download time),Mapillary image 805023246884338 by manojkmohan; source https://www.mapillary.com/app/?pKey=805023246884338; licensed under CC BY-SA,blocked_pending_manual_logged_in_terms_confirmation
291001506019630,251142620034595,251142620034595,regulatory--stop--g1,stop,4F5HagySfmdeHeL31CDYww,2018-02-14T04:15:20+00:00,1518581720097,109833741245768,richlv,12.9688356,77.5791333,"Non-overlapping outer urban tile around Bengaluru, India; excludes the r07 centre box",Bengaluru outer tile,https://www.mapillary.com/app/?pKey=291001506019630,2026-09-01T17:31:29+00:00,high_exact_semantic_taxonomy_prefix,mapillary_india_group_00019,metadata_only_not_reviewed,no,59,proposed_metadata_only,no,"All catalogued stop candidates retained; round-robin order across dependency groups, then metadata diversity within each group",Mapillary image 291001506019630,richlv,https://www.mapillary.com/app/?pKey=291001506019630,CC BY-SA (version to verify at download time),Mapillary image 291001506019630 by richlv; source https://www.mapillary.com/app/?pKey=291001506019630; licensed under CC BY-SA,blocked_pending_manual_logged_in_terms_confirmation
755721328451256,2916379968680363,2916379968680363,regulatory--stop--g1,stop,frU8i8F6_r72mHFQ3yJaog,2017-07-23T06:12:53+00:00,1500790373095,104356101806278,manojkmohan,10.5289043,76.2172621,"Curated interior coordinate centred on Thrissur, India",Thrissur,https://www.mapillary.com/app/?pKey=755721328451256,2026-09-01T17:31:29+00:00,high_exact_semantic_taxonomy_prefix,mapillary_india_group_00022,metadata_only_not_reviewed,no,60,proposed_metadata_only,no,"All catalogued stop candidates retained; round-robin order across dependency groups, then metadata diversity within each group",Mapillary image 755721328451256,manojkmohan,https://www.mapillary.com/app/?pKey=755721328451256,CC BY-SA (version to verify at download time),Mapillary image 755721328451256 by manojkmohan; source https://www.mapillary.com/app/?pKey=755721328451256; licensed under CC BY-SA,blocked_pending_manual_logged_in_terms_confirmation
787405895248397,2941949159387078,2941949159387078,regulatory--stop--g1,stop,LkcYscvorK8LkQskBqtGI8,2020-06-30T13:55:54+00:00,1593525354099,100149628902804,pra1985,17.4008023,78.4709560,"Non-overlapping outer urban tile around Hyderabad, India; excludes the r07 centre box",Hyderabad outer tile,https://www.mapillary.com/app/?pKey=787405895248397,2026-09-01T17:31:29+00:00,high_exact_semantic_taxonomy_prefix,mapillary_india_group_00023,metadata_only_not_reviewed,no,61,proposed_metadata_only,no,"All catalogued stop candidates retained; round-robin order across dependency groups, then metadata diversity within each group",Mapillary image 787405895248397,pra1985,https://www.mapillary.com/app/?pKey=787405895248397,CC BY-SA (version to verify at download time),Mapillary image 787405895248397 by pra1985; source https://www.mapillary.com/app/?pKey=787405895248397; licensed under CC BY-SA,blocked_pending_manual_logged_in_terms_confirmation
1282683073426836,3085012171700288,3085012171700288,regulatory--stop--g1,stop,SY9sP5dMG4WFOIgT6jHJli,2026-05-02T04:33:37+00:00,1777696417888,106724622478113,WPStan,19.0613747,72.8634933,"Non-overlapping outer urban tile around Mumbai, India; excludes the r07 centre box",Mumbai outer tile,https://www.mapillary.com/app/?pKey=1282683073426836,2026-09-01T17:31:29+00:00,high_exact_semantic_taxonomy_prefix,mapillary_india_group_00025,metadata_only_not_reviewed,no,62,proposed_metadata_only,no,"All catalogued stop candidates retained; round-robin order across dependency groups, then metadata diversity within each group",Mapillary image 1282683073426836,WPStan,https://www.mapillary.com/app/?pKey=1282683073426836,CC BY-SA (version to verify at download time),Mapillary image 1282683073426836 by WPStan; source https://www.mapillary.com/app/?pKey=1282683073426836; licensed under CC BY-SA,blocked_pending_manual_logged_in_terms_confirmation
1377856796201221,342309952131542,342309952131542,regulatory--stop--g1,stop,b8iIJ3TdeQRS2FtYjvnDXc,2024-02-29T03:36:40+00:00,1709177800134,107704211899757,TejashreePOD,20.2962563,85.8246155,"Map feature coordinate returned inside curated Bhubaneswar, India search box",Bhubaneswar,https://www.mapillary.com/app/?pKey=1377856796201221,2026-09-01T15:58:36+00:00,high_exact_semantic_taxonomy_prefix,mapillary_india_group_00027,metadata_only_not_reviewed,no,63,proposed_metadata_only,no,"All catalogued stop candidates retained; round-robin order across dependency groups, then metadata diversity within each group",Mapillary image 1377856796201221,TejashreePOD,https://www.mapillary.com/app/?pKey=1377856796201221,CC BY-SA (version to verify at download time),Mapillary image 1377856796201221 by TejashreePOD; source https://www.mapillary.com/app/?pKey=1377856796201221; licensed under CC BY-SA,blocked_pending_manual_logged_in_terms_confirmation
475309870446861,3719036634875078,3719036634875078,regulatory--stop--g1,stop,frU8i8F6_r72mHFQ3yJaog,2017-07-23T06:14:36+00:00,1500790476663,104356101806278,manojkmohan,10.5292277,76.2161747,"Curated interior coordinate centred on Thrissur, India",Thrissur,https://www.mapillary.com/app/?pKey=475309870446861,2026-09-01T17:31:29+00:00,high_exact_semantic_taxonomy_prefix,mapillary_india_group_00028,metadata_only_not_reviewed,no,64,proposed_metadata_only,no,"All catalogued stop candidates retained; round-robin order across dependency groups, then metadata diversity within each group",Mapillary image 475309870446861,manojkmohan,https://www.mapillary.com/app/?pKey=475309870446861,CC BY-SA (version to verify at download time),Mapillary image 475309870446861 by manojkmohan; source https://www.mapillary.com/app/?pKey=475309870446861; licensed under CC BY-SA,blocked_pending_manual_logged_in_terms_confirmation
363965225109456,438991063802757,438991063802757,regulatory--stop--g1,stop,PMo7KhJ3HSQOUNxTrmZCa6,2021-08-03T03:40:54+00:00,1627962054641,138886808313564,muruligowda,12.9674132,77.5949682,"Map feature coordinate returned inside curated Bengaluru, India search box",Bengaluru,https://www.mapillary.com/app/?pKey=363965225109456,2026-09-01T15:58:36+00:00,high_exact_semantic_taxonomy_prefix,mapillary_india_group_00031,metadata_only_not_reviewed,no,65,proposed_metadata_only,no,"All catalogued stop candidates retained; round-robin order across dependency groups, then metadata diversity within each group",Mapillary image 363965225109456,muruligowda,https://www.mapillary.com/app/?pKey=363965225109456,CC BY-SA (version to verify at download time),Mapillary image 363965225109456 by muruligowda; source https://www.mapillary.com/app/?pKey=363965225109456; licensed under CC BY-SA,blocked_pending_manual_logged_in_terms_confirmation
907962233327002,481614309826045,481614309826045,regulatory--stop--g1,stop,yAp9gFhya1IGeXvi2lzvzw,2018-02-04T05:19:37+00:00,1517721577696,109833741245768,richlv,12.9535089,77.5925735,"Non-overlapping outer urban tile around Bengaluru, India; excludes the r07 centre box",Bengaluru outer tile,https://www.mapillary.com/app/?pKey=907962233327002,2026-09-01T17:31:29+00:00,high_exact_semantic_taxonomy_prefix,mapillary_india_group_00035,metadata_only_not_reviewed,no,66,proposed_metadata_only,no,"All catalogued stop candidates retained; round-robin order across dependency groups, then metadata diversity within each group",Mapillary image 907962233327002,richlv,https://www.mapillary.com/app/?pKey=907962233327002,CC BY-SA (version to verify at download time),Mapillary image 907962233327002 by richlv; source https://www.mapillary.com/app/?pKey=907962233327002; licensed under CC BY-SA,blocked_pending_manual_logged_in_terms_confirmation
294460695656083,591203692274165,591203692274165,regulatory--stop--g1,stop,gRgIn54GfgvIZQLItVvnRg,2018-02-14T02:34:18+00:00,1518575658228,109833741245768,richlv,12.9736370,77.5795899,"Non-overlapping outer urban tile around Bengaluru, India; excludes the r07 centre box",Bengaluru outer tile,https://www.mapillary.com/app/?pKey=294460695656083,2026-09-01T17:31:29+00:00,high_exact_semantic_taxonomy_prefix,mapillary_india_group_00046,metadata_only_not_reviewed,no,67,proposed_metadata_only,no,"All catalogued stop candidates retained; round-robin order across dependency groups, then metadata diversity within each group",Mapillary image 294460695656083,richlv,https://www.mapillary.com/app/?pKey=294460695656083,CC BY-SA (version to verify at download time),Mapillary image 294460695656083 by richlv; source https://www.mapillary.com/app/?pKey=294460695656083; licensed under CC BY-SA,blocked_pending_manual_logged_in_terms_confirmation
862851565540871,821291238809167,821291238809167,regulatory--stop--g1,stop,TdQPvKeDwLgixzSO2l3FHR,2023-12-23T03:47:31+00:00,1703303251656,101499702097483,V15,10.5220760,76.2168176,"Curated interior coordinate centred on Thrissur, India",Thrissur,https://www.mapillary.com/app/?pKey=862851565540871,2026-09-01T17:31:29+00:00,high_exact_semantic_taxonomy_prefix,mapillary_india_group_00051,metadata_only_not_reviewed,no,68,proposed_metadata_only,no,"All catalogued stop candidates retained; round-robin order across dependency groups, then metadata diversity within each group",Mapillary image 862851565540871,V15,https://www.mapillary.com/app/?pKey=862851565540871,CC BY-SA (version to verify at download time),Mapillary image 862851565540871 by V15; source https://www.mapillary.com/app/?pKey=862851565540871; licensed under CC BY-SA,blocked_pending_manual_logged_in_terms_confirmation
1139754259784392,845322002724792,845322002724792,regulatory--stop--g1,stop,XA7KyeCQbLd-xJwgdl0aLQ,2015-11-27T11:35:11+00:00,1448624111804,109739051253554,akash,10.5281530,76.2143695,"Curated interior coordinate centred on Thrissur, India",Thrissur,https://www.mapillary.com/app/?pKey=1139754259784392,2026-09-01T17:31:29+00:00,high_exact_semantic_taxonomy_prefix,mapillary_india_group_00052,metadata_only_not_reviewed,no,69,proposed_metadata_only,no,"All catalogued stop candidates retained; round-robin order across dependency groups, then metadata diversity within each group",Mapillary image 1139754259784392,akash,https://www.mapillary.com/app/?pKey=1139754259784392,CC BY-SA (version to verify at download time),Mapillary image 1139754259784392 by akash; source https://www.mapillary.com/app/?pKey=1139754259784392; licensed under CC BY-SA,blocked_pending_manual_logged_in_terms_confirmation
556785701954457,845469306043395,845469306043395,regulatory--stop--g1,stop,Fw7oxAz0DFXCdHvObvfXrw,2017-06-30T10:26:09+00:00,1498818369494,104356101806278,manojkmohan,10.5280698,76.2144910,"Curated interior coordinate centred on Thrissur, India",Thrissur,https://www.mapillary.com/app/?pKey=556785701954457,2026-09-01T17:31:29+00:00,high_exact_semantic_taxonomy_prefix,mapillary_india_group_00053,metadata_only_not_reviewed,no,70,proposed_metadata_only,no,"All catalogued stop candidates retained; round-robin order across dependency groups, then metadata diversity within each group",Mapillary image 556785701954457,manojkmohan,https://www.mapillary.com/app/?pKey=556785701954457,CC BY-SA (version to verify at download time),Mapillary image 556785701954457 by manojkmohan; source https://www.mapillary.com/app/?pKey=556785701954457; licensed under CC BY-SA,blocked_pending_manual_logged_in_terms_confirmation
1989734761752250,873888689038950,873888689038950,regulatory--stop--g1,stop,sCFf0eah4yM835tDPcbNij,2026-04-01T04:18:09+00:00,1775017089098,1226028326356068,jegadeeshcumta,13.0816300,80.2757085,"Map feature coordinate returned inside curated Chennai, India search box",Chennai,https://www.mapillary.com/app/?pKey=1989734761752250,2026-09-01T15:58:36+00:00,high_exact_semantic_taxonomy_prefix,mapillary_india_group_00054,metadata_only_not_reviewed,no,71,proposed_metadata_only,no,"All catalogued stop candidates retained; round-robin order across dependency groups, then metadata diversity within each group",Mapillary image 1989734761752250,jegadeeshcumta,https://www.mapillary.com/app/?pKey=1989734761752250,CC BY-SA (version to verify at download time),Mapillary image 1989734761752250 by jegadeeshcumta; source https://www.mapillary.com/app/?pKey=1989734761752250; licensed under CC BY-SA,blocked_pending_manual_logged_in_terms_confirmation
348275611714179,9367522263309691,9367522263309691,regulatory--stop--g1,stop,FkXzP6rWmofVnL08KdOEah,2025-01-25T09:22:56+00:00,1737796976581,106724622478113,WPStan,18.5241842,73.8442198,"Non-overlapping outer urban tile around Pune, India; excludes the r07 centre box",Pune outer tile,https://www.mapillary.com/app/?pKey=348275611714179,2026-09-01T17:31:29+00:00,high_exact_semantic_taxonomy_prefix,mapillary_india_group_00055,metadata_only_not_reviewed,no,72,proposed_metadata_only,no,"All catalogued stop candidates retained; round-robin order across dependency groups, then metadata diversity within each group",Mapillary image 348275611714179,WPStan,https://www.mapillary.com/app/?pKey=348275611714179,CC BY-SA (version to verify at download time),Mapillary image 348275611714179 by WPStan; source https://www.mapillary.com/app/?pKey=348275611714179; licensed under CC BY-SA,blocked_pending_manual_logged_in_terms_confirmation
506333247164514,972301046916069,972301046916069,regulatory--stop--g1,stop,uith6u0f8aqvn06awi8nwb,2021-01-11T09:59:09+00:00,1610359149193,101743165404889,pradeepbv,12.9855774,77.5930815,"Non-overlapping outer urban tile around Bengaluru, India; excludes the r07 centre box",Bengaluru outer tile,https://www.mapillary.com/app/?pKey=506333247164514,2026-09-01T17:31:29+00:00,high_exact_semantic_taxonomy_prefix,mapillary_india_group_00056,metadata_only_not_reviewed,no,73,proposed_metadata_only,no,"All catalogued stop candidates retained; round-robin order across dependency groups, then metadata diversity within each group",Mapillary image 506333247164514,pradeepbv,https://www.mapillary.com/app/?pKey=506333247164514,CC BY-SA (version to verify at download time),Mapillary image 506333247164514 by pradeepbv; source https://www.mapillary.com/app/?pKey=506333247164514; licensed under CC BY-SA,blocked_pending_manual_logged_in_terms_confirmation
442564437932079,121886100627707,121886100627707,regulatory--stop--g1,stop,eBzoQZcJEmLPdjXCsV2WOS,2022-08-29T13:11:32+00:00,1661778692284,109037777999283,olily,12.9758946,77.6146307,"Non-overlapping outer urban tile around Bengaluru, India; excludes the r07 centre box",Bengaluru outer tile,https://www.mapillary.com/app/?pKey=442564437932079,2026-09-01T17:31:29+00:00,high_exact_semantic_taxonomy_prefix,mapillary_india_group_00004,metadata_only_not_reviewed,no,74,proposed_metadata_only,no,"All catalogued stop candidates retained; round-robin order across dependency groups, then metadata diversity within each group",Mapillary image 442564437932079,olily,https://www.mapillary.com/app/?pKey=442564437932079,CC BY-SA (version to verify at download time),Mapillary image 442564437932079 by olily; source https://www.mapillary.com/app/?pKey=442564437932079; licensed under CC BY-SA,blocked_pending_manual_logged_in_terms_confirmation
511391129883847,180965013788346,180965013788346,regulatory--stop--g1,stop,gmgvk8fyvg3wclhy4oag9v,2016-12-12T05:32:18+00:00,1481520738846,108469318050957,yogi,12.9518803,77.6091117,"Non-overlapping outer urban tile around Bengaluru, India; excludes the r07 centre box",Bengaluru outer tile,https://www.mapillary.com/app/?pKey=511391129883847,2026-09-01T17:31:29+00:00,high_exact_semantic_taxonomy_prefix,mapillary_india_group_00015,metadata_only_not_reviewed,no,75,proposed_metadata_only,no,"All catalogued stop candidates retained; round-robin order across dependency groups, then metadata diversity within each group",Mapillary image 511391129883847,yogi,https://www.mapillary.com/app/?pKey=511391129883847,CC BY-SA (version to verify at download time),Mapillary image 511391129883847 by yogi; source https://www.mapillary.com/app/?pKey=511391129883847; licensed under CC BY-SA,blocked_pending_manual_logged_in_terms_confirmation
1147433542399298,251142620034595,251142620034595,regulatory--stop--g1,stop,4F5HagySfmdeHeL31CDYww,2018-02-14T04:15:22+00:00,1518581722102,109833741245768,richlv,12.9688522,77.5791398,"Non-overlapping outer urban tile around Bengaluru, India; excludes the r07 centre box",Bengaluru outer tile,https://www.mapillary.com/app/?pKey=1147433542399298,2026-09-01T17:31:29+00:00,high_exact_semantic_taxonomy_prefix,mapillary_india_group_00019,metadata_only_not_reviewed,no,76,proposed_metadata_only,no,"All catalogued stop candidates retained; round-robin order across dependency groups, then metadata diversity within each group",Mapillary image 1147433542399298,richlv,https://www.mapillary.com/app/?pKey=1147433542399298,CC BY-SA (version to verify at download time),Mapillary image 1147433542399298 by richlv; source https://www.mapillary.com/app/?pKey=1147433542399298; licensed under CC BY-SA,blocked_pending_manual_logged_in_terms_confirmation
497523407952810,2916379968680363,2916379968680363,regulatory--stop--g1,stop,frU8i8F6_r72mHFQ3yJaog,2017-07-23T06:12:54+00:00,1500790374096,104356101806278,manojkmohan,10.5289030,76.2172535,"Curated interior coordinate centred on Thrissur, India",Thrissur,https://www.mapillary.com/app/?pKey=497523407952810,2026-09-01T17:31:29+00:00,high_exact_semantic_taxonomy_prefix,mapillary_india_group_00022,metadata_only_not_reviewed,no,77,proposed_metadata_only,no,"All catalogued stop candidates retained; round-robin order across dependency groups, then metadata diversity within each group",Mapillary image 497523407952810,manojkmohan,https://www.mapillary.com/app/?pKey=497523407952810,CC BY-SA (version to verify at download time),Mapillary image 497523407952810 by manojkmohan; source https://www.mapillary.com/app/?pKey=497523407952810; licensed under CC BY-SA,blocked_pending_manual_logged_in_terms_confirmation
305021167756684,2941949159387078,2941949159387078,regulatory--stop--g1,stop,LkcYscvorK8LkQskBqtGI8,2020-06-30T13:55:55+00:00,1593525355099,100149628902804,pra1985,17.4007981,78.4709237,"Non-overlapping outer urban tile around Hyderabad, India; excludes the r07 centre box",Hyderabad outer tile,https://www.mapillary.com/app/?pKey=305021167756684,2026-09-01T17:31:29+00:00,high_exact_semantic_taxonomy_prefix,mapillary_india_group_00023,metadata_only_not_reviewed,no,78,proposed_metadata_only,no,"All catalogued stop candidates retained; round-robin order across dependency groups, then metadata diversity within each group",Mapillary image 305021167756684,pra1985,https://www.mapillary.com/app/?pKey=305021167756684,CC BY-SA (version to verify at download time),Mapillary image 305021167756684 by pra1985; source https://www.mapillary.com/app/?pKey=305021167756684; licensed under CC BY-SA,blocked_pending_manual_logged_in_terms_confirmation
2300018650189083,342309952131542,342309952131542,regulatory--stop--g1,stop,b8iIJ3TdeQRS2FtYjvnDXc,2024-02-29T03:36:41+00:00,1709177801434,107704211899757,TejashreePOD,20.2961810,85.8246422,"Map feature coordinate returned inside curated Bhubaneswar, India search box",Bhubaneswar,https://www.mapillary.com/app/?pKey=2300018650189083,2026-09-01T15:58:36+00:00,high_exact_semantic_taxonomy_prefix,mapillary_india_group_00027,metadata_only_not_reviewed,no,79,proposed_metadata_only,no,"All catalogued stop candidates retained; round-robin order across dependency groups, then metadata diversity within each group",Mapillary image 2300018650189083,TejashreePOD,https://www.mapillary.com/app/?pKey=2300018650189083,CC BY-SA (version to verify at download time),Mapillary image 2300018650189083 by TejashreePOD; source https://www.mapillary.com/app/?pKey=2300018650189083; licensed under CC BY-SA,blocked_pending_manual_logged_in_terms_confirmation
1122419991593320,3719036634875078,3719036634875078,regulatory--stop--g1,stop,frU8i8F6_r72mHFQ3yJaog,2017-07-23T06:14:37+00:00,1500790477681,104356101806278,manojkmohan,10.5292337,76.2161662,"Curated interior coordinate centred on Thrissur, India",Thrissur,https://www.mapillary.com/app/?pKey=1122419991593320,2026-09-01T17:31:29+00:00,high_exact_semantic_taxonomy_prefix,mapillary_india_group_00028,metadata_only_not_reviewed,no,80,proposed_metadata_only,no,"All catalogued stop candidates retained; round-robin order across dependency groups, then metadata diversity within each group",Mapillary image 1122419991593320,manojkmohan,https://www.mapillary.com/app/?pKey=1122419991593320,CC BY-SA (version to verify at download time),Mapillary image 1122419991593320 by manojkmohan; source https://www.mapillary.com/app/?pKey=1122419991593320; licensed under CC BY-SA,blocked_pending_manual_logged_in_terms_confirmation
330150758664282,481614309826045,481614309826045,regulatory--stop--g1,stop,yAp9gFhya1IGeXvi2lzvzw,2018-02-04T05:19:39+00:00,1517721579476,109833741245768,richlv,12.9534958,77.5925878,"Non-overlapping outer urban tile around Bengaluru, India; excludes the r07 centre box",Bengaluru outer tile,https://www.mapillary.com/app/?pKey=330150758664282,2026-09-01T17:31:29+00:00,high_exact_semantic_taxonomy_prefix,mapillary_india_group_00035,metadata_only_not_reviewed,no,81,proposed_metadata_only,no,"All catalogued stop candidates retained; round-robin order across dependency groups, then metadata diversity within each group",Mapillary image 330150758664282,richlv,https://www.mapillary.com/app/?pKey=330150758664282,CC BY-SA (version to verify at download time),Mapillary image 330150758664282 by richlv; source https://www.mapillary.com/app/?pKey=330150758664282; licensed under CC BY-SA,blocked_pending_manual_logged_in_terms_confirmation
670085495200561,821291238809167,821291238809167,regulatory--stop--g1,stop,TdQPvKeDwLgixzSO2l3FHR,2023-12-23T03:47:32+00:00,1703303252622,101499702097483,V15,10.5221476,76.2168119,"Curated interior coordinate centred on Thrissur, India",Thrissur,https://www.mapillary.com/app/?pKey=670085495200561,2026-09-01T17:31:29+00:00,high_exact_semantic_taxonomy_prefix,mapillary_india_group_00051,metadata_only_not_reviewed,no,82,proposed_metadata_only,no,"All catalogued stop candidates retained; round-robin order across dependency groups, then metadata diversity within each group",Mapillary image 670085495200561,V15,https://www.mapillary.com/app/?pKey=670085495200561,CC BY-SA (version to verify at download time),Mapillary image 670085495200561 by V15; source https://www.mapillary.com/app/?pKey=670085495200561; licensed under CC BY-SA,blocked_pending_manual_logged_in_terms_confirmation
933209494147488,845469306043395,845469306043395,regulatory--stop--g1,stop,Fw7oxAz0DFXCdHvObvfXrw,2017-06-30T10:26:11+00:00,1498818371425,104356101806278,manojkmohan,10.5280445,76.2144941,"Curated interior coordinate centred on Thrissur, India",Thrissur,https://www.mapillary.com/app/?pKey=933209494147488,2026-09-01T17:31:29+00:00,high_exact_semantic_taxonomy_prefix,mapillary_india_group_00053,metadata_only_not_reviewed,no,83,proposed_metadata_only,no,"All catalogued stop candidates retained; round-robin order across dependency groups, then metadata diversity within each group",Mapillary image 933209494147488,manojkmohan,https://www.mapillary.com/app/?pKey=933209494147488,CC BY-SA (version to verify at download time),Mapillary image 933209494147488 by manojkmohan; source https://www.mapillary.com/app/?pKey=933209494147488; licensed under CC BY-SA,blocked_pending_manual_logged_in_terms_confirmation
26259494597034824,873888689038950,873888689038950,regulatory--stop--g1,stop,sCFf0eah4yM835tDPcbNij,2026-04-01T04:18:10+00:00,1775017090094,1226028326356068,jegadeeshcumta,13.0816206,80.2756495,"Map feature coordinate returned inside curated Chennai, India search box",Chennai,https://www.mapillary.com/app/?pKey=26259494597034824,2026-09-01T15:58:36+00:00,high_exact_semantic_taxonomy_prefix,mapillary_india_group_00054,metadata_only_not_reviewed,no,84,proposed_metadata_only,no,"All catalogued stop candidates retained; round-robin order across dependency groups, then metadata diversity within each group",Mapillary image 26259494597034824,jegadeeshcumta,https://www.mapillary.com/app/?pKey=26259494597034824,CC BY-SA (version to verify at download time),Mapillary image 26259494597034824 by jegadeeshcumta; source https://www.mapillary.com/app/?pKey=26259494597034824; licensed under CC BY-SA,blocked_pending_manual_logged_in_terms_confirmation
2129588130776853,9367522263309691,9367522263309691,regulatory--stop--g1,stop,FkXzP6rWmofVnL08KdOEah,2025-01-25T09:23:00+00:00,1737796980818,106724622478113,WPStan,18.5242207,73.8443287,"Non-overlapping outer urban tile around Pune, India; excludes the r07 centre box",Pune outer tile,https://www.mapillary.com/app/?pKey=2129588130776853,2026-09-01T17:31:29+00:00,high_exact_semantic_taxonomy_prefix,mapillary_india_group_00055,metadata_only_not_reviewed,no,85,proposed_metadata_only,no,"All catalogued stop candidates retained; round-robin order across dependency groups, then metadata diversity within each group",Mapillary image 2129588130776853,WPStan,https://www.mapillary.com/app/?pKey=2129588130776853,CC BY-SA (version to verify at download time),Mapillary image 2129588130776853 by WPStan; source https://www.mapillary.com/app/?pKey=2129588130776853; licensed under CC BY-SA,blocked_pending_manual_logged_in_terms_confirmation
777952346239832,972301046916069,972301046916069,regulatory--stop--g1,stop,uith6u0f8aqvn06awi8nwb,2021-01-11T09:59:11+00:00,1610359151259,101743165404889,pradeepbv,12.9856321,77.5931010,"Non-overlapping outer urban tile around Bengaluru, India; excludes the r07 centre box",Bengaluru outer tile,https://www.mapillary.com/app/?pKey=777952346239832,2026-09-01T17:31:29+00:00,high_exact_semantic_taxonomy_prefix,mapillary_india_group_00056,metadata_only_not_reviewed,no,86,proposed_metadata_only,no,"All catalogued stop candidates retained; round-robin order across dependency groups, then metadata diversity within each group",Mapillary image 777952346239832,pradeepbv,https://www.mapillary.com/app/?pKey=777952346239832,CC BY-SA (version to verify at download time),Mapillary image 777952346239832 by pradeepbv; source https://www.mapillary.com/app/?pKey=777952346239832; licensed under CC BY-SA,blocked_pending_manual_logged_in_terms_confirmation
588839076117147,121886100627707,121886100627707,regulatory--stop--g1,stop,eBzoQZcJEmLPdjXCsV2WOS,2022-08-29T13:11:34+00:00,1661778694255,109037777999283,olily,12.9758939,77.6146313,"Non-overlapping outer urban tile around Bengaluru, India; excludes the r07 centre box",Bengaluru outer tile,https://www.mapillary.com/app/?pKey=588839076117147,2026-09-01T17:31:29+00:00,high_exact_semantic_taxonomy_prefix,mapillary_india_group_00004,metadata_only_not_reviewed,no,87,proposed_metadata_only,no,"All catalogued stop candidates retained; round-robin order across dependency groups, then metadata diversity within each group",Mapillary image 588839076117147,olily,https://www.mapillary.com/app/?pKey=588839076117147,CC BY-SA (version to verify at download time),Mapillary image 588839076117147 by olily; source https://www.mapillary.com/app/?pKey=588839076117147; licensed under CC BY-SA,blocked_pending_manual_logged_in_terms_confirmation
216931183570582,251142620034595,251142620034595,regulatory--stop--g1,stop,4F5HagySfmdeHeL31CDYww,2018-02-14T04:15:23+00:00,1518581723182,109833741245768,richlv,12.9688728,77.5791460,"Non-overlapping outer urban tile around Bengaluru, India; excludes the r07 centre box",Bengaluru outer tile,https://www.mapillary.com/app/?pKey=216931183570582,2026-09-01T17:31:29+00:00,high_exact_semantic_taxonomy_prefix,mapillary_india_group_00019,metadata_only_not_reviewed,no,88,proposed_metadata_only,no,"All catalogued stop candidates retained; round-robin order across dependency groups, then metadata diversity within each group",Mapillary image 216931183570582,richlv,https://www.mapillary.com/app/?pKey=216931183570582,CC BY-SA (version to verify at download time),Mapillary image 216931183570582 by richlv; source https://www.mapillary.com/app/?pKey=216931183570582; licensed under CC BY-SA,blocked_pending_manual_logged_in_terms_confirmation
917795445457062,2916379968680363,2916379968680363,regulatory--stop--g1,stop,frU8i8F6_r72mHFQ3yJaog,2017-07-23T06:12:55+00:00,1500790375064,104356101806278,manojkmohan,10.5289049,76.2172446,"Curated interior coordinate centred on Thrissur, India",Thrissur,https://www.mapillary.com/app/?pKey=917795445457062,2026-09-01T17:31:29+00:00,high_exact_semantic_taxonomy_prefix,mapillary_india_group_00022,metadata_only_not_reviewed,no,89,proposed_metadata_only,no,"All catalogued stop candidates retained; round-robin order across dependency groups, then metadata diversity within each group",Mapillary image 917795445457062,manojkmohan,https://www.mapillary.com/app/?pKey=917795445457062,CC BY-SA (version to verify at download time),Mapillary image 917795445457062 by manojkmohan; source https://www.mapillary.com/app/?pKey=917795445457062; licensed under CC BY-SA,blocked_pending_manual_logged_in_terms_confirmation
3974993112592619,2941949159387078,2941949159387078,regulatory--stop--g1,stop,LkcYscvorK8LkQskBqtGI8,2020-06-30T13:55:55+00:00,1593525355049,100149628902804,pra1985,17.4008008,78.4709423,"Non-overlapping outer urban tile around Hyderabad, India; excludes the r07 centre box",Hyderabad outer tile,https://www.mapillary.com/app/?pKey=3974993112592619,2026-09-01T17:31:29+00:00,high_exact_semantic_taxonomy_prefix,mapillary_india_group_00023,metadata_only_not_reviewed,no,90,proposed_metadata_only,no,"All catalogued stop candidates retained; round-robin order across dependency groups, then metadata diversity within each group",Mapillary image 3974993112592619,pra1985,https://www.mapillary.com/app/?pKey=3974993112592619,CC BY-SA (version to verify at download time),Mapillary image 3974993112592619 by pra1985; source https://www.mapillary.com/app/?pKey=3974993112592619; licensed under CC BY-SA,blocked_pending_manual_logged_in_terms_confirmation
396461289652900,342309952131542,342309952131542,regulatory--stop--g1,stop,b8iIJ3TdeQRS2FtYjvnDXc,2024-02-29T03:36:43+00:00,1709177803338,107704211899757,TejashreePOD,20.2960433,85.8246943,"Map feature coordinate returned inside curated Bhubaneswar, India search box",Bhubaneswar,https://www.mapillary.com/app/?pKey=396461289652900,2026-09-01T15:58:36+00:00,high_exact_semantic_taxonomy_prefix,mapillary_india_group_00027,metadata_only_not_reviewed,no,91,proposed_metadata_only,no,"All catalogued stop candidates retained; round-robin order across dependency groups, then metadata diversity within each group",Mapillary image 396461289652900,TejashreePOD,https://www.mapillary.com/app/?pKey=396461289652900,CC BY-SA (version to verify at download time),Mapillary image 396461289652900 by TejashreePOD; source https://www.mapillary.com/app/?pKey=396461289652900; licensed under CC BY-SA,blocked_pending_manual_logged_in_terms_confirmation
453191385748801,3719036634875078,3719036634875078,regulatory--stop--g1,stop,frU8i8F6_r72mHFQ3yJaog,2017-07-23T06:14:38+00:00,1500790478682,104356101806278,manojkmohan,10.5292390,76.2161574,"Curated interior coordinate centred on Thrissur, India",Thrissur,https://www.mapillary.com/app/?pKey=453191385748801,2026-09-01T17:31:29+00:00,high_exact_semantic_taxonomy_prefix,mapillary_india_group_00028,metadata_only_not_reviewed,no,92,proposed_metadata_only,no,"All catalogued stop candidates retained; round-robin order across dependency groups, then metadata diversity within each group",Mapillary image 453191385748801,manojkmohan,https://www.mapillary.com/app/?pKey=453191385748801,CC BY-SA (version to verify at download time),Mapillary image 453191385748801 by manojkmohan; source https://www.mapillary.com/app/?pKey=453191385748801; licensed under CC BY-SA,blocked_pending_manual_logged_in_terms_confirmation
887772792931642,821291238809167,821291238809167,regulatory--stop--g1,stop,TdQPvKeDwLgixzSO2l3FHR,2023-12-23T03:47:33+00:00,1703303253588,101499702097483,V15,10.5222250,76.2168131,"Curated interior coordinate centred on Thrissur, India",Thrissur,https://www.mapillary.com/app/?pKey=887772792931642,2026-09-01T17:31:29+00:00,high_exact_semantic_taxonomy_prefix,mapillary_india_group_00051,metadata_only_not_reviewed,no,93,proposed_metadata_only,no,"All catalogued stop candidates retained; round-robin order across dependency groups, then metadata diversity within each group",Mapillary image 887772792931642,V15,https://www.mapillary.com/app/?pKey=887772792931642,CC BY-SA (version to verify at download time),Mapillary image 887772792931642 by V15; source https://www.mapillary.com/app/?pKey=887772792931642; licensed under CC BY-SA,blocked_pending_manual_logged_in_terms_confirmation
216882769812551,845469306043395,845469306043395,regulatory--stop--g1,stop,Fw7oxAz0DFXCdHvObvfXrw,2017-06-30T10:26:14+00:00,1498818374609,104356101806278,manojkmohan,10.5280027,76.2144989,"Curated interior coordinate centred on Thrissur, India",Thrissur,https://www.mapillary.com/app/?pKey=216882769812551,2026-09-01T17:31:29+00:00,high_exact_semantic_taxonomy_prefix,mapillary_india_group_00053,metadata_only_not_reviewed,no,94,proposed_metadata_only,no,"All catalogued stop candidates retained; round-robin order across dependency groups, then metadata diversity within each group",Mapillary image 216882769812551,manojkmohan,https://www.mapillary.com/app/?pKey=216882769812551,CC BY-SA (version to verify at download time),Mapillary image 216882769812551 by manojkmohan; source https://www.mapillary.com/app/?pKey=216882769812551; licensed under CC BY-SA,blocked_pending_manual_logged_in_terms_confirmation
3457765924390639,873888689038950,873888689038950,regulatory--stop--g1,stop,sCFf0eah4yM835tDPcbNij,2026-04-01T04:18:11+00:00,1775017091095,1226028326356068,jegadeeshcumta,13.0816142,80.2755929,"Map feature coordinate returned inside curated Chennai, India search box",Chennai,https://www.mapillary.com/app/?pKey=3457765924390639,2026-09-01T15:58:36+00:00,high_exact_semantic_taxonomy_prefix,mapillary_india_group_00054,metadata_only_not_reviewed,no,95,proposed_metadata_only,no,"All catalogued stop candidates retained; round-robin order across dependency groups, then metadata diversity within each group",Mapillary image 3457765924390639,jegadeeshcumta,https://www.mapillary.com/app/?pKey=3457765924390639,CC BY-SA (version to verify at download time),Mapillary image 3457765924390639 by jegadeeshcumta; source https://www.mapillary.com/app/?pKey=3457765924390639; licensed under CC BY-SA,blocked_pending_manual_logged_in_terms_confirmation
603701685936172,9367522263309691,9367522263309691,regulatory--stop--g1,stop,FkXzP6rWmofVnL08KdOEah,2025-01-25T09:23:05+00:00,1737796985356,106724622478113,WPStan,18.5242371,73.8444102,"Non-overlapping outer urban tile around Pune, India; excludes the r07 centre box",Pune outer tile,https://www.mapillary.com/app/?pKey=603701685936172,2026-09-01T17:31:29+00:00,high_exact_semantic_taxonomy_prefix,mapillary_india_group_00055,metadata_only_not_reviewed,no,96,proposed_metadata_only,no,"All catalogued stop candidates retained; round-robin order across dependency groups, then metadata diversity within each group",Mapillary image 603701685936172,WPStan,https://www.mapillary.com/app/?pKey=603701685936172,CC BY-SA (version to verify at download time),Mapillary image 603701685936172 by WPStan; source https://www.mapillary.com/app/?pKey=603701685936172; licensed under CC BY-SA,blocked_pending_manual_logged_in_terms_confirmation
750838129551677,121886100627707,121886100627707,regulatory--stop--g1,stop,eBzoQZcJEmLPdjXCsV2WOS,2022-08-29T13:11:38+00:00,1661778698309,109037777999283,olily,12.9758938,77.6146312,"Non-overlapping outer urban tile around Bengaluru, India; excludes the r07 centre box",Bengaluru outer tile,https://www.mapillary.com/app/?pKey=750838129551677,2026-09-01T17:31:29+00:00,high_exact_semantic_taxonomy_prefix,mapillary_india_group_00004,metadata_only_not_reviewed,no,97,proposed_metadata_only,no,"All catalogued stop candidates retained; round-robin order across dependency groups, then metadata diversity within each group",Mapillary image 750838129551677,olily,https://www.mapillary.com/app/?pKey=750838129551677,CC BY-SA (version to verify at download time),Mapillary image 750838129551677 by olily; source https://www.mapillary.com/app/?pKey=750838129551677; licensed under CC BY-SA,blocked_pending_manual_logged_in_terms_confirmation
337998521073977,251142620034595,251142620034595,regulatory--stop--g1,stop,4F5HagySfmdeHeL31CDYww,2018-02-14T04:15:28+00:00,1518581728115,109833741245768,richlv,12.9689073,77.5791551,"Non-overlapping outer urban tile around Bengaluru, India; excludes the r07 centre box",Bengaluru outer tile,https://www.mapillary.com/app/?pKey=337998521073977,2026-09-01T17:31:29+00:00,high_exact_semantic_taxonomy_prefix,mapillary_india_group_00019,metadata_only_not_reviewed,no,98,proposed_metadata_only,no,"All catalogued stop candidates retained; round-robin order across dependency groups, then metadata diversity within each group",Mapillary image 337998521073977,richlv,https://www.mapillary.com/app/?pKey=337998521073977,CC BY-SA (version to verify at download time),Mapillary image 337998521073977 by richlv; source https://www.mapillary.com/app/?pKey=337998521073977; licensed under CC BY-SA,blocked_pending_manual_logged_in_terms_confirmation
448986472865565,2916379968680363,2916379968680363,regulatory--stop--g1,stop,frU8i8F6_r72mHFQ3yJaog,2017-07-23T06:12:56+00:00,1500790376071,104356101806278,manojkmohan,10.5289068,76.2172353,"Curated interior coordinate centred on Thrissur, India",Thrissur,https://www.mapillary.com/app/?pKey=448986472865565,2026-09-01T17:31:29+00:00,high_exact_semantic_taxonomy_prefix,mapillary_india_group_00022,metadata_only_not_reviewed,no,99,proposed_metadata_only,no,"All catalogued stop candidates retained; round-robin order across dependency groups, then metadata diversity within each group",Mapillary image 448986472865565,manojkmohan,https://www.mapillary.com/app/?pKey=448986472865565,CC BY-SA (version to verify at download time),Mapillary image 448986472865565 by manojkmohan; source https://www.mapillary.com/app/?pKey=448986472865565; licensed under CC BY-SA,blocked_pending_manual_logged_in_terms_confirmation
465506134734659,2941949159387078,2941949159387078,regulatory--stop--g1,stop,LkcYscvorK8LkQskBqtGI8,2020-06-30T13:55:56+00:00,1593525356099,100149628902804,pra1985,17.4007912,78.4708824,"Non-overlapping outer urban tile around Hyderabad, India; excludes the r07 centre box",Hyderabad outer tile,https://www.mapillary.com/app/?pKey=465506134734659,2026-09-01T17:31:29+00:00,high_exact_semantic_taxonomy_prefix,mapillary_india_group_00023,metadata_only_not_reviewed,no,100,proposed_metadata_only,no,"All catalogued stop candidates retained; round-robin order across dependency groups, then metadata diversity within each group",Mapillary image 465506134734659,pra1985,https://www.mapillary.com/app/?pKey=465506134734659,CC BY-SA (version to verify at download time),Mapillary image 465506134734659 by pra1985; source https://www.mapillary.com/app/?pKey=465506134734659; licensed under CC BY-SA,blocked_pending_manual_logged_in_terms_confirmation
327676258784594,3719036634875078,3719036634875078,regulatory--stop--g1,stop,frU8i8F6_r72mHFQ3yJaog,2017-07-23T06:14:39+00:00,1500790479667,104356101806278,manojkmohan,10.5292439,76.2161486,"Curated interior coordinate centred on Thrissur, India",Thrissur,https://www.mapillary.com/app/?pKey=327676258784594,2026-09-01T17:31:29+00:00,high_exact_semantic_taxonomy_prefix,mapillary_india_group_00028,metadata_only_not_reviewed,no,101,proposed_metadata_only,no,"All catalogued stop candidates retained; round-robin order across dependency groups, then metadata diversity within each group",Mapillary image 327676258784594,manojkmohan,https://www.mapillary.com/app/?pKey=327676258784594,CC BY-SA (version to verify at download time),Mapillary image 327676258784594 by manojkmohan; source https://www.mapillary.com/app/?pKey=327676258784594; licensed under CC BY-SA,blocked_pending_manual_logged_in_terms_confirmation
266917829730355,821291238809167,821291238809167,regulatory--stop--g1,stop,TdQPvKeDwLgixzSO2l3FHR,2023-12-23T03:47:34+00:00,1703303254661,101499702097483,V15,10.5223011,76.2168114,"Curated interior coordinate centred on Thrissur, India",Thrissur,https://www.mapillary.com/app/?pKey=266917829730355,2026-09-01T17:31:29+00:00,high_exact_semantic_taxonomy_prefix,mapillary_india_group_00051,metadata_only_not_reviewed,no,102,proposed_metadata_only,no,"All catalogued stop candidates retained; round-robin order across dependency groups, then metadata diversity within each group",Mapillary image 266917829730355,V15,https://www.mapillary.com/app/?pKey=266917829730355,CC BY-SA (version to verify at download time),Mapillary image 266917829730355 by V15; source https://www.mapillary.com/app/?pKey=266917829730355; licensed under CC BY-SA,blocked_pending_manual_logged_in_terms_confirmation
601983965768265,9367522263309691,9367522263309691,regulatory--stop--g1,stop,FkXzP6rWmofVnL08KdOEah,2025-01-25T09:23:06+00:00,1737796986791,106724622478113,WPStan,18.5242427,73.8444384,"Non-overlapping outer urban tile around Pune, India; excludes the r07 centre box",Pune outer tile,https://www.mapillary.com/app/?pKey=601983965768265,2026-09-01T17:31:29+00:00,high_exact_semantic_taxonomy_prefix,mapillary_india_group_00055,metadata_only_not_reviewed,no,103,proposed_metadata_only,no,"All catalogued stop candidates retained; round-robin order across dependency groups, then metadata diversity within each group",Mapillary image 601983965768265,WPStan,https://www.mapillary.com/app/?pKey=601983965768265,CC BY-SA (version to verify at download time),Mapillary image 601983965768265 by WPStan; source https://www.mapillary.com/app/?pKey=601983965768265; licensed under CC BY-SA,blocked_pending_manual_logged_in_terms_confirmation
799933081199234,121886100627707,121886100627707,regulatory--stop--g1,stop,eBzoQZcJEmLPdjXCsV2WOS,2022-08-29T13:11:39+00:00,1661778699360,109037777999283,olily,12.9758928,77.6146325,"Non-overlapping outer urban tile around Bengaluru, India; excludes the r07 centre box",Bengaluru outer tile,https://www.mapillary.com/app/?pKey=799933081199234,2026-09-01T17:31:29+00:00,high_exact_semantic_taxonomy_prefix,mapillary_india_group_00004,metadata_only_not_reviewed,no,104,proposed_metadata_only,no,"All catalogued stop candidates retained; round-robin order across dependency groups, then metadata diversity within each group",Mapillary image 799933081199234,olily,https://www.mapillary.com/app/?pKey=799933081199234,CC BY-SA (version to verify at download time),Mapillary image 799933081199234 by olily; source https://www.mapillary.com/app/?pKey=799933081199234; licensed under CC BY-SA,blocked_pending_manual_logged_in_terms_confirmation
490007682429021,2941949159387078,2941949159387078,regulatory--stop--g1,stop,LkcYscvorK8LkQskBqtGI8,2020-06-30T13:55:56+00:00,1593525356049,100149628902804,pra1985,17.4007949,78.4709049,"Non-overlapping outer urban tile around Hyderabad, India; excludes the r07 centre box",Hyderabad outer tile,https://www.mapillary.com/app/?pKey=490007682429021,2026-09-01T17:31:29+00:00,high_exact_semantic_taxonomy_prefix,mapillary_india_group_00023,metadata_only_not_reviewed,no,105,proposed_metadata_only,no,"All catalogued stop candidates retained; round-robin order across dependency groups, then metadata diversity within each group",Mapillary image 490007682429021,pra1985,https://www.mapillary.com/app/?pKey=490007682429021,CC BY-SA (version to verify at download time),Mapillary image 490007682429021 by pra1985; source https://www.mapillary.com/app/?pKey=490007682429021; licensed under CC BY-SA,blocked_pending_manual_logged_in_terms_confirmation
501503417548056,3719036634875078,3719036634875078,regulatory--stop--g1,stop,frU8i8F6_r72mHFQ3yJaog,2017-07-23T06:14:40+00:00,1500790480711,104356101806278,manojkmohan,10.5292486,76.2161391,"Curated interior coordinate centred on Thrissur, India",Thrissur,https://www.mapillary.com/app/?pKey=501503417548056,2026-09-01T17:31:29+00:00,high_exact_semantic_taxonomy_prefix,mapillary_india_group_00028,metadata_only_not_reviewed,no,106,proposed_metadata_only,no,"All catalogued stop candidates retained; round-robin order across dependency groups, then metadata diversity within each group",Mapillary image 501503417548056,manojkmohan,https://www.mapillary.com/app/?pKey=501503417548056,CC BY-SA (version to verify at download time),Mapillary image 501503417548056 by manojkmohan; source https://www.mapillary.com/app/?pKey=501503417548056; licensed under CC BY-SA,blocked_pending_manual_logged_in_terms_confirmation
380804510993210,821291238809167,821291238809167,regulatory--stop--g1,stop,TdQPvKeDwLgixzSO2l3FHR,2023-12-23T03:47:35+00:00,1703303255621,101499702097483,V15,10.5223714,76.2168157,"Curated interior coordinate centred on Thrissur, India",Thrissur,https://www.mapillary.com/app/?pKey=380804510993210,2026-09-01T17:31:29+00:00,high_exact_semantic_taxonomy_prefix,mapillary_india_group_00051,metadata_only_not_reviewed,no,107,proposed_metadata_only,no,"All catalogued stop candidates retained; round-robin order across dependency groups, then metadata diversity within each group",Mapillary image 380804510993210,V15,https://www.mapillary.com/app/?pKey=380804510993210,CC BY-SA (version to verify at download time),Mapillary image 380804510993210 by V15; source https://www.mapillary.com/app/?pKey=380804510993210; licensed under CC BY-SA,blocked_pending_manual_logged_in_terms_confirmation
1337236873953676,9367522263309691,9367522263309691,regulatory--stop--g1,stop,FkXzP6rWmofVnL08KdOEah,2025-01-25T09:23:08+00:00,1737796988192,106724622478113,WPStan,18.5242496,73.8444664,"Non-overlapping outer urban tile around Pune, India; excludes the r07 centre box",Pune outer tile,https://www.mapillary.com/app/?pKey=1337236873953676,2026-09-01T17:31:29+00:00,high_exact_semantic_taxonomy_prefix,mapillary_india_group_00055,metadata_only_not_reviewed,no,108,proposed_metadata_only,no,"All catalogued stop candidates retained; round-robin order across dependency groups, then metadata diversity within each group",Mapillary image 1337236873953676,WPStan,https://www.mapillary.com/app/?pKey=1337236873953676,CC BY-SA (version to verify at download time),Mapillary image 1337236873953676 by WPStan; source https://www.mapillary.com/app/?pKey=1337236873953676; licensed under CC BY-SA,blocked_pending_manual_logged_in_terms_confirmation
5869627403056005,121886100627707,121886100627707,regulatory--stop--g1,stop,eBzoQZcJEmLPdjXCsV2WOS,2022-08-29T13:11:43+00:00,1661778703144,109037777999283,olily,12.9758841,77.6146310,"Non-overlapping outer urban tile around Bengaluru, India; excludes the r07 centre box",Bengaluru outer tile,https://www.mapillary.com/app/?pKey=5869627403056005,2026-09-01T17:31:29+00:00,high_exact_semantic_taxonomy_prefix,mapillary_india_group_00004,metadata_only_not_reviewed,no,109,proposed_metadata_only,no,"All catalogued stop candidates retained; round-robin order across dependency groups, then metadata diversity within each group",Mapillary image 5869627403056005,olily,https://www.mapillary.com/app/?pKey=5869627403056005,CC BY-SA (version to verify at download time),Mapillary image 5869627403056005 by olily; source https://www.mapillary.com/app/?pKey=5869627403056005; licensed under CC BY-SA,blocked_pending_manual_logged_in_terms_confirmation
1318214735228901,2941949159387078,2941949159387078,regulatory--stop--g1,stop,LkcYscvorK8LkQskBqtGI8,2020-06-30T13:55:57+00:00,1593525357099,100149628902804,pra1985,17.4007825,78.4708412,"Non-overlapping outer urban tile around Hyderabad, India; excludes the r07 centre box",Hyderabad outer tile,https://www.mapillary.com/app/?pKey=1318214735228901,2026-09-01T17:31:29+00:00,high_exact_semantic_taxonomy_prefix,mapillary_india_group_00023,metadata_only_not_reviewed,no,110,proposed_metadata_only,no,"All catalogued stop candidates retained; round-robin order across dependency groups, then metadata diversity within each group",Mapillary image 1318214735228901,pra1985,https://www.mapillary.com/app/?pKey=1318214735228901,CC BY-SA (version to verify at download time),Mapillary image 1318214735228901 by pra1985; source https://www.mapillary.com/app/?pKey=1318214735228901; licensed under CC BY-SA,blocked_pending_manual_logged_in_terms_confirmation
291022702721537,821291238809167,821291238809167,regulatory--stop--g1,stop,F9kpGhZELp7ZSdim01JqkA,2020-10-02T05:30:56+00:00,1601616656000,107753504794428,johnichan,10.5223333,76.2167833,"Curated interior coordinate centred on Thrissur, India",Thrissur,https://www.mapillary.com/app/?pKey=291022702721537,2026-09-01T17:31:29+00:00,high_exact_semantic_taxonomy_prefix,mapillary_india_group_00051,metadata_only_not_reviewed,no,111,proposed_metadata_only,no,"All catalogued stop candidates retained; round-robin order across dependency groups, then metadata diversity within each group",Mapillary image 291022702721537,johnichan,https://www.mapillary.com/app/?pKey=291022702721537,CC BY-SA (version to verify at download time),Mapillary image 291022702721537 by johnichan; source https://www.mapillary.com/app/?pKey=291022702721537; licensed under CC BY-SA,blocked_pending_manual_logged_in_terms_confirmation
115286244631513,121886100627707,121886100627707,regulatory--stop--g1,stop,eBzoQZcJEmLPdjXCsV2WOS,2022-08-29T13:11:47+00:00,1661778707286,109037777999283,olily,12.9757780,77.6146020,"Non-overlapping outer urban tile around Bengaluru, India; excludes the r07 centre box",Bengaluru outer tile,https://www.mapillary.com/app/?pKey=115286244631513,2026-09-01T17:31:29+00:00,high_exact_semantic_taxonomy_prefix,mapillary_india_group_00004,metadata_only_not_reviewed,no,112,proposed_metadata_only,no,"All catalogued stop candidates retained; round-robin order across dependency groups, then metadata diversity within each group",Mapillary image 115286244631513,olily,https://www.mapillary.com/app/?pKey=115286244631513,CC BY-SA (version to verify at download time),Mapillary image 115286244631513 by olily; source https://www.mapillary.com/app/?pKey=115286244631513; licensed under CC BY-SA,blocked_pending_manual_logged_in_terms_confirmation
457067468726425,2941949159387078,2941949159387078,regulatory--stop--g1,stop,LkcYscvorK8LkQskBqtGI8,2020-06-30T13:55:57+00:00,1593525357049,100149628902804,pra1985,17.4007874,78.4708632,"Non-overlapping outer urban tile around Hyderabad, India; excludes the r07 centre box",Hyderabad outer tile,https://www.mapillary.com/app/?pKey=457067468726425,2026-09-01T17:31:29+00:00,high_exact_semantic_taxonomy_prefix,mapillary_india_group_00023,metadata_only_not_reviewed,no,113,proposed_metadata_only,no,"All catalogued stop candidates retained; round-robin order across dependency groups, then metadata diversity within each group",Mapillary image 457067468726425,pra1985,https://www.mapillary.com/app/?pKey=457067468726425,CC BY-SA (version to verify at download time),Mapillary image 457067468726425 by pra1985; source https://www.mapillary.com/app/?pKey=457067468726425; licensed under CC BY-SA,blocked_pending_manual_logged_in_terms_confirmation
232906661964677,821291238809167,821291238809167,regulatory--stop--g1,stop,F9kpGhZELp7ZSdim01JqkA,2020-10-02T05:30:57+00:00,1601616657000,107753504794428,johnichan,10.5224000,76.2167833,"Curated interior coordinate centred on Thrissur, India",Thrissur,https://www.mapillary.com/app/?pKey=232906661964677,2026-09-01T17:31:29+00:00,high_exact_semantic_taxonomy_prefix,mapillary_india_group_00051,metadata_only_not_reviewed,no,114,proposed_metadata_only,no,"All catalogued stop candidates retained; round-robin order across dependency groups, then metadata diversity within each group",Mapillary image 232906661964677,johnichan,https://www.mapillary.com/app/?pKey=232906661964677,CC BY-SA (version to verify at download time),Mapillary image 232906661964677 by johnichan; source https://www.mapillary.com/app/?pKey=232906661964677; licensed under CC BY-SA,blocked_pending_manual_logged_in_terms_confirmation
1052785425474477,2941949159387078,2941949159387078,regulatory--stop--g1,stop,LkcYscvorK8LkQskBqtGI8,2020-06-30T13:55:58+00:00,1593525358049,100149628902804,pra1985,17.4007759,78.4708162,"Non-overlapping outer urban tile around Hyderabad, India; excludes the r07 centre box",Hyderabad outer tile,https://www.mapillary.com/app/?pKey=1052785425474477,2026-09-01T17:31:29+00:00,high_exact_semantic_taxonomy_prefix,mapillary_india_group_00023,metadata_only_not_reviewed,no,115,proposed_metadata_only,no,"All catalogued stop candidates retained; round-robin order across dependency groups, then metadata diversity within each group",Mapillary image 1052785425474477,pra1985,https://www.mapillary.com/app/?pKey=1052785425474477,CC BY-SA (version to verify at download time),Mapillary image 1052785425474477 by pra1985; source https://www.mapillary.com/app/?pKey=1052785425474477; licensed under CC BY-SA,blocked_pending_manual_logged_in_terms_confirmation
471803294150997,2941949159387078,2941949159387078,regulatory--stop--g1,stop,LkcYscvorK8LkQskBqtGI8,2020-06-30T13:55:58+00:00,1593525358099,100149628902804,pra1985,17.4007691,78.4707969,"Non-overlapping outer urban tile around Hyderabad, India; excludes the r07 centre box",Hyderabad outer tile,https://www.mapillary.com/app/?pKey=471803294150997,2026-09-01T17:31:29+00:00,high_exact_semantic_taxonomy_prefix,mapillary_india_group_00023,metadata_only_not_reviewed,no,116,proposed_metadata_only,no,"All catalogued stop candidates retained; round-robin order across dependency groups, then metadata diversity within each group",Mapillary image 471803294150997,pra1985,https://www.mapillary.com/app/?pKey=471803294150997,CC BY-SA (version to verify at download time),Mapillary image 471803294150997 by pra1985; source https://www.mapillary.com/app/?pKey=471803294150997; licensed under CC BY-SA,blocked_pending_manual_logged_in_terms_confirmation
993001091504534,2942116802703647,2942116802703647,regulatory--stop--g10,stop,LkcYscvorK8LkQskBqtGI8,2020-06-30T13:56:05+00:00,1593525365099,100149628902804,pra1985,17.4006356,78.4705095,"Non-overlapping outer urban tile around Hyderabad, India; excludes the r07 centre box",Hyderabad outer tile,https://www.mapillary.com/app/?pKey=993001091504534,2026-09-01T17:31:29+00:00,high_exact_semantic_taxonomy_prefix,mapillary_india_group_00023,metadata_only_not_reviewed,no,117,proposed_metadata_only,no,"All catalogued stop candidates retained; round-robin order across dependency groups, then metadata diversity within each group",Mapillary image 993001091504534,pra1985,https://www.mapillary.com/app/?pKey=993001091504534,CC BY-SA (version to verify at download time),Mapillary image 993001091504534 by pra1985; source https://www.mapillary.com/app/?pKey=993001091504534; licensed under CC BY-SA,blocked_pending_manual_logged_in_terms_confirmation
1071185483292227,2942116802703647,2942116802703647,regulatory--stop--g10,stop,LkcYscvorK8LkQskBqtGI8,2020-06-30T13:56:06+00:00,1593525366049,100149628902804,pra1985,17.4006286,78.4704919,"Non-overlapping outer urban tile around Hyderabad, India; excludes the r07 centre box",Hyderabad outer tile,https://www.mapillary.com/app/?pKey=1071185483292227,2026-09-01T17:31:29+00:00,high_exact_semantic_taxonomy_prefix,mapillary_india_group_00023,metadata_only_not_reviewed,no,118,proposed_metadata_only,no,"All catalogued stop candidates retained; round-robin order across dependency groups, then metadata diversity within each group",Mapillary image 1071185483292227,pra1985,https://www.mapillary.com/app/?pKey=1071185483292227,CC BY-SA (version to verify at download time),Mapillary image 1071185483292227 by pra1985; source https://www.mapillary.com/app/?pKey=1071185483292227; licensed under CC BY-SA,blocked_pending_manual_logged_in_terms_confirmation
205131548093263,2941991092716218,2941991092716218,regulatory--stop--g1,stop,LkcYscvorK8LkQskBqtGI8,2020-06-30T13:56:13+00:00,1593525373049,100149628902804,pra1985,17.4004990,78.4702844,"Non-overlapping outer urban tile around Hyderabad, India; excludes the r07 centre box",Hyderabad outer tile,https://www.mapillary.com/app/?pKey=205131548093263,2026-09-01T17:31:29+00:00,high_exact_semantic_taxonomy_prefix,mapillary_india_group_00023,metadata_only_not_reviewed,no,119,proposed_metadata_only,no,"All catalogued stop candidates retained; round-robin order across dependency groups, then metadata diversity within each group",Mapillary image 205131548093263,pra1985,https://www.mapillary.com/app/?pKey=205131548093263,CC BY-SA (version to verify at download time),Mapillary image 205131548093263 by pra1985; source https://www.mapillary.com/app/?pKey=205131548093263; licensed under CC BY-SA,blocked_pending_manual_logged_in_terms_confirmation
629148688068400,2941991092716218,2941991092716218,regulatory--stop--g1,stop,LkcYscvorK8LkQskBqtGI8,2020-06-30T13:56:13+00:00,1593525373099,100149628902804,pra1985,17.4004934,78.4702632,"Non-overlapping outer urban tile around Hyderabad, India; excludes the r07 centre box",Hyderabad outer tile,https://www.mapillary.com/app/?pKey=629148688068400,2026-09-01T17:31:29+00:00,high_exact_semantic_taxonomy_prefix,mapillary_india_group_00023,metadata_only_not_reviewed,no,120,proposed_metadata_only,no,"All catalogued stop candidates retained; round-robin order across dependency groups, then metadata diversity within each group",Mapillary image 629148688068400,pra1985,https://www.mapillary.com/app/?pKey=629148688068400,CC BY-SA (version to verify at download time),Mapillary image 629148688068400 by pra1985; source https://www.mapillary.com/app/?pKey=629148688068400; licensed under CC BY-SA,blocked_pending_manual_logged_in_terms_confirmation
1002112747263356,2941991092716218,2941991092716218,regulatory--stop--g1,stop,LkcYscvorK8LkQskBqtGI8,2020-06-30T13:56:14+00:00,1593525374099,100149628902804,pra1985,17.4004868,78.4702240,"Non-overlapping outer urban tile around Hyderabad, India; excludes the r07 centre box",Hyderabad outer tile,https://www.mapillary.com/app/?pKey=1002112747263356,2026-09-01T17:31:29+00:00,high_exact_semantic_taxonomy_prefix,mapillary_india_group_00023,metadata_only_not_reviewed,no,121,proposed_metadata_only,no,"All catalogued stop candidates retained; round-robin order across dependency groups, then metadata diversity within each group",Mapillary image 1002112747263356,pra1985,https://www.mapillary.com/app/?pKey=1002112747263356,CC BY-SA (version to verify at download time),Mapillary image 1002112747263356 by pra1985; source https://www.mapillary.com/app/?pKey=1002112747263356; licensed under CC BY-SA,blocked_pending_manual_logged_in_terms_confirmation
527908541564701,2941991092716218,2941991092716218,regulatory--stop--g1,stop,LkcYscvorK8LkQskBqtGI8,2020-06-30T13:56:14+00:00,1593525374049,100149628902804,pra1985,17.4004892,78.4702431,"Non-overlapping outer urban tile around Hyderabad, India; excludes the r07 centre box",Hyderabad outer tile,https://www.mapillary.com/app/?pKey=527908541564701,2026-09-01T17:31:29+00:00,high_exact_semantic_taxonomy_prefix,mapillary_india_group_00023,metadata_only_not_reviewed,no,122,proposed_metadata_only,no,"All catalogued stop candidates retained; round-robin order across dependency groups, then metadata diversity within each group",Mapillary image 527908541564701,pra1985,https://www.mapillary.com/app/?pKey=527908541564701,CC BY-SA (version to verify at download time),Mapillary image 527908541564701 by pra1985; source https://www.mapillary.com/app/?pKey=527908541564701; licensed under CC BY-SA,blocked_pending_manual_logged_in_terms_confirmation
217592986547772,2941991092716218,2941991092716218,regulatory--stop--g1,stop,LkcYscvorK8LkQskBqtGI8,2020-06-30T13:56:15+00:00,1593525375049,100149628902804,pra1985,17.4004857,78.4702053,"Non-overlapping outer urban tile around Hyderabad, India; excludes the r07 centre box",Hyderabad outer tile,https://www.mapillary.com/app/?pKey=217592986547772,2026-09-01T17:31:29+00:00,high_exact_semantic_taxonomy_prefix,mapillary_india_group_00023,metadata_only_not_reviewed,no,123,proposed_metadata_only,no,"All catalogued stop candidates retained; round-robin order across dependency groups, then metadata diversity within each group",Mapillary image 217592986547772,pra1985,https://www.mapillary.com/app/?pKey=217592986547772,CC BY-SA (version to verify at download time),Mapillary image 217592986547772 by pra1985; source https://www.mapillary.com/app/?pKey=217592986547772; licensed under CC BY-SA,blocked_pending_manual_logged_in_terms_confirmation
263827252190617,2941991092716218,2941991092716218,regulatory--stop--g1,stop,LkcYscvorK8LkQskBqtGI8,2020-06-30T13:56:15+00:00,1593525375099,100149628902804,pra1985,17.4004859,78.4701825,"Non-overlapping outer urban tile around Hyderabad, India; excludes the r07 centre box",Hyderabad outer tile,https://www.mapillary.com/app/?pKey=263827252190617,2026-09-01T17:31:29+00:00,high_exact_semantic_taxonomy_prefix,mapillary_india_group_00023,metadata_only_not_reviewed,no,124,proposed_metadata_only,no,"All catalogued stop candidates retained; round-robin order across dependency groups, then metadata diversity within each group",Mapillary image 263827252190617,pra1985,https://www.mapillary.com/app/?pKey=263827252190617,CC BY-SA (version to verify at download time),Mapillary image 263827252190617 by pra1985; source https://www.mapillary.com/app/?pKey=263827252190617; licensed under CC BY-SA,blocked_pending_manual_logged_in_terms_confirmation
1157408938004071,2942116802703647,2942116802703647,regulatory--stop--g10,stop,LkcYscvorK8LkQskBqtGI8,2020-06-30T13:56:16+00:00,1593525376099,100149628902804,pra1985,17.4004916,78.4701372,"Non-overlapping outer urban tile around Hyderabad, India; excludes the r07 centre box",Hyderabad outer tile,https://www.mapillary.com/app/?pKey=1157408938004071,2026-09-01T17:31:29+00:00,high_exact_semantic_taxonomy_prefix,mapillary_india_group_00023,metadata_only_not_reviewed,no,125,proposed_metadata_only,no,"All catalogued stop candidates retained; round-robin order across dependency groups, then metadata diversity within each group",Mapillary image 1157408938004071,pra1985,https://www.mapillary.com/app/?pKey=1157408938004071,CC BY-SA (version to verify at download time),Mapillary image 1157408938004071 by pra1985; source https://www.mapillary.com/app/?pKey=1157408938004071; licensed under CC BY-SA,blocked_pending_manual_logged_in_terms_confirmation
4390157774330574,2941991092716218,2941991092716218,regulatory--stop--g1,stop,LkcYscvorK8LkQskBqtGI8,2020-06-30T13:56:16+00:00,1593525376049,100149628902804,pra1985,17.4004876,78.4701604,"Non-overlapping outer urban tile around Hyderabad, India; excludes the r07 centre box",Hyderabad outer tile,https://www.mapillary.com/app/?pKey=4390157774330574,2026-09-01T17:31:29+00:00,high_exact_semantic_taxonomy_prefix,mapillary_india_group_00023,metadata_only_not_reviewed,no,126,proposed_metadata_only,no,"All catalogued stop candidates retained; round-robin order across dependency groups, then metadata diversity within each group",Mapillary image 4390157774330574,pra1985,https://www.mapillary.com/app/?pKey=4390157774330574,CC BY-SA (version to verify at download time),Mapillary image 4390157774330574 by pra1985; source https://www.mapillary.com/app/?pKey=4390157774330574; licensed under CC BY-SA,blocked_pending_manual_logged_in_terms_confirmation
579678436332090,2942116802703647,2942116802703647,regulatory--stop--g10,stop,LkcYscvorK8LkQskBqtGI8,2020-06-30T13:56:17+00:00,1593525377049,100149628902804,pra1985,17.4004985,78.4701134,"Non-overlapping outer urban tile around Hyderabad, India; excludes the r07 centre box",Hyderabad outer tile,https://www.mapillary.com/app/?pKey=579678436332090,2026-09-01T17:31:29+00:00,high_exact_semantic_taxonomy_prefix,mapillary_india_group_00023,metadata_only_not_reviewed,no,127,proposed_metadata_only,no,"All catalogued stop candidates retained; round-robin order across dependency groups, then metadata diversity within each group",Mapillary image 579678436332090,pra1985,https://www.mapillary.com/app/?pKey=579678436332090,CC BY-SA (version to verify at download time),Mapillary image 579678436332090 by pra1985; source https://www.mapillary.com/app/?pKey=579678436332090; licensed under CC BY-SA,blocked_pending_manual_logged_in_terms_confirmation
