image_name,relative_path,width,height,format,mode,bytes,sha256,difference_hash
img_0001.jpg,traffic512final/img_0001.jpg,512,512,JPEG,RGB,35706,3737be65a0c1b591a5db252b1605e70a5613b1ceacfb2f10d5fbdf0842b42dc1,170323131f070317
img_0002.jpg,traffic512final/img_0002.jpg,512,512,JPEG,RGB,43740,f0bd0625bd2e41cc8e306560ae70c2a85d6ebaaa79cfec77b2f4e18e0342cc0e,212b3317130b839b
img_0003.jpg,traffic512final/img_0003.jpg,512,512,JPEG,RGB,47630,d2d4f307a61e5267560801c19cb4d0cabb2daf7ed3844317ab02204fdd71d13f,c8380984c4c1a263
img_0004.jpg,traffic512final/img_0004.jpg,512,512,JPEG,RGB,55818,9ed8f0d8601c12897e9449ca754ae54fae3690a9b66eba1d9d8dc0d82eef821d,8880d0b40cf08218
img_0005.jpg,traffic512final/img_0005.jpg,512,512,JPEG,RGB,55720,a46b432436c1316428080875925c624a5d82de4e1a3625db181130ad678477d7,6125212dba4bcd91
img_0006.jpg,traffic512final/img_0006.jpg,512,512,JPEG,RGB,63475,2dd47f2b202c0d7464252b06e3ed7e66a2ea69a3dbe8e4c10b02eb7b1b991c2a,b029c3c21b584400
img_0007.jpg,traffic512final/img_0007.jpg,512,512,JPEG,RGB,60081,39c5abee13a8d19632d06406fc14be086fa6f36bc3cfc9b5718180ed769cf9df,2e9abb6c92cac89a
img_0008.jpg,traffic512final/img_0008.jpg,512,512,JPEG,RGB,71445,e12248f2f3e593913941748c1e890f18e4cc842ce06d9c20a1ce34bf13cc23e3,185040260d3be6c7
img_0009.jpg,traffic512final/img_0009.jpg,512,512,JPEG,RGB,66295,f4634ad12d50afd7a98d7dbbbbaf4783f87f70887722a00a85d53afad6e6aced,1c343436293384c1
img_0010.jpg,traffic512final/img_0010.jpg,512,512,JPEG,RGB,66541,18d12d8066894a8866dc0e8e78cf78351ec179846c7229896b4a2ef8217ee309,e9280d0453d32c28
img_0011.jpg,traffic512final/img_0011.jpg,512,512,JPEG,RGB,69833,384a0191a10b2ed2b93013fccf78389e72ba74d8d830c062d7d886efcea13229,262b69e83d272060
img_0012.jpg,traffic512final/img_0012.jpg,512,512,JPEG,RGB,76586,921488efd54ffbf3586fbaed2086c840a2dd8898da4e7108207838f5b967b906,422aa8397a4f1f97
img_0013.jpg,traffic512final/img_0013.jpg,512,512,JPEG,RGB,51052,651c5c51ab5aafb4702949c01a5be76e98dddfb8c9c9c4541a68664bec615877,8e2230959d6e0c11
img_0014.jpg,traffic512final/img_0014.jpg,512,512,JPEG,RGB,62953,b53dcce899ce442173145e93552d6d4f6100f2d9dc89ba89d05e580ff935179f,3144684f7635b9cb
img_0015.jpg,traffic512final/img_0015.jpg,512,512,JPEG,RGB,72899,a510263629394234caa8363c5ef9a65303613932cb061278ebfab726c5cbb3c4,637260e3494b079c
img_0016.jpg,traffic512final/img_0016.jpg,512,512,JPEG,RGB,65609,ed1f1365cc0cb172998954961bfc7a4439463c2d617664fdee20c9e9dd5e4738,83a07cb832307130
img_0017.jpg,traffic512final/img_0017.jpg,512,512,JPEG,RGB,67074,77f92261d169a8abac0327db83d1cb91e340e580442e430f9f77b182d8b598dc,a322232c22608c0e
img_0018.jpg,traffic512final/img_0018.jpg,512,512,JPEG,RGB,74013,146253873b58e9a8b412032cd452f41a34ec1cae889cc931e252041f0b6f2992,328880212992a00a
img_0019.jpg,traffic512final/img_0019.jpg,512,512,JPEG,RGB,73214,a0469968066d43f56850ee1559b70f9a3ad50e5e1b11b0b572aac29187624d51,191b1f3f38488486
img_0020.jpg,traffic512final/img_0020.jpg,512,512,JPEG,RGB,83289,b94f6c174a6f56050ece9379c17ecba7d792e1bd663fe8e0aa41cc72aa1fa4d1,6ac3c16d68e1c26d
img_0021.jpg,traffic512final/img_0021.jpg,512,512,JPEG,RGB,67983,3c8c80cd2d9a99e7c016562764e1711d7a05e43a16b65ceb1dee154c3ac2acf9,1c1c355ebe6c6445
img_0022.jpg,traffic512final/img_0022.jpg,512,512,JPEG,RGB,88214,6ab459c9c6b7f03c7ece990cff3d3c6bcba578e5c1748bb58d85089c91931325,666170640446d8c0
img_0023.jpg,traffic512final/img_0023.jpg,512,512,JPEG,RGB,60287,9e190ff95ef4b052b6b4b317b0eec2db9c65635855dfe30149dcabc98706fad3,f36173453575e0ce
img_0024.jpg,traffic512final/img_0024.jpg,512,512,JPEG,RGB,49068,62619f7312912d577b9a42d09d563bb0f36c1577fc71bc9fb13638bf4e6abd4a,3a3232061d68c003
img_0025.jpg,traffic512final/img_0025.jpg,512,512,JPEG,RGB,81110,994b40b398bfbbac1a6d703d2d980eb11834b422f456b9a79ad6f178e01a1f15,3ce576131bdd7889
img_0026.jpg,traffic512final/img_0026.jpg,512,512,JPEG,RGB,42544,d7e23318c74aea93ec1917ebc7a23cf7a905e16cd416a68181593c06ddcaa0c6,0012d2c5c1f9e76c
img_0027.jpg,traffic512final/img_0027.jpg,512,512,JPEG,RGB,48285,c150c58668367b30e0c03e6e21d8a533cb0ed692f80a0b7827a7e2d2425597ce,e31b7862366c0834
img_0028.jpg,traffic512final/img_0028.jpg,512,512,JPEG,RGB,56508,bdbb75d3c8ec608d0b9d68162364c91e8d65787ac08d8a69e20f75018b1f1a0c,7a1bdb6575076492
img_0029.jpg,traffic512final/img_0029.jpg,512,512,JPEG,RGB,39476,a714e18cfa711610d354c1b665e316cf82c9f4c068f27cf335b12d3159606f2f,7cccbb1232e64a1c
img_0030.jpg,traffic512final/img_0030.jpg,512,512,JPEG,RGB,52774,4bd3868fc05b704f6ed9d64189b46cd4c6ecbdc8df9d37bd76fb9469b088a1f6,1426676ce8c6304b
img_0031.jpg,traffic512final/img_0031.jpg,512,512,JPEG,RGB,37744,35f02024270844d03f62aa4438a07f56a4d2cd50d38b272acdc4f18023511705,0ddb7b78244c18a1
img_0032.jpg,traffic512final/img_0032.jpg,512,512,JPEG,RGB,38746,5e81b2cf51e55c225736e04bb0656814d38aae6b5542f0ba114529d6c4f78143,c6780984900990e3
img_0033.jpg,traffic512final/img_0033.jpg,512,512,JPEG,RGB,48069,5448fb573f7871ad5a6b81a463b4295b4f671ad9ee26a6d4f8f4e03c80ce3a8d,993b2a46d244d040
img_0034.jpg,traffic512final/img_0034.jpg,512,512,JPEG,RGB,52700,141ac2be2c57a12d9b2f56e3a8624e849d467e528135a98c30435b2820d82c2d,625a3c76d298b0b0
img_0035.jpg,traffic512final/img_0035.jpg,512,512,JPEG,RGB,50724,2cd15db3b6f5962999315f56b95e38f581a8c7ed70aa5c3839184aa3a1c86baa,9b7271093878f1e7
img_0036.jpg,traffic512final/img_0036.jpg,512,512,JPEG,RGB,33849,61aa2f0c0876903d9b31469a6de49a207abd559881d55a6e687dd26270a9bdad,8f9dd3ef2f613318
img_0037.jpg,traffic512final/img_0037.jpg,512,512,JPEG,RGB,47170,8e25e50e2a0a677066786cc61056ba59e18369c2008ddd67f6cabd0165020e89,4f8a9a8238f0810f
img_0038.jpg,traffic512final/img_0038.jpg,512,512,JPEG,RGB,73497,7b52716e6ce7d296039d0d1d063489654d2aff5f03a39d88c8702501e660f3f9,d44c0c8a877d9a38
img_0039.jpg,traffic512final/img_0039.jpg,512,512,JPEG,RGB,57129,388153e1fbaf8ff76b469bc7c07b3721cea42ebbda60c6dc3c9d06e0f56cc20c,04b5f3dbcc7cbceb
img_0040.jpg,traffic512final/img_0040.jpg,512,512,JPEG,RGB,58412,359adce22ca8d374c0df5ed51e2697f282126c9b2221e8842184e114140d4b2b,0747731619390c60
img_0041.jpg,traffic512final/img_0041.jpg,512,512,JPEG,RGB,45682,061441cee32195202e8c75108324308de9e15efec92dfede131cc42b0a7818d5,333f1c1b3c2e4ffa
img_0042.jpg,traffic512final/img_0042.jpg,512,512,JPEG,RGB,39436,dd50a29098fa97063727cbd188f05e745c3af263e3c37f89ef35abdf81df189b,220a39f1870d4d0f
img_0043.jpg,traffic512final/img_0043.jpg,512,512,JPEG,RGB,36762,4581a83cb62226f03e48f5d0850a6dc0c009a5c1d95874b1a5964358e21b54fe,9bc3e3268d0f4f4f
img_0044.jpg,traffic512final/img_0044.jpg,512,512,JPEG,RGB,59379,5f8bc84c349c11e93dd517c82a11399649766e796712d9b7030a25d9c1a87a13,b032366c0333e60d
img_0045.jpg,traffic512final/img_0045.jpg,512,512,JPEG,RGB,71530,589bef289445adc1b2dfc37160cd0b01c06c657e42aeaac0f4aa22cb0a9f477e,610c0c189c4cf121
img_0046.jpg,traffic512final/img_0046.jpg,512,512,JPEG,RGB,83829,4c0894c253f7c96867cbec932ee7b936a49fbbdaaf7ac15961f8e046b8b0f6c9,b626262634081a59
img_0047.jpg,traffic512final/img_0047.jpg,512,512,JPEG,RGB,77488,ee566de0bfe73bd6f50c64670c4efadc94ea5dbbceb785a2fb30bfde59c871f5,1b531fa603950585
img_0048.jpg,traffic512final/img_0048.jpg,512,512,JPEG,RGB,73991,81821384b7ce3351118463904d6aabc23427c4ed5df18794f7a19dd52883dd41,3ba7e26aa6e06d8c
img_0049.jpg,traffic512final/img_0049.jpg,512,512,JPEG,RGB,41745,65368c3ac2881aaa55d8a351c49907251af8017d5756fb4ba182c94602f64516,7c68687819e93d7c
img_0050.jpg,traffic512final/img_0050.jpg,512,512,JPEG,RGB,75730,3f35d85b5f346fbe8a48270333b940f4cae46f0daa3d3d2569b081411c780147,eac8c9cacdf79f7f
img_0051.jpg,traffic512final/img_0051.jpg,512,512,JPEG,RGB,65086,b349fe9f602e16827c2398558e9753f0ddb27bfc1763ac1109efc57c33141af4,9397071a93d04e6e
img_0052.jpg,traffic512final/img_0052.jpg,512,512,JPEG,RGB,43068,058fdb57bc2bd7b409a95628f14aeac750153c57d411572eca38ec80c32d58aa,dae4c6bd2d7e6fe4
img_0053.jpg,traffic512final/img_0053.jpg,512,512,JPEG,RGB,48728,39f0f4381651e4cc1cefde84caf237698630b50c24c717c3b9414868cc159098,08f1260cdce1fc4d
img_0054.jpg,traffic512final/img_0054.jpg,512,512,JPEG,RGB,60814,c3d40c6705bec2085f6ba2b018751c09c86a8175c4eadb825f4a592f1371a120,0300c8ccc8442008
img_0055.jpg,traffic512final/img_0055.jpg,512,512,JPEG,RGB,34525,fd5f51a3d8eba0fc79862b72b339139459e611237476bcb125a75f7b2b955deb,3ec6e6968d0cdf4d
img_0056.jpg,traffic512final/img_0056.jpg,512,512,JPEG,RGB,40187,b6bdfd2e75fde5480971f93c9f2ee4f00d7770daafed8c339528bcba401842d4,8050594821050b3f
img_0057.jpg,traffic512final/img_0057.jpg,512,512,JPEG,RGB,71743,3d1d2c0d28f19933dbb636267c847c95c33e5181e55aafa5acd39a91996acd08,ca1ececc8e1c6201
img_0058.jpg,traffic512final/img_0058.jpg,512,512,JPEG,RGB,59185,bcabba30a84163e8161af44b222d25cadccd9ced6366f363890b79e9da0e8c51,c2c2024a480563c0
img_0059.jpg,traffic512final/img_0059.jpg,512,512,JPEG,RGB,61303,21e257741d1117ada788d245a9f5717146ba577067aa5e3c753ad9f60776db33,e4e06484f0808105
img_0060.jpg,traffic512final/img_0060.jpg,512,512,JPEG,RGB,59108,b448ec053e326bd9f990b209df80c8a18afc0b0b3aef64bdc32b38326457a85e,2920f4f8f020440c
img_0061.jpg,traffic512final/img_0061.jpg,512,512,JPEG,RGB,69815,be256ecd625626efb9ca8b5a3c84d454803f8729306fbb53ec7f88cd07a91577,0f08084a1888cc30
img_0062.jpg,traffic512final/img_0062.jpg,512,512,JPEG,RGB,85346,11f466d181d785c90c13f8f4114332229c56911c6b8ba6bdca0b47f2f159be07,20169650100010c1
img_0063.jpg,traffic512final/img_0063.jpg,512,512,JPEG,RGB,77862,ce533ea9571791dd2c8ff54d87a2c6583d77f3ca14d0f7421b1b582198d727ad,0401080c80008050
img_0064.jpg,traffic512final/img_0064.jpg,512,512,JPEG,RGB,84189,3c91bd368c68a22074aaad5b17717926d47268a43d1d0ef20cd46f215328a3cb,cb8ecc4c823cb481
img_0065.jpg,traffic512final/img_0065.jpg,512,512,JPEG,RGB,85371,0046544f76e2946a0ba785017bede399248f403d30d35288b618b7fe45aefcfc,6c28c9cc62309822
img_0066.jpg,traffic512final/img_0066.jpg,512,512,JPEG,RGB,51136,a9a4cc7c93a24e65ef9ea682c83be05261a59209b463c83d3ec1de49d61f8b39,73717262cd60a492
img_0067.jpg,traffic512final/img_0067.jpg,512,512,JPEG,RGB,42942,252d0d6579d34010118f65b1cd8c12a107599119bb13cd8e0f976c01d1d539c5,3039f1524a254066
img_0068.jpg,traffic512final/img_0068.jpg,512,512,JPEG,RGB,37569,6ffb9a9d5dabefcb0b9befad66816d76f39da9ed06b8915b6819bbbcee1d69d0,31647031706d992d
img_0069.jpg,traffic512final/img_0069.jpg,512,512,JPEG,RGB,28087,403fbbad97cc9ada6029e33f7deb39bcf26a43cb662994c6fa2c0eab8e356276,80c3043311102104
img_0070.jpg,traffic512final/img_0070.jpg,512,512,JPEG,RGB,48593,5c54bf5c8f71fccbe202b6893454721f9fcce29ed11a598b76a91d78f1dfbcf5,0fa3323208186000
img_0071.jpg,traffic512final/img_0071.jpg,512,512,JPEG,RGB,56620,e7fba78f7046505f60ec5c8fae6bd49d79c31a223def881820980d13c42f94d3,69002020040e8481
img_0072.jpg,traffic512final/img_0072.jpg,512,512,JPEG,RGB,70123,0b517dd099611863a8ff9bf54b8d7c6550880dd10d660ff373072d89cdd511c1,12009c944031c618
img_0073.jpg,traffic512final/img_0073.jpg,512,512,JPEG,RGB,61290,06b3c932336648b167183f1fac494423630917f8542939f66f1491affe010b1e,07e0e2ae48908050
img_0074.jpg,traffic512final/img_0074.jpg,512,512,JPEG,RGB,57447,40be3fd952ae7d0963f219bbd3aaae4ccfb24c082a2242f426bdb2964d5a7a39,83b4701cbcfb1118
img_0075.jpg,traffic512final/img_0075.jpg,512,512,JPEG,RGB,57136,5b34c1b1d1023e5d03da7e958e139290f407b50938c5b96b3ed89f17e7ef3487,024d61e959f2f208
img_0076.jpg,traffic512final/img_0076.jpg,512,512,JPEG,RGB,68269,a3493a137dcdca7b58d12f91ac1d73224ec37048ac1de66c1e8d7e545f538d81,c4f618d0f2e86871
img_0077.jpg,traffic512final/img_0077.jpg,512,512,JPEG,RGB,34449,bcb239b9373c0511b462c5816e2f617413af12d1638bfd17975bd752f88f81bc,3ebe623999e1e162
img_0078.jpg,traffic512final/img_0078.jpg,512,512,JPEG,RGB,56671,cd3f8bd58f815d7187a7803e310ea32a602a0a54c102075093e4477d5135f701,a2b8981d98a14707
img_0079.jpg,traffic512final/img_0079.jpg,512,512,JPEG,RGB,68757,8dddafe3f0174c3c14cd13697c29bfc4fced76cd0b31ad166c6d39385f83c556,00585c5c99bc6083
img_0080.jpg,traffic512final/img_0080.jpg,512,512,JPEG,RGB,59423,db34dea577a637d6cf4fff38c6475e49cb652540da00d173421904b0eee820be,5cb43190a4e03336
img_0081.jpg,traffic512final/img_0081.jpg,512,512,JPEG,RGB,73778,04b8bbf0f5cc4364b0a1a6d584495596629d84f4b38bfbff0ab69008a23cfe9f,66cc8f96c3ccccd2
img_0082.jpg,traffic512final/img_0082.jpg,512,512,JPEG,RGB,72639,c0aacdb0bc1b5988cc303baf839610120da899242bca4c9c514b903bcdaa1125,2969e19e0f988801
img_0083.jpg,traffic512final/img_0083.jpg,512,512,JPEG,RGB,64508,74852cb2fc38ab82f81beb205856ce640ddccd3b3d22a3e26c0b036ea3384698,f2692982a603b18a
img_0084.jpg,traffic512final/img_0084.jpg,512,512,JPEG,RGB,89614,d7b8e643a7e49ebaeb39d0f7cddc95e73585f3d4982638707dbaba4feb50dd6d,34b48834163b2b3e
img_0085.jpg,traffic512final/img_0085.jpg,512,512,JPEG,RGB,85128,87452d671a5664dbd8fada86e0974c600578c14f94ddab41b6339a55e69e18fc,8db6a60524064915
img_0086.jpg,traffic512final/img_0086.jpg,512,512,JPEG,RGB,59941,d1d882ff685df8a159d0949ab5f7374c07d61dafd08b926df9838997e9b7c283,6c1008ee7b1b3878
img_0087.jpg,traffic512final/img_0087.jpg,512,512,JPEG,RGB,85391,a6a4495fcd84cc61975df5d2c868eade77a90459feeb3300a8f4acccc853457b,e0cdc696a8ec580e
img_0088.jpg,traffic512final/img_0088.jpg,512,512,JPEG,RGB,81663,47a8731c4ba59d9e8fa1a6b7c1ee2095607844e47b6ff31d98d74ac805425649,f0f4e579c480071c
img_0089.jpg,traffic512final/img_0089.jpg,512,512,JPEG,RGB,37190,1519220df7303cc0e162c79d3f9c79bc95550daa9bc08e082534eb21c6c57627,a78194cc0e9e9fea
img_0090.jpg,traffic512final/img_0090.jpg,512,512,JPEG,RGB,36980,579ca24f4591e33805a76648b1c619fad749a5302f218d50c7826ddfd6fdc62d,81c77b686cb046c6
img_0091.jpg,traffic512final/img_0091.jpg,512,512,JPEG,RGB,46153,dc73db0745c440d786447fd56ba960d09d264171ce985c0b4b80e23d408dacee,a0b5cba81060c419
img_0092.jpg,traffic512final/img_0092.jpg,512,512,JPEG,RGB,40635,a1e011189cce79a003c326ec6438cd50ee31f80fa91b16465e46ce72cc9d9139,3edf1f73c09c848c
img_0093.jpg,traffic512final/img_0093.jpg,512,512,JPEG,RGB,45900,34b8a4987e7927f7d9843ba55b0f6f0cfa67ed2a5e2bf7a7faf0510294720ee4,4f4bd991d3cc0003
img_0094.jpg,traffic512final/img_0094.jpg,512,512,JPEG,RGB,73445,d2f58af392df1506812c88c7c7262f272e2f3d374907ae6f83023c87c318f9bb,c9d31b4d83b61090
img_0095.jpg,traffic512final/img_0095.jpg,512,512,JPEG,RGB,73734,0cec02b5ac117bafe457a36dafe1bba12bf9d3d5d865b984f0b5fe3ff74ccea7,6c6552470c108808
img_0096.jpg,traffic512final/img_0096.jpg,512,512,JPEG,RGB,67672,06355272352ff0d37144824fca520fc3985289e1bb7d0a39e50a2c2334f32723,b839393fb92678c0
img_0097.jpg,traffic512final/img_0097.jpg,512,512,JPEG,RGB,42452,2af170e8ec3a1c5b186ea8d7b49555373f17ec99d92990d9fbb6ba760c048237,09d586cec0244903
img_0098.jpg,traffic512final/img_0098.jpg,512,512,JPEG,RGB,59381,febaca93efbca03ea63515bbee9ad2dfb2155ed72173c9bc3988439fb9a10e70,7372f14905004080
img_0099.jpg,traffic512final/img_0099.jpg,512,512,JPEG,RGB,66295,c7fc7010cdbea202d49a0da73f313aea29748b7298dd89d8432e697f0f9b87d5,727363c3464d2f4a
img_0100.jpg,traffic512final/img_0100.jpg,512,512,JPEG,RGB,69028,3e549d9309e7ec8304a048b222a8c75d90eda9076cfcb0088247edefcaa0bf31,b39323e7cac9894d
img_0101.jpg,traffic512final/img_0101.jpg,512,512,JPEG,RGB,86180,1fcec35984aadd8884b60a4e925870539bed78efa563c035ae12b18fb5d539fc,72f01729d91b48ec
img_0102.jpg,traffic512final/img_0102.jpg,512,512,JPEG,RGB,24096,6c1ca8464cc072240a3adfbdd1a6b25996a25d705bf8849180393583f7673733,391f593927440323
img_0103.jpg,traffic512final/img_0103.jpg,512,512,JPEG,RGB,25416,28ad4462e456f62dd55350c18b03c8129cfbb5bac5ce35d868cd057bfd87b76b,3f39786946560123
img_0104.jpg,traffic512final/img_0104.jpg,512,512,JPEG,RGB,39723,0405f7ac2450443ef70200925150377622d1d1a4e76d180678dafd9f29dbc236,200d337341309044
img_0105.jpg,traffic512final/img_0105.jpg,512,512,JPEG,RGB,52005,d7322c3fdb17131a4f60211ee5b072a4c26514eb7602162d89ce0a3442c1f206,0c3991806c8830e2
img_0106.jpg,traffic512final/img_0106.jpg,512,512,JPEG,RGB,40647,1d50019e91561b598c6834414d7fde150377c685f753607960c7ee4e78c5c0f6,0d327392ac3ce4c8
img_0107.jpg,traffic512final/img_0107.jpg,512,512,JPEG,RGB,29355,cf3dca3b20d80c6a93cbbc5aac4877efc388624aa40c5ec41cad3bed33e920eb,cccccc4d4d4d4d4d
img_0108.jpg,traffic512final/img_0108.jpg,512,512,JPEG,RGB,47281,e7dffe1cf90cd6595d12325ad7685b1b98c2b1946cf6eb170df016423d5c1f3e,063939d9c4389830
img_0109.jpg,traffic512final/img_0109.jpg,512,512,JPEG,RGB,58368,2f8088ae5a540eeedf01a513c448d91372b6d956d9ff874ef8058d7767aafe78,0f19594c79e48613
img_0110.jpg,traffic512final/img_0110.jpg,512,512,JPEG,RGB,73941,b2122d721efa178cf2449bdfe379e11e4f4c1324e88f17b915a6004b322ba0df,93694ccc69c92107
img_0111.jpg,traffic512final/img_0111.jpg,512,512,JPEG,RGB,88649,34fb64ad56b60b2875986750ba1c8316bc378cfc5b254071651eb1d856cab3ce,25028a0d53385231
img_0112.jpg,traffic512final/img_0112.jpg,512,512,JPEG,RGB,55171,5e4a7cb8958168baf719670db41ce519d25a163b8e341956292a3003bfec8281,dfdf97b3647474e4
img_0113.jpg,traffic512final/img_0113.jpg,512,512,JPEG,RGB,66787,291be74ba66bdaf8db514e6b1df17dbe3f155b96df5e920790349425a2b6afd5,9899b1cf6b6f4ec6
img_0114.jpg,traffic512final/img_0114.jpg,512,512,JPEG,RGB,42904,514e3c8c52305e7937266d70c75fb7fdd05c6dfaf01b9a77c34df66a94cca673,24cd3917cd1952cc
img_0115.jpg,traffic512final/img_0115.jpg,512,512,JPEG,RGB,40464,ad423d4e7a232f5e171fcdb6fd11187f0d272259fda3cbc4c91b91cb4916115e,0f31704c98010307
img_0116.jpg,traffic512final/img_0116.jpg,512,512,JPEG,RGB,44372,ffb79287ba274fd88fa4ae49742585d421f96356bcd5097872ed09166fb78032,20e3d3504c10302d
img_0117.jpg,traffic512final/img_0117.jpg,512,512,JPEG,RGB,37754,97029bc55727c34bc4d968a28a15a13cacc8355c05c32b50bf8c9eef2ed50f6c,0738b3c64c68c002
img_0118.jpg,traffic512final/img_0118.jpg,512,512,JPEG,RGB,44410,09fc8ff16bd38eb29539eee6ba5b8919d004ef7d629e83becca2cf9e2dd6f8c3,e81373e4843070d0
img_0119.jpg,traffic512final/img_0119.jpg,512,512,JPEG,RGB,75653,c3cf0157a8e9a5dd5af8448cf168674ce26ab347622e56bf1d661042439f2380,e1610063c3c6e440
img_0120.jpg,traffic512final/img_0120.jpg,512,512,JPEG,RGB,61760,e5c0a15b98dff00a27dcc82418ae34432911fbedbb34c7bcf3c6ce948a3d8423,63b769c3050c1e5c
img_0121.jpg,traffic512final/img_0121.jpg,512,512,JPEG,RGB,64781,39d7c19c2902a7192476b2afde419bc27d651d10e32afe6f3f89913f86d37be8,87a32d8931272660
img_0122.jpg,traffic512final/img_0122.jpg,512,512,JPEG,RGB,60898,6f581d1d64a5957b577ada02f4ff00a05897733b373798185204aa7b107bd920,0b561e1c80097539
img_0123.jpg,traffic512final/img_0123.jpg,512,512,JPEG,RGB,78246,fb4d9a73d38e30c7d38180d28ad44b95ae0dd66a2ccb75ddac08fcbed89ec1ec,e24305c4c0381713
img_0124.jpg,traffic512final/img_0124.jpg,512,512,JPEG,RGB,59475,dc2bb71e15b86f71850717527869d680f5a784639c6d1afbc6b182360f2add88,0609ebea62c6e0b0
img_0125.jpg,traffic512final/img_0125.jpg,512,512,JPEG,RGB,69393,4162ec00ab0ebf9b7e39b5bd12a8542dd8778a73b48d98c46ccc970fef1baa31,300a9028094a171f
img_0126.jpg,traffic512final/img_0126.jpg,512,512,JPEG,RGB,53402,a17be7b8d1d545704fb7845f1d68be090e75dfe93378a9c685a14d04034b1b9b,36b0b89ecea7d0ec
img_0127.jpg,traffic512final/img_0127.jpg,512,512,JPEG,RGB,50897,66ceba1f31533cdbe04473becad570963898d00cc1a9e4323ba84f193047f79a,a4a17878b6362f23
img_0128.jpg,traffic512final/img_0128.jpg,512,512,JPEG,RGB,62094,9dfd080517c60ea9ed87bc2d4f75de3e1cdc412e995c5af05ae47467dd07243e,8200818000131818
img_0129.jpg,traffic512final/img_0129.jpg,512,512,JPEG,RGB,74617,82a249d0302a5bcdce7ae94cc38d844f685f6ce92d11948b5089c9e5fb9dbaee,000000000803182c
img_0130.jpg,traffic512final/img_0130.jpg,512,512,JPEG,RGB,84635,9f6768dcd9fb4b4f0b17c24b0a833e39a023a22a839f369e33286c24110d77b0,3c134338ce9c2c31
img_0131.jpg,traffic512final/img_0131.jpg,512,512,JPEG,RGB,86850,c672d9a5011dc69de6a64424ec6c93a291a605d2dc940389b0d5776a5dfbd55f,1f8ccabeedebf9d5
img_0132.jpg,traffic512final/img_0132.jpg,512,512,JPEG,RGB,60726,85d7a74a6150cf7950c567f8aa19878c4a628674d61723fe637d17c89d701244,e4e6e6769be0e43e
img_0133.jpg,traffic512final/img_0133.jpg,512,512,JPEG,RGB,92100,3a77932c3f2442925e20cafa7973cc127bd5f13d9b8bce268cc82364a6d49df1,14999964cbf9a626
img_0134.jpg,traffic512final/img_0134.jpg,512,512,JPEG,RGB,88286,87b9ba5689c65321e43ce08acc7c3cf5b50c701ce40d29e733c86adb31754188,426465231c72b203
img_0135.jpg,traffic512final/img_0135.jpg,512,512,JPEG,RGB,37161,2c47aab9de805ec0cfe44a2a9f74fd06ddba35cdb133dd3ce355e65b52dc9c1b,cdaf9e43c139d393
img_0136.jpg,traffic512final/img_0136.jpg,512,512,JPEG,RGB,50818,66a64f6133f89c4bb7d638877dd9f7667734a0d9506870eaf4920c8c8e5244a6,2d139b6266c4831c
img_0137.jpg,traffic512final/img_0137.jpg,512,512,JPEG,RGB,48025,799fef363916ec7bce9e9af49c2a9b300ab350686828e5defcdc6caa91bce221,b573731417fe9000
img_0138.jpg,traffic512final/img_0138.jpg,512,512,JPEG,RGB,44602,84ffe8dbe763c2c7a6a9b04650be5c0ed8ebccdf09aa8e3fc84a59bc53d34a9a,a46373a6ac37da60
img_0139.jpg,traffic512final/img_0139.jpg,512,512,JPEG,RGB,51840,b34f34e56c210a8a01fcd21e0f09fa839ecb390e07e3da45808d615b0377fb08,bd7969694c1c5b8b
img_0140.jpg,traffic512final/img_0140.jpg,512,512,JPEG,RGB,61777,44c101356ae0dbf97e494a5eb7c47b1cc79c6e1f02b8237228b142ec7141096b,123900cefb64b088
img_0141.jpg,traffic512final/img_0141.jpg,512,512,JPEG,RGB,57451,2ac457decc8d361ff38433c73629a4ce2eefbc22e1a64bf005d1c808f953a99d,041a7bcdc8d0c7c6
img_0142.jpg,traffic512final/img_0142.jpg,512,512,JPEG,RGB,44783,9b40385b8595e6f5462a376addb6b29b5175b2928cfa19028842b39b8f28942c,5a0144c685864634
img_0143.jpg,traffic512final/img_0143.jpg,512,512,JPEG,RGB,42037,8eef8914534d58ae89e871bd1d776c9997dcc817fae6e68d9c720f753edada4e,80b0e8cb48929818
img_0144.jpg,traffic512final/img_0144.jpg,512,512,JPEG,RGB,58949,e9d16bbfb95ae56f1c76c106d5adf6bd678171853d2bbf538703cda85bca5646,c020583c5cd1a373
img_0145.jpg,traffic512final/img_0145.jpg,512,512,JPEG,RGB,45358,75249ace3e5c9d7e5de9e987dbe1f217c3e3da5d8e8e43696e66882879dcae29,7d5d5d717d5d1ed2
img_0146.jpg,traffic512final/img_0146.jpg,512,512,JPEG,RGB,42553,21b0476515b166237b7b3a76dfde00f8aed19b55704bb2c0903d55c07adedd2b,1e02c05859a4272b
img_0147.jpg,traffic512final/img_0147.jpg,512,512,JPEG,RGB,55005,9b77a5bf481d4bafe486e5228cdebafd367f4efbe6c655db7c0fcc1932e50239,313a3269bd1b2c39
img_0148.jpg,traffic512final/img_0148.jpg,512,512,JPEG,RGB,67063,151981a4bce262a1593f563599c00429d3bb9b7df3e075a27d212fcfa965367d,9cd8e2dbd9f85878
img_0149.jpg,traffic512final/img_0149.jpg,512,512,JPEG,RGB,45284,9c0fc62a02832c680fa72f5f61f9a8ef94ca43df7efd792f727b00d7caf62f98,6868604c2829d800
img_0150.jpg,traffic512final/img_0150.jpg,512,512,JPEG,RGB,40071,c953eb6bf6a945ec24102818388f622a825ee0b161fb274e70c3d2b854eaa7e8,081231616232b8c8
img_0151.jpg,traffic512final/img_0151.jpg,512,512,JPEG,RGB,39888,26ed2b8f5ef98dde1e1c42110f7a9586af8ec7745fa50e6a79f0d63d90c5c7d1,083271414615f890
img_0152.jpg,traffic512final/img_0152.jpg,512,512,JPEG,RGB,60275,6bee3d1ee867be8c76a3810495af2f97541c16cd5af5c1013b15b1d5d3dffcf2,4c7c2d1e4be9ac30
img_0153.jpg,traffic512final/img_0153.jpg,512,512,JPEG,RGB,33521,60d03e9be2d04d69918797ac57c7c1ecad6a5dded79560c55e9900754ba39c6e,3e3b3327a71b3028
img_0154.jpg,traffic512final/img_0154.jpg,512,512,JPEG,RGB,41713,c7d14d9ade1169c87771d4f64c256d552d3cb584c8df308b4f2deb67f3c3ca26,cefe3d0e8c900116
img_0155.jpg,traffic512final/img_0155.jpg,512,512,JPEG,RGB,40051,39fdd2aa3196471750c4903e0e34a88f5a79d7c63641094d55d8e3cf151f2a11,3e1e6367c203fea1
img_0156.jpg,traffic512final/img_0156.jpg,512,512,JPEG,RGB,32917,8799f27517016ed85c8eeee07eaa6cb5682e95b32513350bd1804b7fa9237af6,2ea79c33f3850d0d
img_0157.jpg,traffic512final/img_0157.jpg,512,512,JPEG,RGB,42814,0baec1c65bf2e6d11b997a14269e5002e3f406f70ee397aa4031c67cfcc1a0d0,d1a323c0017fc61f
img_0158.jpg,traffic512final/img_0158.jpg,512,512,JPEG,RGB,54706,5a97ee6f902791594dbb1db09fca973efe4343759adaa0716628d0a7c618dcdd,12815a4c04103020
img_0159.jpg,traffic512final/img_0159.jpg,512,512,JPEG,RGB,37494,f64da78d1125d93e174ce7a5bbc807e172e0663205392ffcbc7b9f7bff2fd0c3,17b8bcd6ff980c07
img_0160.jpg,traffic512final/img_0160.jpg,512,512,JPEG,RGB,58184,e95e38463474e5d358cef500aab7ff1f17df6cef5d0282a60c2b6254c986bee8,801273238e189000
img_0161.jpg,traffic512final/img_0161.jpg,512,512,JPEG,RGB,29646,e89b6ab778ba44215fc9bf7b890f2164c586421e02c40fae53fb18daaf8e363c,df7cebd77c21b0db
img_0162.jpg,traffic512final/img_0162.jpg,512,512,JPEG,RGB,71715,7cf39605d05abd52ebe0d30527ae6129a087d42fb597e6334f8c86419b6fd1e0,fa7a7adb5b5860a3
img_0163.jpg,traffic512final/img_0163.jpg,512,512,JPEG,RGB,37406,c06d40070fb9726f80e47261b9959f7d7c553b8034cb2e924f8a31d872914c57,12803edec9202082
img_0164.jpg,traffic512final/img_0164.jpg,512,512,JPEG,RGB,29488,5da48508323c0101e8bc395b13a43446fb249e92cd03065824480672d78baa07,bcfce89737380f62
img_0165.jpg,traffic512final/img_0165.jpg,512,512,JPEG,RGB,39900,2a8aebc386feab0e9736465833533145265d85d53a33ef42e462908a841b6a17,010100495cb80144
img_0166.jpg,traffic512final/img_0166.jpg,512,512,JPEG,RGB,29527,cb303fb51d9de7d651374849bed02e228d129de2564924ac356e420a239c0e63,40f088af7f683f67
img_0167.jpg,traffic512final/img_0167.jpg,512,512,JPEG,RGB,40192,e4c939a80736969bee6f531bf36036f1f1a6ac10ab91465ee480387d79b5ede6,dd9dc6e1e2c811c6
img_0168.jpg,traffic512final/img_0168.jpg,512,512,JPEG,RGB,37335,418f05a40e7e1da47fd21651a9c2be25bec0d4e9917cd25adf4dea549fda697d,b4b73173464ebe7d
img_0169.jpg,traffic512final/img_0169.jpg,512,512,JPEG,RGB,35727,2e13a0a5ee69ca8e698a258af484c13e22ca416783e74cf14b54020f8249a009,060726cca0620c10
img_0170.jpg,traffic512final/img_0170.jpg,512,512,JPEG,RGB,32807,6c76a71ef32b7f0b57f020cd5ba798a6e3d22e9f6fb31e2bcd75efe53596f306,00001a71751e1010
img_0171.jpg,traffic512final/img_0171.jpg,512,512,JPEG,RGB,32862,6bea75318c622c3323c0e8fd5dda8cf6fbbd235452645fb6e248920d33180cf5,cbd8e1d290610306
img_0172.jpg,traffic512final/img_0172.jpg,512,512,JPEG,RGB,37779,33074e8aba6d0209ed58efd995fd941ca973a0c4766c6fc14d8df20c97b25650,1c23210f8e5e6000
img_0173.jpg,traffic512final/img_0173.jpg,512,512,JPEG,RGB,37769,750620d8f76ac3c341bd3a247474d8640fe37ec2fc41a1a12f694880b572a671,02726050001e7063
img_0174.jpg,traffic512final/img_0174.jpg,512,512,JPEG,RGB,30995,201e9d1b6f92e9ec639fc40ded9eadc938c4ee665a81dd38cbf3541f22f713b7,6898656c19087739
img_0175.jpg,traffic512final/img_0175.jpg,512,512,JPEG,RGB,30124,412aa0a3288678108486bd20fd9fb1d9b69c5abdb199948e79f968046dddfbe7,84c37ffec2baccf6
img_0176.jpg,traffic512final/img_0176.jpg,512,512,JPEG,RGB,58002,046c8d1b55f77c44a1800b5f4714589b2729e76cbcfa1456466718849a30ef5e,2341445fa40410c2
img_0177.jpg,traffic512final/img_0177.jpg,512,512,JPEG,RGB,52864,c8b84fd0b4594850451b7d74722c09cde44ef2dbebe710382677c75e323e48dd,0c0c3634b6c03cf3
img_0178.jpg,traffic512final/img_0178.jpg,512,512,JPEG,RGB,51665,ee4295dc8266755052ce094a919d6eb8fd79cb93cbdb0f775e5edf7852f48445,0c0c3634b6c03cf3
img_0179.jpg,traffic512final/img_0179.jpg,512,512,JPEG,RGB,41446,f6ed1167fd4ebb51312e91431ac3d0669975c3eaf5cfc196321671107e3feeb4,e3339fdd46c8fc0e
img_0180.jpg,traffic512final/img_0180.jpg,512,512,JPEG,RGB,38213,49ac5428a689213ed577a32674dfcdf46c7a86dfbede411ca6cac7d5574d2b58,180d4164d65177c6
img_0181.jpg,traffic512final/img_0181.jpg,512,512,JPEG,RGB,50815,21c98cf642774ecd97ac050119d3a88c9bb00e58d10c73fc76611f8ecfb4fddc,1d42e0f41819fe84
img_0182.jpg,traffic512final/img_0182.jpg,512,512,JPEG,RGB,39535,e73ba23141f22e78a723aafcf2d3510cbc23ac4d4a39425203f72ae3f69d61d0,e3339fdd46c8f80e
img_0183.jpg,traffic512final/img_0183.jpg,512,512,JPEG,RGB,36761,8bdfb15581a26a053fc36b944a62326afd2d21588c8cb6195fd755ff117d3553,180d4164d65137c6
img_0184.jpg,traffic512final/img_0184.jpg,512,512,JPEG,RGB,62041,fda1d76d5373b9b92830bc8eea153ad60280a109868b8d67e4b48b92cccdb31e,3110332163635716
img_0185.jpg,traffic512final/img_0185.jpg,512,512,JPEG,RGB,34886,f35e0da8e190c809fd2700b5646aee1752d8ab772d6f1f0f7fcf40c04711ef32,07071b19b7f9e992
img_0186.jpg,traffic512final/img_0186.jpg,512,512,JPEG,RGB,36294,6e243bdbdd2e7d71faff5269d769ec4e106b04bcef34479eb61caba35c49624b,1d1f061c784c34b0
img_0187.jpg,traffic512final/img_0187.jpg,512,512,JPEG,RGB,44719,3ee28ab4afc9d36f4523b80b6e72e92cf43fa67467fa69a3ce41434e574f8ee1,e1d1c70340c18102
img_0188.jpg,traffic512final/img_0188.jpg,512,512,JPEG,RGB,33722,03d9c3c8a4cac88f63ec5d2ecf7c1d3c9fa75983b418ce230d577ad270ad77fe,21070f0bdb510101
img_0189.jpg,traffic512final/img_0189.jpg,512,512,JPEG,RGB,46469,76cb618906c9e5366c3ea8b02b9bfe7223c1e113934a688df78ec0206382c57b,3733136666987088
img_0190.jpg,traffic512final/img_0190.jpg,512,512,JPEG,RGB,43502,9c8ab7c30c825e70ba81cd966e7ddd73101e6bf91b545b3439b8342f05b012ea,e1d1c70341c18102
img_0191.jpg,traffic512final/img_0191.jpg,512,512,JPEG,RGB,32870,ad3e9230391618dade6f919e145c233f6f08ce13792f03eba696a8332c2d7da9,21070f0bdb510101
img_0192.jpg,traffic512final/img_0192.jpg,512,512,JPEG,RGB,32160,80adfa38afd8c2c2e1f6b9dfd5dc875a24fc72e3726983f059810170194b17fa,0c4e0b199ca408a0
img_0193.jpg,traffic512final/img_0193.jpg,512,512,JPEG,RGB,48737,f2c8544fafcec50b62019cf092e1fa116f72e1486f73edf2866ccde953e359e0,0ba50919040c0808
img_0194.jpg,traffic512final/img_0194.jpg,512,512,JPEG,RGB,57480,0251b6c9f6318c024ea99d433f7392a0a46dadf493b15d29591b5cb3a3bc7d3a,9090804818080668
img_0195.jpg,traffic512final/img_0195.jpg,512,512,JPEG,RGB,45498,51ca91c68b6da3aaa56ad46394d6f1e5d0bb8163963add84cad2f734ef488ffd,c32646093d181021
img_0196.jpg,traffic512final/img_0196.jpg,512,512,JPEG,RGB,68485,b8a79bc01ec1559f0fb1d33ca4c1d56ba83894072870d4f960ba8846242f3dad,a3d679317e6d6928
img_0197.jpg,traffic512final/img_0197.jpg,512,512,JPEG,RGB,41866,508cf127cd7b06e2a3353c3a9386166af19e20a53467c81591ac24a0dff98b4d,af4b173630188cc2
img_0198.jpg,traffic512final/img_0198.jpg,512,512,JPEG,RGB,56913,06f5f0cd38d5f4f2536d6a0518332eb236f45f8d76ee1517df6f25dfc1c0d74f,c9129d9f98d46e94
img_0199.jpg,traffic512final/img_0199.jpg,512,512,JPEG,RGB,45297,a3ddfb58fd6fe98ba57b43cc3161b21965889d073f7cf907427f758afad7fb1c,3733136666187298
img_0200.jpg,traffic512final/img_0200.jpg,512,512,JPEG,RGB,52319,81512348f3d3c5c12d5f9e33c3635991d74a964a74a14985bc66d70bb895bacb,343432f491c62440
img_0201.jpg,traffic512final/img_0201.jpg,512,512,JPEG,RGB,46135,72fec7ec31bcd521d6fbcaaecb04f6f64dd13cfd51859d0a99cde670d05c53eb,b3b3972580106060
img_0202.jpg,traffic512final/img_0202.jpg,512,512,JPEG,RGB,56032,830019acc3efbe2c2a023c3ca056abe6fcb1ea04b685daedf40a324fbd1b9710,4679b1b6ccf83360
img_0203.jpg,traffic512final/img_0203.jpg,512,512,JPEG,RGB,55901,c62470b10047bd98299bb5af15cbc1756048697f13d6725a1fe024232b6751c9,30306400434cb834
img_0204.jpg,traffic512final/img_0204.jpg,512,512,JPEG,RGB,52072,cb362d75b3f870e5a39e966b36661d8e1cb3d2abd1a6cd486cd068158324ec80,4a323243096c0c6c
img_0205.jpg,traffic512final/img_0205.jpg,512,512,JPEG,RGB,40187,dfa20f8911982490dbed0e96cd4d73b29c3d090a38e61c4c1b2fa8b1f4b38b70,f0f8f0e404cd0020
img_0206.jpg,traffic512final/img_0206.jpg,512,512,JPEG,RGB,50798,3efc40047d8779551a2d20d0f2bb7e955b0593a6ced4952c13528f138bd640f2,c949c9c342c88003
img_0207.jpg,traffic512final/img_0207.jpg,512,512,JPEG,RGB,36454,e2e9a47aad5dad68234df442a704a7532a36595ccdf33194e4b430715557e6d2,8999748921081033
img_0208.jpg,traffic512final/img_0208.jpg,512,512,JPEG,RGB,38080,d1cb404f4e8dbd9e7d2ca9e8bcf173867b39d0e4de83b36c5a81f3a572a47e29,98915373870f3b9b
img_0209.jpg,traffic512final/img_0209.jpg,512,512,JPEG,RGB,38373,ab8a5f2edd9ce5b512748a6439a39be4a7210c670e70864f5711638057110f9b,88c6480810328299
img_0210.jpg,traffic512final/img_0210.jpg,512,512,JPEG,RGB,47209,5d8a25c624167a61cb59a4dcb62d0bd56b39a4dab99fba4e334bee8d359f1946,0b64f39004048c19
img_0211.jpg,traffic512final/img_0211.jpg,512,512,JPEG,RGB,44379,24dc7aeec2cf9e159da6c3d5bbc256145cbcb82c3a2ecff575b153055eb0e82d,cc0d706200b02267
img_0212.jpg,traffic512final/img_0212.jpg,512,512,JPEG,RGB,31101,cdfba01373178f47c41304b254fe08f8316bfe1a8e5b3f31d6a5080949efdd95,13e32c31110409c3
img_0213.jpg,traffic512final/img_0213.jpg,512,512,JPEG,RGB,49724,e9e9de161669ea255febfe884ad6b3b4d92c9e94e10689bc1d1d8d1c3ce47acc,969eb28208498910
img_0214.jpg,traffic512final/img_0214.jpg,512,512,JPEG,RGB,44062,466219c2bddc2cdcfec140c87b380333695757d35faab7fb0d11597501181d45,2699262601cc4446
img_0215.jpg,traffic512final/img_0215.jpg,512,512,JPEG,RGB,42373,d5db602a24db8abc0c822ab3afa6127bbdb71749d81be57f869848d25f32119e,070e32b2c088195c
img_0216.jpg,traffic512final/img_0216.jpg,512,512,JPEG,RGB,44555,04af9f2430fd25e15b1a2b1bf806aba85a78c390314fc5b8f6fe8b4aad34b269,199965e5840b8988
img_0217.jpg,traffic512final/img_0217.jpg,512,512,JPEG,RGB,34757,db7077e1b79b6dd219727b7ab43f89573075986e6f9d9d317585e446b2693bbf,80d32ff75bf9e0e8
img_0218.jpg,traffic512final/img_0218.jpg,512,512,JPEG,RGB,54299,997b87b3eaf4fc1ee191b7800d90eb9612ac32a6690f81f7f4516d84ef1c809d,63391100012110e0
img_0219.jpg,traffic512final/img_0219.jpg,512,512,JPEG,RGB,54352,f31b582bcd51dd09e37164b0c10d3adbdd0b26d22fb8dd0757a86534232f0737,3c136c7c20004012
img_0220.jpg,traffic512final/img_0220.jpg,512,512,JPEG,RGB,29575,36f797daf0147600c7a1e59044445bce06de86bed7e74211a45be38fecd93169,81c8767203f8e10f
img_0221.jpg,traffic512final/img_0221.jpg,512,512,JPEG,RGB,28755,5a4d257b1eff076d310358bc2d199dfe2c3197da59f78f855ddeeae8a395e4f2,83986e671403718b
img_0222.jpg,traffic512final/img_0222.jpg,512,512,JPEG,RGB,44595,bc01b145f88dc5563f27ccf7ac866a58330a937c010ba975af89c69dc96639a4,1c6670c7c5244bcd
img_0223.jpg,traffic512final/img_0223.jpg,512,512,JPEG,RGB,40864,54a948cc41f584df2b06e6c36f7f5485d0b8f0535db29bc34459537a03ee042a,f9f8bb93011404a0
img_0224.jpg,traffic512final/img_0224.jpg,512,512,JPEG,RGB,39521,ceb5723d9237774e78668b1c0c9227ca7998ff19283ce4c17367a4c92b1512a8,41865a79c393afe7
img_0225.jpg,traffic512final/img_0225.jpg,512,512,JPEG,RGB,34436,71a3e2b24e802f41a09234f285b3c1ddc373ea3907a2ea7e1e7fd1b011af943b,0d9cb6a30333d726
img_0226.jpg,traffic512final/img_0226.jpg,512,512,JPEG,RGB,28976,b1acdb5b179e0ded47ecf2155a1f33846d6a3de0a3f8318c2e3e902e738d4e08,76a6203044830f1f
img_0227.jpg,traffic512final/img_0227.jpg,512,512,JPEG,RGB,34378,7a7649b829ff67fc11d363a541244a51f007adca1ebb08e506c4d42f207a1fa9,b56664139ce1070f
img_0228.jpg,traffic512final/img_0228.jpg,512,512,JPEG,RGB,32730,d10ca3ab0cc46f16d64e44c823cf26ac338aa344d32ee1b345d6db5388a318af,f3cafa60279e38c0
img_0229.jpg,traffic512final/img_0229.jpg,512,512,JPEG,RGB,37780,c0f249729f80d47df7c4c15dd0bf351d3f2bb06eac38aa2f85698e9a3ced20c1,8689d9dd26c0780f
img_0230.jpg,traffic512final/img_0230.jpg,512,512,JPEG,RGB,40755,c7d2f524cba4bfeb7539dd7480376b1b2e135be5ae71236fe60fa0c04ca11be7,0480f13a34187880
img_0231.jpg,traffic512final/img_0231.jpg,512,512,JPEG,RGB,45487,d791efb6ded6f2cba91afc995d366356e16aa6f3a65c8de8ad6a3ea8b2737e31,a4d9d92bd9004083
img_0232.jpg,traffic512final/img_0232.jpg,512,512,JPEG,RGB,35853,ed41983d55c36cf9dced416f18ab5f9c58d910cb2a3b7dc58cc568e5dbfc7f45,99d8c043091935df
img_0233.jpg,traffic512final/img_0233.jpg,512,512,JPEG,RGB,46517,61f7d46aae4e58f36292bbcf2fcc39c4180f65237e1a77519178b6af9cf22fe6,303371525c00010a
img_0234.jpg,traffic512final/img_0234.jpg,512,512,JPEG,RGB,37661,df282667cac50db401743adc3866bb3090a35986cd52917217a8fe872e6785b5,9b11cbcb234fb75e
img_0235.jpg,traffic512final/img_0235.jpg,512,512,JPEG,RGB,53679,e8eec6f9fad53b5f80e7e7e5491e77c962d61b20b54eebaccca8dd125ff90551,969bb8f45840e366
img_0236.jpg,traffic512final/img_0236.jpg,512,512,JPEG,RGB,47579,4e22ce612b049dc1d6be3faeee592885e516bbc2ce9bd14de3a8259278aa5721,99cc98d0c106353f
img_0237.jpg,traffic512final/img_0237.jpg,512,512,JPEG,RGB,43166,d7bbb8ea63fecc5097a5da92c1677f9a6b6e349cea24cbd35c4a5ddb3e218f73,6ab47bc0e4799623
img_0238.jpg,traffic512final/img_0238.jpg,512,512,JPEG,RGB,41422,ab44f3d242621c12d622b3c40cc399237bc166edfb0bcdaa3e535092112a6695,785c0421a1307054
img_0239.jpg,traffic512final/img_0239.jpg,512,512,JPEG,RGB,46178,d64f45d193e2283debf65eb09a3a5afdc9cfbf0792e2a5c934ee8eeedc66c3b8,0b8c32f2e430a48c
img_0240.jpg,traffic512final/img_0240.jpg,512,512,JPEG,RGB,37497,a909854d89613f7c73c1cb59f930418c341e80701e087b65f9db2d1d0f4bf1c7,4008b9d94e666108
img_0241.jpg,traffic512final/img_0241.jpg,512,512,JPEG,RGB,47893,7634ab9c424b4fe8b0e18f235acacfb52be40c9a1e73cefda7e7bdde2da7c8bf,4c8631a112a92adc
img_0242.jpg,traffic512final/img_0242.jpg,512,512,JPEG,RGB,48746,d5a54c5471c3cd4401f9c865be3db50443bb8523e0ccb674a0f8ad80f75e9f14,5c0cd1c190789111
img_0243.jpg,traffic512final/img_0243.jpg,512,512,JPEG,RGB,55780,06c1b5a000bddf362cb7e84cb6cdaac7fa60909136e727777525d288e34b4213,08113640942cccd0
img_0244.jpg,traffic512final/img_0244.jpg,512,512,JPEG,RGB,39377,7ec6abd34437641b0e7d15dafd4ffdc7f334eab0d35aa056f0ee43b0389c1415,2420656100c80383
img_0245.jpg,traffic512final/img_0245.jpg,512,512,JPEG,RGB,40296,b98c81efeaabafb85459bab4bd5b73d9b3fcfa1967611dfabcabe9e221a7af7b,410830d000039c1b
img_0246.jpg,traffic512final/img_0246.jpg,512,512,JPEG,RGB,51060,77c2becb734992d0b6f9e58eac4df2622c6685fffd375306541a2171519a6fb9,72e46cbac0a00018
img_0247.jpg,traffic512final/img_0247.jpg,512,512,JPEG,RGB,35357,3f58e13480173fbeb12eb83bba47ad9ebd8d372ba427bd31a41d1fd742fb4c0f,91331303071676ef
img_0248.jpg,traffic512final/img_0248.jpg,512,512,JPEG,RGB,40349,cf4f8727566d7ed86d675d7ac170805b5c4cfcd0a572785142ff42a97ff2e5eb,90a012818212177e
img_0249.jpg,traffic512final/img_0249.jpg,512,512,JPEG,RGB,41259,11469cc9e6ee361e4e35c401bbe056b32be9509a9c5641318a81a227c6731dd4,481153c305853f7c
img_0250.jpg,traffic512final/img_0250.jpg,512,512,JPEG,RGB,46622,c6cce537cf1ca186e840516fca9b30725be9f2167981e3ea38601dd86f40e9e1,c9c49cc4c1918b8e
img_0251.jpg,traffic512final/img_0251.jpg,512,512,JPEG,RGB,46051,bd4a119b056c4d0b8bef471d16fdb199d91e0a57640d7779757dc8a20198aa04,d8d3dac88105290f
img_0252.jpg,traffic512final/img_0252.jpg,512,512,JPEG,RGB,53869,093cc2a6be14c0dea204fe28d9111b07bb74954eff47c3ce6d48f770bbf5e3df,646361ed648408f0
img_0253.jpg,traffic512final/img_0253.jpg,512,512,JPEG,RGB,43117,e034d86ff9bfdf3b40335b697eda841b2244b1eb5bd92687ee1774aee022fdd1,34db333304008433
img_0254.jpg,traffic512final/img_0254.jpg,512,512,JPEG,RGB,45821,7c8c74ffd980c628b540be464a9f86d251e765d0aed9a16afe1fad5ae946c524,d8cd18309022931e
img_0255.jpg,traffic512final/img_0255.jpg,512,512,JPEG,RGB,35929,283b4202ec58d4cb00f5aeff6985fddbf9781527de2a8dbc5e188a14251da61d,439b0740073ffce1
img_0256.jpg,traffic512final/img_0256.jpg,512,512,JPEG,RGB,41120,1dd20a877d68bac04b3ede7d50304b82e2db9b5b38eca4576c22ffc25e7a8461,a2194da681501251
img_0257.jpg,traffic512final/img_0257.jpg,512,512,JPEG,RGB,37409,8f8320596b5a347e1cf54a2c8f02b53a6a7969191e19871a8189a54dcfd024d1,861ba2ae3112c0c6
img_0258.jpg,traffic512final/img_0258.jpg,512,512,JPEG,RGB,35187,e98bfd3a93455d1ab7c81b333e027bf5057e2a56e49798055f7d4e6e457dc3ca,b0104059690410b1
img_0259.jpg,traffic512final/img_0259.jpg,512,512,JPEG,RGB,40041,f591aab043abfabf2ae73778df310956bf856e7864ec81ba67814b6e99941ffe,75e0cb6911113818
img_0260.jpg,traffic512final/img_0260.jpg,512,512,JPEG,RGB,36524,4ee761853939396f60199333b40b90d8ec51939a0710e2cbb991be5cb9baaf13,4a42c9c9599c9f9b
img_0261.jpg,traffic512final/img_0261.jpg,512,512,JPEG,RGB,39719,2ce682b41aecd9b97520912a2ab2d8f737f7a88b6aa963f302e3535e0bb755c9,31e99a1e7e9a74db
img_0262.jpg,traffic512final/img_0262.jpg,512,512,JPEG,RGB,38937,4195b27de627bca0075f1a81eb0b3b7c03978b7f8ddd2df328fa1d47d52b84c2,8b98a9ad9fb23f99
img_0263.jpg,traffic512final/img_0263.jpg,512,512,JPEG,RGB,33185,d1db787d11c2afcaaca35214915526da44e363c00f66ba44a4ec400b8ed88fc0,8387672fdecf2727
img_0264.jpg,traffic512final/img_0264.jpg,512,512,JPEG,RGB,15364,b2d678b3d8c9fa3103cb8ed40c061e30dc5331b3a6d3899edf44426fd8247f8c,1b3d2525391b1b1b
img_0265.jpg,traffic512final/img_0265.jpg,512,512,JPEG,RGB,80383,97b178bd4a5e1b4d407afa6bf980a632e03f42c726472a77bcbb999b3c527a97,c2d2c3c1ece10208
img_0266.jpg,traffic512final/img_0266.jpg,512,512,JPEG,RGB,62728,4188c55a3fde19b463de4dbacf37fa301b826e83ed93302ed8db705295cf6efd,34c1411153109143
img_0267.jpg,traffic512final/img_0267.jpg,512,512,JPEG,RGB,38490,511e14d2c4ab760ec20b6dc643d65f160916df2529722eecec83e3451e4bcb5c,607c667c86968606
img_0268.jpg,traffic512final/img_0268.jpg,512,512,JPEG,RGB,46955,4bcc2701b26b80c5a92441e7f62110696e0275d54f04c534edeb1ef999cc944a,e2b2b6f4a420687c
img_0269.jpg,traffic512final/img_0269.jpg,512,512,JPEG,RGB,38666,ff7f85058bdec9efbab8b0553903ebd19dcec0dbe44daf64d40989391f0ac8ea,ec997f64d0233e49
img_0270.jpg,traffic512final/img_0270.jpg,512,512,JPEG,RGB,48264,5346461693b88e9a144402cc2f888641bd87a26f44445dda098c510c8727250e,f8e13f7be4c0c242
img_0271.jpg,traffic512final/img_0271.jpg,512,512,JPEG,RGB,49888,3ed0fd9507d94749664aa25f8cb450a196ab6f0d9a7351bb0b641ab0332ef70b,c8c1c9a9a9294b4b
img_0272.jpg,traffic512final/img_0272.jpg,512,512,JPEG,RGB,26439,f1b0fb0d2f9f9a1e6fe2364a7b040c936dab538edc878d120f13da151c4d8856,ffff9cc3fbadb030
img_0273.jpg,traffic512final/img_0273.jpg,512,512,JPEG,RGB,47937,a855c5e372935bd05a8e84f2f913c54a0f963043ef35b12254c011f8f79eb467,fff7acacbd603210
img_0274.jpg,traffic512final/img_0274.jpg,512,512,JPEG,RGB,48939,1b06e4b6bcabd36affa4a481304d109bdd4db74a89a3592e69aed7878bb0ac1e,62e015f193deecc9
img_0275.jpg,traffic512final/img_0275.jpg,512,512,JPEG,RGB,27512,2e9395e9fb68f271e1e1bbe0807d0ff0158af27182e2bdb6c72e0840ac69d968,060e6265ddaea407
img_0276.jpg,traffic512final/img_0276.jpg,512,512,JPEG,RGB,29891,589540b8e16021127b095ee2dd1d606ba358462a60e607b4853bab4685787aba,003376b71d531e9c
img_0277.jpg,traffic512final/img_0277.jpg,512,512,JPEG,RGB,29459,c64e8d562c4bf4512abd0e8b9d7500113b4d01373742de3e8e8ad830e56ad12a,a1789f62699b8188
img_0278.jpg,traffic512final/img_0278.jpg,512,512,JPEG,RGB,28174,dfceb6f9169d670d72b85eefbf94cd6e5e2a8946abeb7689ef9c444cd566408f,cf3af1c3d29a92d3
img_0279.jpg,traffic512final/img_0279.jpg,512,512,JPEG,RGB,28205,74f048c0346e744e68fd9651b5b450d682361ce6d35152130921228156b634ff,b7dcb1646692dce0
img_0280.jpg,traffic512final/img_0280.jpg,512,512,JPEG,RGB,34785,9eec6cb2b02a979a11d93b17b78676baeaefa95cb75a4bf2aafbcc64d363f27e,b887c8d8be40061c
img_0281.jpg,traffic512final/img_0281.jpg,512,512,JPEG,RGB,27829,c13b2b8b07b69d3be3104fa8ae29530142ad956c3f06c9cc14e69b229bb17d42,9d979bb13067315a
img_0282.jpg,traffic512final/img_0282.jpg,512,512,JPEG,RGB,25250,92cb532fde2d9c2da84f921b2c2ebe04ec554b3d58060cd7d7251fc0e7f0693a,1e00063375c88319
img_0283.jpg,traffic512final/img_0283.jpg,512,512,JPEG,RGB,26370,1aeb7fca507dc56edaff700e8072fb403c16cd10d19f407030257b6d83f3d957,72bd0edcb9b27310
img_0284.jpg,traffic512final/img_0284.jpg,512,512,JPEG,RGB,29622,a3ea75ac77cf44b66d5f2b1a7474be0146394ceafa810838c9ef29c6ce01c680,f00c71c3595d3471
img_0285.jpg,traffic512final/img_0285.jpg,512,512,JPEG,RGB,33014,faa370bbf7c6766435dbd8b6ab1fa636057369e8e59fe47b77fa1dda671281b8,3f3f36719cf85907
img_0286.jpg,traffic512final/img_0286.jpg,512,512,JPEG,RGB,21051,4e3d9f77101d782f28741d697a2c0e0e328e2e7544ef4603297343d041bdac00,00100010001c7963
img_0287.jpg,traffic512final/img_0287.jpg,512,512,JPEG,RGB,29648,6435b09ccbfc979b7425959b2f4308f6dbcf630057facf7b80efac528097eed0,0205700e96910003
img_0288.jpg,traffic512final/img_0288.jpg,512,512,JPEG,RGB,22308,875e589f931c5f45061d2bb4f066390c546c7b9ed4be6adc28a8988453a57eab,10249a9a14137a68
img_0289.jpg,traffic512final/img_0289.jpg,512,512,JPEG,RGB,18341,81459419eef00bc42938d85e97a585b0232ecea5315909c91aed218644e414f4,0002089796000009
img_0290.jpg,traffic512final/img_0290.jpg,512,512,JPEG,RGB,25021,c36cea661af9b8ec67a658d9de5a837493c527580560fe166fea169f733f2708,0005620d0712a000
img_0291.jpg,traffic512final/img_0291.jpg,512,512,JPEG,RGB,27062,085043c82952010e2adbccd74a7ec7d7e79903a6830942f66bb5b271c1341b5b,6ac63b24ec042d29
img_0292.jpg,traffic512final/img_0292.jpg,512,512,JPEG,RGB,40769,7bf54391a7832a22a2db746eb6352f13cb4161690f10e60108ee7e5718f25db3,f086a3b0452f3a71
img_0293.jpg,traffic512final/img_0293.jpg,512,512,JPEG,RGB,25471,8801c2de44ddf545245a93861339e1217e95d2113c551ffbd3b509e453d08465,020c03c3003a3e6c
img_0294.jpg,traffic512final/img_0294.jpg,512,512,JPEG,RGB,18822,2ef7ca48ebc87f051b70ca171b7b1966985755116d66a27e44283eaff91b4cd8,000098a6660152d4
img_0295.jpg,traffic512final/img_0295.jpg,512,512,JPEG,RGB,37296,8a9875474aad412f17b7d2df2b9c448c447c0a6487f7c4a70ab7458c656c6200,1824c8495f4f0f38
img_0296.jpg,traffic512final/img_0296.jpg,512,512,JPEG,RGB,49337,57942e8440fc16e29420b28bc8921607115946cad8325231eab4b559f30f43de,1c03236607136e1b
img_0297.jpg,traffic512final/img_0297.jpg,512,512,JPEG,RGB,34330,422400862357e186b480094573daf4aec174a19e2fea3e4fce8c2f6fecf4a7b9,0b6b0a9eb0c0904c
img_0298.jpg,traffic512final/img_0298.jpg,512,512,JPEG,RGB,47281,1a04bf3c27fd8dcb0da17b1634a56c22062ca1d00b75d77419162fa4a856ab75,262797a72a562f05
img_0299.jpg,traffic512final/img_0299.jpg,512,512,JPEG,RGB,51380,c0078c440d554e43588b7bf654c2b2c350dc8511c0a2ac8f18a3725e60c15f3f,031823674f07651c
img_0300.jpg,traffic512final/img_0300.jpg,512,512,JPEG,RGB,54950,4f91c671762de0cfbd6e92fde486e8d195b0be164d16cb72d3f6ca1edff8d394,00d0ce4e0e42ce1f
img_0301.jpg,traffic512final/img_0301.jpg,512,512,JPEG,RGB,35300,79d8fe8be12f5eeca73419c95bc86689c854997900ad0ab05bfb14cdd9e4023a,08601818571f0701
img_0302.jpg,traffic512final/img_0302.jpg,512,512,JPEG,RGB,30847,8b0c8fbb8e5907361c48bb1a731f22aa3fb98c24edb7719d55d000410fc869b8,c0ade6501d17041a
img_0303.jpg,traffic512final/img_0303.jpg,512,512,JPEG,RGB,50134,eb9d0cb48139a9d593aa6c923d905e055201828a483d7976a9fd4addc1337b32,0626070fa7929141
img_0304.jpg,traffic512final/img_0304.jpg,512,512,JPEG,RGB,24136,ba0e0c912c27c4bf9344b617d95e528cb9e3a535d6d399a592e399f365af5c8a,04124d32bbffff3f
img_0305.jpg,traffic512final/img_0305.jpg,512,512,JPEG,RGB,38373,628f6dfb1f9e6f38d59f751c26efda4a8c07fe8391824ab2f7a47a95151b4c71,8b112365a4810c19
img_0306.jpg,traffic512final/img_0306.jpg,512,512,JPEG,RGB,30880,8a79e30e8da538fde3bef282252b03439ca4b9bb6076db46cd2e89cffb314b3e,28f1cbbf9d59db37
img_0307.jpg,traffic512final/img_0307.jpg,512,512,JPEG,RGB,44480,0ba51c4aee6391d76c4a2e0968369547dd193479170d8b7e926031b7a972fc8f,9c8e8cc0e687be7e
img_0308.jpg,traffic512final/img_0308.jpg,512,512,JPEG,RGB,47015,72b9d1ea9a7e2bddafa4a062c2d3d70a67f6162c29b64b4e86e1cab6cc14bd7a,5f5d840650634bde
img_0309.jpg,traffic512final/img_0309.jpg,512,512,JPEG,RGB,35723,1f26775a172b078d2897e7a09a893448f310f14cc1490179b9cf4b93b90a5529,286b73276262bc94
img_0310.jpg,traffic512final/img_0310.jpg,512,512,JPEG,RGB,29242,57c6ac1bd66786b9a2dbcfdf923f0b9bb5ac70decd5c8e50f5c7f48385676f06,fcd8cacac2906022
img_0311.jpg,traffic512final/img_0311.jpg,512,512,JPEG,RGB,42384,332ec733d6c95068df2274292d15f829209c8f0a89041bd3bb10d5f3ea46306b,3e371b1398192636
img_0312.jpg,traffic512final/img_0312.jpg,512,512,JPEG,RGB,50881,b547bc123b486b49cf0c85fdf85c96e66bdbf90829b2e535d6b66d619955118e,9b17a1f050b00414
img_0313.jpg,traffic512final/img_0313.jpg,512,512,JPEG,RGB,46837,a322c6a62a46d07a8b8a11f0ddf52afa11f5c3ec0b21b246134e12757e1e266a,0e0e1ed69186c905
img_0314.jpg,traffic512final/img_0314.jpg,512,512,JPEG,RGB,45851,d7647ecf6cea85774a45f94c667226b813909743b2728e6b3d827afce73eefb8,2d4d5e764951064c
img_0315.jpg,traffic512final/img_0315.jpg,512,512,JPEG,RGB,53328,7b195bc1a3eae31699c582b4f1d2ba94a6bf758c5a6e385ff09d414e96e07015,c381a8d8b0e40031
img_0316.jpg,traffic512final/img_0316.jpg,512,512,JPEG,RGB,42293,cd3737a9b6bf9e1d2c0599e65b89e008b1c78521775dbd03bc065e281e50414d,275cdc85763a9f07
img_0317.jpg,traffic512final/img_0317.jpg,512,512,JPEG,RGB,43730,59a277b3cf9a7a7dc5db19ad9042170f6839905692fdcba4479b46e9922ef757,03077bf060181129
img_0318.jpg,traffic512final/img_0318.jpg,512,512,JPEG,RGB,45738,5ff60504dae3f88b707bc114325b413b93bb4113626a478b93b3c5513a4c967c,153b5d7d63d1efef
img_0319.jpg,traffic512final/img_0319.jpg,512,512,JPEG,RGB,45143,d2894cf93e4dec32cbbdfc88f3ed782cd2af2a32365965c9aae66e3eb16f78f8,073503920c108000
img_0320.jpg,traffic512final/img_0320.jpg,512,512,JPEG,RGB,72301,dad52d71e39bbdf418528855c86cfcd0b338f095e4e0031e1642661619aef63c,6070e4e46104a98b
img_0321.jpg,traffic512final/img_0321.jpg,512,512,JPEG,RGB,37810,d1167f2d25b9cefbcd5de7689989afc90c200814b9bcdbd043dd99fb3589470b,3d6f988b00881060
img_0322.jpg,traffic512final/img_0322.jpg,512,512,JPEG,RGB,41519,d2ab9baf2d47d7b37b02ebbb76479bdc43010e650516ac9e273e69e4f1f50298,31c34219b918c38d
img_0323.jpg,traffic512final/img_0323.jpg,512,512,JPEG,RGB,36868,8a225ea840af8f9dad139dc30906bf1d9d8b07b178dd2ea78cfeb4d157ad4b15,214bc7a180e03020
img_0324.jpg,traffic512final/img_0324.jpg,512,512,JPEG,RGB,39319,6bd1e13ab19dfe004b0848e011b0fd8ed4f5c2fe30998f85681f09e968f4fbb8,1983e90924909418
img_0325.jpg,traffic512final/img_0325.jpg,512,512,JPEG,RGB,45153,422450a4411ca30248cb873f4e67846dfa054836e1cd2db53a9e776a93945c50,591f8c6c1c804309
img_0326.jpg,traffic512final/img_0326.jpg,512,512,JPEG,RGB,41604,c9a70a08da894883c4e5a35e76e3cca6e6ef7aa9edd2ce9381336263f84a96de,a3cb98e9cf377f4f
img_0327.jpg,traffic512final/img_0327.jpg,512,512,JPEG,RGB,47942,9f2704de363777c864c23c9273e0245c670a02a0ebf310b3cc05e1ec1ded544e,334949c7c0feefdf
img_0328.jpg,traffic512final/img_0328.jpg,512,512,JPEG,RGB,34407,ccafb3e87105595fa7a2aaf323d1b6401efcab4d1ab94e0f320ccd984ade4b8b,3e0c0f3c28491337
img_0329.jpg,traffic512final/img_0329.jpg,512,512,JPEG,RGB,42705,90a5d2f50866339d1dc027f2924e604722e573f1a241ee49963e344edeb698f4,0f070b1380440ca8
img_0330.jpg,traffic512final/img_0330.jpg,512,512,JPEG,RGB,40936,baa84915dee85485d91fc6f4a8bd8e0eb3df29c25997baa6c748f439cc9bd55d,2f0a35320019122c
img_0331.jpg,traffic512final/img_0331.jpg,512,512,JPEG,RGB,36763,4b1bd93fe967923920e3aa9d0c2131014ea52c3d3e69c645a56598f61c86679a,39111d7b041b73d3
img_0332.jpg,traffic512final/img_0332.jpg,512,512,JPEG,RGB,61105,05f4af3312816e4c30603dc4c8f202f936e40cfe1e4328ad299ebe2294a49f0e,171ffcefaccef47c
img_0333.jpg,traffic512final/img_0333.jpg,512,512,JPEG,RGB,61611,401fd9c9397786d20922ce80448904706765d56e0159478db6f5eec226262e50,171ffcefaccef47c
img_0334.jpg,traffic512final/img_0334.jpg,512,512,JPEG,RGB,57669,8c3523c7c91789d11c261feb6da3753a095a1bf31912c95a96d2b2594ec53ae9,c32ff6b6e4cc8705
img_0335.jpg,traffic512final/img_0335.jpg,512,512,JPEG,RGB,58052,c8d1a4dd4b2ee8c6ca1ff646f324d40e2c684593f0fcde8d8d901e61804def81,c32ff6b6e4cc8705
img_0336.jpg,traffic512final/img_0336.jpg,512,512,JPEG,RGB,37326,f961391e930818cbd7c2172a789777db7d5f43fb6f145e23945ee1d7bbb18d31,2727c252061c75c9
img_0337.jpg,traffic512final/img_0337.jpg,512,512,JPEG,RGB,37506,86eca71252bbad18353c9b5299a2ecc07e8e2d0c0c68a62a786bc3ae963a92c0,2727c252061c75c9
img_0338.jpg,traffic512final/img_0338.jpg,512,512,JPEG,RGB,34641,2589f15c405174695b1a63b26baf544203b21dd2d51e826e4f1aae6a7021699e,6f1e2068662d6854
img_0339.jpg,traffic512final/img_0339.jpg,512,512,JPEG,RGB,34736,956c433b8b5fdefb55ee9f3856473c0aa9731f9f59846f03bddf3e2f9a9a177c,2f1e2068662d6854
img_0340.jpg,traffic512final/img_0340.jpg,512,512,JPEG,RGB,34877,153995cba070308c4d9d6bce3fdae6bbaf8d83630a226397422cc824d60194e8,02736bfbe1f8545b
img_0341.jpg,traffic512final/img_0341.jpg,512,512,JPEG,RGB,44409,d4991bfed63858466427a98d2e78aaecbd2b0c678fd2ece93c2f8750401fd0f7,3f1f0333460c2c2d
img_0342.jpg,traffic512final/img_0342.jpg,512,512,JPEG,RGB,48078,3509d6d3905183dc345233404e780d7a356400a7f860b5c1fc68011b6e7b3108,0771781e20048871
img_0343.jpg,traffic512final/img_0343.jpg,512,512,JPEG,RGB,41669,4a9998acd81aa667a1a24b6c068204793df48d7912506ece02508b510d3401a3,2f003834e4609064
img_0344.jpg,traffic512final/img_0344.jpg,512,512,JPEG,RGB,45762,d92690211454f90bf01dc6e10eb7abbc6ed438913ba53dc966606b217bc14320,0f72b1b0644c0302
img_0345.jpg,traffic512final/img_0345.jpg,512,512,JPEG,RGB,38495,fe09484daa2b0eabb77c7f758858dfb857e00307d223034ed097d0cfd7a2af1e,d3db61245023ab1b
img_0346.jpg,traffic512final/img_0346.jpg,512,512,JPEG,RGB,49637,7dcb0953369fca6db4aad474026b60dfcd6d0b978b909ac22e186662b5e146cd,464d0b2a1b7e1872
img_0347.jpg,traffic512final/img_0347.jpg,512,512,JPEG,RGB,46305,c6c5170cf78c7af20b0204c0ab15fba544a6833299255a458b6edb12cb867102,070191441039091b
img_0348.jpg,traffic512final/img_0348.jpg,512,512,JPEG,RGB,44402,6687119439c2b1920e6a7de911af365b59863be5a3d7e22785d604156a306692,9959cd2398e3713b
img_0349.jpg,traffic512final/img_0349.jpg,512,512,JPEG,RGB,54873,32aa38a8fa1ca331b87a56ab9faf702faacd945bd292e7920ec8269e625ebd95,3b1d7c7282396393
img_0350.jpg,traffic512final/img_0350.jpg,512,512,JPEG,RGB,35002,f1b723560b6678cf89b1d1ee3a3e08cf399fbaea985e302f51bf1048129a758f,1b1b706000083202
img_0351.jpg,traffic512final/img_0351.jpg,512,512,JPEG,RGB,56768,dc3873c396c6069e69324204bbcff2d237609919d3f7a57527d2fe26a5378f05,2f1d3432241c5955
img_0352.jpg,traffic512final/img_0352.jpg,512,512,JPEG,RGB,44863,72670a7984281c9495023482dcdce3c3d8dd5c9feeb403bb15774a345abff8c7,811494d6480e3313
img_0353.jpg,traffic512final/img_0353.jpg,512,512,JPEG,RGB,35434,ce0e8d81ffb366f4d8725b38b1eef110d29b0407b5d7fa82b64856a43dd2a714,600f115006645160
img_0354.jpg,traffic512final/img_0354.jpg,512,512,JPEG,RGB,52012,10c73f96ca593167e18fa99b3f60d8640be81ac5fdd9db3e6c86f3df0ebce7ea,392c54d105191b25
img_0355.jpg,traffic512final/img_0355.jpg,512,512,JPEG,RGB,56550,ab0563dbc26c72c69b23b34a5c8fb087c4cf898959c8f44431e4ad1dd27092bc,931184d29549eb53
img_0356.jpg,traffic512final/img_0356.jpg,512,512,JPEG,RGB,36802,c7a6751dd59eea0566bb09d2a29d990b287d5bd9f024a60d8fac9406084da956,4d529ca830f80913
img_0357.jpg,traffic512final/img_0357.jpg,512,512,JPEG,RGB,44699,f85fd5643b6f8d3f526843ff56befecbe8a4d08c51779aa99e8bc422f3fd7cca,c103f4f870e0dd5b
img_0358.jpg,traffic512final/img_0358.jpg,512,512,JPEG,RGB,55695,2d20f1fc25a67b9126245d03a4ae0b3d5791a8f24c3f53b58d2d2a7e698c9972,05139190c18b4b8b
img_0359.jpg,traffic512final/img_0359.jpg,512,512,JPEG,RGB,66596,c11fe7279cdc03bbef0e7493b812c026ef9f8565e31648de1b0c41b670b8cd90,f2e4e8eaa2e00c38
img_0360.jpg,traffic512final/img_0360.jpg,512,512,JPEG,RGB,42007,23b4ca167d2f404628306e3f1fac84a34aba6efda81e50261f06eebce8fa6f9d,0127315903225316
img_0361.jpg,traffic512final/img_0361.jpg,512,512,JPEG,RGB,35501,0d54f76d7639bca52b0aec09750e2137ae75de4e027804a66a8ca02eaeff5687,0127361c9832c20a
img_0362.jpg,traffic512final/img_0362.jpg,512,512,JPEG,RGB,35000,eb57868c4f909a6ee55df1e431838dfea0869751115656a70c905416d61c71dd,1f1f6c630f086021
img_0363.jpg,traffic512final/img_0363.jpg,512,512,JPEG,RGB,42222,75d5f9b0c1f328f369d3f20f9e192adef73110bdf158c05c52318e741a777a66,2f65b2322b81980c
img_0364.jpg,traffic512final/img_0364.jpg,512,512,JPEG,RGB,38452,1a70472bdbb5e03959289d69433ebf1b18f2882da11e3186dbd9a3c6eb10da4d,49791bdbdcf0c010
img_0365.jpg,traffic512final/img_0365.jpg,512,512,JPEG,RGB,40907,d4dc85e563bb8e401d69d57de58be300a3a364910cf02cb58074baac063c9716,7b3e3cc4daf4a010
img_0366.jpg,traffic512final/img_0366.jpg,512,512,JPEG,RGB,37196,464ec4692174989c0b1f193f93c6a8e794186575eaf4c7cc5f39fd7332525e7d,2160380d0cdc4040
img_0367.jpg,traffic512final/img_0367.jpg,512,512,JPEG,RGB,34017,09d6acea794273b93ebd8f1da8bb827d3f8b5a6b022cb8eebaf91cef879c3e77,3e3c4dbef4c91327
img_0368.jpg,traffic512final/img_0368.jpg,512,512,JPEG,RGB,39574,b9ca714a4a80717563d49e663f8567d3783276a42bf9e970abe6e4becb9df2b5,1f330b42136f9d33
img_0369.jpg,traffic512final/img_0369.jpg,512,512,JPEG,RGB,37021,940257b9b17af41ae6f918f1e658133022f7f2c5abe7f5bf808304d9cce6a177,1f2e139284589266
img_0370.jpg,traffic512final/img_0370.jpg,512,512,JPEG,RGB,47142,5a641ab217841024f7880d505d0ab5ccf96a903c1c99cf5913da85267a52d0be,1e1be0c443c1f02f
img_0371.jpg,traffic512final/img_0371.jpg,512,512,JPEG,RGB,37300,e1fb0361e42359e3097926013c7d0f290a491f60aeb78963285e92806ff711e8,3f164bce28204519
img_0372.jpg,traffic512final/img_0372.jpg,512,512,JPEG,RGB,44872,743301869435db034ccbec08d524b958f1bad886dd1a90f31ae9d6e7f337a076,0717171360860509
img_0373.jpg,traffic512final/img_0373.jpg,512,512,JPEG,RGB,57483,3ddc7dd1b997ed1e57fa02f48e7d2fc14a5351b68208459ea33d86ee3261fc0e,848079b0b42068e1
img_0374.jpg,traffic512final/img_0374.jpg,512,512,JPEG,RGB,58015,1a6c664addca904076670456f8f42493457bc397a8696482bed4cf58e9bc7b5d,82d13c8cc01b5e7c
img_0375.jpg,traffic512final/img_0375.jpg,512,512,JPEG,RGB,53521,1c6066a001801a97fa90266b99c340c27a1ee95a5d9f00fc8a33e4136b7979f3,071b898c80091327
img_0376.jpg,traffic512final/img_0376.jpg,512,512,JPEG,RGB,51102,2c0527b518c815d340785953b7172e71ce293c08c7630b212684d3e3c10f90d2,0147c86c6eec6868
img_0377.jpg,traffic512final/img_0377.jpg,512,512,JPEG,RGB,65971,c310a0682c174ebcc4a2f39c0b7bb81df357b691429025c843e8f82f5e497640,6a64fc79e4c61676
img_0378.jpg,traffic512final/img_0378.jpg,512,512,JPEG,RGB,37519,d23a4336b6a0b19b64afc61487559b89e6d9e521e7a030c2fc46eb7a67605d73,3f986c6618f8e1c1
img_0379.jpg,traffic512final/img_0379.jpg,512,512,JPEG,RGB,57312,db4ad58579258efd6d973536ba296ef50b6763859db14fcfbff06c09aa01a0c3,82d13c8cc01b5e7c
img_0380.jpg,traffic512final/img_0380.jpg,512,512,JPEG,RGB,50403,e9d874f4f7bf175107cfe5372268b6f2baa127ae131adb2691eb7d14de9a6cfe,0146c86c6eec6868
img_0381.jpg,traffic512final/img_0381.jpg,512,512,JPEG,RGB,56620,36cd8ebdc5578f5fb48c596190a7c26523b5f9086f5b7cd9bfd9c7744e605359,848079b0b42060e1
img_0382.jpg,traffic512final/img_0382.jpg,512,512,JPEG,RGB,44042,75090addb768b8f98ee5b0f834d8807852cdd55a7e9179011f956434cbe35c66,0717171360860509
img_0383.jpg,traffic512final/img_0383.jpg,512,512,JPEG,RGB,64873,d750556e41ffea9df1a90f15e8506d9e284dd6af85f09967a91d7060dce2cdd3,6a64fc79e4c61676
img_0384.jpg,traffic512final/img_0384.jpg,512,512,JPEG,RGB,65507,79802c1b4600752e9772243e606635525b4201175bc3abfc8311afdebebd13ff,f2e4e8eaa2e00c38
img_0385.jpg,traffic512final/img_0385.jpg,512,512,JPEG,RGB,41297,90bc4fd38130ab10cab24d5d414a6d92f8970443e1c876bb1b7b9ea64693a260,1127315903225316
img_0386.jpg,traffic512final/img_0386.jpg,512,512,JPEG,RGB,40880,af968756313894cc2a9291ca1f070b48f11efc0ed5a140709976808f9d8582d8,31c34219b91ac389
img_0387.jpg,traffic512final/img_0387.jpg,512,512,JPEG,RGB,37017,81d5d56ad354759e7ffb5204e045b800accdbaa6eff1c9ba461a9f0400a893be,3f986c6618f8f1c1
img_0388.jpg,traffic512final/img_0388.jpg,512,512,JPEG,RGB,41770,8f0e469403a4bb2966706e4a3948f3eb64cf3524e4dc04f74337a5c1b05becc9,2f65b2322b81980c
img_0389.jpg,traffic512final/img_0389.jpg,512,512,JPEG,RGB,37846,d2ced158cb8f7ac9efd60e787773098c77866da14b7dc6f3b768b55fe5cbe18a,4b791bdbdcf0c010
img_0390.jpg,traffic512final/img_0390.jpg,512,512,JPEG,RGB,36546,5fc2ed9413e437efa309d6340926c603b6d67373a4ce84ccd3646c43f53424b1,2160380d0cdc4040
img_0391.jpg,traffic512final/img_0391.jpg,512,512,JPEG,RGB,37328,d1556f01f8c27eba23225df75ea511b6de3b0795f143a58e758131a188620175,3d6f988b00881060
img_0392.jpg,traffic512final/img_0392.jpg,512,512,JPEG,RGB,39035,2710e4797a5bcae781d9b3603c8d5a0cf0687704182ce7fe41de77629894bf7b,1f330b42136f9d33
img_0393.jpg,traffic512final/img_0393.jpg,512,512,JPEG,RGB,36487,541f40e59dbbe0e51b92a37e93434eaa4922f29b18fd43477e9fcaf0337e2293,1fae139284589266
img_0394.jpg,traffic512final/img_0394.jpg,512,512,JPEG,RGB,36834,56b6f9f8ea8ecb47dda87da922e4ba8abe4b7bbde05b28e5959b6e4533ea3896,3f164bce28204519
img_0395.jpg,traffic512final/img_0395.jpg,512,512,JPEG,RGB,46416,f7b3843206d36f97a90543809068c1160402d6ae89493d282c3f8b937a61ebe0,1e1be08443c1f02f
img_0396.jpg,traffic512final/img_0396.jpg,512,512,JPEG,RGB,59439,5518d947772f2ed5a151d00e70c05fde8416054874a5afe5729b01b2bb11cd7d,190c1c31e4d281e1
img_0397.jpg,traffic512final/img_0397.jpg,512,512,JPEG,RGB,42331,e9266349dc3d17153044e3a197de8fb712e133a90a68ab668d72211a586cc281,07071898c0802204
img_0398.jpg,traffic512final/img_0398.jpg,512,512,JPEG,RGB,44277,600be03c3fd88fed09b0b230b3018dc1528adeee4c34d07e44f881b899411de5,c103f4f870e0dd5b
img_0399.jpg,traffic512final/img_0399.jpg,512,512,JPEG,RGB,36546,6c6564e98a6dca8f831ed019c19f40d6372fbdb5e6375fcb2279f207065543dd,4d529ca830f80113
img_0400.jpg,traffic512final/img_0400.jpg,512,512,JPEG,RGB,40859,087a84f81625b1a27adcdd6c90bf3c732fddd4ae96d7e0e08991eb86f32c907a,23ea88d8b8295339
img_0401.jpg,traffic512final/img_0401.jpg,512,512,JPEG,RGB,30674,8a8a3448618bb9d77eb5e20bf3a0d50cf3e19a5fc921b97aa62ec6b5ee087b29,3f0395dba69498c0
img_0402.jpg,traffic512final/img_0402.jpg,512,512,JPEG,RGB,41373,784296357ee201869543b9e7fbed6eaf7ecd3bb48612c17a9b52892a6996e34a,262660212e182005
img_0403.jpg,traffic512final/img_0403.jpg,512,512,JPEG,RGB,36379,181a56a3a7106c34e23409316db3e472b2acf27ff7212d39f3b1f62a009e4275,214bc7a180e03020
img_0404.jpg,traffic512final/img_0404.jpg,512,512,JPEG,RGB,43178,775048437e4683506b39dd56530b917e2b509497b27a97701fdd4c769274fe67,03077bf060181129
img_0405.jpg,traffic512final/img_0405.jpg,512,512,JPEG,RGB,49329,838d7cc5e4f0d677cc668d01cc64afef1e6bf0f00d52a51a82bbfbb53feeaac8,1b592f2328300303
img_0406.jpg,traffic512final/img_0406.jpg,512,512,JPEG,RGB,34958,437c1623dc00f8c7e486d9421d26cc9cdb746d8571cbf4b4c47c253f1e836a92,600f115006645160
img_0407.jpg,traffic512final/img_0407.jpg,512,512,JPEG,RGB,38852,405e12fc10436ea16f7e157e86a859062ffdac0c51db57541da7672564b4a645,1983e90924909418
img_0408.jpg,traffic512final/img_0408.jpg,512,512,JPEG,RGB,44210,4c9bdb5c0e4a1ba11382a82678686431ef5637c67b3372063c71783ac6c1fc2b,811494d6400e3313
img_0409.jpg,traffic512final/img_0409.jpg,512,512,JPEG,RGB,39083,1f4ab52f9af3bb096f50bf5a910478d41dd22538a3309325b9f095ec1fcccc7f,4f01091838c00434
img_0410.jpg,traffic512final/img_0410.jpg,512,512,JPEG,RGB,58638,5233a37709343478f007fd69bbcc36cb14f055794988c85b0653f01096ec613a,190c1c31e4d281e1
img_0411.jpg,traffic512final/img_0411.jpg,512,512,JPEG,RGB,44469,88e3812b106382b700f0ce7890a107b939499c76ab52b416b6ada25a16cd018c,073583920c108000
img_0412.jpg,traffic512final/img_0412.jpg,512,512,JPEG,RGB,41608,31bb669dfec2b05aae842e29f2f0eaf5792ff0c1c75270ae475d86eb1d69b94a,07071898c0802204
img_0413.jpg,traffic512final/img_0413.jpg,512,512,JPEG,RGB,34488,abddc02b1b799f4f022beb080150c9d8654cb9e2b4f91e6dccaf5460158ff6c8,1b1b706000083202
img_0414.jpg,traffic512final/img_0414.jpg,512,512,JPEG,RGB,34324,dd985525ce3a4eac9a34314a576c8c47833d0e0cc492cb92671e023acd07e7ab,2f1e2068662d6854
img_0415.jpg,traffic512final/img_0415.jpg,512,512,JPEG,RGB,36868,5a8ebe3d7622a4f6bcc66a24a3c3aa8c02139371663c84576432602ee7177bfe,2727c252061d75c9
img_0416.jpg,traffic512final/img_0416.jpg,512,512,JPEG,RGB,41350,2bf3acb0015f723aeb38e7efa43dde200c0052365a081d493e7d574888f7de5f,2f003834e4609064
img_0417.jpg,traffic512final/img_0417.jpg,512,512,JPEG,RGB,41959,25676c8710b92de6223b8f0939834d3d93ee2b1d005d7866e463f1052d70c40a,1f070b1380040ca8
img_0418.jpg,traffic512final/img_0418.jpg,512,512,JPEG,RGB,45096,4c3c6c49dd76864ba4ca5a4b3b6122416d4ad4df75312c7aea6e067a14bd3671,153b5d7d23d1efed
img_0419.jpg,traffic512final/img_0419.jpg,512,512,JPEG,RGB,30317,cecc4423ed6a0cc3be1a0f71a1f5dee06c61511c5331a30fe4c7cabc3f7f1d50,3f0395dba69498c0
img_0420.jpg,traffic512final/img_0420.jpg,512,512,JPEG,RGB,48317,1c52de8227c7590a002f3753ec2cb1df25ee8a70040f66d3e0ce7d80f7d68f8b,1b592f2328300103
img_0421.jpg,traffic512final/img_0421.jpg,512,512,JPEG,RGB,60749,dc605d8d7811bb42329ccaf36a09a1d4f9b47c1f860f03e24fe943c45d8b134c,171ffcefaccef47c
img_0422.jpg,traffic512final/img_0422.jpg,512,512,JPEG,RGB,38422,8c6fc163876eda46ffd508c79c7f61fcdc9565f0caa0fc61d133f5dbe778e85c,4f01091838c00434
img_0423.jpg,traffic512final/img_0423.jpg,512,512,JPEG,RGB,57498,fcc25958098a68dbc1fa3b7f2d8e4ce69d228d3875d3df88424d97afbf750a0b,c32ff6b6e48c8705
img_0424.jpg,traffic512final/img_0424.jpg,512,512,JPEG,RGB,40776,fca7845c78f721c9342fc8493cbb829566868a908e0e7149fa56becd00e38870,262660212e182005
img_0425.jpg,traffic512final/img_0425.jpg,512,512,JPEG,RGB,45108,89b0527a66f7d29ae6e355025c1a239a9ebccf2fa10dd2dddc885ac1cba62d56,0f72b1b0644c2302
img_0426.jpg,traffic512final/img_0426.jpg,512,512,JPEG,RGB,40249,44d86268bdaf424bfd5450e4fbe72c797b606c8c36d9bc3529005e6ec944cd71,2f0e35320019122c
img_0427.jpg,traffic512final/img_0427.jpg,512,512,JPEG,RGB,47418,b2878a313f89e7249aa72a36734b6366aeecb748849c8126f953b8e1751e6121,334949c7c0feeedf
img_0428.jpg,traffic512final/img_0428.jpg,512,512,JPEG,RGB,37907,110d64efc3a80706bd3fcb4ffef2ecb5043d52dab8921a0c43e4844910ad13bb,d3db61245023ab1b
img_0429.jpg,traffic512final/img_0429.jpg,512,512,JPEG,RGB,40306,276de30268392e39b4c14b08a407fba8ec87c9226fe9f32d60a38c9149e946e6,23ea88d8b8295339
img_0430.jpg,traffic512final/img_0430.jpg,512,512,JPEG,RGB,44661,cae84e4263221e0d4871cb6492f83d8a848965dafdcc035a9fdcbf968bea92f5,0f171988ccb06206
img_0431.jpg,traffic512final/img_0431.jpg,512,512,JPEG,RGB,36890,be11c0f9e2c29143804548815b19aa237805b78feb31ae20a0fa632be626b9cc,1f5329494e2c31c7
img_0432.jpg,traffic512final/img_0432.jpg,512,512,JPEG,RGB,37304,340d969e928e1ed9d1216d11ff6af374a68cde99e6c4574dc679fa3015fd6345,86fefda4f202e10f
img_0433.jpg,traffic512final/img_0433.jpg,512,512,JPEG,RGB,51953,910509403abf20a247358713a14e8f7b9d1e7672adfb2b2b7b3542680991e567,0707300803968d89
img_0434.jpg,traffic512final/img_0434.jpg,512,512,JPEG,RGB,50632,687558f2c069b33a4515e5d19bf0d3f5ae4e386861c0520f6eb02a648a91779b,d7c7e179cc21410c
img_0435.jpg,traffic512final/img_0435.jpg,512,512,JPEG,RGB,48167,35f54494e1dc7a45b971e5a686d01c2c219682ba42f5d1ea921dc76ae7c56606,1f076341d3061e36
img_0436.jpg,traffic512final/img_0436.jpg,512,512,JPEG,RGB,40263,42f384c90b2168c31ca3ef74fcbd106566bb2d928a0c7442c6a06568f400b841,4d15f4d86f611d0f
img_0437.jpg,traffic512final/img_0437.jpg,512,512,JPEG,RGB,43094,f369fe32b67baccda8908f76e2383eaa958d1d837ae6a1b61a1c7e757e84d478,0f6761230d183226
img_0438.jpg,traffic512final/img_0438.jpg,512,512,JPEG,RGB,37448,c68a590bd22bcae659e9fd38d19f5a4f26b9fd83106c885cc48040861317002e,4f4763033be39617
img_0439.jpg,traffic512final/img_0439.jpg,512,512,JPEG,RGB,35394,cec130c6897299a4031296969901278afd979f9f48a35df4d7418b14f207b62d,0b26e67a3fdf6f3f
img_0440.jpg,traffic512final/img_0440.jpg,512,512,JPEG,RGB,37176,cee49aa673a394a19e72a9c601dba2b5835fed9b227d22f67d45daa005877cbf,07dddfa379918f27
img_0441.jpg,traffic512final/img_0441.jpg,512,512,JPEG,RGB,45074,148491f179f90f0467a82f0bfa0c7801ad80b1f7e6f38389e70a961b946bb64f,0f171988ccb06206
img_0442.jpg,traffic512final/img_0442.jpg,512,512,JPEG,RGB,43748,816844c0788a3151fee10a67dbf7c6bb1d88e0e7d0381a129c7e0e4d4eb4e799,190c4258171e39e6
img_0443.jpg,traffic512final/img_0443.jpg,512,512,JPEG,RGB,37149,fb8421f05457e730d9e00d971a705dfd6ece880a1a5723bc7929784deb0aa100,1f5329494e2c31c7
img_0444.jpg,traffic512final/img_0444.jpg,512,512,JPEG,RGB,52208,dd51e41a3ab2cf83358cf4788581afd9626a8923793a15b83d30db4a00b2a7e9,0707300803968d89
img_0445.jpg,traffic512final/img_0445.jpg,512,512,JPEG,RGB,40306,9ea4ac3e95c252f7bd886d709df77b767b4c3fa22489705ffbe8c91301a37db0,4d15f4d86f611d0f
img_0446.jpg,traffic512final/img_0446.jpg,512,512,JPEG,RGB,37359,a4a3840307fa4b97c5f3560c23bb4201e75939537f5b61398562135d58542547,86fefda4f202e10f
img_0447.jpg,traffic512final/img_0447.jpg,512,512,JPEG,RGB,50861,11e08fbba27b83c84db61675e9557bd98f85b152ed319690ad9a29280f4166f1,d7c7e179cc21410c
img_0448.jpg,traffic512final/img_0448.jpg,512,512,JPEG,RGB,48410,9f1e32e527dfcc3890eb9dfa07144647991568f3cecbcc17e77f68a046c07fb9,1f076341d3061e36
img_0449.jpg,traffic512final/img_0449.jpg,512,512,JPEG,RGB,37581,40dbc2f683b183284516d0116a8fca3ce7ce5d73df2c84c78beddaef23372e73,4f4763033be39617
img_0450.jpg,traffic512final/img_0450.jpg,512,512,JPEG,RGB,43949,9bd0dbf77d411abe72f27f322559fa93c4885ee7dabda3c8346d0d42ee4dc015,190c4258171e39e6
img_0451.jpg,traffic512final/img_0451.jpg,512,512,JPEG,RGB,37258,14ee07fc660e502f8e4afbb0889b54b634890e8e128c45f18e33bd3fc3ae2e34,07dddfa379918fa7
img_0452.jpg,traffic512final/img_0452.jpg,512,512,JPEG,RGB,35428,ae5989658dc6b30fb4f2d8aaefa5d1b4fa2176d579f97b35955a33d885876e78,0b26e67a3fdf6f3f
img_0453.jpg,traffic512final/img_0453.jpg,512,512,JPEG,RGB,43237,858bc90d8f632f59259b547fe82ada6e4993b7c8d674946433b776aeb90a2fc5,0f6761230d183226
img_0454.jpg,traffic512final/img_0454.jpg,512,512,JPEG,RGB,90668,10186b6dfeff5eb8c966b2874b1f1f501d2f6e31299191ddd32031d38bfdba56,c64942723e3cf8ee
img_0455.jpg,traffic512final/img_0455.jpg,512,512,JPEG,RGB,68695,496953151fcc2bc3a455a5e4eea26ed2f8a23e6b76d76f1b8cac5d0876afc0d6,8d9dbfbf9d1fbc0c
img_0456.jpg,traffic512final/img_0456.jpg,512,512,JPEG,RGB,51264,65faa3a9704b71cad6aa51ef89ec75222f9e3d8a35fc862f6fb0fbfa7d07e520,617362649c74e3e7
img_0457.jpg,traffic512final/img_0457.jpg,512,512,JPEG,RGB,41031,b29bf0a91ffc74fa10be33b826da9f989f1f1ba75b6479af3529e760e60f5c17,2321444203256064
img_0458.jpg,traffic512final/img_0458.jpg,512,512,JPEG,RGB,52188,ba90cf06b0da25adf1c63c88de7dabf47f0fca5bc63a9ab79f16aca7c28a541d,5cccd4d0d8d9f098
img_0459.jpg,traffic512final/img_0459.jpg,512,512,JPEG,RGB,46607,8585ce4a56c0f22c8200c19f6adea5fce5cadd7bc6964b2a0f3154cff1b24c99,976362164e149838
img_0460.jpg,traffic512final/img_0460.jpg,512,512,JPEG,RGB,63924,920e1d24d0a28cd5b6712982f81763f7964b9724fdb3948a530a2a0db752a692,2120246cc8033e4e
img_0461.jpg,traffic512final/img_0461.jpg,512,512,JPEG,RGB,49381,46c9fcc8d3908dceef19daea75d65fa0b0837d0dd6b6e8b553e2d12c1423f1a0,27b6733284043090
img_0462.jpg,traffic512final/img_0462.jpg,512,512,JPEG,RGB,50996,7651fbb30b369b78940100675efb7a6692712fa6368fc20f92a0b14b94015523,07c3d2c1c4a59848
img_0463.jpg,traffic512final/img_0463.jpg,512,512,JPEG,RGB,39310,c77eab7e9bff432f4a2624707d1582f0f5611406f20e8bd0b4cfb25567d640e3,4fb9baba94304890
img_0464.jpg,traffic512final/img_0464.jpg,512,512,JPEG,RGB,40292,c47228457f939580787350f2fc40739cf7bd52904c538f3ec9ba9aa8af0dcd65,0fb2b1981ccc9696
img_0465.jpg,traffic512final/img_0465.jpg,512,512,JPEG,RGB,42647,7dfe0f9cb9892ed22b9088fd5b79cdd2ab5960b790f3d3c45bc520c7f30d4e3d,3979696973b8faf4
img_0466.jpg,traffic512final/img_0466.jpg,512,512,JPEG,RGB,41094,8498ef1bb658a1166a2fdc9f3d968fe3497e175dea4d12c1fea875e1708db42a,c658e6af9f8aa4ea
img_0467.jpg,traffic512final/img_0467.jpg,512,512,JPEG,RGB,46382,e898bedc98881572c4a5ce0888a5d049fbe75b521a87e13718156ef3679e2abe,4c33f168676c3060
img_0468.jpg,traffic512final/img_0468.jpg,512,512,JPEG,RGB,71280,ba52ca1207b1dabb246b8ad8fab61743d38fd907d725e449d3936c458c08c656,00986ac9c1960b43
img_0469.jpg,traffic512final/img_0469.jpg,512,512,JPEG,RGB,50595,779fa546acd24ae3ad265e84172ea9879f2d6c0da6efddf575e179a995d1453f,0bc07436173e6be5
img_0470.jpg,traffic512final/img_0470.jpg,512,512,JPEG,RGB,46987,29f87f63de650b82b87939aa1321b61a44becd090915b6d437f3a2b453cd7e4e,fce7e6140cc02002
img_0471.jpg,traffic512final/img_0471.jpg,512,512,JPEG,RGB,43738,b26d207a293fd1ea5abfdd88ab040a0bf1d782fa470481386162b581cad53628,c3cdd5d244ccd3c3
img_0472.jpg,traffic512final/img_0472.jpg,512,512,JPEG,RGB,39029,c98ea43dfc3eda2f460c5b94a41132c02c2f517b09a139be24f60f41c4818dac,e7f4b237a98538e4
img_0473.jpg,traffic512final/img_0473.jpg,512,512,JPEG,RGB,50125,28d9858347820d6705a6299440d29d6dcb486eb27bbe430f6b22896a7012f32f,4ebcb6b6cd4df168
img_0474.jpg,traffic512final/img_0474.jpg,512,512,JPEG,RGB,47804,c5cdc82b2015d8cac74b79daa328a14c3fcd0395af3296979b7fe198bd8a3d74,14317016c689e0c8
img_0475.jpg,traffic512final/img_0475.jpg,512,512,JPEG,RGB,45132,6febb98d53488e36834ee8901eb6833cd105acc74c83832495478412dab0dc90,0e71716987cd98b0
img_0476.jpg,traffic512final/img_0476.jpg,512,512,JPEG,RGB,32492,25b61e5254cf644e5409f5a604c0dc1efee9f5c5688a594bb9acc9591d50002c,616764a56b6a3010
img_0477.jpg,traffic512final/img_0477.jpg,512,512,JPEG,RGB,75018,130621caf90f62a0afd55684bafa58a7aaf94c33001f7cc0416250851f0c9f0e,b0ba3e3e9e90cd31
img_0478.jpg,traffic512final/img_0478.jpg,512,512,JPEG,RGB,43843,65367ed9cca09d94bd95bd94663d786d811ae1c8aab78a303a754b058c50c345,3df2b0357c6041c2
img_0479.jpg,traffic512final/img_0479.jpg,512,512,JPEG,RGB,45695,af726013b210465a7181225a88d36922fcb09f1c77fa9a3930363bb964a63095,4cb2f16cee210404
img_0480.jpg,traffic512final/img_0480.jpg,512,512,JPEG,RGB,83765,07b5c8c77637ad980371ffd1d7e961eab46a939a51ecb5ccc53530e4c72f9077,9ad9f4e262c3c9d0
img_0481.jpg,traffic512final/img_0481.jpg,512,512,JPEG,RGB,52994,c162568b9eb33ddfe24645557dfc0fd104965b1691825bc43cc696c29712ee38,d73372c1a44e4884
img_0482.jpg,traffic512final/img_0482.jpg,512,512,JPEG,RGB,44868,b3d814fa75d456d815a8c895f4b4da2f08ca48733394267d8de047c2e1fe42a5,1fb5f3d57e666010
img_0483.jpg,traffic512final/img_0483.jpg,512,512,JPEG,RGB,50592,df9e9994612ea92d34fd29d8935e7f0bdfecda588558c2624c37a43a94e32d6f,49937169cbb00107
img_0484.jpg,traffic512final/img_0484.jpg,512,512,JPEG,RGB,45991,13d33719261bf23c9fbdef456a4cb759478bd4bcaa1ca4dd381ad69ebb7ff25e,6b17934989094ac6
img_0485.jpg,traffic512final/img_0485.jpg,512,512,JPEG,RGB,67259,58af4c752c9ed2a00c425ecb4d354d5a42a18c83349b54b240d035932dba3980,048983a10109838c
img_0486.jpg,traffic512final/img_0486.jpg,512,512,JPEG,RGB,20615,6131c157d5987be57672192e902fabf0dd46957d3c234549b66e9907ebdeb7ab,d732f1f136b7b1d8
img_0487.jpg,traffic512final/img_0487.jpg,512,512,JPEG,RGB,58180,4644191325fbb3d02ded51e70fd1b5c3fd50742457b3e75c3d0980ae5cffc9ed,26f1c567984173cc
img_0488.jpg,traffic512final/img_0488.jpg,512,512,JPEG,RGB,59606,edac0dd9bcd777424afa3f45a9e7f3e625b8d2810134712841c79539fd9f2b25,4c3223c4a083aae8
img_0489.jpg,traffic512final/img_0489.jpg,512,512,JPEG,RGB,45212,4f28d20f1c763211e4dd55b47e7be3a8e2e4c5019388260bc4e925ae7b68f6be,8c1229ac3caae0f8
img_0490.jpg,traffic512final/img_0490.jpg,512,512,JPEG,RGB,42645,a0cdc73cade3feffd05137d311ac3ae06b273fbd009cc863f362420f615908b9,c3241a1a04f752c0
img_0491.jpg,traffic512final/img_0491.jpg,512,512,JPEG,RGB,65717,b3a84892bd59ee0d174a788b6c60c19241cabd04b95ab2b1791f608152c3f47c,7e6e6f6d7630509a
img_0492.jpg,traffic512final/img_0492.jpg,512,512,JPEG,RGB,24160,5ab00d0f3c76df45a0bc195643afe65895a296c2edc67001a75088757f0af6aa,78b8dc1f807c1292
img_0493.jpg,traffic512final/img_0493.jpg,512,512,JPEG,RGB,45790,3bb642e038a80883ea1eb627763800d3f5558f85ac9ba586a27d0467cdf6b368,0cb33213cbc800c0
img_0494.jpg,traffic512final/img_0494.jpg,512,512,JPEG,RGB,54328,9eaa19d24141bc25f40555e9c36bb71fe37ea147abf99c1d17fc77ee95ff2bbe,8ca6a3020a474064
img_0495.jpg,traffic512final/img_0495.jpg,512,512,JPEG,RGB,95615,463a4f0179f2ba0a4c4dfd7351bce224eab118b26961b1e65f235d3830cfc3a7,1d99cc54e9c08884
img_0496.jpg,traffic512final/img_0496.jpg,512,512,JPEG,RGB,45106,d13ed9cb3697188ea88932b3c0dea4b3d18d5d71bf9992a89f4a7b4b29527e16,6c3272b1afecc000
img_0497.jpg,traffic512final/img_0497.jpg,512,512,JPEG,RGB,44607,53f1fef09ab608738d3fd7b480c57fc99841ec7a8a78fb98676fcbaf99237337,ac61f0da1a18c040
img_0498.jpg,traffic512final/img_0498.jpg,512,512,JPEG,RGB,51096,7925fcbc153a49b4a43b78b2c7b341c083f326b93ee92b9b656082be8971ce12,58782c14313324dd
img_0499.jpg,traffic512final/img_0499.jpg,512,512,JPEG,RGB,52515,2d240c24cdae4d6667b639fcac281af093d2ada67a1e772b8e37faa5fc7cf517,9e81c9ccc8403898
img_0500.jpg,traffic512final/img_0500.jpg,512,512,JPEG,RGB,92297,7273c14d97ed294b836dcb29fcfff117ac63459cf25c5e326765b1a7bdaac73e,d707d136b7c7e536
img_0501.jpg,traffic512final/img_0501.jpg,512,512,JPEG,RGB,71854,90963bae98f5ebff034fe2dbd2f227930a2c619c9734bd1042899a8c6db734e0,fca476ae8bdfc544
img_0502.jpg,traffic512final/img_0502.jpg,512,512,JPEG,RGB,51611,743ec0ee5bd78ad44be22d2ba302605594da7e963841a9d88a88de77a0f58665,84c48405c68125c3
img_0503.jpg,traffic512final/img_0503.jpg,512,512,JPEG,RGB,54111,55f71f7d0bbb562017a9f4dd952594aadaeb9f61342893e297fc4da63b15dee5,50387c4eb4586480
img_0504.jpg,traffic512final/img_0504.jpg,512,512,JPEG,RGB,46704,2206faf96896c4e5e0b9f7bb0422ac0912e8bc926b12565bf99f4716e6875130,997969f9d5c9d2c5
img_0505.jpg,traffic512final/img_0505.jpg,512,512,JPEG,RGB,53038,13d386336030da0c86f779dcbd0acbf09a7432f768bcd64509ee049940aa8293,cd52b1c5a462c428
img_0506.jpg,traffic512final/img_0506.jpg,512,512,JPEG,RGB,30696,3964e73ad61ff743a5cbf98e56f07b156b15b8e9a85bd839b255e7ef0a595689,5f2f89c03e3f4f04
img_0507.jpg,traffic512final/img_0507.jpg,512,512,JPEG,RGB,30520,59bfcce44e00794e567a803c9c145f7e34e838430e314af2f8f2310830a6dcda,8010c4fc43430f0d
img_0508.jpg,traffic512final/img_0508.jpg,512,512,JPEG,RGB,30027,5cbebc6021b6c3964a22f36ec645f175d9a3d8b66a1517547affe120693c229a,318934324831140c
img_0509.jpg,traffic512final/img_0509.jpg,512,512,JPEG,RGB,53721,d55e1bdcb881ac03d833aa4293c5b407bfdc9ba011394cbdf0b58e44b3126d58,fec180d0642c2068
img_0510.jpg,traffic512final/img_0510.jpg,512,512,JPEG,RGB,48814,fa2f20f298b5dd17529c576d2f88201ce5d71c1435e69b1c06f6b17d67d8fd08,8d1591cc0b873070
img_0511.jpg,traffic512final/img_0511.jpg,512,512,JPEG,RGB,77035,95baf1798c745507b4aadba8749830b5aaac28085ac480b82299159fc30013c5,280400e6f090077d
img_0512.jpg,traffic512final/img_0512.jpg,512,512,JPEG,RGB,42753,7077dae6ca0e58a240b9f9c782a4fd10cfa6ccceadef32c55e52895c2d2aa54e,0733b2723cbbac40
img_0513.jpg,traffic512final/img_0513.jpg,512,512,JPEG,RGB,66713,34a177dab19428ae6f34e2505f59688ecd6318aec6e445aa4712855ef9a9586f,9c766735e6647684
img_0514.jpg,traffic512final/img_0514.jpg,512,512,JPEG,RGB,63879,679cd3111af54d6f20526f11eb9ffdf40215242e34975f70ddfc6dafb20c46bc,ccccace00c0c0ab0
img_0515.jpg,traffic512final/img_0515.jpg,512,512,JPEG,RGB,61024,1604a6470bdf101608983fcc2bebfbe54a571791fe56ab723e849fa6b039b707,21191c23b1a81636
img_0516.jpg,traffic512final/img_0516.jpg,512,512,JPEG,RGB,40887,39947461a3f6f125a4dd4577691e3cffd28c6011f10678636ef3c13ab7d256c8,697532331ad32124
img_0517.jpg,traffic512final/img_0517.jpg,512,512,JPEG,RGB,47396,1a602e54bf1208412aacc57935b1f418cf667339856b98aac5cf5352699ad32d,fb72238ab46a628d
img_0518.jpg,traffic512final/img_0518.jpg,512,512,JPEG,RGB,46728,92367a033542638b6d9339c9a9ef24448cb76a6bbd0c831d8133c51f05e19f19,0361262139000102
img_0519.jpg,traffic512final/img_0519.jpg,512,512,JPEG,RGB,47114,8a015486e2393937ff71ec746fa1162f710e994be8335ab5dd79c3d18ade567c,39f3b17148009090
img_0520.jpg,traffic512final/img_0520.jpg,512,512,JPEG,RGB,49915,0684b7d7fa1a897cde9056ddadc586ab57d233994b3b808b8cb0f9875daf9475,86dcb370ec686448
img_0521.jpg,traffic512final/img_0521.jpg,512,512,JPEG,RGB,38243,16009c85a3136abcb819f5bdffbb05d606e95cedb6fcf9aa7854503f590e7af5,067273332380c826
img_0522.jpg,traffic512final/img_0522.jpg,512,512,JPEG,RGB,52126,bbec9033bd41bb36e956b1df8c754d19cc65af32d3c1b10331bd944168dcffa5,b4b279bb1b44278c
img_0523.jpg,traffic512final/img_0523.jpg,512,512,JPEG,RGB,52123,725b537bc60ee49a24b59eebd6971e5dace1b5f5f30e8d8de488bfd095e5de08,203371d9c8231048
img_0524.jpg,traffic512final/img_0524.jpg,512,512,JPEG,RGB,39756,4c44af9f7b387a54ca765512301746bbc82beae3e7149fc53cb9092ed5eb7f92,0f32b1d00ccaf0a8
img_0525.jpg,traffic512final/img_0525.jpg,512,512,JPEG,RGB,73019,9e6a6bf153a8b42e7aeb017b5ac9d1f2fae561abfe1792c7ee53afd5721fb643,c4989ad85c1c1313
img_0526.jpg,traffic512final/img_0526.jpg,512,512,JPEG,RGB,60567,974aab648d3c960e72234521f8d3aaa4c4fa276616866aa5277b0411a8cd79db,778c8432db326678
img_0527.jpg,traffic512final/img_0527.jpg,512,512,JPEG,RGB,38266,17006c7418f3fe55116a781b5b0af05aea646afa3ea442939b9a99187e9bfe42,d7329147c7e213c5
img_0528.jpg,traffic512final/img_0528.jpg,512,512,JPEG,RGB,48445,345eb5ebe4743b5f84c1d6933a85209b93d3da95c9a74ef10db1fcf0fa6e8d27,4eb4b3ab67ecf810
img_0529.jpg,traffic512final/img_0529.jpg,512,512,JPEG,RGB,52083,09084ac7056330e2a029fc22d43cf166a0a0a558211aee9fe5382e0bb269d91e,2f52d3a38da844e1
img_0530.jpg,traffic512final/img_0530.jpg,512,512,JPEG,RGB,57863,5ffdd7f3a810493a47814b680cc699737bf9e05c3bd8084e58229c5fe3cd16d8,1f0342080e008040
img_0531.jpg,traffic512final/img_0531.jpg,512,512,JPEG,RGB,42740,20d43a35bb10ee71d7de1344c3fab6c94602ed552ab204752c819abbb50f8399,050db2920cacbcc6
img_0532.jpg,traffic512final/img_0532.jpg,512,512,JPEG,RGB,56023,bb575b31e711057fad3e28626d63eda2fe35d84bb872655bee87888f7a9ecf9f,940506a2d8b72780
img_0533.jpg,traffic512final/img_0533.jpg,512,512,JPEG,RGB,74184,6282429781b530273c054e875cefe1e15e4377c1209786353a788e315d28fa42,7c3aecee9ff83054
img_0534.jpg,traffic512final/img_0534.jpg,512,512,JPEG,RGB,91127,36f0a86faeb84fc398f86338b78c581c66b7a348ac30b50318829d08a61b6060,74765d8bcd98d018
img_0535.jpg,traffic512final/img_0535.jpg,512,512,JPEG,RGB,56058,4de769fb9f9d77aa435c48131c77492991b67b6d32663fd083ad4a0194b4f007,13736cee867868c0
img_0536.jpg,traffic512final/img_0536.jpg,512,512,JPEG,RGB,88839,3874b2e489bcddc93d210423e127433860e95cc9719cb3aee97adf2367f902a1,2f8d979793cac441
img_0537.jpg,traffic512final/img_0537.jpg,512,512,JPEG,RGB,48680,37fe2bbc0c53be2c24312863baea1db69aaac90c3aa2e65d3bfdc8cfa931d738,ddd4d2b189860000
img_0538.jpg,traffic512final/img_0538.jpg,512,512,JPEG,RGB,63717,205412c7c4f7cec6adf6582cca5476669a05ebe408a06c869ae7c79ce6e3a8c2,f2618e4a20188092
img_0539.jpg,traffic512final/img_0539.jpg,512,512,JPEG,RGB,44659,f3e9227255288be2b65e182d6afa559b6d3f688869c721b9afa71de37af9b104,095270538bf5f016
img_0540.jpg,traffic512final/img_0540.jpg,512,512,JPEG,RGB,82339,4497b297b9acf7b80b315b232aad4a8b6d312dfc514d806f2d0506b1510dccf3,8d6cdd9f361cf9e3
img_0541.jpg,traffic512final/img_0541.jpg,512,512,JPEG,RGB,69194,8c6732270ea482eb52f2b271845de54945184c62c4506dd18515ad8a6afadcc1,5210419e1c28bd8c
img_0542.jpg,traffic512final/img_0542.jpg,512,512,JPEG,RGB,83850,bf40a8912a3873cd97b28d565d34545ec9e8c6d9c8ec2f36343583704ba9bb5e,b4f8cccd7a3c0e48
img_0543.jpg,traffic512final/img_0543.jpg,512,512,JPEG,RGB,38835,c0ee0452faeb42f3cef5a1d4b7dcaeb2c2b032fcc49e9040a8da7628a6971e66,3271739599dbf824
img_0544.jpg,traffic512final/img_0544.jpg,512,512,JPEG,RGB,33110,0e00525792b95bb0d2ef77aad5ecf07b109896a60bfe81ed3f4f24b9cf031e97,1292b9317d4d1c00
img_0545.jpg,traffic512final/img_0545.jpg,512,512,JPEG,RGB,56072,5cccdb2fe227c95b7734723701e95e73e4080fb4f248137c480b3887e6247c4c,27a773348cd86cc0
img_0546.jpg,traffic512final/img_0546.jpg,512,512,JPEG,RGB,34103,620d29798e58812c61c27ecb902be76fe35b1187fc8499c3b4afbf3be6b89c3f,3462623720a04e2c
img_0547.jpg,traffic512final/img_0547.jpg,512,512,JPEG,RGB,48290,cb9b43370d2c460827cadbe29a37fc944646bc7cdf69783f3d8da27936b0275a,819fbc860e89439c
img_0548.jpg,traffic512final/img_0548.jpg,512,512,JPEG,RGB,46495,66357e50ab8bda1cfb0cfb6e32172ea1687593bb017a0f2f31b182cd0546ee46,c371f02c044f60c9
img_0549.jpg,traffic512final/img_0549.jpg,512,512,JPEG,RGB,45359,88d2398ab329b96a1c98c3342aec9d554b94c0db6d69b765e4306260d2b08ad1,94d2c8e1e75891d5
img_0550.jpg,traffic512final/img_0550.jpg,512,512,JPEG,RGB,43495,2f0f825dde8ad66bfb51cbd60c63d78c577f4ae8b78c447728763705ce495300,97322908068ae1e7
img_0551.jpg,traffic512final/img_0551.jpg,512,512,JPEG,RGB,74032,bb9fb8e35c9404c836c5fdef3ea9e347094a61dd3cf831c7744016eb0546ddac,38ed9796cc9c9899
img_0552.jpg,traffic512final/img_0552.jpg,512,512,JPEG,RGB,50085,2751e6ca044a6364a1df1e760da4c43db2731edf16f4273e69b01d7d00fa1d24,6331240c1d3d0c30
img_0553.jpg,traffic512final/img_0553.jpg,512,512,JPEG,RGB,25566,befc0ba4437e76e10ad4a5d16b115f2aeb67a119a9e06bae80245dbe02b39bde,fcfaf26679921210
img_0554.jpg,traffic512final/img_0554.jpg,512,512,JPEG,RGB,40713,dc1aa8ce8a8137b8e813e464f2e60a3ef49ed4649a36d4b9701f9fe46c409f17,3271e9e1cc9d9381
img_0555.jpg,traffic512final/img_0555.jpg,512,512,JPEG,RGB,49432,58cabd9d914396b9e2ff91af779cd899d6b3cebbe776a1cf4dbc04ca416a292c,3271743c72d1a848
img_0556.jpg,traffic512final/img_0556.jpg,512,512,JPEG,RGB,40937,0a9caec28038349e8765f5335f8b8c2c522ec163f82b0b1fd265f2e277178a1c,14089d9472368486
img_0557.jpg,traffic512final/img_0557.jpg,512,512,JPEG,RGB,35637,e3fcae04ae2292f96e4e79a071e3c24e1b3b5bf48267e0c03b9064c5c82fdbf8,716973b2685615cb
img_0558.jpg,traffic512final/img_0558.jpg,512,512,JPEG,RGB,50217,97512de6f6d2c4f3fd03d619920a9931a1ca2de48e28e54f896aafa0cd6062e6,606c4e66e7254b63
img_0559.jpg,traffic512final/img_0559.jpg,512,512,JPEG,RGB,40953,f79f08df9b1199e62c743bff24be4e5132d16acecda9c41e66e97645ad78fc8f,b3736920c7c3d8d3
img_0560.jpg,traffic512final/img_0560.jpg,512,512,JPEG,RGB,56357,fe7b98f32b709713ad9b77de42e70bbdebc0e4b147c94d5275a06a9b6d641ddd,9fbf7677a5392d65
img_0561.jpg,traffic512final/img_0561.jpg,512,512,JPEG,RGB,40914,a77db6362a8f72e724faf6bab209210ad3c223a055375efbe61b4debae1130d8,27e3c1ec899cf831
img_0562.jpg,traffic512final/img_0562.jpg,512,512,JPEG,RGB,60794,c254085f5f5432341c20aa46e6a4594a5a360e2bc177355dfc17c9c128994eea,0b8d13e1e4f8e8e8
img_0563.jpg,traffic512final/img_0563.jpg,512,512,JPEG,RGB,52960,83ade19107ae35dccc31039cf8cffc7707632c1d5aa662d5f6de5d647b643108,b9397bd82470da31
img_0564.jpg,traffic512final/img_0564.jpg,512,512,JPEG,RGB,35792,58576609f1608e239586ec17fd32010dde009983a0b4a95e3d40c754a4f56698,edf032b3b4184820
img_0565.jpg,traffic512final/img_0565.jpg,512,512,JPEG,RGB,40210,bfb2ce92138f42e76d115ee00aaa90c87619f0c66bd82b6a49c21e1952e6a563,6693b951133f5213
img_0566.jpg,traffic512final/img_0566.jpg,512,512,JPEG,RGB,50547,2b7302efba68273c26ae8daf0c961795c628f75857822a977dc5730ff383d203,b57273c3c9e8dada
img_0567.jpg,traffic512final/img_0567.jpg,512,512,JPEG,RGB,42118,4e192993ebca7e5e3b7e824eb26c23fd08880bfcdab505e404133c113d868dcd,17323181468c8c18
img_0568.jpg,traffic512final/img_0568.jpg,512,512,JPEG,RGB,49130,2353e1b4e51abb26ce8d8560bb4138e79b0a9cd41cab2623be49ffa0c2a18fa8,1979716c6870b0a6
img_0569.jpg,traffic512final/img_0569.jpg,512,512,JPEG,RGB,43720,b7547443e24524ecfc8ec347007fc77ca9bcd6098b458fb50a77d95d73407c59,39786ce1c34406c7
img_0570.jpg,traffic512final/img_0570.jpg,512,512,JPEG,RGB,41035,92c97c0416a2b49413432bb6ed4d34b00674635b4e511c54efc748fc4464dbcd,dbb93910242698e0
img_0571.jpg,traffic512final/img_0571.jpg,512,512,JPEG,RGB,45903,a50f5dc76e658616ff22dd932346eeb35f0c31665975f1d91db87a3c2017e743,377271a33d3cf20c
img_0572.jpg,traffic512final/img_0572.jpg,512,512,JPEG,RGB,39519,6ddc625d6b63832fe952e72b84df8818e023266d2e7957a22f8ec25f09cb788e,a060602043002a08
img_0573.jpg,traffic512final/img_0573.jpg,512,512,JPEG,RGB,52577,f8cb9ca8458a03084f938ca6b7ac910bb95b5d2e98b49445c459a482486941f8,1291516169a38930
img_0574.jpg,traffic512final/img_0574.jpg,512,512,JPEG,RGB,33808,8e264d83571ef2d03b31579111a19d8e4551edc5d25ed8d99602cf05f1f58387,521934ccf8c4c4d4
img_0575.jpg,traffic512final/img_0575.jpg,512,512,JPEG,RGB,29911,e64ba9ef494068b4a55082b7d061d896a2e58552e86205da1216828abb8f4632,fcd87c0cf62e1c7a
img_0576.jpg,traffic512final/img_0576.jpg,512,512,JPEG,RGB,34621,75ec1218e605691d278bc938a4f11942a6c72cbc833b2597714082382cf8ee82,b3b1697013bbeccc
img_0577.jpg,traffic512final/img_0577.jpg,512,512,JPEG,RGB,21327,56e28232bd6f7c6a43db5bc86a8333e26921f8aa7bc83ba01cc753e5057d1a01,644c27736972b667
img_0578.jpg,traffic512final/img_0578.jpg,512,512,JPEG,RGB,37377,87e255f2a6f22c3d4fd3aa6f0dae9a7b2876a65efe33e2410b2c8a80c29dee38,924e4c9b93531393
img_0579.jpg,traffic512final/img_0579.jpg,512,512,JPEG,RGB,34859,30c659a91672fffd1e3717dec855e9f5e34b73950856a735ed0825006c4d6126,e3f2d2e4c7196896
img_0580.jpg,traffic512final/img_0580.jpg,512,512,JPEG,RGB,47546,c69afb22b511bed6937d3a6d3a39a95b2c366384d2a450833b2902a07b3704cc,a31c747474d4c115
img_0581.jpg,traffic512final/img_0581.jpg,512,512,JPEG,RGB,46063,7ad0136f65f5e9059bccbe01a83987387d64dcf44e5df745168ee7ad880df941,e6c4c20188840448
img_0582.jpg,traffic512final/img_0582.jpg,512,512,JPEG,RGB,13239,fa883830fabf0545038c3cb33ac09397b2258645d985f12b6f7082a70e53e929,3a7969b2d7f33130
img_0583.jpg,traffic512final/img_0583.jpg,512,512,JPEG,RGB,39767,1bcd103e2fddec6e43b9d9f2636b9f55f1e062fa7455130d982fe752dd31699c,9b39314c32200119
img_0584.jpg,traffic512final/img_0584.jpg,512,512,JPEG,RGB,46130,8b78be3413a1432d8e216b2c86e9800d894d133dd1a137a71ba578b9d8b6adeb,32f9e9b435424837
img_0585.jpg,traffic512final/img_0585.jpg,512,512,JPEG,RGB,37213,cffe7be1719f08fa93103c4d811df72a27b00c836e28d05f47e8b90d85d02025,60e16cbadfe8f08b
img_0586.jpg,traffic512final/img_0586.jpg,512,512,JPEG,RGB,68872,871f5ed6fbecf823918cac8eafd1020dbaa891ccdc30f282983a825e8954c7ac,6c646cdca45c4899
img_0587.jpg,traffic512final/img_0587.jpg,512,512,JPEG,RGB,61149,a33162f54ce160d0f5ba41a2c690b3aad550d5c363f43154a16e7a226949bf1c,b0ac0b7666ed687a
img_0588.jpg,traffic512final/img_0588.jpg,512,512,JPEG,RGB,41785,b391158469dfbdc4116f1cafbc9a596b9e887a85077cd00814bb2d319282f74f,7032f2661a88a088
img_0589.jpg,traffic512final/img_0589.jpg,512,512,JPEG,RGB,45294,20d9bc817f6037fa423dc09445b3c0ef43a2ae4ff163832ca64ede10b84d4f87,98ac668690c2c5d3
img_0590.jpg,traffic512final/img_0590.jpg,512,512,JPEG,RGB,25593,835ef986cb94e32f276ca6fdee6fa624fe838152baf6b6575ace7922085065ee,99981e0c29888a16
img_0591.jpg,traffic512final/img_0591.jpg,512,512,JPEG,RGB,74903,bf846c27244d12627da021811b3e6c1d67e34e51f912559f948690d12a98c2df,332c142a8b8c8844
img_0592.jpg,traffic512final/img_0592.jpg,512,512,JPEG,RGB,35120,54a8dac9331c480dd95c4c39196cbe7c61aaca070386865ad0e02aace72ffbbf,b67271b97a79f7c8
img_0593.jpg,traffic512final/img_0593.jpg,512,512,JPEG,RGB,49799,fed2b948384b059924a3a9c63168041fe6ccb332bd7881ec852701d515df2566,b37339b8e8a0c0c9
img_0594.jpg,traffic512final/img_0594.jpg,512,512,JPEG,RGB,43661,c0036139dc1d710a621862b0ec6c9dbd0be24e227dfa17dc140338a1608171c1,18185838185a381d
img_0595.jpg,traffic512final/img_0595.jpg,512,512,JPEG,RGB,54209,3a8140dc7477f42d6e7fc34ba7c1a587ed84069ac7c317db9b7592741b3200ef,1233e8c86c882840
img_0596.jpg,traffic512final/img_0596.jpg,512,512,JPEG,RGB,37653,108cecc3350ed69693042d7eddaa61d85b464b83bb8cc6315c20d41af3f8075c,3168646931860653
img_0597.jpg,traffic512final/img_0597.jpg,512,512,JPEG,RGB,73153,9123e1e49afd897eed1e55f26d2e1b772c12432aded578e83fd9e992b9c1114a,24464a0072662145
img_0598.jpg,traffic512final/img_0598.jpg,512,512,JPEG,RGB,47194,f8a94810981d4e88e5f82ecf3a6979bb7dd6f762ee1d4ad20033c08862ec9eee,6164d2e3a91961f0
img_0599.jpg,traffic512final/img_0599.jpg,512,512,JPEG,RGB,27533,00f2a7dbb050aea17eeacd29053a8cd90a3ea62e1e333c978a8386032793dc13,71f1f17371320e96
img_0600.jpg,traffic512final/img_0600.jpg,512,512,JPEG,RGB,37897,61df4a8de98a550fbabc58c85152a44b6f761982e9195b829faa985f38d2fd8a,0200c373e1a6e7e3
img_0601.jpg,traffic512final/img_0601.jpg,512,512,JPEG,RGB,66376,911d1b2d46e5a2382aca6f2029bc74eca6f275998cfc4cffd02a485a4320cb99,ecdceccccd784812
img_0602.jpg,traffic512final/img_0602.jpg,512,512,JPEG,RGB,46568,bd2d25eb6fca08ce5b2fe2292d059920c5f4ca47adef0f134bf783fb6d713b8c,f9b9b9b0c3a538a4
img_0603.jpg,traffic512final/img_0603.jpg,512,512,JPEG,RGB,47477,f17b4169b3f03afdbb5e5208814f718c8480afe2ff86b279348aec189f9d7bd5,3832712828e4d4e0
img_0604.jpg,traffic512final/img_0604.jpg,512,512,JPEG,RGB,62022,49b6fa12bae53226d5796f494b599c38ecdbe5368167421259eb5fa7c4a01796,4830088ab5a61afd
img_0605.jpg,traffic512final/img_0605.jpg,512,512,JPEG,RGB,75066,193b248e7b908fe23b9799f083a38aeae593adc54562e1a6177ad49b2045a98f,2d0c05074e0e8393
img_0606.jpg,traffic512final/img_0606.jpg,512,512,JPEG,RGB,40118,ff0bbc9c9529bd4ecdeeb34c3c1cb228939cd654c08f1fe03810ec889374e83e,52b27113137fface
img_0607.jpg,traffic512final/img_0607.jpg,512,512,JPEG,RGB,38282,18155d1ed3df89f20b926eea7099ff246f9c60a9797cc048bc2443b62c2cda8b,f9d06565a79b5fb4
img_0608.jpg,traffic512final/img_0608.jpg,512,512,JPEG,RGB,60048,55782fb12793745408a7516a5ff8f3d49b050f3950f6f14743e610dc6c5c94f3,4b3994e4e6cee62c
img_0609.jpg,traffic512final/img_0609.jpg,512,512,JPEG,RGB,48909,ece946177bf08fd23e45e00d8ba8089c318e9fc7c10dc63ba3cbb2c699bc95f1,db39184260098802
img_0610.jpg,traffic512final/img_0610.jpg,512,512,JPEG,RGB,34513,e569c279c5651403c25888a9f02174ca2bff3589c0c57be45c672dea5edcd643,5ab9f0d33b47f3ad
img_0611.jpg,traffic512final/img_0611.jpg,512,512,JPEG,RGB,40614,2e7c628ce977966bdf13cdf2de0734707ddba0e2e35e4345cfccd3f3e906af36,e2f06061d8c04050
img_0612.jpg,traffic512final/img_0612.jpg,512,512,JPEG,RGB,51212,f545bd38bce9ebbd68c370c1272ca32424214da36cea7892b8ce0f8ff3ea6093,99c1a2f2c584441a
img_0613.jpg,traffic512final/img_0613.jpg,512,512,JPEG,RGB,46451,f371abf83b5e6cc5c29076e8c62460ef798b743057496ba0bcfc434e9b2f3ec4,97b2b1945ca0a00a
img_0614.jpg,traffic512final/img_0614.jpg,512,512,JPEG,RGB,59901,83a7268f7e7f2869ca1314249d34ef6937f89377f56e953098e8454a601a25fe,33333138595a64b8
img_0615.jpg,traffic512final/img_0615.jpg,512,512,JPEG,RGB,46490,b4a8e99717641389e848313e19f2552cd60ea57fc96182b9091f72790c6bdbb6,1389c1c363499486
img_0616.jpg,traffic512final/img_0616.jpg,512,512,JPEG,RGB,61277,d1f866308f2c274dc054c77f0297cfc13ead6ecafccbcaf96094bfab37ed9872,754bc9c4f9d29684
img_0617.jpg,traffic512final/img_0617.jpg,512,512,JPEG,RGB,45233,0babdf9a24ec540045a804fa52c19db06a0d268276d57104dd6da6e31fa5f20b,33cdbafde3b1f4b4
img_0618.jpg,traffic512final/img_0618.jpg,512,512,JPEG,RGB,50728,ac65772bacabd6bb522fd56a897529a42edc3c060fea76ffa479fd58a341d581,f78406868a6cc514
img_0619.jpg,traffic512final/img_0619.jpg,512,512,JPEG,RGB,33781,568e3ad985b53e0c46ed7dcd437fc24acf097cd4f95e712a6e1a40895ea17f15,bbec53b23e180408
img_0620.jpg,traffic512final/img_0620.jpg,512,512,JPEG,RGB,25397,374ba678a31a8aca2cd70b483c37fbc7e27e5f1c948187425990cc22774d3d30,1b593938131b105b
img_0621.jpg,traffic512final/img_0621.jpg,512,512,JPEG,RGB,73968,b4f4fb0f350916f74da45c74fe2cf6b909a83bf3fdb1062ace5cbb76caf83ed4,a1e18685c4870c90
img_0622.jpg,traffic512final/img_0622.jpg,512,512,JPEG,RGB,17853,a339751b4d084bad03723ce7172528f72608d916289418693b2c50066adc5343,6092d171b4b6b1b4
img_0623.jpg,traffic512final/img_0623.jpg,512,512,JPEG,RGB,37412,6cd06608d0f4765195e3239e4d21862f2b31253c15a4f13c88402ce03ddfb6d3,989a9b9bd3657004
img_0624.jpg,traffic512final/img_0624.jpg,512,512,JPEG,RGB,42367,64ffc814359b43c9a42aab5cee5e3281e4e7b8516278106fe6b42c4024c3d81d,1d03000c0c184800
img_0625.jpg,traffic512final/img_0625.jpg,512,512,JPEG,RGB,59265,9bf883d61ff475433079e90d54d29ae5bc8ccc7d6f0455a82fec2f5cf17bdb88,879ecebe1e41c049
img_0626.jpg,traffic512final/img_0626.jpg,512,512,JPEG,RGB,41896,c150f01f2e76809bce1400ad927a6480d259013318c4be49ac8edd8e3401f977,898e63208c866b00
img_0627.jpg,traffic512final/img_0627.jpg,512,512,JPEG,RGB,38708,2d942410d85a4b9d841daab4cd84fc4036850a7e634324961dbc4837d2a7999d,2b56b336168a840c
img_0628.jpg,traffic512final/img_0628.jpg,512,512,JPEG,RGB,17994,721c1c0eb8318a8f7972abba222e748ac66bed06b986dc8c8687a4baff22b0e4,b131b931a5a46e4e
img_0629.jpg,traffic512final/img_0629.jpg,512,512,JPEG,RGB,74271,cf434da7d31e514299821f69f53c6a6bbdc234ea34abe340542c85eff4b124a7,b31c18b9d808027a
img_0630.jpg,traffic512final/img_0630.jpg,512,512,JPEG,RGB,61076,43460cd6a96a8614d7cd5794bfa52b4a75c6ed30d030413360c85d92bf3ed248,431c180123001470
img_0631.jpg,traffic512final/img_0631.jpg,512,512,JPEG,RGB,96224,7626e9796c7ee25c172e3d45ebfdfc67f25724c9a8210aea2afebf69ef6cf6da,2f2c8ce4e4a44c96
img_0632.jpg,traffic512final/img_0632.jpg,512,512,JPEG,RGB,35039,b0614ec817f3f61f29c8accdd4b506c9cccdb60e0317a60950060be897bd50ff,0100e558b991496c
img_0633.jpg,traffic512final/img_0633.jpg,512,512,JPEG,RGB,24531,0f2d743b98a1ab6c0e74d3721b8b7c6768ddac856b16dbfd86dcf5f6301d7c7e,18dc334ccc90015c
img_0634.jpg,traffic512final/img_0634.jpg,512,512,JPEG,RGB,55200,badf28200e95ccbacd4fa6e827e79803bf30efc5bfd1713d7d85c3bf7aa1e118,7951787889a0731d
img_0635.jpg,traffic512final/img_0635.jpg,512,512,JPEG,RGB,49832,d0012c18263f8466866baa29af8d8eb8ea8fc3ff3658dc475c7c8d5fb4a1891f,4b3373654400a244
img_0636.jpg,traffic512final/img_0636.jpg,512,512,JPEG,RGB,45654,2f204f77362c9a25349e4ed26a2c7f10dbaee1b01d16c90c9e362b7135482121,4b30f5fd1a4b1e5c
img_0637.jpg,traffic512final/img_0637.jpg,512,512,JPEG,RGB,36274,8ed69a076b08eb5847f6a6a6cf2b336c10a23d78c3a5cff2b15727b92ec2964e,001be78f99e7c433
img_0638.jpg,traffic512final/img_0638.jpg,512,512,JPEG,RGB,37314,896ecd8c943fceeb37ddb2e2769d6e91536103e13ce4a86e6192fb9902b1508d,0d1c3c392c6e7fcf
img_0639.jpg,traffic512final/img_0639.jpg,512,512,JPEG,RGB,40658,46e241a586d07e09e9179e1580080088926e578b46a250a9975d3cc0034d8e87,503290989cf60137
img_0640.jpg,traffic512final/img_0640.jpg,512,512,JPEG,RGB,41668,d93525966229b51762a989cb4cf0a569c6043f6192f5bed90763ef81d22de06f,0fb23597b333f7fc
img_0641.jpg,traffic512final/img_0641.jpg,512,512,JPEG,RGB,54472,b09291b578af522d0e75beffaae116022436353cc0d4049cdd25f6c1749e48f2,cdb3716ac9c89cfa
img_0642.jpg,traffic512final/img_0642.jpg,512,512,JPEG,RGB,53776,5b33f52959123bc56b62133d9433fa7694a9e41c4526a63ec8280151672021ef,82e2830020200002
img_0643.jpg,traffic512final/img_0643.jpg,512,512,JPEG,RGB,29134,d037ebdda82d5533e83e73eef7f85904e1474d7b15679dd2289657fd68b400d7,065cd9581828e678
img_0644.jpg,traffic512final/img_0644.jpg,512,512,JPEG,RGB,42264,ec0111fb6320b2e69048b1c259a8e4fdb3b2070e059bf2c00ec8498fd56dff5e,0c30b3706a32cc68
img_0645.jpg,traffic512final/img_0645.jpg,512,512,JPEG,RGB,24640,9d8533a09ef334f410330c37e9b85ad59c0d354ff51eaafc0ad5d236fba26ce3,000830b256fe8b40
img_0646.jpg,traffic512final/img_0646.jpg,512,512,JPEG,RGB,31008,a652f5532f01811bc4173f012add022bee8f5455ba485a97ad2cf45c27e32f6d,275b2664b3131000
img_0647.jpg,traffic512final/img_0647.jpg,512,512,JPEG,RGB,36542,678a09db29ad0e72e3589f2ac3932ed8f3a25733e3eaa2853e49df2ab4da2787,310f32d2eb75b6d7
img_0648.jpg,traffic512final/img_0648.jpg,512,512,JPEG,RGB,33459,aaaacac66a88a9b5b9a288ba1e0dabe25e33a098fb5e3070a3e7abcb1d961ace,ff6ff3324ee0022c
img_0649.jpg,traffic512final/img_0649.jpg,512,512,JPEG,RGB,59310,e42299e4ade219b9ce330fd370ee462bc8347a4199af335de1f2f7691d1cf31d,2420280134258c30
img_0650.jpg,traffic512final/img_0650.jpg,512,512,JPEG,RGB,38723,c2fabcb147ad306e2c3ab5662460ab895a37cd1f0476ecb05404bf8446b8c2e7,2463d3a6a63e1a12
img_0651.jpg,traffic512final/img_0651.jpg,512,512,JPEG,RGB,33120,3390ddc00b188801e60b06926a95872441b6da31ffc6b409b2a96cdc2064f329,e22bf939f313ccec
img_0652.jpg,traffic512final/img_0652.jpg,512,512,JPEG,RGB,72831,d67873ff371c90994ec9dfba10ed92dcbb6cff1d56c3133e31aee69e6f8d4e93,844c0c0e46c71c64
img_0653.jpg,traffic512final/img_0653.jpg,512,512,JPEG,RGB,31295,3914783bbf5f6fd1210dfa9cb32e86f39d4157eea84265a8915644a2e4d7ea51,6b100f3830837120
img_0654.jpg,traffic512final/img_0654.jpg,512,512,JPEG,RGB,12978,2adaf57856fbeb7bbc858008459c3cd6156a8ccbfc5922789a39fda024d11bf7,0573f28638203150
img_0655.jpg,traffic512final/img_0655.jpg,512,512,JPEG,RGB,40119,5b1c190a21ad86d06008b7058fd93e3775f4a0bf54fbf07bdb15c93ea465d028,706264068038b4e4
img_0656.jpg,traffic512final/img_0656.jpg,512,512,JPEG,RGB,29873,1622cabf58f06648315769946006d0a41f41616bd22935920b4cf71dd2454cee,0c0c1c0c1454a9fe
img_0657.jpg,traffic512final/img_0657.jpg,512,512,JPEG,RGB,31161,6eb948a634aa2692e6de1280dc251da646a49b5a2865e8305758fb31fb4ba127,3436303458f3b69b
img_0658.jpg,traffic512final/img_0658.jpg,512,512,JPEG,RGB,59213,27f36e0a982cc6d9b6eceda19b3183176ccce25aa53a6c9f2445e5e0894734bb,687860641c999839
img_0659.jpg,traffic512final/img_0659.jpg,512,512,JPEG,RGB,84325,8d54fca14bb30b42ad4977dde5d4fdd848706389e70045fc9521ea30ec715c6f,ccccd97958d814b4
img_0660.jpg,traffic512final/img_0660.jpg,512,512,JPEG,RGB,76870,ad5bb37b74aeaadda242193898485b3854f63afa097466a55aad40f05673b943,faf32feac083a42c
img_0661.jpg,traffic512final/img_0661.jpg,512,512,JPEG,RGB,33100,8e44ba7e3233fe02b40564cad48d7b10f3bd93b4f15d4c0c662f89745a78ba35,03298287c7d2a084
img_0662.jpg,traffic512final/img_0662.jpg,512,512,JPEG,RGB,34726,861036f1b2aa994d426b12839a6a5b2dfdef330d6d58d318736115f67bb99b2c,2c1c382908098546
img_0663.jpg,traffic512final/img_0663.jpg,512,512,JPEG,RGB,49933,e77e1512970fbb403d3cc5ce86eecf0431b82ff565f6662eb45bf39fc6a5d7c5,8c90b3566c602090
img_0664.jpg,traffic512final/img_0664.jpg,512,512,JPEG,RGB,33082,e6f4f27495027278ad5e897d8a3cd79f0608077796ec128544a79661e8549622,27bdf931e5c07af9
img_0665.jpg,traffic512final/img_0665.jpg,512,512,JPEG,RGB,34539,c31dccad7243ea1b8736b32ae5326c189802b7a9330cdcdfdf2cdf1a42715a08,0eb2b3b034f4d238
img_0666.jpg,traffic512final/img_0666.jpg,512,512,JPEG,RGB,36353,9a76707403d7af4959c2645471982c7ad9493873c9fe4a90e62310368550552a,669a78f89ae77b19
img_0667.jpg,traffic512final/img_0667.jpg,512,512,JPEG,RGB,33136,4a75f8e4d45437f1a5da974fe18614b798d1facbb7c803d509f2eea05deae0e4,100c3912dccc78ec
img_0668.jpg,traffic512final/img_0668.jpg,512,512,JPEG,RGB,75528,dc2b3248b86664a2289f979333894779dffd8f076fa950070da4507a0159e9d8,c0c0c0aa96441918
img_0669.jpg,traffic512final/img_0669.jpg,512,512,JPEG,RGB,39437,12f05d2d57914e8a0d707bc234534f905be2ddd565483602aa72f523a0c2ebd4,e95b9ba2e7094340
img_0670.jpg,traffic512final/img_0670.jpg,512,512,JPEG,RGB,49331,90796dcfdacfeac701c6520f7009225799d78dd2d312b0860514892f09bfdbbe,0819919a08c94714
img_0671.jpg,traffic512final/img_0671.jpg,512,512,JPEG,RGB,53459,6d6169fcc5a008f7f3cb51cc9481ad7b60bb64a48848085ab15afca030fd6dd9,c6391981ce8b3232
img_0672.jpg,traffic512final/img_0672.jpg,512,512,JPEG,RGB,21832,062ab7c6ae9060b8926b8aed7c29ff13f5517a450c3698f4bf95c1b0439c8e71,045a59393b484a1a
img_0673.jpg,traffic512final/img_0673.jpg,512,512,JPEG,RGB,56535,e18b8f414ac8f7e1384d31944284f2d89df3d8e709aeaede715957871fc24b7e,8305874fcd707026
img_0674.jpg,traffic512final/img_0674.jpg,512,512,JPEG,RGB,37424,a45990e581d115b87ed93940d4a33a239883b97707adea38a8853ad4c913d40d,9827735340f0f6e5
img_0675.jpg,traffic512final/img_0675.jpg,512,512,JPEG,RGB,31479,358dd4e984427dad8cdbfabf8f18b26a1e809e99828126faf4be9502de126858,1a18589da538498d
img_0676.jpg,traffic512final/img_0676.jpg,512,512,JPEG,RGB,28646,a9c756bce3b3ca17d0f84f70f6423d1326325b45b57ef3baa63f49b11d0efa5e,05840e2d6b4018c1
img_0677.jpg,traffic512final/img_0677.jpg,512,512,JPEG,RGB,47436,77bc81761eb8f5e1fe6291268b6f5762b065ac021b89053a6a214420e6881165,2d52b3bbbcf496d8
img_0678.jpg,traffic512final/img_0678.jpg,512,512,JPEG,RGB,34007,c3afa59a032149c02838c7de9622b959c829201ce4eafa760812e760d7cbdc23,0c30333266cd6228
img_0679.jpg,traffic512final/img_0679.jpg,512,512,JPEG,RGB,52246,4b91ad5e75022d7ef3a18e2d8014296641bbbbf47fc82d74031861ebf44d957e,1903828185e6b25e
img_0680.jpg,traffic512final/img_0680.jpg,512,512,JPEG,RGB,29337,30640cf2f085184c416a3616feaf2462c78991c3c89bd8f42a4b18b04aafc966,010922e5f4b360a4
img_0681.jpg,traffic512final/img_0681.jpg,512,512,JPEG,RGB,47481,f3ab888b5dec4d53e34fb187a7f029ac61698a9d8e4efbf98528cc9860fef33e,08b7521280108000
img_0682.jpg,traffic512final/img_0682.jpg,512,512,JPEG,RGB,30058,03b60803d59130f33c8f21716b822b5362bf7c7fea6b18c890533f8b71d7c94f,ffe2a4f5fa800138
img_0683.jpg,traffic512final/img_0683.jpg,512,512,JPEG,RGB,51911,b9dc80ae9d63a7f1db76a4ebb05b47370a85d106c7073828dbcbfe14ad43b47b,4861210ed6261664
img_0684.jpg,traffic512final/img_0684.jpg,512,512,JPEG,RGB,50022,dc4347d1ee9b3c77c703ddd16a20a49b3ceeb749a5563cd3687c70c5587486ed,317169769494c020
img_0685.jpg,traffic512final/img_0685.jpg,512,512,JPEG,RGB,46753,e387bdb3819d2da576135e3316b918df141038b9b291d3a7affc886e17dbcfc1,00e1484053a21298
img_0686.jpg,traffic512final/img_0686.jpg,512,512,JPEG,RGB,53508,368fa192a99b15951f7d963b9145acd398810482ec78a5f2a4a39e43606557f8,8f7928b016d2009c
img_0687.jpg,traffic512final/img_0687.jpg,512,512,JPEG,RGB,73044,990a7fa1adadb7e71cb307deedff88bc3a15baf10aecc63c18652ca7b6af359f,ec74588eb310a0c3
img_0688.jpg,traffic512final/img_0688.jpg,512,512,JPEG,RGB,70778,8b2e7a97676dff0f6d9faad8c60e7f52967cdc0f5846d33043b767d98a7fa301,1e1d8bebb7736edc
img_0689.jpg,traffic512final/img_0689.jpg,512,512,JPEG,RGB,50302,126ca006861ce17bdf5e7109625a2b9a373c0b3b77edb69716e32e1bb7b33b0c,8ec99b9e2ef39344
img_0690.jpg,traffic512final/img_0690.jpg,512,512,JPEG,RGB,53014,bb6e70b4182586690ec9f5acc6d4783d99ef075b4644ecc490e4123b4bd3b519,2116fc3c2d8c1003
img_0691.jpg,traffic512final/img_0691.jpg,512,512,JPEG,RGB,48934,9cb79535bf0d8d53113df08353a6a31c5f613b5a8f3a5170d23864a5d59e1551,0f33bc9437bcc408
img_0692.jpg,traffic512final/img_0692.jpg,512,512,JPEG,RGB,57346,265e5e9d0e5f630b58351933d9919028b8970ad0fafeb6f930c55672733a231e,33304c4492effa6b
img_0693.jpg,traffic512final/img_0693.jpg,512,512,JPEG,RGB,34299,aa06d8f3f2686281e9e714ee28f2f245556e1652093199a769ce8eae5ed78863,120c1c389900d20a
img_0694.jpg,traffic512final/img_0694.jpg,512,512,JPEG,RGB,52997,f024d1574a99035c471976e3442784c0ed6c10818db57a18e68349b897d3404f,8c3140a8a8a00f3c
img_0695.jpg,traffic512final/img_0695.jpg,512,512,JPEG,RGB,60748,1e562b518e1164d688cde96696eaec258a00a7ebf2ef6e0948ea9104243ca318,030c4f898405c90e
img_0696.jpg,traffic512final/img_0696.jpg,512,512,JPEG,RGB,81568,366f0666fea74be5b597c8e46d7e2ab750d718e97046b51efc42e8c12a592756,879742562fe1eeed
img_0697.jpg,traffic512final/img_0697.jpg,512,512,JPEG,RGB,46630,eafd577bdfbb0d9ee60841102376c7c628d96f2225483d558fe3e8ea7b7829fe,628b262038387a54
img_0698.jpg,traffic512final/img_0698.jpg,512,512,JPEG,RGB,32045,56b653b08b251c5a4748326ee2053c7879cfbf949bb2a1412797b34b51b441ca,beef5b3834c2382b
img_0699.jpg,traffic512final/img_0699.jpg,512,512,JPEG,RGB,55007,0ef3da4d66f040413d364bfe468e1f10cfec6184c7753784abe669fb7b7d6b45,110104004066b1a2
img_0700.jpg,traffic512final/img_0700.jpg,512,512,JPEG,RGB,51683,3276e53726388476454530556757a4082c844f70368e65876b0f0c0b65c1fb2b,7e07000ccc8c1821
img_0701.jpg,traffic512final/img_0701.jpg,512,512,JPEG,RGB,76458,41a66212658ed0171c3b4aa1f180e58e1f080bdbbaadcb23bc8d72cdcd76085b,c3c0846c18a84480
img_0702.jpg,traffic512final/img_0702.jpg,512,512,JPEG,RGB,38851,7a2a0e7bc54d1e5ccdc77f711fa6d45bb6609dd6cdaa8baf19a673baf4098788,08715080359048fe
img_0703.jpg,traffic512final/img_0703.jpg,512,512,JPEG,RGB,34124,0f40762b2672e18cd93aae8df58e5d4833ab02b60d511f1a69d7ea6c391c6f76,ffcafddd51b1c1bb
img_0704.jpg,traffic512final/img_0704.jpg,512,512,JPEG,RGB,57203,cc521b979be7a729c575215f8ea40ecd2d1853a35f0f126ab934000e12b7227c,c934f63e384c0ac4
img_0705.jpg,traffic512final/img_0705.jpg,512,512,JPEG,RGB,66098,ed9c2e43a9297ddd0b631d7d398aec0ee25102ef96d4e840913c966d7cfeaebc,030201230f618c1b
img_0706.jpg,traffic512final/img_0706.jpg,512,512,JPEG,RGB,61540,c6f88ace23d8f1d493f7d83e1143c1bab0bd9a974d95143c70fc65e5fe582980,8488cb968524d0c1
img_0707.jpg,traffic512final/img_0707.jpg,512,512,JPEG,RGB,84871,08135b92b5c73bb419e82f22adf38dfe3927c6951dd35414741dabc9f2c00d63,0108249cbc2c9bd6
img_0708.jpg,traffic512final/img_0708.jpg,512,512,JPEG,RGB,81607,b2164f48c5dd2ca34d9e0135eb9219e2bf05af8b8e1b45cdcbc6663f2f72a46b,66662f9e374e4953
img_0709.jpg,traffic512final/img_0709.jpg,512,512,JPEG,RGB,57406,e218eccb70d8ad20ae910aa0b38d4bd2b5aeb84c39a718e001328d152b8bf95a,91efe5804a69184a
img_0710.jpg,traffic512final/img_0710.jpg,512,512,JPEG,RGB,41610,fe2d3872369691bcc3214b22b759c7520368aa3ef51470e64b481369a783114c,10606a20a0200103
img_0711.jpg,traffic512final/img_0711.jpg,512,512,JPEG,RGB,64456,8704d3fa32f2841304bd1f0b28219d267a5bcfe53eacf9378c21986e8f2baf0c,010464eeac988001
img_0712.jpg,traffic512final/img_0712.jpg,512,512,JPEG,RGB,50924,817db89036da5eed42a7200be35784504d4ab60f99e0cd305f030d11f43bedc5,f3901112160cd795
img_0713.jpg,traffic512final/img_0713.jpg,512,512,JPEG,RGB,30159,b370e93d4cb2084699f05a9304d9a08f9402a23697486b1a595cd1b4bfe9a082,94c370cbcfb6fff0
img_0714.jpg,traffic512final/img_0714.jpg,512,512,JPEG,RGB,35301,67d07766d58b47e2d72025934c2c55631b1c867a289ba0a6cb9ef11df49410eb,0000025bcc208481
img_0715.jpg,traffic512final/img_0715.jpg,512,512,JPEG,RGB,42246,ab1161b8b96b6121ca00e94d46e6d853b080a850b8043ce91d98a8cad6e04490,e3cce1474d138680
img_0716.jpg,traffic512final/img_0716.jpg,512,512,JPEG,RGB,65085,bb00bbd90ec9199b60075365f9e75dfbdcd9778cabf076563a9eb58d766a6ca2,a4b2f98a2a2b3928
img_0717.jpg,traffic512final/img_0717.jpg,512,512,JPEG,RGB,62028,d97b309975d1b86d3854d93ac069b2980b4baa222258b21e1b70f13763e36ba2,8321446263652d4a
img_0718.jpg,traffic512final/img_0718.jpg,512,512,JPEG,RGB,38347,5b02731651061889afce4d659aedc0b71a36dd27b71e3078cd15a10dd7ed74fd,0c36c9cc3b990418
img_0719.jpg,traffic512final/img_0719.jpg,512,512,JPEG,RGB,42314,24b9472a47d11549feb475722d4db313f479ecf201bd6dfa1eb430cdf8ba9fb3,000209254c49638e
img_0720.jpg,traffic512final/img_0720.jpg,512,512,JPEG,RGB,52150,5d80eb94b501bf472e81074c4b192c4f964dc66d6a9bc310e320ccaf9ace8966,7b36b2321b569292
img_0721.jpg,traffic512final/img_0721.jpg,512,512,JPEG,RGB,49459,3bbb004a70438383c33fd4890695ea06cd3363b0f61f8855a8d547d34be40a54,e0208e724c490b0f
img_0722.jpg,traffic512final/img_0722.jpg,512,512,JPEG,RGB,50433,b45bdb18b707abe085554cb81a46c7864de99213d499aa7fb625197ed6eb2c0d,bc9d4d7a52b500fd
img_0723.jpg,traffic512final/img_0723.jpg,512,512,JPEG,RGB,46045,e8a0fafa2f705ea8ddd7f83e949e4a656592858e33ae0402763702e787e9e92d,68d4f1b2b55200f4
img_0724.jpg,traffic512final/img_0724.jpg,512,512,JPEG,RGB,55692,5123e8e805992673f030294efa56d2b21b09595f0a06cca449dc497d5fdd1b94,4e4aca54cdee3100
img_0725.jpg,traffic512final/img_0725.jpg,512,512,JPEG,RGB,56618,71c00cd566c769209005e811ce0be1257f4e0c59bc37d5d5e3e8ccee97e23e76,a5ccdc9d9a847304
img_0726.jpg,traffic512final/img_0726.jpg,512,512,JPEG,RGB,31489,369e27f840a500e5bead96880b05220199ec623bf644d36e76dd6978445ec8db,186564c35f1c8780
img_0727.jpg,traffic512final/img_0727.jpg,512,512,JPEG,RGB,44336,b2e59376168b69c90deae14c411555e28304634bacc1904a93dd9377f525d247,00100318aeb6f2e4
img_0728.jpg,traffic512final/img_0728.jpg,512,512,JPEG,RGB,57666,4d3ceb4cfb8140e7ac04f8366373dec1514db3c28668013c945931f29ad1c56c,858fa3a5988c2603
img_0729.jpg,traffic512final/img_0729.jpg,512,512,JPEG,RGB,90393,61395f3d911412bb8813e872fbf2f849fb442bac2ba25befaad10e54832e8b8b,6eeff7f961608948
img_0730.jpg,traffic512final/img_0730.jpg,512,512,JPEG,RGB,45453,849c17a2a97017d1b5482e56db44537f053481bd41a21742f8c23e4c72fc2eeb,0599139479cf38ff
img_0731.jpg,traffic512final/img_0731.jpg,512,512,JPEG,RGB,34968,0a698c5415dbbda7f63471ea25f6da56d6b645af476c9b2290dcd296f134105a,60a196869b63ff4b
img_0732.jpg,traffic512final/img_0732.jpg,512,512,JPEG,RGB,54236,927849793c115c8c9e7cf9e230d734cadc23c9b75e2d82aed9f18c295d1c4a0e,4f8c4b46090012a0
img_0733.jpg,traffic512final/img_0733.jpg,512,512,JPEG,RGB,66025,43487c69f9cca42da93e2c5a425c0097e4bf594a76226acb304ef97ad0d4af2a,6a2d0c1a5b3a404c
img_0734.jpg,traffic512final/img_0734.jpg,512,512,JPEG,RGB,43118,238f19076a95224959c7c041d8fc3de4db844243ee5eb0978d05a9a1d36aaf26,068637304c070101
img_0735.jpg,traffic512final/img_0735.jpg,512,512,JPEG,RGB,71892,002e3444ac69c7a84c2e385d43ebbe9182668330aad1a9e8e26ff2b61899c941,869783132353fd6f
img_0736.jpg,traffic512final/img_0736.jpg,512,512,JPEG,RGB,29296,8dd31819a9af17ab2e7d3817063926ea933e109a81d281512bdbc5faad05d454,0000502326040961
img_0737.jpg,traffic512final/img_0737.jpg,512,512,JPEG,RGB,31097,cc7a051e9fb75a0855d3eea20aaf992fe914f609df8d66cd106c6bb996a94d73,000000845a599ca6
img_0738.jpg,traffic512final/img_0738.jpg,512,512,JPEG,RGB,31075,50dcce5686f4c893d529b6a856042c4ceea29fb7880235c91f1a02fa37288b47,00000013462ecdc6
img_0739.jpg,traffic512final/img_0739.jpg,512,512,JPEG,RGB,52441,0f311da7174aeba0a2c1377b2545c81c9695261a41e114d3d6cec668133ad61b,c4c3c248c3c12006
img_0740.jpg,traffic512final/img_0740.jpg,512,512,JPEG,RGB,18935,a5d5e22a7070efe5836c16009cf6ae6081c108c61043d6691d72501c3eb892d1,0000010201968667
img_0741.jpg,traffic512final/img_0741.jpg,512,512,JPEG,RGB,42942,67b9cc89a9de831031fb5bfa20ee1730f1528dcbf92b9d450dc30c173f1ca16a,40318e8939c00206
img_0742.jpg,traffic512final/img_0742.jpg,512,512,JPEG,RGB,18188,fb84451ef865a783e5aca1855a8519f0cf1f14b280c1f8cb2d5feaaa098c8e70,8000e0e4e0bfa0ab
img_0743.jpg,traffic512final/img_0743.jpg,512,512,JPEG,RGB,56391,2922461e6eadf6e7fafaf5cccc92f22357e826e673651981bfff8366dd6fde10,e7a978e09a4d0002
img_0744.jpg,traffic512final/img_0744.jpg,512,512,JPEG,RGB,69685,c6308484dbcd1b42788218f71c5151809d132541e0283f12a5500372775bf5f9,321148d61366615a
img_0745.jpg,traffic512final/img_0745.jpg,512,512,JPEG,RGB,54475,79eaaebfe0af421833a3367fc0ae45b45fdbedf4e55f9de1d3a09f82c8218406,201a9b63c402024a
img_0746.jpg,traffic512final/img_0746.jpg,512,512,JPEG,RGB,29847,8da3f0fa32b7a8e3ded2a7502afea88f5523ca3e38a476ff9d037c6aa96dc8be,371be3f3bfcb4d44
img_0747.jpg,traffic512final/img_0747.jpg,512,512,JPEG,RGB,39141,70a382c233334fc1c6757a8f6fa22d5752bc96e754786f3dcb0a99343b4875bd,e7110d6267850b09
img_0748.jpg,traffic512final/img_0748.jpg,512,512,JPEG,RGB,60338,dc752d801e2e04692edf874009d8c88425a2b8023569152891713a8b857967ac,d45a1a19b9dc7001
img_0749.jpg,traffic512final/img_0749.jpg,512,512,JPEG,RGB,43111,912dd2e3c14a2d242220a1c6dc49e62ee00257cc7a20cdaf87bfb719188265ca,4fb78b23260e0b19
img_0750.jpg,traffic512final/img_0750.jpg,512,512,JPEG,RGB,51680,4e6cb375026d28d6706cd13ec43d414c99658954883e97cc270dfee8a6f96f42,271786671f0f0f8f
img_0751.jpg,traffic512final/img_0751.jpg,512,512,JPEG,RGB,89996,2f4ffc025b586da8385df769d8ddf87a0b7fb51a3fc13a3734d8ff97522369f8,6eeff7f961608948
img_0752.jpg,traffic512final/img_0752.jpg,512,512,JPEG,RGB,30623,91d414fd9e3f02181f6a5553e199c63cb37a3368c1d4058f4bc76356148200a2,00000013462ecdc6
img_0753.jpg,traffic512final/img_0753.jpg,512,512,JPEG,RGB,18717,15ff760998b559f79c1d212529b96d29ab4b473fc4e4ec6c8f8cd1651b26ecb7,0000010201968667
img_0754.jpg,traffic512final/img_0754.jpg,512,512,JPEG,RGB,18127,e01c4f2270770ad94bac93857ea35ad62b372254d8c9f1e4f8fc062fb4f3721d,8000e4e4e0bfa0ab
img_0755.jpg,traffic512final/img_0755.jpg,512,512,JPEG,RGB,70926,3d11bb174181b078046f26c14038551decacc06a728f59d5713ddca761777358,869783132353fd7f
img_0756.jpg,traffic512final/img_0756.jpg,512,512,JPEG,RGB,55068,983f9a2382e5b8fe481b515fcbf26228722c08a129476f572f60b13cdcd83143,e7a978e09a4d0022
img_0757.jpg,traffic512final/img_0757.jpg,512,512,JPEG,RGB,35463,8f72442936918a6758f9181a95f33f3c547d37bd8a7e4a94d6eec99b35ba456b,7d9d2d45600c051c
img_0758.jpg,traffic512final/img_0758.jpg,512,512,JPEG,RGB,42542,1563ce3c4ce0bd5cff653ed31e22a65dc1e9cf8c98e1079c733271675217f509,068637304c070121
img_0759.jpg,traffic512final/img_0759.jpg,512,512,JPEG,RGB,46966,b7da0ef3bfcedd8cd642befa17d56bf8306293d35b662382b0711466ab4447db,e42567460b130108
img_0760.jpg,traffic512final/img_0760.jpg,512,512,JPEG,RGB,88271,61c812efc9ce4bb1267f242098cc5938e3da32c558b2413be0a6e09fd250ebcf,868411331c9ce1c4
img_0761.jpg,traffic512final/img_0761.jpg,512,512,JPEG,RGB,43742,47024bf08032c2dd47ee68fe6402dc2142f2e15bd6fa11dc6932babb57a74531,0c8c6564a32a6880
img_0762.jpg,traffic512final/img_0762.jpg,512,512,JPEG,RGB,53192,3fdc7c2d454446fce3ba46fe548821643caf6287ca96cf0c8062f387772e1882,8b83af5ab3af8000
img_0763.jpg,traffic512final/img_0763.jpg,512,512,JPEG,RGB,59475,40b94a8ce50efaa2fbf8d6c45c87a18d16585bab02a47192f9534b19a5980cf5,d45a1a18b9dc7001
img_0764.jpg,traffic512final/img_0764.jpg,512,512,JPEG,RGB,49013,7ec71eeb858b0833ee6e138101bc4ccf53fb656ad3596f975e9686904ae8a4eb,767eb7a333361efe
img_0765.jpg,traffic512final/img_0765.jpg,512,512,JPEG,RGB,51590,093f1c3e1b616731ee29b5ed0c47443578dc0850ee6f374f3d994b3f2d4909f4,271786671f0f0f8f
img_0766.jpg,traffic512final/img_0766.jpg,512,512,JPEG,RGB,44580,cc32b1b21ad4329c7c50f7f4b248f4c795a5670d0a79efdaecf373fa4df57bdb,05991394798f18fe
img_0767.jpg,traffic512final/img_0767.jpg,512,512,JPEG,RGB,44595,3e3e2fa904ae7f5540df2986552babd8ddaea9a5d8bdb11b9c0198e0232a9f7a,05991394798f1cdf
img_0768.jpg,traffic512final/img_0768.jpg,512,512,JPEG,RGB,58304,f034f71f1c856b35b9ac5996c01fc9e1db8e37bf16de3d1fb3c1cbb66c0d0eb8,ec0d6e74987171a9
img_0769.jpg,traffic512final/img_0769.jpg,512,512,JPEG,RGB,59660,375dbe29f0afee56d92d7c1d03afd735e5bcb85a8f3231ca47d0e80fca6db8d4,3098d04060dc248d
img_0770.jpg,traffic512final/img_0770.jpg,512,512,JPEG,RGB,60764,5e18fe754464214cae129ff377f43f3ef06a73b9670beb7360063eae6994bd58,da393d1ab0b0b283
img_0771.jpg,traffic512final/img_0771.jpg,512,512,JPEG,RGB,42579,0b1272d1ce962aa857548c46d67e6a80cb7d27ed1bf2f2614f2adfc04d0b8e42,8ca526722083094b
img_0772.jpg,traffic512final/img_0772.jpg,512,512,JPEG,RGB,40229,9570ed521c1655b4385d3bdbc76033d644a42160acd28412db43e6c0aa52da4b,f987994480831dec
img_0773.jpg,traffic512final/img_0773.jpg,512,512,JPEG,RGB,41251,356a5db194f1cea48231304dd433bca333c78d6d73fce7aecb89575a23c2ccff,882964e46002034a
img_0774.jpg,traffic512final/img_0774.jpg,512,512,JPEG,RGB,42641,e55dd204d10fd4e3224750345260d0de29d1baa56a219106047bb4dd5eec4f98,0b180486400043e6
img_0775.jpg,traffic512final/img_0775.jpg,512,512,JPEG,RGB,38415,580ba16e4c24d26c1711eb28ddf1d5f657782b53d16aa12c8799a105d511c4ff,0e600d0c000386cc
img_0776.jpg,traffic512final/img_0776.jpg,512,512,JPEG,RGB,41340,1e817e7c0b3ce497c834d538d74725b880bf37e406639c7a3c396585fdf72def,067e0c82628322eb
img_0777.jpg,traffic512final/img_0777.jpg,512,512,JPEG,RGB,28030,a8c13e470bc58d54c15e4ca5c0250a8d8c1231ec6a8edd3d10216a412e807274,4b030a2290044fb6
img_0778.jpg,traffic512final/img_0778.jpg,512,512,JPEG,RGB,35595,5854b8e2f374e005a1b9d4aac26ab049199f300857aead49d4727cffc4dda35f,008d01cc8c90000f
img_0779.jpg,traffic512final/img_0779.jpg,512,512,JPEG,RGB,33866,3d7fa5a10550a822b457fb57321118479a7063c49cf16635e32ffe98f5d58625,0a3271626083060d
img_0780.jpg,traffic512final/img_0780.jpg,512,512,JPEG,RGB,33117,1df621ac672e331407f74dfc7e68d675c7c8bf0cc0ce019df0ce1a527d09884f,a12c1220cc800105
img_0781.jpg,traffic512final/img_0781.jpg,512,512,JPEG,RGB,34720,fce933639e3886ef6b91ff9c5256c6b94826bacafef8a75ecefab3d112dbb529,f33fc380e8011408
img_0782.jpg,traffic512final/img_0782.jpg,512,512,JPEG,RGB,23602,3f933d5ebd7d501365363455ee242fd0486648d65731a472ac952e1234700d97,0f1e59f1464e3760
img_0783.jpg,traffic512final/img_0783.jpg,512,512,JPEG,RGB,21476,366ac44b90a647d418cacf0659714b7072a1fa3ed9f19c77eb2b97ce4a349353,0f3c0f63240c3bd0
img_0784.jpg,traffic512final/img_0784.jpg,512,512,JPEG,RGB,28381,2db41506fec04c2e855051584a3022f29932f3e6e277988f5f90589d24585d0d,8f4d331306070ac3
img_0785.jpg,traffic512final/img_0785.jpg,512,512,JPEG,RGB,32745,54acc839e0470b9ef781079624ffca86012c7ae26545af97e40f0bf411d4dd4d,0f1f0a27e78f0e1f
img_0786.jpg,traffic512final/img_0786.jpg,512,512,JPEG,RGB,33837,3d571d5520faf2244de408283ec1738a7a718910013d89e93c8d5d6a2af1142b,0f9f2b17870f0f2b
img_0787.jpg,traffic512final/img_0787.jpg,512,512,JPEG,RGB,35472,c6dabc631ac8315018f971cf4a3b636a8a099148a1d83fbe23def58c93a65825,4f4f0d0b63e30303
img_0788.jpg,traffic512final/img_0788.jpg,512,512,JPEG,RGB,42600,53d58d21917f2f4d8df693a67f3ccadcea99e2fd3e0d84cbf309f5d1f72f46e0,16893830031766cb
img_0789.jpg,traffic512final/img_0789.jpg,512,512,JPEG,RGB,22807,8f51c5de570986c658a91467f149a19ac27c47cf1a0ae2204b2ee9465c9b2aa9,0603063be8800cc8
img_0790.jpg,traffic512final/img_0790.jpg,512,512,JPEG,RGB,32441,276cedff3fb1026c5aad5c29d0bffa83cbd989c35f5f0077f95fb67618b13920,5b1bdb4fdbf9e6e6
img_0791.jpg,traffic512final/img_0791.jpg,512,512,JPEG,RGB,41658,98b945a54ad3fa2af03a6a7e2a3d83e9f199d03ddaf1385de15a1d99db10e4af,5232619c92c5e160
img_0792.jpg,traffic512final/img_0792.jpg,512,512,JPEG,RGB,42947,1de4c23dd58f96eddd6db42a6936b2d6e79c25e490551c79e10b5f69658b314a,2d7172e9371d4623
img_0793.jpg,traffic512final/img_0793.jpg,512,512,JPEG,RGB,39452,a29aae93bb01bcb9149533c1f4f467a236470682a46433dc33b3bd0cf0d5a6e0,90bbf3350945d1e8
img_0794.jpg,traffic512final/img_0794.jpg,512,512,JPEG,RGB,41535,6d9dc2b48798fccf71ba6b61bce49320e3725d9ac5d5351a5747754d82a95356,7f7cff0fc1982733
img_0795.jpg,traffic512final/img_0795.jpg,512,512,JPEG,RGB,34530,0225e8d99b7ee09b30009eb7b7566f7e43badd16acdda81d2c070daf7c53d880,76061343c77fe7e6
img_0796.jpg,traffic512final/img_0796.jpg,512,512,JPEG,RGB,44012,289842b2cf18c9b9eedfd5fba0bdaa312459aca8e785b901ee9b4521b78a3c02,c6c6c8a88327df1e
img_0797.jpg,traffic512final/img_0797.jpg,512,512,JPEG,RGB,41803,8e39ed92c1f6c1221a9c401999ba412e1529867a4250c25219b349b311324ca8,66606470030e1f3b
img_0798.jpg,traffic512final/img_0798.jpg,512,512,JPEG,RGB,29052,78a074974ba00cbd416e8ecd62d67fe47f6d243a905b452da072a9db67742945,27c83731c16f9d23
img_0799.jpg,traffic512final/img_0799.jpg,512,512,JPEG,RGB,39796,8812ea558951a899e51e6971c6648affa010a5845ace5680d8d6386a545bf597,7efcfc1080e7f8dc
img_0800.jpg,traffic512final/img_0800.jpg,512,512,JPEG,RGB,32340,7ebf023f911f473e87808abdc682e690db969ed1087f308e35e7bd16fb354f41,0c00d9d9c3873de3
img_0801.jpg,traffic512final/img_0801.jpg,512,512,JPEG,RGB,31989,7dfc32f3bef29aec7b117d29de6d48fba6f837ed016b746063a5b453317dfa87,170b30f44c630f7c
img_0802.jpg,traffic512final/img_0802.jpg,512,512,JPEG,RGB,53671,3a8c1aab20f9cad09a5ed25e696727f4954edd261a6cd3ca2162e6836d601de7,1e16157a00076409
img_0803.jpg,traffic512final/img_0803.jpg,512,512,JPEG,RGB,41334,2c0fe1f3782a85cc04b9b6510b68dd99c66630da5958e378d04e7ab8aca26c39,5c1d2f0f073fcf70
img_0804.jpg,traffic512final/img_0804.jpg,512,512,JPEG,RGB,38677,37c69716e9cac0e726db97e4c1ed479766f590a059e9e3734e1d472665019d3e,6f020a45031f66e7
img_0805.jpg,traffic512final/img_0805.jpg,512,512,JPEG,RGB,31911,5d5ef1058aa789319f51934e222331f7aad23d5980c6b53e79fd903c79f29a44,9065cc9625b7cc84
img_0806.jpg,traffic512final/img_0806.jpg,512,512,JPEG,RGB,32413,0b5c84279ab0ea9a8d7f13c37fe650b75a47df9388fdda8f9ccb14aa9eceea06,00014fe8a1a4367c
img_0807.jpg,traffic512final/img_0807.jpg,512,512,JPEG,RGB,40387,b8a91265efcae4d5eeb025698999f2d7ad5cebdbd005df9f7f672bb45152879a,3959783634343736
img_0808.jpg,traffic512final/img_0808.jpg,512,512,JPEG,RGB,37930,4c7c5afe049fce899757a0541e8006898b4c76c2ac9c0a5f45b1be07694965b8,085b2a0e2e070100
img_0809.jpg,traffic512final/img_0809.jpg,512,512,JPEG,RGB,35794,ce1cd0a15a7d3007f9420819c6c9b622534129aab73edeb0cf057aec5a3139cc,217b33b318200307
img_0810.jpg,traffic512final/img_0810.jpg,512,512,JPEG,RGB,54455,43c6d1ca79eaf876d83a26e92080006d21cfc800c7e807edbee5d874e4baeaf8,d0241419c9c30717
img_0811.jpg,traffic512final/img_0811.jpg,512,512,JPEG,RGB,28044,533bd0568ffd0d0f737426c7c6e60f7861921caf500fe4fb70e97e936d8f7a90,1f9e2b01872f0e0f
img_0812.jpg,traffic512final/img_0812.jpg,512,512,JPEG,RGB,33382,f666155a60a15caf225a471d7328bed55cb47f0260c0c97e6145973e15533860,1e9f43270f8f2f4f
img_0813.jpg,traffic512final/img_0813.jpg,512,512,JPEG,RGB,32640,df4112e798ce3e73ff48981df32c8580416738b9a7b743b9f600e1d96d2a275c,0d8323edfcffe774
img_0814.jpg,traffic512final/img_0814.jpg,512,512,JPEG,RGB,38854,6c260f7e7031bc11c3497dff595234c2601c9eb964da3b9a291a5d714e277ef6,01803973df2ff6dc
img_0815.jpg,traffic512final/img_0815.jpg,512,512,JPEG,RGB,41954,f412ef55fab99419bbad7c85bea35b7fa15a2696dafd3ab724c032e8eb936227,058fcfc181c1031f
img_0816.jpg,traffic512final/img_0816.jpg,512,512,JPEG,RGB,45168,fc1250fb5ba89026efee17d77f447ebbd9d3fcf8d03ee3be7b3927a79494e416,3874edece0031fff
img_0817.jpg,traffic512final/img_0817.jpg,512,512,JPEG,RGB,25792,1818dbc828a1c9d6be08eec2a14094030eaf02d096f1ee9e3a5da0832c1256fd,e0ea1733871e35ff
img_0818.jpg,traffic512final/img_0818.jpg,512,512,JPEG,RGB,28743,cbf5e252e707633331adee8e4b314d712a69d2ec3cd8eba6ee727e20cd67ffbd,9f47b392070647c6
img_0819.jpg,traffic512final/img_0819.jpg,512,512,JPEG,RGB,24106,7b1f2248b235f09b5c8c6f86ea7e7dc235bedd00e140663f05d4e4dbc5e56d10,8d6fb894cf5b3b6a
img_0820.jpg,traffic512final/img_0820.jpg,512,512,JPEG,RGB,68075,5e85a3d3f75ac9a66e18051160d8b7c9d6f703d69978543cdb61bbf7deeadf72,31b93d9d1d1dbcf8
img_0821.jpg,traffic512final/img_0821.jpg,512,512,JPEG,RGB,49692,bf55b792fb52b10fe94c88fb194e44d84fe310b90d4351ea8e57779f5ae47b3e,e3e1b0c834642736
img_0822.jpg,traffic512final/img_0822.jpg,512,512,JPEG,RGB,26994,5276cc02f8eac5c1ca92a35094505eac49cd9956a1af3b24170db185b1223b77,0f03b48b88a08001
img_0823.jpg,traffic512final/img_0823.jpg,512,512,JPEG,RGB,22021,238ecc83c82cc27d8c2c0a490336794ffd8a87636b62ab8691d564f112b855db,333cf8d0d8d0c84b
img_0824.jpg,traffic512final/img_0824.jpg,512,512,JPEG,RGB,20942,f7c668cb8b79c07a80d21b87d6f4795040f8b23b2d7048f5c6486dd43e933a16,00604284d8ec8dd7
img_0825.jpg,traffic512final/img_0825.jpg,512,512,JPEG,RGB,31145,fd6a0c93d85fbd9dd92b060500df0175cb5fddf327c16d6a3e2c345c331f56de,958b0b212969f7e8
img_0826.jpg,traffic512final/img_0826.jpg,512,512,JPEG,RGB,25055,4eaba5a1c0239c8f701922419840b72c38a6c99c7fc2c022571584e4407ba67d,0fdcf4d8dcf8c8c7
img_0827.jpg,traffic512final/img_0827.jpg,512,512,JPEG,RGB,34151,2aa01a3a4f9e5e14979b60051fe2b2575d6d57cbc3edd7b89fde260bd6b43c16,6433589673aba3b3
img_0828.jpg,traffic512final/img_0828.jpg,512,512,JPEG,RGB,38400,5abf9512a4bbda632799ef9b52dabd559dd818aa3a4a51710785ea47836b6b8b,cf9d2908986b6bf7
img_0829.jpg,traffic512final/img_0829.jpg,512,512,JPEG,RGB,57583,03dc84aea4a1cb4b22dedb57b36c665a341d7ee9c4c553bd19ff6502d3500375,c9c3d19183230707
img_0830.jpg,traffic512final/img_0830.jpg,512,512,JPEG,RGB,59968,1c31f7ea9a3723294fa06be51bb7ab5b8a22783676ba2de4ad53e8589188fb49,3323219088a66665
img_0831.jpg,traffic512final/img_0831.jpg,512,512,JPEG,RGB,47617,e59e91bf772a7bf0a2b60f86b5fe874092d9e6c61b7305b12b232aa007c68edd,0000e236a3075e98
img_0832.jpg,traffic512final/img_0832.jpg,512,512,JPEG,RGB,48805,3c56798728d804016fb80baa4fe7d23f23e9824d01f7814ba9165b55519129ab,1818b0924367dc90
img_0833.jpg,traffic512final/img_0833.jpg,512,512,JPEG,RGB,55402,60c86bef15e0ae3951437649313a7ed6bc2db7dfe77d2b6c4f37d564084af46b,0e27270b4b150d2d
img_0834.jpg,traffic512final/img_0834.jpg,512,512,JPEG,RGB,42708,9e8e0ad6f83f7ed8ccc37e24bb8684a7910a92ed1838585e30ccfbf6d3f164d7,266575f9ebd3f3e3
img_0835.jpg,traffic512final/img_0835.jpg,512,512,JPEG,RGB,38683,e8a1f0130ed38fab84e11802444c6a82ba2bca821eefa4bae2bbff5d0161569e,070e01c0241d1303
img_0836.jpg,traffic512final/img_0836.jpg,512,512,JPEG,RGB,64431,bf78e97bee522a9d3cdff334875b9812abbabcfe6632a82263917e31c1233a46,786070a4c4191163
img_0837.jpg,traffic512final/img_0837.jpg,512,512,JPEG,RGB,68689,55601d2400856fd72e3b9d271c0e04ba852b544294f07ac6c0cbdd36d58aedef,b9b953ec89136d4a
img_0838.jpg,traffic512final/img_0838.jpg,512,512,JPEG,RGB,41657,239dc0f15ddb5cdcd4cc2dfb3e7f7026757d94107f7ccdff22483fff89a72921,7717f37e7ec265b5
img_0839.jpg,traffic512final/img_0839.jpg,512,512,JPEG,RGB,22549,8d01928516da70770f5dea9af119b6306ce863c1e277a4d1ee5069a15a92d0c6,b73321b1b4926665
img_0840.jpg,traffic512final/img_0840.jpg,512,512,JPEG,RGB,36497,42b8768b8316cc91a87ea589b8f2987e86fab5a8b72ab67cd86bff213966bab6,0336fb333bcc4b0a
img_0841.jpg,traffic512final/img_0841.jpg,512,512,JPEG,RGB,48075,bbd4236b82b7f6f68f76b37c6d236688f355e8902b6f5b8244dc94feca5ffeca,71b3f2d1045a79e7
img_0842.jpg,traffic512final/img_0842.jpg,512,512,JPEG,RGB,81314,49c6d27d79ac3e61d6071ffa459ce16cf328962f773efaf06a1a1e67bf75e669,c1c44094e464a707
img_0843.jpg,traffic512final/img_0843.jpg,512,512,JPEG,RGB,52042,d3e511ba86e7b0238158b4d29518b402e41d5ec9a93a9884bd2fce6a31a480ee,9ba7a7038e0e4f9e
img_0844.jpg,traffic512final/img_0844.jpg,512,512,JPEG,RGB,52926,54a858a13578702688ceab9fc0bae4c0bc913f767a05510b1aba61a6368ebd57,3b9278fcfd071eb9
img_0845.jpg,traffic512final/img_0845.jpg,512,512,JPEG,RGB,56936,0e67b6420df0a6e85da306f562d9d90a473741d3ec929ca16784c5ff621bc484,7098425a2d23072c
img_0846.jpg,traffic512final/img_0846.jpg,512,512,JPEG,RGB,66219,a1b28bdb33e742e98eb7ff93b3c1c26913d65c6e076212a3caf8cefc99dcbca3,eb736963820a5236
img_0847.jpg,traffic512final/img_0847.jpg,512,512,JPEG,RGB,26657,fe497878750319542245407b5f35db89a960bb8db03c7cbe49dfaddfe712d546,b6363321a135d189
img_0848.jpg,traffic512final/img_0848.jpg,512,512,JPEG,RGB,59234,b9bbb4a81e9b286da89d5804d1aa3f2083e9ce62930b872446a435d771b2bdf9,686c5e6e43074e38
img_0849.jpg,traffic512final/img_0849.jpg,512,512,JPEG,RGB,50076,9d7c2b4166f54aac22c2b9226b59618c423639b0283275ef42e5040a27586cea,d0f05ba64307f6fe
img_0850.jpg,traffic512final/img_0850.jpg,512,512,JPEG,RGB,37232,0bad201c2e7139889a20cf862862a6a749c3656ce425aceac8d6dd621cc5b13c,57306071754f4fb3
img_0851.jpg,traffic512final/img_0851.jpg,512,512,JPEG,RGB,33587,19bb8ef27df1372632ca94b4237345e2358e123f608c043d1dcc670ff29241eb,0e37735147761f37
img_0852.jpg,traffic512final/img_0852.jpg,512,512,JPEG,RGB,18582,809af7f49475fa423f6fc3af062e4e278f531894155ea34ad251d2ddfab45a8a,9b1f27e7d2e16564
img_0853.jpg,traffic512final/img_0853.jpg,512,512,JPEG,RGB,24828,5151ed6d449c75d537e328073205ea72900570132537e63ace9e9f6e7575bcb1,058d38f8da936bef
img_0854.jpg,traffic512final/img_0854.jpg,512,512,JPEG,RGB,50522,585abfd5f62f35a864eb2a10161fc99c1cf18515726aae82e1453470af0cdea6,c4a098cc6107f7ec
img_0855.jpg,traffic512final/img_0855.jpg,512,512,JPEG,RGB,22017,49688a21c76ca67553d9d510667b04a825c2d51817d6c1860eff2c36687daceb,1636f3e12521e46c
img_0856.jpg,traffic512final/img_0856.jpg,512,512,JPEG,RGB,62477,ab06d3fb7597ff5a9a8be8296c483f72ff81be2b9b5e885a25d599428c0017db,862232d39387d818
img_0857.jpg,traffic512final/img_0857.jpg,512,512,JPEG,RGB,59587,6b8f94743eefbbb54de9af627b9bd523afe3469df40027533fa9f3178cae6acb,3713d351a3c38686
img_0858.jpg,traffic512final/img_0858.jpg,512,512,JPEG,RGB,59247,bd1fb9a2cc82bea05f6bb04fb7a1b49de123bc6d81a09de63043d6f5ab1d1e75,686931339303050d
img_0859.jpg,traffic512final/img_0859.jpg,512,512,JPEG,RGB,71168,778800b266cdeb437c8d39173fbfe94c746e016c0a267f9ca488844c93cdf6f4,d9e39393a71f264b
img_0860.jpg,traffic512final/img_0860.jpg,512,512,JPEG,RGB,35060,cb7ebf2113174a663b21d79d94276707b8100260dcf197da8476e17319185892,e00c032254bf0320
img_0861.jpg,traffic512final/img_0861.jpg,512,512,JPEG,RGB,30820,6e6326ea8415695790754e989b416027e0bf983b731619ecec666514908150db,34660a8878870000
img_0862.jpg,traffic512final/img_0862.jpg,512,512,JPEG,RGB,37878,13423cf2d1008cdf06d0b7ac2066c49922da03edbabe0917258e984b69f4334e,4c10b058ccad4000
img_0863.jpg,traffic512final/img_0863.jpg,512,512,JPEG,RGB,46063,4b464e6d8154d98c675e0608a23fab9e60488ec6ef1e6b3251ff2fc992b352ac,1212101a18191818
img_0864.jpg,traffic512final/img_0864.jpg,512,512,JPEG,RGB,61383,84cf0a5db1e6dd5e9770d35ad520a922ce2d649ccaf77877701861f4f97e4bfb,e3e363636320e1f1
img_0865.jpg,traffic512final/img_0865.jpg,512,512,JPEG,RGB,45259,d456494e49d3510d27a15afb6e5b6fba92577cf6646ef5dda4d13566ecd484f4,0b1c1c1c1d1f1f1d
img_0866.jpg,traffic512final/img_0866.jpg,512,512,JPEG,RGB,44563,272447ac16c915a2207b297d04ef6504184cc400cc4f770a0545f5df228612e8,0b0c1c1c0c0d0d1d
img_0867.jpg,traffic512final/img_0867.jpg,512,512,JPEG,RGB,47063,e07f5ad63ca47d3dbdbcab418dbc980c40afe20f592f309c35b01d7417e65a29,19193d1a1b19191b
img_0868.jpg,traffic512final/img_0868.jpg,512,512,JPEG,RGB,46479,dda7a9b1ae890553f93dd9f56949c4de2ee0738fc9c89a3f79399440c8faccb3,191a3a1a1a1e1c9c
img_0869.jpg,traffic512final/img_0869.jpg,512,512,JPEG,RGB,44090,57b5629801231d39b75ffabf8ef5462acf0b82065b87aec0770b21793c06a9f8,1c1b1dac9a9d8d8e
img_0870.jpg,traffic512final/img_0870.jpg,512,512,JPEG,RGB,39332,b22543c7cf13fd67c66d73f96bb108149afc5090085e270b8e6f054013da8d48,9b89c9ddecccdefe
img_0871.jpg,traffic512final/img_0871.jpg,512,512,JPEG,RGB,34584,6243c974aad002cb7977cc4b7b891ee7c5acc729924789b3e0e4bc04933fcde4,1931391931191939
img_0872.jpg,traffic512final/img_0872.jpg,512,512,JPEG,RGB,40279,b79fab1f9a3ff3e83b23f1532b5fd4a65ea721f96c6c8ec807b5ed27391a947f,3c343c1c3dbd9d19
img_0873.jpg,traffic512final/img_0873.jpg,512,512,JPEG,RGB,42706,5985370ee4e6e7c742ed140917567c094018422cf6f82619f511f56913be8aec,1b1c1b1b1b1a1819
img_0874.jpg,traffic512final/img_0874.jpg,512,512,JPEG,RGB,39937,b613201dab8291106488e8555d422d1de64bf435dd471f7e1e62e2d6c90f2c9a,090c0c0d0c0e1b19
img_0875.jpg,traffic512final/img_0875.jpg,512,512,JPEG,RGB,40857,127c82757718ecef240371bf6a0c5c2d1b1f4d1824fd990bd913e33a63c1cd22,090c0c0c0c1d1919
img_0876.jpg,traffic512final/img_0876.jpg,512,512,JPEG,RGB,38502,1751ae49a409ef1d3578e230e3fc09676961631b49adca615bc599a239ea6081,0b09091c181a1b19
img_0877.jpg,traffic512final/img_0877.jpg,512,512,JPEG,RGB,38559,ab67763c96e714f253624bd64bac93e1b1827b2888dc1839ffa34f2671effd3b,0c0b191e0a1d1e1b
img_0878.jpg,traffic512final/img_0878.jpg,512,512,JPEG,RGB,34683,c38c95be15c5437a2e929052fa582648660dd5c00f3ba90f5c7b39dc71af6c2a,86058e8486868c8c
img_0879.jpg,traffic512final/img_0879.jpg,512,512,JPEG,RGB,41443,355a5849c4f980c63a083dbdaf972cf6b54388e6cc13596c9f15c3a6628d1b11,081a1a1a1b1b1919
img_0880.jpg,traffic512final/img_0880.jpg,512,512,JPEG,RGB,39628,bca67cbba978433813ad97b55db406c4fb0be1aa54fef9e122a8013a8486fb6f,0e0a3919190d0d1d
img_0881.jpg,traffic512final/img_0881.jpg,512,512,JPEG,RGB,43646,0631beae637d163439bfbe493d45af1183c8ab4eeedde0d6139051013752eb01,181a3b1b1b1b1b19
img_0882.jpg,traffic512final/img_0882.jpg,512,512,JPEG,RGB,42502,21f9540e5cd4de1362087aafb9f211f2f60f18d1cd7aa5131ef2700e7393ee92,091b1b1b19191b1a
img_0883.jpg,traffic512final/img_0883.jpg,512,512,JPEG,RGB,44371,1104890988bab852fed401bec55aba765657851a74e7a414bec37d57e6eecd63,1a3b3b1b191c1c1c
img_0884.jpg,traffic512final/img_0884.jpg,512,512,JPEG,RGB,44139,423675443ad6274aa133245f0bd7ab02b3c0a4d0538d28b0959fe148d5ae5105,1a1b3b1b191d1c1e
img_0885.jpg,traffic512final/img_0885.jpg,512,512,JPEG,RGB,42648,d1618585fec7396ea1680cbe532a2a80226742d0457d040f74bfea0c78708a99,181a3b3b1b191919
img_0886.jpg,traffic512final/img_0886.jpg,512,512,JPEG,RGB,44033,dbffcb80ede8836c733bda00fdf1e59d45ccbd7c686b112da0884910a1ce2afd,1a1b191918303078
img_0887.jpg,traffic512final/img_0887.jpg,512,512,JPEG,RGB,41430,53ce4ae24edc43d8abe0871cf88af55f00509a975fbe35a145401f4c711f6478,1b5171307030b0ba
img_0888.jpg,traffic512final/img_0888.jpg,512,512,JPEG,RGB,41221,49d0f9bc3004ad4370073d866bd95e9e09439baddba59418203477f254633e80,3371313074b4b23a
img_0889.jpg,traffic512final/img_0889.jpg,512,512,JPEG,RGB,61558,794cfbc8e696865f401f9bc7f7d54081ac72517a7e5f75c91a68b1c1379f95c9,5b597c347072f2da
img_0890.jpg,traffic512final/img_0890.jpg,512,512,JPEG,RGB,62423,8e88c68d3934c2814f235beebfafe687bcf8656c2a0eb2abcf5cc4c6e61d4c28,59597c347672f2d2
img_0891.jpg,traffic512final/img_0891.jpg,512,512,JPEG,RGB,39834,b5d2644a3c9f25e406d031c1582cbe2db6ccd82df3508a166acc1a772b382401,59193d3c303074f4
img_0892.jpg,traffic512final/img_0892.jpg,512,512,JPEG,RGB,41738,daad1a1b6560ae43236cbf155f8102aa4186aceb2115d213a1b85fae65cd3200,585d1d3830707034
img_0893.jpg,traffic512final/img_0893.jpg,512,512,JPEG,RGB,52411,0e6a71a89116e7293fc1f6ee14a4cd5ec960a30763089815075967b064ea3d61,64662e3638797959
img_0894.jpg,traffic512final/img_0894.jpg,512,512,JPEG,RGB,54367,6d02be0df93c5eafe49aaf851a05288ca6cf8d35804c27aac1ed4dd3ae9b6468,6964262e38387959
img_0895.jpg,traffic512final/img_0895.jpg,512,512,JPEG,RGB,56976,1cdde559559e62c3197f7968cd4c0a5236e00b24a94e0b58f8bdc14871a3671c,0c1c38387c583864
img_0896.jpg,traffic512final/img_0896.jpg,512,512,JPEG,RGB,59775,799820f40ce4d5a0e999dd52b07a79354412c09d5d62fcb40bfc4ec26d492d5e,18383c3c78187464
img_0897.jpg,traffic512final/img_0897.jpg,512,512,JPEG,RGB,43672,875ec06a57337d4cb02177e1f0a9bdfbe5473dc7ed8c4d7fc4e5b83e49ba03eb,7961d2271b1a361d
img_0898.jpg,traffic512final/img_0898.jpg,512,512,JPEG,RGB,43188,c71602bb1c12dbc42b1436dcb6eaac38fa2a7aebf80f47e7bfff9a537fa61d26,6160da271b1a133d
img_0899.jpg,traffic512final/img_0899.jpg,512,512,JPEG,RGB,44016,5bc839dfe16cf327a04af5e701660f95335db4a6141c1bf7b697a4daf15b76e0,90bad85d5d5d3432
img_0900.jpg,traffic512final/img_0900.jpg,512,512,JPEG,RGB,46240,765dabea06f278ac3c3cc5425bd87cffb2d71fec5645eea0e712b3fbc6d9905c,fadb597d1f343418
img_0901.jpg,traffic512final/img_0901.jpg,512,512,JPEG,RGB,64692,beda1a56775ccde284c33defc07875fe12739ed70ca4f61c8e15ca0a8240aa3a,20a8b0b4b43979e9
img_0902.jpg,traffic512final/img_0902.jpg,512,512,JPEG,RGB,55180,9e471b2534f702bdc10c895d627181b9618e3cdcd4018351fd549ef1f0e95bb8,686c6e7e743170f1
img_0903.jpg,traffic512final/img_0903.jpg,512,512,JPEG,RGB,41256,bf8c115c02f5b8324c80b6e4474c0f7faa25469d1171354d68d4adcc11480e0a,383e2e2626263f3d
img_0904.jpg,traffic512final/img_0904.jpg,512,512,JPEG,RGB,44691,b2e92135cfc10d3d133e413a73974a802446292ec52e2d29f4ff4a95b689799e,2f2696d65addfeea
img_0905.jpg,traffic512final/img_0905.jpg,512,512,JPEG,RGB,55547,b4a202b043907f18f5859531ecc182fee5d50ffc27cc7f54abd92e4d71f69891,2b6a734fcccececc
img_0906.jpg,traffic512final/img_0906.jpg,512,512,JPEG,RGB,53724,9f8e4382c8c243b2a7456f02efedd95b9d43ac2034106fc78192444970fc9650,6b6b737fceededc4
img_0907.jpg,traffic512final/img_0907.jpg,512,512,JPEG,RGB,52479,67b0270e77173bddfbf35ee42e9812424f07cf08c58df3950e58d43417ade5ba,2e26766a3c383c39
img_0908.jpg,traffic512final/img_0908.jpg,512,512,JPEG,RGB,54218,730d7d6832134bba14206db071c87d4a1e42d0566c43f23cebc2a4d804a88e8f,3734e7fafc3c3438
img_0909.jpg,traffic512final/img_0909.jpg,512,512,JPEG,RGB,50097,f7718388e4375c06832a6f6a1b6cb04065a2fbbb133736fc08b70ff8ddd23b73,3e3d3d2d6c3e2d2c
img_0910.jpg,traffic512final/img_0910.jpg,512,512,JPEG,RGB,48430,88e3d7082be64e325f69704e0af7c588f1de91136d788844414fab069c454d33,2d353535352f3d3e
img_0911.jpg,traffic512final/img_0911.jpg,512,512,JPEG,RGB,26620,60627fa43f391c6ce08172ccad793244bf3fdfb62d354609dc459f2df430caa9,7b7b1b3b29397959
img_0912.jpg,traffic512final/img_0912.jpg,512,512,JPEG,RGB,45848,2efc9335b620ecb7da3475f02b5c61e0dd50fed9ba05232c2aa19a78ee179e43,9bd9989a19191c3c
img_0913.jpg,traffic512final/img_0913.jpg,512,512,JPEG,RGB,44165,c37f21aa4784fe788de26cc84722d3a4673ced484d3cf8c50cc15be3e6e81ccf,3c1c6c6c3eacaded
img_0914.jpg,traffic512final/img_0914.jpg,512,512,JPEG,RGB,44289,86ad47a4574d569f38fbef8249057a77ca2633eb6406eac118255c25cd15f3a5,9d8d9cbc3e3e3f3f
img_0915.jpg,traffic512final/img_0915.jpg,512,512,JPEG,RGB,53042,ddb1d7448b48e1249e7ec49b80d4f38c4741c1d95315f5bb44f6ed52f54cc478,b8b898d8d81a5a79
img_0916.jpg,traffic512final/img_0916.jpg,512,512,JPEG,RGB,51840,907948a09bfb48fab79cbbac6bf2e371ed7338cd4e57f38065da8b13d21a00d0,989cdcde8c3e3b39
img_0917.jpg,traffic512final/img_0917.jpg,512,512,JPEG,RGB,49967,293c48c49909a7a435962ecdb4d8cabf8b3715736c94ad95b1f0993b22ecb74a,39999c9cdecc9c1d
img_0918.jpg,traffic512final/img_0918.jpg,512,512,JPEG,RGB,50200,a3f7b2af67218b6e82acf75f4512e42c4551822eb793ca961b546c7b532aa014,b89c9cddcf8ebd3d
img_0919.jpg,traffic512final/img_0919.jpg,512,512,JPEG,RGB,47620,00f5f21847c413ed1eb2fb1eb658b617982c69754937e8167b8b3e8bd920b102,9c9cbc9d9c9c9fdd
img_0920.jpg,traffic512final/img_0920.jpg,512,512,JPEG,RGB,50085,ea1ddcb258a1ce2add605f03ed742bf7ff727494f39d83959edf43872cdd63ae,9c9cae8c9cddde1f
img_0921.jpg,traffic512final/img_0921.jpg,512,512,JPEG,RGB,49631,b54ad2664aa9132d3e9f3bedd4c465eebe2fbfeb211e3a44f110e84f637ef615,999839393cbc9c1c
img_0922.jpg,traffic512final/img_0922.jpg,512,512,JPEG,RGB,52334,d9961fd93ea102385a841a6fb19af9b8efe79d26711cee7d0e1e0db9e14fd2fc,b81818283cbc9e9c
img_0923.jpg,traffic512final/img_0923.jpg,512,512,JPEG,RGB,48154,ef1658c6afaa6069112fec1d2d707108c2852358af7f84ca0874836d2d7751fc,19135bcd8d1d9dbd
img_0924.jpg,traffic512final/img_0924.jpg,512,512,JPEG,RGB,42311,bd6d6a67970cc8ca89c1f6ae601fd5ad94d080156f5f7921ced137f39694f25f,191b1a2c2cdc991a
img_0925.jpg,traffic512final/img_0925.jpg,512,512,JPEG,RGB,45056,8ea32e0e8844aeeab923cd220f7863a677d3422126bec1b01dfc1724fbf66db7,3b3b1beb2f4d1f9e
img_0926.jpg,traffic512final/img_0926.jpg,512,512,JPEG,RGB,40833,f5d4e351b539d2c6b53c563361f072a6bd76d9eb6c44f07414508ce2edc5a19c,0d0d0d2d254d4ddd
img_0927.jpg,traffic512final/img_0927.jpg,512,512,JPEG,RGB,46643,1e03d5993747226ed90ac822083d55ba8bbb08d4946961a1597a0ed17a7e2f41,bf1f0f0f050d0e0d
img_0928.jpg,traffic512final/img_0928.jpg,512,512,JPEG,RGB,36877,3c5b5e9b0f4b12684187f1be3e6ad5a514a7efd2fec9397a1a5a133b8ec53b12,1c1c1cb6f7e6dfb6
img_0929.jpg,traffic512final/img_0929.jpg,512,512,JPEG,RGB,50905,8ac09b08e07bdcd337d9edd17c5a4ce0e9853718b908b9c47332ed2a27953f3a,1a1e2f1d999a1a3b
img_0930.jpg,traffic512final/img_0930.jpg,512,512,JPEG,RGB,49409,455915f6e92bd673ffaf9ccbe627ae572a1d0cb80542b6730438b34fddb16419,078f9e1e3c3e3b9b
img_0931.jpg,traffic512final/img_0931.jpg,512,512,JPEG,RGB,50930,fbcbb51a4515cbe4d69a63b947b0252e306abd63003480ae814243ca2a8bf795,2e3ebc3c383a3a3b
img_0932.jpg,traffic512final/img_0932.jpg,512,512,JPEG,RGB,42514,3d6a1045c11ef36cad623db200f46eb9c1beeee65a7f804bf7f3d74d88d1c00a,0b1e76765697b536
img_0933.jpg,traffic512final/img_0933.jpg,512,512,JPEG,RGB,36600,22cf5c9bcb9c06ad7d8a5be5095f93a46e5daf7b1b5076a68e526aa01d125b39,1f1e3e3e9edecebe
img_0934.jpg,traffic512final/img_0934.jpg,512,512,JPEG,RGB,36683,7b1b5bb6d4fe719841a049ddd2dbf128cd0e09b3643e67fea9cf88d976179fa1,8d8d4ccc8c1e1e9e
img_0935.jpg,traffic512final/img_0935.jpg,512,512,JPEG,RGB,37569,c5f6ed911b9d0f2003f03a1a854e9ab92a54e3946d50b9d71bf65f8b56890496,091b9d95943c2c3c
img_0936.jpg,traffic512final/img_0936.jpg,512,512,JPEG,RGB,39462,f00c021e7280cead55e2c6b49943b2eb3ead3617bb778d0088fba27689e24d91,19199d95b43c2e3e
img_0937.jpg,traffic512final/img_0937.jpg,512,512,JPEG,RGB,38423,985738a512d419337912eadcd218d76bfa45d68a0d446dde9d077b0226e777b8,1c9e9f171f1f9f9f
img_0938.jpg,traffic512final/img_0938.jpg,512,512,JPEG,RGB,49132,cc912fc3d51fb2295b8d03e3bce2b6b69f7ff73582efbcc503e167701a7bd75e,9c8c1e3a1e9ab9bd
img_0939.jpg,traffic512final/img_0939.jpg,512,512,JPEG,RGB,40671,055d8363ee79734f1826dca3ecfb7619d7bd148d0c978bb9db22b5b31243aa06,1d1c9e9c1c3c3f9f
img_0940.jpg,traffic512final/img_0940.jpg,512,512,JPEG,RGB,38229,c3b74bf9d7eee60e25f5b8621ed385807fce70b0c62bd80a8bb1b97e04c6bfbc,1f191db49c3c3939
img_0941.jpg,traffic512final/img_0941.jpg,512,512,JPEG,RGB,41359,346c08208af01d2b38ddc1bc6d87afd0c2366fbad7f1bf13c7bee98b190dc27d,1d1d9d9c34399f9d
img_0942.jpg,traffic512final/img_0942.jpg,512,512,JPEG,RGB,55556,3d434fdcc64e47fc8a2bdc9e2603bebb9d437c0b2269643010b7301f3d345480,daffefee676666c1
img_0943.jpg,traffic512final/img_0943.jpg,512,512,JPEG,RGB,54930,969c4cae853e9c5303c69b1c33d56f12ccb577b1ae22390103abaad63c0df5f2,f2c9c9e9e9e8f430
img_0944.jpg,traffic512final/img_0944.jpg,512,512,JPEG,RGB,46404,0ce26375c7f09a9d20eea2137d53fadd7858ada22b5850082bceef1b2764e6b8,25bf2e2e2ca40574
img_0945.jpg,traffic512final/img_0945.jpg,512,512,JPEG,RGB,40709,d462c3cae9b4e62a466c6670b4e18162c4ddf4db04afc58c0b8af4439999b9d6,6b4d17b395157377
img_0946.jpg,traffic512final/img_0946.jpg,512,512,JPEG,RGB,26201,b07b5a6a90aaad2161d6fe7e86adaa0ef2d95932e4d98f35f705ea84902a4c66,74cccd868f0d2d8c
img_0947.jpg,traffic512final/img_0947.jpg,512,512,JPEG,RGB,15977,2da48ef83f20bcc7755877bdf56b5be0ba96a0ed211c55682410ed1d2bbe3f3a,4f4d8e96172fccac
img_0948.jpg,traffic512final/img_0948.jpg,512,512,JPEG,RGB,20567,ab22dd56bdc67cf45bc8714f329c573aa739b43626a5bade60477a4873a16e1d,cf8b8908c8859b9a
img_0949.jpg,traffic512final/img_0949.jpg,512,512,JPEG,RGB,21990,4d58e6eb6894a1791f0b8123efa40986ab2ded06330894330e1a8b733187d08e,cecf838d00ce966e
img_0950.jpg,traffic512final/img_0950.jpg,512,512,JPEG,RGB,34526,798fd4a0c86b5aa78398ffe91478c966685bf4cc2615a124a1324532c8254e4e,26cecec4dcdc9a9d
img_0951.jpg,traffic512final/img_0951.jpg,512,512,JPEG,RGB,51350,1b69bc61566c762e9b0d66009662bb05ca434ff7bea4f4de38c7a400189e5d56,c3e32d6c6f0c4346
img_0952.jpg,traffic512final/img_0952.jpg,512,512,JPEG,RGB,43798,883293bb397c3459708d52fb9660d9f1c45119b9b41b512c283217b7f1ae3d9b,d8af4d9327651240
img_0953.jpg,traffic512final/img_0953.jpg,512,512,JPEG,RGB,40958,1a149822876cf9ae2b560bd71a9f648ba98641878ab9e98a7dda45d8a8323fe1,c69978e35c3e0709
img_0954.jpg,traffic512final/img_0954.jpg,512,512,JPEG,RGB,55900,28c9c1c7983bd8d7549c6b1f9b5f6932aecbbd20e6943d14ab37286b184eecc7,1a78eccc7ee8d857
img_0955.jpg,traffic512final/img_0955.jpg,512,512,JPEG,RGB,48275,1445b19f54d02b6d6c3adf7a91d00fb8c3e7117169dc077054de5c4d6ab18215,36a6a4646277fcfc
img_0956.jpg,traffic512final/img_0956.jpg,512,512,JPEG,RGB,54129,565c406367842e72f8d07d41a5dec672354a0a806f94d3cf5717cc0db2c13ddb,92b6263fbeece6f6
img_0957.jpg,traffic512final/img_0957.jpg,512,512,JPEG,RGB,52676,cf48fbd0b0b29b56ec65a21cb4116e1aa7044e27659d9c0495958f5f3b7d74ec,72d66666fccc76d6
img_0958.jpg,traffic512final/img_0958.jpg,512,512,JPEG,RGB,58695,f2d4b33235cb4bc7e98c46598f0a93aa1344a58715199aa6849780d5da2c5018,2f360f8ca6a330a0
img_0959.jpg,traffic512final/img_0959.jpg,512,512,JPEG,RGB,46953,045585bfd988e50a37999ce85d99043ecb6a511c63b42418ac5862747254f086,b49c8d8ccdcde036
img_0960.jpg,traffic512final/img_0960.jpg,512,512,JPEG,RGB,65823,09b304c29d0d14265af741093eac27811ae01440dcc377bfde01cc3f3a94523b,fce72623233678e1
img_0961.jpg,traffic512final/img_0961.jpg,512,512,JPEG,RGB,50816,a580f50742da920490f982a66e75e6f43d25edc085bfb00263f42c21836ee42a,4c4dcdcdadad35b5
img_0962.jpg,traffic512final/img_0962.jpg,512,512,JPEG,RGB,58784,24f6d0013033cb67f783764dfbb2e342b198049aed524b7078b1d5ca5b8d020f,e3c14c8ca0570422
img_0963.jpg,traffic512final/img_0963.jpg,512,512,JPEG,RGB,54187,a636e44ab5ee75fccb13ea3ff52fb4b93aed3b3e58a8d222566496c33a0a5ccb,8639e5cfdadb9b8e
img_0964.jpg,traffic512final/img_0964.jpg,512,512,JPEG,RGB,48328,4e02bfb01d7be8c7d160a3a02a6f2574ab25f4b456e3e2e6b87d4dcaf23b5741,6c48c3c4d1e1c0e5
img_0965.jpg,traffic512final/img_0965.jpg,512,512,JPEG,RGB,50693,487714c22d209f741ee4708a9c6c7245dd8ca3bda1132fea1b8e35c1befe403d,583c34e4ece4b023
img_0966.jpg,traffic512final/img_0966.jpg,512,512,JPEG,RGB,49534,4de11dad83949d2dd10ce8c5ccb1c0d7605bbaf3873d0d27144b10e1d4070ae0,9c75724361c991c3
img_0967.jpg,traffic512final/img_0967.jpg,512,512,JPEG,RGB,38561,b6d781abc9ffe089f0857f2108587dd5593ecbb0a3d5786f303b323c79def58c,4642721091127327
img_0968.jpg,traffic512final/img_0968.jpg,512,512,JPEG,RGB,34073,1d0078a0bc1861734da3ad44af6865eb5b74767b4235371019a3155712e86562,0b25779b527ae9f1
img_0969.jpg,traffic512final/img_0969.jpg,512,512,JPEG,RGB,35219,d92bba41c86f3c6d6609ee0bdbe117da8e4aa7ca8cb4df1d7fdaa14332d2d883,0671cd3131e8ef8e
img_0970.jpg,traffic512final/img_0970.jpg,512,512,JPEG,RGB,62514,36d145527053a76d77591f9720b194512d8d7b305084a8f332552f14c688b70d,6614900effa88eb3
img_0971.jpg,traffic512final/img_0971.jpg,512,512,JPEG,RGB,24849,ff4b67bb71a50aa6a725f592bb88f2d82a671551a4409e78905eee8de7df5272,d2e22793e1d2f0b4
img_0972.jpg,traffic512final/img_0972.jpg,512,512,JPEG,RGB,48697,0071f1e0fbdabff6f70b41e27ca200ec5a6af91a801016cf0f0bef72278edb1c,7eb094b0067372cc
img_0973.jpg,traffic512final/img_0973.jpg,512,512,JPEG,RGB,51136,57fc9e4c2d0ac6a7a0e2eff3dfc1a2381c6ddd80fa01507fc2fbd8bdf3d51727,b6981830a81a11b1
img_0974.jpg,traffic512final/img_0974.jpg,512,512,JPEG,RGB,46518,bb269b0bd52e9d140413eb4e261ff01656d796403de0ff0c3b2ff885f35e4b1e,273878c9c13ce586
img_0975.jpg,traffic512final/img_0975.jpg,512,512,JPEG,RGB,44121,fec135e456984f14e6de449cdf8757d35b2f382b17b9b0a5ed520025601c1248,1b281a12a9598303
img_0976.jpg,traffic512final/img_0976.jpg,512,512,JPEG,RGB,44492,f78285e89944b7ec51c5489703dfd03104d78a84f1348016d928017a4ef350f9,1d887a535870e209
img_0977.jpg,traffic512final/img_0977.jpg,512,512,JPEG,RGB,49231,447197de1821d67b6e8b34c8a8dfff553500866c3b38109440a2c92818460633,1e16d4b4a4e83515
img_0978.jpg,traffic512final/img_0978.jpg,512,512,JPEG,RGB,61581,70f6d855d25e16aac194697cb11a69cc917d5b96109576a0f55b69b7b7a1857a,86c2c889c314e0d6
img_0979.jpg,traffic512final/img_0979.jpg,512,512,JPEG,RGB,48982,266927b547f0429938eeb04318d81b9d05fd817536d078279d766ea7e3a6a541,cfc9dbcaae4d5c59
img_0980.jpg,traffic512final/img_0980.jpg,512,512,JPEG,RGB,81224,e7351f45aca7bfd0c37d245edf6307d12b6316076cdfd0a376e6169a399c38af,b21c8c96c1b494b8
img_0981.jpg,traffic512final/img_0981.jpg,512,512,JPEG,RGB,60298,049d72fc5df60870a44e9c3f8b16fad586616f972c920bf87b3b32e6f6108913,8c08c8924b499014
img_0982.jpg,traffic512final/img_0982.jpg,512,512,JPEG,RGB,57037,495bd67a86eed82b027d56522dc5145525672a80cdedc2cce3a682750051b490,08909a223349be96
img_0983.jpg,traffic512final/img_0983.jpg,512,512,JPEG,RGB,51504,cb2018b4e93141296db4476e4828ae6d6f91c7a5eb9c30c00086f8093ea5a7c0,c3cc51032b4b2302
img_0984.jpg,traffic512final/img_0984.jpg,512,512,JPEG,RGB,49459,4211dff8fa14e6ed7d7d2e86f23117c096b33f5d2a78a3a19680cf38444dee6e,7278640c89c66067
img_0985.jpg,traffic512final/img_0985.jpg,512,512,JPEG,RGB,51642,705fa984a5e413bc3f8468344a7034fedfb4d5b021565dd0d83b67ccfa46171b,3190342c38800f72
img_0986.jpg,traffic512final/img_0986.jpg,512,512,JPEG,RGB,45735,9f22df76b3dfacab89e9301b881ba1c28ffcf5d800ad54eb36e1fa3cba5a7f70,10019169c604799c
img_0987.jpg,traffic512final/img_0987.jpg,512,512,JPEG,RGB,44562,a7da0e7261a3a6c872d613b6bbd9cbcc4c835ce1ffad870b4be9bbf6897e5dc8,3737071975800927
img_0988.jpg,traffic512final/img_0988.jpg,512,512,JPEG,RGB,48977,6e46a57392542ba3fbfeed010fdd3988559088ce57287a64484cea2c58c91097,89281a1ade5ff9a0
img_0989.jpg,traffic512final/img_0989.jpg,512,512,JPEG,RGB,54610,f175460bd4b349c1015c1729175e899d33b451db10b86b730e48eccf2b7a05b7,061e32303826697a
img_0990.jpg,traffic512final/img_0990.jpg,512,512,JPEG,RGB,43773,0e6da4b0c61bf393e535e07e7e13334fce7269fafcdc76a6630de97f3e49d852,a3874d4b172e5b90
img_0991.jpg,traffic512final/img_0991.jpg,512,512,JPEG,RGB,53584,3c991e4ce2b623008127e686422d2929debef8e57c19899b60b70375f5775e57,b6b3e7c6d0dd6779
img_0992.jpg,traffic512final/img_0992.jpg,512,512,JPEG,RGB,49683,ad02861748c4a008bd35211122df23b9b6899b605c88c1fb7f723090a437a05c,7128144204274d13
img_0993.jpg,traffic512final/img_0993.jpg,512,512,JPEG,RGB,63622,c47caf1188577fa8fd564e6ebdf884fe5c19e2b9b44eb8d76b577001226c8b12,cc6c22282b296d6c
img_0994.jpg,traffic512final/img_0994.jpg,512,512,JPEG,RGB,57363,508359a904a5cfab7341389f4f003c54f944922295c5f380bd9d37e92602990f,a0c8cc2eb9c764da
img_0995.jpg,traffic512final/img_0995.jpg,512,512,JPEG,RGB,61658,c820f3c6c23ddae29132305abea81bdcb9448fedd8e99f26047f60e9f6e23d3b,094c242a5253dad2
img_0996.jpg,traffic512final/img_0996.jpg,512,512,JPEG,RGB,54281,55baf863d5d39906b7f7079957fc8f1694d13280c991a95670d3416fc50bbedc,91e06466676cc110
img_0997.jpg,traffic512final/img_0997.jpg,512,512,JPEG,RGB,59091,6dca375a859c618a4550b538c0916461ea833d0cac7a4dfd9421a35c07fb44fa,51884413898b3eec
img_0998.jpg,traffic512final/img_0998.jpg,512,512,JPEG,RGB,45638,dd3d2660e56eb752220ca8c546439d40fbaac028ad53c753d1cdb394cd71a8e4,4383892c71471861
img_0999.jpg,traffic512final/img_0999.jpg,512,512,JPEG,RGB,39304,14427273d8511ec935a676ab942d7a0f006873a0c75d6dd214d334d6f3110901,4d1321333bc3661e
img_1000.jpg,traffic512final/img_1000.jpg,512,512,JPEG,RGB,44586,71ecb75ea0410f6c8fd1d6582be06c5aff740f28e2defc3bf9138077da69c001,0729293125cb0f3b
img_1001.jpg,traffic512final/img_1001.jpg,512,512,JPEG,RGB,42318,72e36f0a996e26b918016ee0e59a11dbabca5e0200a1a0dd1e3627b3abcd39c3,474b2b2b03039716
img_1002.jpg,traffic512final/img_1002.jpg,512,512,JPEG,RGB,54920,175c3c13ce1067180da9691f229450618f415c195f63d35bfd019b57cb668bd0,3300a99bd9013280
img_1003.jpg,traffic512final/img_1003.jpg,512,512,JPEG,RGB,48044,3607c33fb3e13ae41842e588fa83bc8498dc40f93d6491ff7287be96f21a9b17,1468297171f3c541
img_1004.jpg,traffic512final/img_1004.jpg,512,512,JPEG,RGB,37766,35ff05a1fe46b73ff72f9270167f56f972c8f4994bd15d0facee0d4a4f3e629e,2333175606de36c6
img_1005.jpg,traffic512final/img_1005.jpg,512,512,JPEG,RGB,28123,fd8a24baba83496de0c341ca14e8f3049572ea01b71e11581689ebfc97431181,0bcb7b2b43076eda
img_1006.jpg,traffic512final/img_1006.jpg,512,512,JPEG,RGB,23726,c0c3bfd5730d0e13948da92717b589b1c491b1542eabd6522a3e3c5db2d86c2c,ab4b6ba313eeda26
img_1007.jpg,traffic512final/img_1007.jpg,512,512,JPEG,RGB,24288,d2ff47cc8c09fe2910f371b070addd96ea21836faa7b501dbee5618cab4ecf47,4fb2296b1773cd79
img_1008.jpg,traffic512final/img_1008.jpg,512,512,JPEG,RGB,25759,0596118ebb52af20fd6325840c50690828c066613f250b804f46a2ccd31304f3,075ea7f7c69f6e98
img_1009.jpg,traffic512final/img_1009.jpg,512,512,JPEG,RGB,24701,f8b151dab260e4cf8a93426470a0c79184d43df9118eb61ad80ab6f913aef70a,0d35e363033fdb33
img_1010.jpg,traffic512final/img_1010.jpg,512,512,JPEG,RGB,26874,38a53884363e6a0362a3ab05f84dff001c267180b49b69591863323b1fda925a,115d85af036f9b63
img_1011.jpg,traffic512final/img_1011.jpg,512,512,JPEG,RGB,29572,8ac4e903bbbb4c8ca1960c30a0af1b050938c1a5c2278e7b255b9b70612fb25a,3d25397b03df33c7
img_1012.jpg,traffic512final/img_1012.jpg,512,512,JPEG,RGB,31587,e2bd48f08e8f1bfe6aa33041f091db613501d9cb0e9e17c6d61fb5afdbf29957,4d2bcb8b830e7ec6
img_1013.jpg,traffic512final/img_1013.jpg,512,512,JPEG,RGB,29948,a931b1ac37278537c181465aad66aa0b3bb870b38727e852de746d205371db37,9d9193a10373cf1b
img_1014.jpg,traffic512final/img_1014.jpg,512,512,JPEG,RGB,29210,1fdda51849ea2f2c632a1063951cb501acdeb3a26b72c4967380d12d0db8f9db,8b85812037fbe7cc
img_1015.jpg,traffic512final/img_1015.jpg,512,512,JPEG,RGB,23226,86cee965a5adc217625eb546feb99006e1115d8c2b761e0b54d167aa21f68386,df3cc991200d9b76
img_1016.jpg,traffic512final/img_1016.jpg,512,512,JPEG,RGB,25753,7c99312702fd45b6f698e4abd125d29245afec4302d46591eba427151499bd99,c8c4e55100fff14f
img_1017.jpg,traffic512final/img_1017.jpg,512,512,JPEG,RGB,38898,bc92936c4ec1c2f70dfeb6d0387d7d58bbfe72d0d441b679e72ef0adb92c4591,d3dbec0010d9060c
img_1018.jpg,traffic512final/img_1018.jpg,512,512,JPEG,RGB,42193,5bafc3bf4fce076cc982863886d3c14b168d65fbdcd446b379f7bf4eedaec04e,908999818183232b
img_1019.jpg,traffic512final/img_1019.jpg,512,512,JPEG,RGB,33827,070d00dc36b62b2bf69edebe1bfc5c8d260915bf6222e8e2cbba7c42e21c4f7b,1b1f3c0003f0073e
img_1020.jpg,traffic512final/img_1020.jpg,512,512,JPEG,RGB,35255,23ba10f532303ec55899c19b7da385d2bad117de96b25fec917e3e259f436bdd,196851487f48400f
img_1021.jpg,traffic512final/img_1021.jpg,512,512,JPEG,RGB,26094,4e434bf47c425f37f7bb56490414bfb05e0fead734b87b67546d9f063529f098,944222c945fdfbf7
img_1022.jpg,traffic512final/img_1022.jpg,512,512,JPEG,RGB,38342,925e8c19961630715259daf3aa837e1db88b7243fdf344bd6403b855bbe71c4e,e3ea37045151a4fb
img_1023.jpg,traffic512final/img_1023.jpg,512,512,JPEG,RGB,27473,12d4c5935e2cdcb32e0769eba94863233ffc55e273490179165bf16daa0c666c,cf3072d660057be7
img_1024.jpg,traffic512final/img_1024.jpg,512,512,JPEG,RGB,32067,5ef60700c8cb95739d572daee10879ff4fa9f247bd3ac2102a907d3db2df8a57,06269256c60eb464
img_1025.jpg,traffic512final/img_1025.jpg,512,512,JPEG,RGB,31189,fe79f3770474ce7ae36e4a74410c8ab1f3275185aec5c4e139892c0b5ad80182,114d3773c30befdb
img_1026.jpg,traffic512final/img_1026.jpg,512,512,JPEG,RGB,28802,dacc9a8fd376468e867b018d3b88814d52e9c46b83f8d3cb35d9d9559268e668,1b67e73b031be7da
img_1027.jpg,traffic512final/img_1027.jpg,512,512,JPEG,RGB,31744,433d8d620e8278c3960de9842095b924b691f95a6b10a8982d3878babd0d2b2f,0119d9a3036fba66
img_1028.jpg,traffic512final/img_1028.jpg,512,512,JPEG,RGB,29449,f15ad6d4001634c6e4ae975b31c87735beec152cdd67b8887d928376957a8622,41831b5bc30fda26
img_1029.jpg,traffic512final/img_1029.jpg,512,512,JPEG,RGB,23066,1d6e381bf5c309bc1ab0e1956a55ffbcff15248eae931d63354e01a3a0c9e024,45b17d69a327db33
img_1030.jpg,traffic512final/img_1030.jpg,512,512,JPEG,RGB,24832,3ea3527f002de609681f718241c8d7735c9ad385b2a476cdb170d4fdd8d4dc0e,daa829a7e1f7dad1
img_1031.jpg,traffic512final/img_1031.jpg,512,512,JPEG,RGB,27666,f708ce12f53e9c51f5972a1ccfbbca81efc44076539d3383cb41c4709e1d95ee,976bc9cb137be7db
img_1032.jpg,traffic512final/img_1032.jpg,512,512,JPEG,RGB,43862,74254d530d532ff701a65ca1e7809104a091ac4906285153b1a9828602f452cf,31a9a96ea000bf6e
img_1033.jpg,traffic512final/img_1033.jpg,512,512,JPEG,RGB,39866,2333d9ac856032f91a58c2ac2b58af89ef3be058c489cecd6014de54848a7c48,ca493b73f83100dc
img_1034.jpg,traffic512final/img_1034.jpg,512,512,JPEG,RGB,53553,992d829c4e061767b4d725fce7e881369103d0f363570dfceac9c86a20b8389d,181d96629e0f1776
img_1035.jpg,traffic512final/img_1035.jpg,512,512,JPEG,RGB,53514,3828acb09af982381634eaa847d1ceaa4139da8e25e5a2eabf5d0fa4a9af9dee,c40e4c248d8d276d
img_1036.jpg,traffic512final/img_1036.jpg,512,512,JPEG,RGB,41508,ba6f720380a4e9104f9b7ab3ceb6951c6f07305c2fb2b67df0b0567c63876da5,cb4b470bdbc31717
img_1037.jpg,traffic512final/img_1037.jpg,512,512,JPEG,RGB,43941,2b472fc52e585802f422c5a48070d556e1cc1a8646671a1e3b5faaf27941d5a0,c1490703dbd71b23
img_1038.jpg,traffic512final/img_1038.jpg,512,512,JPEG,RGB,48844,80923fa34aa4300d2047007869f000926b9ff53e2b809a7c3800dfaa9d1dd6cf,91c3130337f38706
img_1039.jpg,traffic512final/img_1039.jpg,512,512,JPEG,RGB,48903,559d9ab19474caed47a51e552cdac2f3ba1d70553850e05733e42290afca7346,b1a32b0327e3a306
img_1040.jpg,traffic512final/img_1040.jpg,512,512,JPEG,RGB,48653,580e3edee5978f2a64adfedcacb55a2be456462d09047ee230eb62920b73fb34,993b731317fe9697
img_1041.jpg,traffic512final/img_1041.jpg,512,512,JPEG,RGB,54936,16ba5e337ca44faed356c9a9719c011ed36e1aef1473ccfe4c71bf6521bce1ad,e2267c2d19d6ec05
img_1042.jpg,traffic512final/img_1042.jpg,512,512,JPEG,RGB,37028,17ef0a8181b2ec53fa1a12421486648b3a69935b5347eb0852461aa60f441c43,c3c393a040e639d6
img_1043.jpg,traffic512final/img_1043.jpg,512,512,JPEG,RGB,40898,c66fba8d0f144af72850d051482c673aa8f68321def93409e6c33cb7a152a14e,39e1e12dd1e30b33
img_1044.jpg,traffic512final/img_1044.jpg,512,512,JPEG,RGB,59152,2353f0dd587ab92f087243d9e749e9e0744928358eae0540d5580484c913228a,484979686366b7f4
img_1045.jpg,traffic512final/img_1045.jpg,512,512,JPEG,RGB,40712,f453a2cbb524de2c7ee4f3cccf5a555cdfc7688d3e315a4a7e71328e2fde7ed1,720d35183939afdc
img_1046.jpg,traffic512final/img_1046.jpg,512,512,JPEG,RGB,34783,eafe5421fcc7ad529350119401b777e150d48b84c9de57e33e1f9294f1d682b8,c7606048594b0e02
img_1047.jpg,traffic512final/img_1047.jpg,512,512,JPEG,RGB,24975,35d0f233c5a01734be413889709f8bb73db42f5b1099555c00723ec0dd12e8fe,5f366272187ce327
img_1048.jpg,traffic512final/img_1048.jpg,512,512,JPEG,RGB,33791,6d3ac1b58b23791837a2a1685698af61efcb44d1835f56ff206c48c6ff175697,b38eced6e9cdf2d2
img_1049.jpg,traffic512final/img_1049.jpg,512,512,JPEG,RGB,22408,3485e3f3b7d9b6440f22d369286fa4eb090fdfd598f07086fd1824462643250a,132c4e4e0949c9c9
img_1050.jpg,traffic512final/img_1050.jpg,512,512,JPEG,RGB,31266,81e8843a372590d0c692f8e983861b521b5052ef73bdda4f6c831a3bad4f2811,70484838062c5555
img_1051.jpg,traffic512final/img_1051.jpg,512,512,JPEG,RGB,32460,57b2c44984f52f8b18f9ffa0fda6901349f42277295059cbbd6a0730b6f16a5a,604848780a2c5555
img_1052.jpg,traffic512final/img_1052.jpg,512,512,JPEG,RGB,42828,72f65ff3fe057d1de5ce3eb1b5673d4a510ec73fefd50fd1beaed6fca984f9f4,6d358048b0a95012
img_1053.jpg,traffic512final/img_1053.jpg,512,512,JPEG,RGB,53694,6cb959a5ccf1b4ff0372a04045316cc4590cad2bc1ec1c36fe655cc962659891,2033b3b2931233bb
img_1054.jpg,traffic512final/img_1054.jpg,512,512,JPEG,RGB,31729,716562819749323506e6aa57aa42697dc86e795d97c3036a54602ce6dfa77f2a,39339d3c48705125
img_1055.jpg,traffic512final/img_1055.jpg,512,512,JPEG,RGB,25783,952884db3b4d05551f199d2b2daf302d80cfd11fd04584bc5059499fa963afbe,c0c0c0c840030301
img_1056.jpg,traffic512final/img_1056.jpg,512,512,JPEG,RGB,30049,e5070d4b4287c35083f82fabfffdfed898939ff7b2b26f7d930c028ba5b4e284,feefefed92c2f639
img_1057.jpg,traffic512final/img_1057.jpg,512,512,JPEG,RGB,30131,7918a6110e4f018fe0d8d1f2c129477aef2f633e17622b18dd67a97345e8fa7c,a44c4cbc2e0ee804
img_1058.jpg,traffic512final/img_1058.jpg,512,512,JPEG,RGB,28868,fcb0d70ee61ee0efb87327702ef52d6d9d6b5ddc6678af7b74fd0833c420654f,9d8d799d47d18937
img_1059.jpg,traffic512final/img_1059.jpg,512,512,JPEG,RGB,34221,d347c68378c9faeca393a8b9a58e2889cd932ef97aec52bc34d029f659d04c49,010381c400400008
img_1060.jpg,traffic512final/img_1060.jpg,512,512,JPEG,RGB,30684,7b56602bdd6eb6b89071a59641c0d42a383e15707892ae6dbab241556ed5ff42,f4f876f660600204
img_1061.jpg,traffic512final/img_1061.jpg,512,512,JPEG,RGB,23487,0ff4632a9bd99b018db67d7d2e1aa815ec597a688a1bfb8af3c617ab52fd912a,0101818181808080
img_1062.jpg,traffic512final/img_1062.jpg,512,512,JPEG,RGB,23449,82ab9de30c7d9006ea54ccd4aa8827c83e59b0cc480dd911c4c3fe24070fac51,18c46b27040161c3
img_1063.jpg,traffic512final/img_1063.jpg,512,512,JPEG,RGB,24779,91c1737deeb2b1574006f03c7a8359cd341200de51993bdb87133047bf37d336,0822cbc920640101
img_1064.jpg,traffic512final/img_1064.jpg,512,512,JPEG,RGB,25570,c8145da57b76fd1bf07770b66de726bf4143986db5c8be95071e077e303ba3a5,1826e6671418f380
img_1065.jpg,traffic512final/img_1065.jpg,512,512,JPEG,RGB,46378,05636c03d54b8daa831a7ff181cc9c6e26d07331dff58fdf9fc1476d9dd794c5,9aaececce90e2ea2
img_1066.jpg,traffic512final/img_1066.jpg,512,512,JPEG,RGB,35964,1cbd9c5826ed9d09785aca57f4db9838af3eb511f181cb673fbbae46db1fe48c,122d4e0e2c020308
img_1067.jpg,traffic512final/img_1067.jpg,512,512,JPEG,RGB,25391,5a996580d51109efa8e839992541e44039fd6fbd3ee86783b78bdc3b61b1be62,36034b0696661696
img_1068.jpg,traffic512final/img_1068.jpg,512,512,JPEG,RGB,21877,9a26c83d33f254ae849c53308ddc183159770ce79466957a59ce498676b3b7e7,2ad62b2bcc97f7ff
img_1069.jpg,traffic512final/img_1069.jpg,512,512,JPEG,RGB,25143,cdd68d4901b2352aeb5413ddb8d4eb86606e388c59e3d69d0186c657c6d2efd4,324e4daa0dcb8b1f
img_1070.jpg,traffic512final/img_1070.jpg,512,512,JPEG,RGB,25041,0a84c3ae4fb76154c629555f5734178ba49941c9891f5158f266db0c121c7907,0010042400000000
img_1071.jpg,traffic512final/img_1071.jpg,512,512,JPEG,RGB,29185,87aad7659fe13fab874032255a355377505a2f15ed743b80dc3b0858641a0bcf,092c31cdcc2b0000
img_1072.jpg,traffic512final/img_1072.jpg,512,512,JPEG,RGB,34391,6e7772ddba682e062abccb3c356bd7ca83a7ed250b1cfddf8a33c647aa33c2bf,0d334d0b0a4c0000
img_1073.jpg,traffic512final/img_1073.jpg,512,512,JPEG,RGB,24487,ccd025f819e69656dacecf25fa460c3c8800220337097ade7b19baeb5cf03fad,48204b0808430200
img_1074.jpg,traffic512final/img_1074.jpg,512,512,JPEG,RGB,18065,284b2002f9e94b0f9b172ce4fd91506ac7dff83c91047d9d1de13153622184c3,142a4dccea0cc808
img_1075.jpg,traffic512final/img_1075.jpg,512,512,JPEG,RGB,25600,c92db5ecae2a2f99d2e40b40edaf490c4e1bcd86ad93488d31944066c15e4f2a,3010486f2d2df1f8
img_1076.jpg,traffic512final/img_1076.jpg,512,512,JPEG,RGB,16268,c471349e7390de286c2bac99780cb41e9d472c6273e8d5031325cd48eceb0d29,0000040000008000
img_1077.jpg,traffic512final/img_1077.jpg,512,512,JPEG,RGB,31758,825191835eff035bf57d29fcf648e138cb31e14f64c38c579ca3173c69ce38e7,d1c94d878b09c821
img_1078.jpg,traffic512final/img_1078.jpg,512,512,JPEG,RGB,34737,0af6abbbf490f3f6fca635582ff0cf0b9755aee1e89ec204a55832187fc4dabc,f8fededcdcebfbf6
img_1079.jpg,traffic512final/img_1079.jpg,512,512,JPEG,RGB,35067,bd1625fdab0a646ee7d703f188acf1d14a37d1d3be044d601b63fa05e1eaf52d,f8fefedcdcfbf9ff
img_1080.jpg,traffic512final/img_1080.jpg,512,512,JPEG,RGB,36950,f05d06c9966303d4af5310e5ddb7b7af6a11cac2c548d019513e7bc0c5172a75,88c2c8c8872c0000
img_1081.jpg,traffic512final/img_1081.jpg,512,512,JPEG,RGB,39487,eaf5617ee7870bf84242de488eb5f72282f198ab21921118c506a7a63017a752,84d0cc8fa60c0308
img_1082.jpg,traffic512final/img_1082.jpg,512,512,JPEG,RGB,29021,40b71e6ee2d1baf89fab242f94f77d732f6cd1f4e073f9bde5f65a1485ca61fe,c108e3e3a4c00022
img_1083.jpg,traffic512final/img_1083.jpg,512,512,JPEG,RGB,37955,b94380e7b919e81b1b4d0b6e61834acd9663a5f79819f098d6b84f7bbf1ab76b,6cde9e2767cb9f0d
img_1084.jpg,traffic512final/img_1084.jpg,512,512,JPEG,RGB,36432,32bca45047039a3aa8c25638d44de2df0b35014e459e84be9fa3b2c0835e7d55,dccfd65a6120e2c2
img_1085.jpg,traffic512final/img_1085.jpg,512,512,JPEG,RGB,32625,4bb73d326c88f5373bd1012cf27f3242664c1da89e41095928052055a07fa2d6,40a2d8c847060703
